ARM GAS  C:\Users\kalpe\AppData\Local\Temp\ccf7caZ5.s 			page 1


   1              		.cpu cortex-m4
   2              		.arch armv7e-m
   3              		.fpu fpv4-sp-d16
   4              		.eabi_attribute 27, 1
   5              		.eabi_attribute 28, 1
   6              		.eabi_attribute 20, 1
   7              		.eabi_attribute 21, 1
   8              		.eabi_attribute 23, 3
   9              		.eabi_attribute 24, 1
  10              		.eabi_attribute 25, 1
  11              		.eabi_attribute 26, 1
  12              		.eabi_attribute 30, 1
  13              		.eabi_attribute 34, 1
  14              		.eabi_attribute 18, 4
  15              		.file	"event_groups.c"
  16              		.text
  17              	.Ltext0:
  18              		.cfi_sections	.debug_frame
  19              		.file 1 "Middlewares/Third_Party/FreeRTOS/Source/event_groups.c"
  20              		.section	.text.prvTestWaitCondition,"ax",%progbits
  21              		.align	1
  22              		.syntax unified
  23              		.thumb
  24              		.thumb_func
  26              	prvTestWaitCondition:
  27              	.LVL0:
  28              	.LFB15:
   1:Middlewares/Third_Party/FreeRTOS/Source/event_groups.c **** /*
   2:Middlewares/Third_Party/FreeRTOS/Source/event_groups.c ****  * FreeRTOS Kernel V10.3.1
   3:Middlewares/Third_Party/FreeRTOS/Source/event_groups.c ****  * Copyright (C) 2020 Amazon.com, Inc. or its affiliates.  All Rights Reserved.
   4:Middlewares/Third_Party/FreeRTOS/Source/event_groups.c ****  *
   5:Middlewares/Third_Party/FreeRTOS/Source/event_groups.c ****  * Permission is hereby granted, free of charge, to any person obtaining a copy of
   6:Middlewares/Third_Party/FreeRTOS/Source/event_groups.c ****  * this software and associated documentation files (the "Software"), to deal in
   7:Middlewares/Third_Party/FreeRTOS/Source/event_groups.c ****  * the Software without restriction, including without limitation the rights to
   8:Middlewares/Third_Party/FreeRTOS/Source/event_groups.c ****  * use, copy, modify, merge, publish, distribute, sublicense, and/or sell copies of
   9:Middlewares/Third_Party/FreeRTOS/Source/event_groups.c ****  * the Software, and to permit persons to whom the Software is furnished to do so,
  10:Middlewares/Third_Party/FreeRTOS/Source/event_groups.c ****  * subject to the following conditions:
  11:Middlewares/Third_Party/FreeRTOS/Source/event_groups.c ****  *
  12:Middlewares/Third_Party/FreeRTOS/Source/event_groups.c ****  * The above copyright notice and this permission notice shall be included in all
  13:Middlewares/Third_Party/FreeRTOS/Source/event_groups.c ****  * copies or substantial portions of the Software.
  14:Middlewares/Third_Party/FreeRTOS/Source/event_groups.c ****  *
  15:Middlewares/Third_Party/FreeRTOS/Source/event_groups.c ****  * THE SOFTWARE IS PROVIDED "AS IS", WITHOUT WARRANTY OF ANY KIND, EXPRESS OR
  16:Middlewares/Third_Party/FreeRTOS/Source/event_groups.c ****  * IMPLIED, INCLUDING BUT NOT LIMITED TO THE WARRANTIES OF MERCHANTABILITY, FITNESS
  17:Middlewares/Third_Party/FreeRTOS/Source/event_groups.c ****  * FOR A PARTICULAR PURPOSE AND NONINFRINGEMENT. IN NO EVENT SHALL THE AUTHORS OR
  18:Middlewares/Third_Party/FreeRTOS/Source/event_groups.c ****  * COPYRIGHT HOLDERS BE LIABLE FOR ANY CLAIM, DAMAGES OR OTHER LIABILITY, WHETHER
  19:Middlewares/Third_Party/FreeRTOS/Source/event_groups.c ****  * IN AN ACTION OF CONTRACT, TORT OR OTHERWISE, ARISING FROM, OUT OF OR IN
  20:Middlewares/Third_Party/FreeRTOS/Source/event_groups.c ****  * CONNECTION WITH THE SOFTWARE OR THE USE OR OTHER DEALINGS IN THE SOFTWARE.
  21:Middlewares/Third_Party/FreeRTOS/Source/event_groups.c ****  *
  22:Middlewares/Third_Party/FreeRTOS/Source/event_groups.c ****  * http://www.FreeRTOS.org
  23:Middlewares/Third_Party/FreeRTOS/Source/event_groups.c ****  * http://aws.amazon.com/freertos
  24:Middlewares/Third_Party/FreeRTOS/Source/event_groups.c ****  *
  25:Middlewares/Third_Party/FreeRTOS/Source/event_groups.c ****  * 1 tab == 4 spaces!
  26:Middlewares/Third_Party/FreeRTOS/Source/event_groups.c ****  */
  27:Middlewares/Third_Party/FreeRTOS/Source/event_groups.c **** 
  28:Middlewares/Third_Party/FreeRTOS/Source/event_groups.c **** /* Standard includes. */
  29:Middlewares/Third_Party/FreeRTOS/Source/event_groups.c **** #include <stdlib.h>
  30:Middlewares/Third_Party/FreeRTOS/Source/event_groups.c **** 
ARM GAS  C:\Users\kalpe\AppData\Local\Temp\ccf7caZ5.s 			page 2


  31:Middlewares/Third_Party/FreeRTOS/Source/event_groups.c **** /* Defining MPU_WRAPPERS_INCLUDED_FROM_API_FILE prevents task.h from redefining
  32:Middlewares/Third_Party/FreeRTOS/Source/event_groups.c **** all the API functions to use the MPU wrappers.  That should only be done when
  33:Middlewares/Third_Party/FreeRTOS/Source/event_groups.c **** task.h is included from an application file. */
  34:Middlewares/Third_Party/FreeRTOS/Source/event_groups.c **** #define MPU_WRAPPERS_INCLUDED_FROM_API_FILE
  35:Middlewares/Third_Party/FreeRTOS/Source/event_groups.c **** 
  36:Middlewares/Third_Party/FreeRTOS/Source/event_groups.c **** /* FreeRTOS includes. */
  37:Middlewares/Third_Party/FreeRTOS/Source/event_groups.c **** #include "FreeRTOS.h"
  38:Middlewares/Third_Party/FreeRTOS/Source/event_groups.c **** #include "task.h"
  39:Middlewares/Third_Party/FreeRTOS/Source/event_groups.c **** #include "timers.h"
  40:Middlewares/Third_Party/FreeRTOS/Source/event_groups.c **** #include "event_groups.h"
  41:Middlewares/Third_Party/FreeRTOS/Source/event_groups.c **** 
  42:Middlewares/Third_Party/FreeRTOS/Source/event_groups.c **** /* Lint e961, e750 and e9021 are suppressed as a MISRA exception justified
  43:Middlewares/Third_Party/FreeRTOS/Source/event_groups.c **** because the MPU ports require MPU_WRAPPERS_INCLUDED_FROM_API_FILE to be defined
  44:Middlewares/Third_Party/FreeRTOS/Source/event_groups.c **** for the header files above, but not in this file, in order to generate the
  45:Middlewares/Third_Party/FreeRTOS/Source/event_groups.c **** correct privileged Vs unprivileged linkage and placement. */
  46:Middlewares/Third_Party/FreeRTOS/Source/event_groups.c **** #undef MPU_WRAPPERS_INCLUDED_FROM_API_FILE /*lint !e961 !e750 !e9021 See comment above. */
  47:Middlewares/Third_Party/FreeRTOS/Source/event_groups.c **** 
  48:Middlewares/Third_Party/FreeRTOS/Source/event_groups.c **** /* The following bit fields convey control information in a task's event list
  49:Middlewares/Third_Party/FreeRTOS/Source/event_groups.c **** item value.  It is important they don't clash with the
  50:Middlewares/Third_Party/FreeRTOS/Source/event_groups.c **** taskEVENT_LIST_ITEM_VALUE_IN_USE definition. */
  51:Middlewares/Third_Party/FreeRTOS/Source/event_groups.c **** #if configUSE_16_BIT_TICKS == 1
  52:Middlewares/Third_Party/FreeRTOS/Source/event_groups.c **** 	#define eventCLEAR_EVENTS_ON_EXIT_BIT	0x0100U
  53:Middlewares/Third_Party/FreeRTOS/Source/event_groups.c **** 	#define eventUNBLOCKED_DUE_TO_BIT_SET	0x0200U
  54:Middlewares/Third_Party/FreeRTOS/Source/event_groups.c **** 	#define eventWAIT_FOR_ALL_BITS			0x0400U
  55:Middlewares/Third_Party/FreeRTOS/Source/event_groups.c **** 	#define eventEVENT_BITS_CONTROL_BYTES	0xff00U
  56:Middlewares/Third_Party/FreeRTOS/Source/event_groups.c **** #else
  57:Middlewares/Third_Party/FreeRTOS/Source/event_groups.c **** 	#define eventCLEAR_EVENTS_ON_EXIT_BIT	0x01000000UL
  58:Middlewares/Third_Party/FreeRTOS/Source/event_groups.c **** 	#define eventUNBLOCKED_DUE_TO_BIT_SET	0x02000000UL
  59:Middlewares/Third_Party/FreeRTOS/Source/event_groups.c **** 	#define eventWAIT_FOR_ALL_BITS			0x04000000UL
  60:Middlewares/Third_Party/FreeRTOS/Source/event_groups.c **** 	#define eventEVENT_BITS_CONTROL_BYTES	0xff000000UL
  61:Middlewares/Third_Party/FreeRTOS/Source/event_groups.c **** #endif
  62:Middlewares/Third_Party/FreeRTOS/Source/event_groups.c **** 
  63:Middlewares/Third_Party/FreeRTOS/Source/event_groups.c **** typedef struct EventGroupDef_t
  64:Middlewares/Third_Party/FreeRTOS/Source/event_groups.c **** {
  65:Middlewares/Third_Party/FreeRTOS/Source/event_groups.c **** 	EventBits_t uxEventBits;
  66:Middlewares/Third_Party/FreeRTOS/Source/event_groups.c **** 	List_t xTasksWaitingForBits;		/*< List of tasks waiting for a bit to be set. */
  67:Middlewares/Third_Party/FreeRTOS/Source/event_groups.c **** 
  68:Middlewares/Third_Party/FreeRTOS/Source/event_groups.c **** 	#if( configUSE_TRACE_FACILITY == 1 )
  69:Middlewares/Third_Party/FreeRTOS/Source/event_groups.c **** 		UBaseType_t uxEventGroupNumber;
  70:Middlewares/Third_Party/FreeRTOS/Source/event_groups.c **** 	#endif
  71:Middlewares/Third_Party/FreeRTOS/Source/event_groups.c **** 
  72:Middlewares/Third_Party/FreeRTOS/Source/event_groups.c **** 	#if( ( configSUPPORT_STATIC_ALLOCATION == 1 ) && ( configSUPPORT_DYNAMIC_ALLOCATION == 1 ) )
  73:Middlewares/Third_Party/FreeRTOS/Source/event_groups.c **** 		uint8_t ucStaticallyAllocated; /*< Set to pdTRUE if the event group is statically allocated to en
  74:Middlewares/Third_Party/FreeRTOS/Source/event_groups.c **** 	#endif
  75:Middlewares/Third_Party/FreeRTOS/Source/event_groups.c **** } EventGroup_t;
  76:Middlewares/Third_Party/FreeRTOS/Source/event_groups.c **** 
  77:Middlewares/Third_Party/FreeRTOS/Source/event_groups.c **** /*-----------------------------------------------------------*/
  78:Middlewares/Third_Party/FreeRTOS/Source/event_groups.c **** 
  79:Middlewares/Third_Party/FreeRTOS/Source/event_groups.c **** /*
  80:Middlewares/Third_Party/FreeRTOS/Source/event_groups.c ****  * Test the bits set in uxCurrentEventBits to see if the wait condition is met.
  81:Middlewares/Third_Party/FreeRTOS/Source/event_groups.c ****  * The wait condition is defined by xWaitForAllBits.  If xWaitForAllBits is
  82:Middlewares/Third_Party/FreeRTOS/Source/event_groups.c ****  * pdTRUE then the wait condition is met if all the bits set in uxBitsToWaitFor
  83:Middlewares/Third_Party/FreeRTOS/Source/event_groups.c ****  * are also set in uxCurrentEventBits.  If xWaitForAllBits is pdFALSE then the
  84:Middlewares/Third_Party/FreeRTOS/Source/event_groups.c ****  * wait condition is met if any of the bits set in uxBitsToWait for are also set
  85:Middlewares/Third_Party/FreeRTOS/Source/event_groups.c ****  * in uxCurrentEventBits.
  86:Middlewares/Third_Party/FreeRTOS/Source/event_groups.c ****  */
  87:Middlewares/Third_Party/FreeRTOS/Source/event_groups.c **** static BaseType_t prvTestWaitCondition( const EventBits_t uxCurrentEventBits, const EventBits_t uxB
ARM GAS  C:\Users\kalpe\AppData\Local\Temp\ccf7caZ5.s 			page 3


  88:Middlewares/Third_Party/FreeRTOS/Source/event_groups.c **** 
  89:Middlewares/Third_Party/FreeRTOS/Source/event_groups.c **** /*-----------------------------------------------------------*/
  90:Middlewares/Third_Party/FreeRTOS/Source/event_groups.c **** 
  91:Middlewares/Third_Party/FreeRTOS/Source/event_groups.c **** #if( configSUPPORT_STATIC_ALLOCATION == 1 )
  92:Middlewares/Third_Party/FreeRTOS/Source/event_groups.c **** 
  93:Middlewares/Third_Party/FreeRTOS/Source/event_groups.c **** 	EventGroupHandle_t xEventGroupCreateStatic( StaticEventGroup_t *pxEventGroupBuffer )
  94:Middlewares/Third_Party/FreeRTOS/Source/event_groups.c **** 	{
  95:Middlewares/Third_Party/FreeRTOS/Source/event_groups.c **** 	EventGroup_t *pxEventBits;
  96:Middlewares/Third_Party/FreeRTOS/Source/event_groups.c **** 
  97:Middlewares/Third_Party/FreeRTOS/Source/event_groups.c **** 		/* A StaticEventGroup_t object must be provided. */
  98:Middlewares/Third_Party/FreeRTOS/Source/event_groups.c **** 		configASSERT( pxEventGroupBuffer );
  99:Middlewares/Third_Party/FreeRTOS/Source/event_groups.c **** 
 100:Middlewares/Third_Party/FreeRTOS/Source/event_groups.c **** 		#if( configASSERT_DEFINED == 1 )
 101:Middlewares/Third_Party/FreeRTOS/Source/event_groups.c **** 		{
 102:Middlewares/Third_Party/FreeRTOS/Source/event_groups.c **** 			/* Sanity check that the size of the structure used to declare a
 103:Middlewares/Third_Party/FreeRTOS/Source/event_groups.c **** 			variable of type StaticEventGroup_t equals the size of the real
 104:Middlewares/Third_Party/FreeRTOS/Source/event_groups.c **** 			event group structure. */
 105:Middlewares/Third_Party/FreeRTOS/Source/event_groups.c **** 			volatile size_t xSize = sizeof( StaticEventGroup_t );
 106:Middlewares/Third_Party/FreeRTOS/Source/event_groups.c **** 			configASSERT( xSize == sizeof( EventGroup_t ) );
 107:Middlewares/Third_Party/FreeRTOS/Source/event_groups.c **** 		} /*lint !e529 xSize is referenced if configASSERT() is defined. */
 108:Middlewares/Third_Party/FreeRTOS/Source/event_groups.c **** 		#endif /* configASSERT_DEFINED */
 109:Middlewares/Third_Party/FreeRTOS/Source/event_groups.c **** 
 110:Middlewares/Third_Party/FreeRTOS/Source/event_groups.c **** 		/* The user has provided a statically allocated event group - use it. */
 111:Middlewares/Third_Party/FreeRTOS/Source/event_groups.c **** 		pxEventBits = ( EventGroup_t * ) pxEventGroupBuffer; /*lint !e740 !e9087 EventGroup_t and StaticE
 112:Middlewares/Third_Party/FreeRTOS/Source/event_groups.c **** 
 113:Middlewares/Third_Party/FreeRTOS/Source/event_groups.c **** 		if( pxEventBits != NULL )
 114:Middlewares/Third_Party/FreeRTOS/Source/event_groups.c **** 		{
 115:Middlewares/Third_Party/FreeRTOS/Source/event_groups.c **** 			pxEventBits->uxEventBits = 0;
 116:Middlewares/Third_Party/FreeRTOS/Source/event_groups.c **** 			vListInitialise( &( pxEventBits->xTasksWaitingForBits ) );
 117:Middlewares/Third_Party/FreeRTOS/Source/event_groups.c **** 
 118:Middlewares/Third_Party/FreeRTOS/Source/event_groups.c **** 			#if( configSUPPORT_DYNAMIC_ALLOCATION == 1 )
 119:Middlewares/Third_Party/FreeRTOS/Source/event_groups.c **** 			{
 120:Middlewares/Third_Party/FreeRTOS/Source/event_groups.c **** 				/* Both static and dynamic allocation can be used, so note that
 121:Middlewares/Third_Party/FreeRTOS/Source/event_groups.c **** 				this event group was created statically in case the event group
 122:Middlewares/Third_Party/FreeRTOS/Source/event_groups.c **** 				is later deleted. */
 123:Middlewares/Third_Party/FreeRTOS/Source/event_groups.c **** 				pxEventBits->ucStaticallyAllocated = pdTRUE;
 124:Middlewares/Third_Party/FreeRTOS/Source/event_groups.c **** 			}
 125:Middlewares/Third_Party/FreeRTOS/Source/event_groups.c **** 			#endif /* configSUPPORT_DYNAMIC_ALLOCATION */
 126:Middlewares/Third_Party/FreeRTOS/Source/event_groups.c **** 
 127:Middlewares/Third_Party/FreeRTOS/Source/event_groups.c **** 			traceEVENT_GROUP_CREATE( pxEventBits );
 128:Middlewares/Third_Party/FreeRTOS/Source/event_groups.c **** 		}
 129:Middlewares/Third_Party/FreeRTOS/Source/event_groups.c **** 		else
 130:Middlewares/Third_Party/FreeRTOS/Source/event_groups.c **** 		{
 131:Middlewares/Third_Party/FreeRTOS/Source/event_groups.c **** 			/* xEventGroupCreateStatic should only ever be called with
 132:Middlewares/Third_Party/FreeRTOS/Source/event_groups.c **** 			pxEventGroupBuffer pointing to a pre-allocated (compile time
 133:Middlewares/Third_Party/FreeRTOS/Source/event_groups.c **** 			allocated) StaticEventGroup_t variable. */
 134:Middlewares/Third_Party/FreeRTOS/Source/event_groups.c **** 			traceEVENT_GROUP_CREATE_FAILED();
 135:Middlewares/Third_Party/FreeRTOS/Source/event_groups.c **** 		}
 136:Middlewares/Third_Party/FreeRTOS/Source/event_groups.c **** 
 137:Middlewares/Third_Party/FreeRTOS/Source/event_groups.c **** 		return pxEventBits;
 138:Middlewares/Third_Party/FreeRTOS/Source/event_groups.c **** 	}
 139:Middlewares/Third_Party/FreeRTOS/Source/event_groups.c **** 
 140:Middlewares/Third_Party/FreeRTOS/Source/event_groups.c **** #endif /* configSUPPORT_STATIC_ALLOCATION */
 141:Middlewares/Third_Party/FreeRTOS/Source/event_groups.c **** /*-----------------------------------------------------------*/
 142:Middlewares/Third_Party/FreeRTOS/Source/event_groups.c **** 
 143:Middlewares/Third_Party/FreeRTOS/Source/event_groups.c **** #if( configSUPPORT_DYNAMIC_ALLOCATION == 1 )
 144:Middlewares/Third_Party/FreeRTOS/Source/event_groups.c **** 
ARM GAS  C:\Users\kalpe\AppData\Local\Temp\ccf7caZ5.s 			page 4


 145:Middlewares/Third_Party/FreeRTOS/Source/event_groups.c **** 	EventGroupHandle_t xEventGroupCreate( void )
 146:Middlewares/Third_Party/FreeRTOS/Source/event_groups.c **** 	{
 147:Middlewares/Third_Party/FreeRTOS/Source/event_groups.c **** 	EventGroup_t *pxEventBits;
 148:Middlewares/Third_Party/FreeRTOS/Source/event_groups.c **** 
 149:Middlewares/Third_Party/FreeRTOS/Source/event_groups.c **** 		/* Allocate the event group.  Justification for MISRA deviation as
 150:Middlewares/Third_Party/FreeRTOS/Source/event_groups.c **** 		follows:  pvPortMalloc() always ensures returned memory blocks are
 151:Middlewares/Third_Party/FreeRTOS/Source/event_groups.c **** 		aligned per the requirements of the MCU stack.  In this case
 152:Middlewares/Third_Party/FreeRTOS/Source/event_groups.c **** 		pvPortMalloc() must return a pointer that is guaranteed to meet the
 153:Middlewares/Third_Party/FreeRTOS/Source/event_groups.c **** 		alignment requirements of the EventGroup_t structure - which (if you
 154:Middlewares/Third_Party/FreeRTOS/Source/event_groups.c **** 		follow it through) is the alignment requirements of the TickType_t type
 155:Middlewares/Third_Party/FreeRTOS/Source/event_groups.c **** 		(EventBits_t being of TickType_t itself).  Therefore, whenever the
 156:Middlewares/Third_Party/FreeRTOS/Source/event_groups.c **** 		stack alignment requirements are greater than or equal to the
 157:Middlewares/Third_Party/FreeRTOS/Source/event_groups.c **** 		TickType_t alignment requirements the cast is safe.  In other cases,
 158:Middlewares/Third_Party/FreeRTOS/Source/event_groups.c **** 		where the natural word size of the architecture is less than
 159:Middlewares/Third_Party/FreeRTOS/Source/event_groups.c **** 		sizeof( TickType_t ), the TickType_t variables will be accessed in two
 160:Middlewares/Third_Party/FreeRTOS/Source/event_groups.c **** 		or more reads operations, and the alignment requirements is only that
 161:Middlewares/Third_Party/FreeRTOS/Source/event_groups.c **** 		of each individual read. */
 162:Middlewares/Third_Party/FreeRTOS/Source/event_groups.c **** 		pxEventBits = ( EventGroup_t * ) pvPortMalloc( sizeof( EventGroup_t ) ); /*lint !e9087 !e9079 see
 163:Middlewares/Third_Party/FreeRTOS/Source/event_groups.c **** 
 164:Middlewares/Third_Party/FreeRTOS/Source/event_groups.c **** 		if( pxEventBits != NULL )
 165:Middlewares/Third_Party/FreeRTOS/Source/event_groups.c **** 		{
 166:Middlewares/Third_Party/FreeRTOS/Source/event_groups.c **** 			pxEventBits->uxEventBits = 0;
 167:Middlewares/Third_Party/FreeRTOS/Source/event_groups.c **** 			vListInitialise( &( pxEventBits->xTasksWaitingForBits ) );
 168:Middlewares/Third_Party/FreeRTOS/Source/event_groups.c **** 
 169:Middlewares/Third_Party/FreeRTOS/Source/event_groups.c **** 			#if( configSUPPORT_STATIC_ALLOCATION == 1 )
 170:Middlewares/Third_Party/FreeRTOS/Source/event_groups.c **** 			{
 171:Middlewares/Third_Party/FreeRTOS/Source/event_groups.c **** 				/* Both static and dynamic allocation can be used, so note this
 172:Middlewares/Third_Party/FreeRTOS/Source/event_groups.c **** 				event group was allocated statically in case the event group is
 173:Middlewares/Third_Party/FreeRTOS/Source/event_groups.c **** 				later deleted. */
 174:Middlewares/Third_Party/FreeRTOS/Source/event_groups.c **** 				pxEventBits->ucStaticallyAllocated = pdFALSE;
 175:Middlewares/Third_Party/FreeRTOS/Source/event_groups.c **** 			}
 176:Middlewares/Third_Party/FreeRTOS/Source/event_groups.c **** 			#endif /* configSUPPORT_STATIC_ALLOCATION */
 177:Middlewares/Third_Party/FreeRTOS/Source/event_groups.c **** 
 178:Middlewares/Third_Party/FreeRTOS/Source/event_groups.c **** 			traceEVENT_GROUP_CREATE( pxEventBits );
 179:Middlewares/Third_Party/FreeRTOS/Source/event_groups.c **** 		}
 180:Middlewares/Third_Party/FreeRTOS/Source/event_groups.c **** 		else
 181:Middlewares/Third_Party/FreeRTOS/Source/event_groups.c **** 		{
 182:Middlewares/Third_Party/FreeRTOS/Source/event_groups.c **** 			traceEVENT_GROUP_CREATE_FAILED(); /*lint !e9063 Else branch only exists to allow tracing and doe
 183:Middlewares/Third_Party/FreeRTOS/Source/event_groups.c **** 		}
 184:Middlewares/Third_Party/FreeRTOS/Source/event_groups.c **** 
 185:Middlewares/Third_Party/FreeRTOS/Source/event_groups.c **** 		return pxEventBits;
 186:Middlewares/Third_Party/FreeRTOS/Source/event_groups.c **** 	}
 187:Middlewares/Third_Party/FreeRTOS/Source/event_groups.c **** 
 188:Middlewares/Third_Party/FreeRTOS/Source/event_groups.c **** #endif /* configSUPPORT_DYNAMIC_ALLOCATION */
 189:Middlewares/Third_Party/FreeRTOS/Source/event_groups.c **** /*-----------------------------------------------------------*/
 190:Middlewares/Third_Party/FreeRTOS/Source/event_groups.c **** 
 191:Middlewares/Third_Party/FreeRTOS/Source/event_groups.c **** EventBits_t xEventGroupSync( EventGroupHandle_t xEventGroup, const EventBits_t uxBitsToSet, const E
 192:Middlewares/Third_Party/FreeRTOS/Source/event_groups.c **** {
 193:Middlewares/Third_Party/FreeRTOS/Source/event_groups.c **** EventBits_t uxOriginalBitValue, uxReturn;
 194:Middlewares/Third_Party/FreeRTOS/Source/event_groups.c **** EventGroup_t *pxEventBits = xEventGroup;
 195:Middlewares/Third_Party/FreeRTOS/Source/event_groups.c **** BaseType_t xAlreadyYielded;
 196:Middlewares/Third_Party/FreeRTOS/Source/event_groups.c **** BaseType_t xTimeoutOccurred = pdFALSE;
 197:Middlewares/Third_Party/FreeRTOS/Source/event_groups.c **** 
 198:Middlewares/Third_Party/FreeRTOS/Source/event_groups.c **** 	configASSERT( ( uxBitsToWaitFor & eventEVENT_BITS_CONTROL_BYTES ) == 0 );
 199:Middlewares/Third_Party/FreeRTOS/Source/event_groups.c **** 	configASSERT( uxBitsToWaitFor != 0 );
 200:Middlewares/Third_Party/FreeRTOS/Source/event_groups.c **** 	#if ( ( INCLUDE_xTaskGetSchedulerState == 1 ) || ( configUSE_TIMERS == 1 ) )
 201:Middlewares/Third_Party/FreeRTOS/Source/event_groups.c **** 	{
ARM GAS  C:\Users\kalpe\AppData\Local\Temp\ccf7caZ5.s 			page 5


 202:Middlewares/Third_Party/FreeRTOS/Source/event_groups.c **** 		configASSERT( !( ( xTaskGetSchedulerState() == taskSCHEDULER_SUSPENDED ) && ( xTicksToWait != 0 )
 203:Middlewares/Third_Party/FreeRTOS/Source/event_groups.c **** 	}
 204:Middlewares/Third_Party/FreeRTOS/Source/event_groups.c **** 	#endif
 205:Middlewares/Third_Party/FreeRTOS/Source/event_groups.c **** 
 206:Middlewares/Third_Party/FreeRTOS/Source/event_groups.c **** 	vTaskSuspendAll();
 207:Middlewares/Third_Party/FreeRTOS/Source/event_groups.c **** 	{
 208:Middlewares/Third_Party/FreeRTOS/Source/event_groups.c **** 		uxOriginalBitValue = pxEventBits->uxEventBits;
 209:Middlewares/Third_Party/FreeRTOS/Source/event_groups.c **** 
 210:Middlewares/Third_Party/FreeRTOS/Source/event_groups.c **** 		( void ) xEventGroupSetBits( xEventGroup, uxBitsToSet );
 211:Middlewares/Third_Party/FreeRTOS/Source/event_groups.c **** 
 212:Middlewares/Third_Party/FreeRTOS/Source/event_groups.c **** 		if( ( ( uxOriginalBitValue | uxBitsToSet ) & uxBitsToWaitFor ) == uxBitsToWaitFor )
 213:Middlewares/Third_Party/FreeRTOS/Source/event_groups.c **** 		{
 214:Middlewares/Third_Party/FreeRTOS/Source/event_groups.c **** 			/* All the rendezvous bits are now set - no need to block. */
 215:Middlewares/Third_Party/FreeRTOS/Source/event_groups.c **** 			uxReturn = ( uxOriginalBitValue | uxBitsToSet );
 216:Middlewares/Third_Party/FreeRTOS/Source/event_groups.c **** 
 217:Middlewares/Third_Party/FreeRTOS/Source/event_groups.c **** 			/* Rendezvous always clear the bits.  They will have been cleared
 218:Middlewares/Third_Party/FreeRTOS/Source/event_groups.c **** 			already unless this is the only task in the rendezvous. */
 219:Middlewares/Third_Party/FreeRTOS/Source/event_groups.c **** 			pxEventBits->uxEventBits &= ~uxBitsToWaitFor;
 220:Middlewares/Third_Party/FreeRTOS/Source/event_groups.c **** 
 221:Middlewares/Third_Party/FreeRTOS/Source/event_groups.c **** 			xTicksToWait = 0;
 222:Middlewares/Third_Party/FreeRTOS/Source/event_groups.c **** 		}
 223:Middlewares/Third_Party/FreeRTOS/Source/event_groups.c **** 		else
 224:Middlewares/Third_Party/FreeRTOS/Source/event_groups.c **** 		{
 225:Middlewares/Third_Party/FreeRTOS/Source/event_groups.c **** 			if( xTicksToWait != ( TickType_t ) 0 )
 226:Middlewares/Third_Party/FreeRTOS/Source/event_groups.c **** 			{
 227:Middlewares/Third_Party/FreeRTOS/Source/event_groups.c **** 				traceEVENT_GROUP_SYNC_BLOCK( xEventGroup, uxBitsToSet, uxBitsToWaitFor );
 228:Middlewares/Third_Party/FreeRTOS/Source/event_groups.c **** 
 229:Middlewares/Third_Party/FreeRTOS/Source/event_groups.c **** 				/* Store the bits that the calling task is waiting for in the
 230:Middlewares/Third_Party/FreeRTOS/Source/event_groups.c **** 				task's event list item so the kernel knows when a match is
 231:Middlewares/Third_Party/FreeRTOS/Source/event_groups.c **** 				found.  Then enter the blocked state. */
 232:Middlewares/Third_Party/FreeRTOS/Source/event_groups.c **** 				vTaskPlaceOnUnorderedEventList( &( pxEventBits->xTasksWaitingForBits ), ( uxBitsToWaitFor | eve
 233:Middlewares/Third_Party/FreeRTOS/Source/event_groups.c **** 
 234:Middlewares/Third_Party/FreeRTOS/Source/event_groups.c **** 				/* This assignment is obsolete as uxReturn will get set after
 235:Middlewares/Third_Party/FreeRTOS/Source/event_groups.c **** 				the task unblocks, but some compilers mistakenly generate a
 236:Middlewares/Third_Party/FreeRTOS/Source/event_groups.c **** 				warning about uxReturn being returned without being set if the
 237:Middlewares/Third_Party/FreeRTOS/Source/event_groups.c **** 				assignment is omitted. */
 238:Middlewares/Third_Party/FreeRTOS/Source/event_groups.c **** 				uxReturn = 0;
 239:Middlewares/Third_Party/FreeRTOS/Source/event_groups.c **** 			}
 240:Middlewares/Third_Party/FreeRTOS/Source/event_groups.c **** 			else
 241:Middlewares/Third_Party/FreeRTOS/Source/event_groups.c **** 			{
 242:Middlewares/Third_Party/FreeRTOS/Source/event_groups.c **** 				/* The rendezvous bits were not set, but no block time was
 243:Middlewares/Third_Party/FreeRTOS/Source/event_groups.c **** 				specified - just return the current event bit value. */
 244:Middlewares/Third_Party/FreeRTOS/Source/event_groups.c **** 				uxReturn = pxEventBits->uxEventBits;
 245:Middlewares/Third_Party/FreeRTOS/Source/event_groups.c **** 				xTimeoutOccurred = pdTRUE;
 246:Middlewares/Third_Party/FreeRTOS/Source/event_groups.c **** 			}
 247:Middlewares/Third_Party/FreeRTOS/Source/event_groups.c **** 		}
 248:Middlewares/Third_Party/FreeRTOS/Source/event_groups.c **** 	}
 249:Middlewares/Third_Party/FreeRTOS/Source/event_groups.c **** 	xAlreadyYielded = xTaskResumeAll();
 250:Middlewares/Third_Party/FreeRTOS/Source/event_groups.c **** 
 251:Middlewares/Third_Party/FreeRTOS/Source/event_groups.c **** 	if( xTicksToWait != ( TickType_t ) 0 )
 252:Middlewares/Third_Party/FreeRTOS/Source/event_groups.c **** 	{
 253:Middlewares/Third_Party/FreeRTOS/Source/event_groups.c **** 		if( xAlreadyYielded == pdFALSE )
 254:Middlewares/Third_Party/FreeRTOS/Source/event_groups.c **** 		{
 255:Middlewares/Third_Party/FreeRTOS/Source/event_groups.c **** 			portYIELD_WITHIN_API();
 256:Middlewares/Third_Party/FreeRTOS/Source/event_groups.c **** 		}
 257:Middlewares/Third_Party/FreeRTOS/Source/event_groups.c **** 		else
 258:Middlewares/Third_Party/FreeRTOS/Source/event_groups.c **** 		{
ARM GAS  C:\Users\kalpe\AppData\Local\Temp\ccf7caZ5.s 			page 6


 259:Middlewares/Third_Party/FreeRTOS/Source/event_groups.c **** 			mtCOVERAGE_TEST_MARKER();
 260:Middlewares/Third_Party/FreeRTOS/Source/event_groups.c **** 		}
 261:Middlewares/Third_Party/FreeRTOS/Source/event_groups.c **** 
 262:Middlewares/Third_Party/FreeRTOS/Source/event_groups.c **** 		/* The task blocked to wait for its required bits to be set - at this
 263:Middlewares/Third_Party/FreeRTOS/Source/event_groups.c **** 		point either the required bits were set or the block time expired.  If
 264:Middlewares/Third_Party/FreeRTOS/Source/event_groups.c **** 		the required bits were set they will have been stored in the task's
 265:Middlewares/Third_Party/FreeRTOS/Source/event_groups.c **** 		event list item, and they should now be retrieved then cleared. */
 266:Middlewares/Third_Party/FreeRTOS/Source/event_groups.c **** 		uxReturn = uxTaskResetEventItemValue();
 267:Middlewares/Third_Party/FreeRTOS/Source/event_groups.c **** 
 268:Middlewares/Third_Party/FreeRTOS/Source/event_groups.c **** 		if( ( uxReturn & eventUNBLOCKED_DUE_TO_BIT_SET ) == ( EventBits_t ) 0 )
 269:Middlewares/Third_Party/FreeRTOS/Source/event_groups.c **** 		{
 270:Middlewares/Third_Party/FreeRTOS/Source/event_groups.c **** 			/* The task timed out, just return the current event bit value. */
 271:Middlewares/Third_Party/FreeRTOS/Source/event_groups.c **** 			taskENTER_CRITICAL();
 272:Middlewares/Third_Party/FreeRTOS/Source/event_groups.c **** 			{
 273:Middlewares/Third_Party/FreeRTOS/Source/event_groups.c **** 				uxReturn = pxEventBits->uxEventBits;
 274:Middlewares/Third_Party/FreeRTOS/Source/event_groups.c **** 
 275:Middlewares/Third_Party/FreeRTOS/Source/event_groups.c **** 				/* Although the task got here because it timed out before the
 276:Middlewares/Third_Party/FreeRTOS/Source/event_groups.c **** 				bits it was waiting for were set, it is possible that since it
 277:Middlewares/Third_Party/FreeRTOS/Source/event_groups.c **** 				unblocked another task has set the bits.  If this is the case
 278:Middlewares/Third_Party/FreeRTOS/Source/event_groups.c **** 				then it needs to clear the bits before exiting. */
 279:Middlewares/Third_Party/FreeRTOS/Source/event_groups.c **** 				if( ( uxReturn & uxBitsToWaitFor ) == uxBitsToWaitFor )
 280:Middlewares/Third_Party/FreeRTOS/Source/event_groups.c **** 				{
 281:Middlewares/Third_Party/FreeRTOS/Source/event_groups.c **** 					pxEventBits->uxEventBits &= ~uxBitsToWaitFor;
 282:Middlewares/Third_Party/FreeRTOS/Source/event_groups.c **** 				}
 283:Middlewares/Third_Party/FreeRTOS/Source/event_groups.c **** 				else
 284:Middlewares/Third_Party/FreeRTOS/Source/event_groups.c **** 				{
 285:Middlewares/Third_Party/FreeRTOS/Source/event_groups.c **** 					mtCOVERAGE_TEST_MARKER();
 286:Middlewares/Third_Party/FreeRTOS/Source/event_groups.c **** 				}
 287:Middlewares/Third_Party/FreeRTOS/Source/event_groups.c **** 			}
 288:Middlewares/Third_Party/FreeRTOS/Source/event_groups.c **** 			taskEXIT_CRITICAL();
 289:Middlewares/Third_Party/FreeRTOS/Source/event_groups.c **** 
 290:Middlewares/Third_Party/FreeRTOS/Source/event_groups.c **** 			xTimeoutOccurred = pdTRUE;
 291:Middlewares/Third_Party/FreeRTOS/Source/event_groups.c **** 		}
 292:Middlewares/Third_Party/FreeRTOS/Source/event_groups.c **** 		else
 293:Middlewares/Third_Party/FreeRTOS/Source/event_groups.c **** 		{
 294:Middlewares/Third_Party/FreeRTOS/Source/event_groups.c **** 			/* The task unblocked because the bits were set. */
 295:Middlewares/Third_Party/FreeRTOS/Source/event_groups.c **** 		}
 296:Middlewares/Third_Party/FreeRTOS/Source/event_groups.c **** 
 297:Middlewares/Third_Party/FreeRTOS/Source/event_groups.c **** 		/* Control bits might be set as the task had blocked should not be
 298:Middlewares/Third_Party/FreeRTOS/Source/event_groups.c **** 		returned. */
 299:Middlewares/Third_Party/FreeRTOS/Source/event_groups.c **** 		uxReturn &= ~eventEVENT_BITS_CONTROL_BYTES;
 300:Middlewares/Third_Party/FreeRTOS/Source/event_groups.c **** 	}
 301:Middlewares/Third_Party/FreeRTOS/Source/event_groups.c **** 
 302:Middlewares/Third_Party/FreeRTOS/Source/event_groups.c **** 	traceEVENT_GROUP_SYNC_END( xEventGroup, uxBitsToSet, uxBitsToWaitFor, xTimeoutOccurred );
 303:Middlewares/Third_Party/FreeRTOS/Source/event_groups.c **** 
 304:Middlewares/Third_Party/FreeRTOS/Source/event_groups.c **** 	/* Prevent compiler warnings when trace macros are not used. */
 305:Middlewares/Third_Party/FreeRTOS/Source/event_groups.c **** 	( void ) xTimeoutOccurred;
 306:Middlewares/Third_Party/FreeRTOS/Source/event_groups.c **** 
 307:Middlewares/Third_Party/FreeRTOS/Source/event_groups.c **** 	return uxReturn;
 308:Middlewares/Third_Party/FreeRTOS/Source/event_groups.c **** }
 309:Middlewares/Third_Party/FreeRTOS/Source/event_groups.c **** /*-----------------------------------------------------------*/
 310:Middlewares/Third_Party/FreeRTOS/Source/event_groups.c **** 
 311:Middlewares/Third_Party/FreeRTOS/Source/event_groups.c **** EventBits_t xEventGroupWaitBits( EventGroupHandle_t xEventGroup, const EventBits_t uxBitsToWaitFor,
 312:Middlewares/Third_Party/FreeRTOS/Source/event_groups.c **** {
 313:Middlewares/Third_Party/FreeRTOS/Source/event_groups.c **** EventGroup_t *pxEventBits = xEventGroup;
 314:Middlewares/Third_Party/FreeRTOS/Source/event_groups.c **** EventBits_t uxReturn, uxControlBits = 0;
 315:Middlewares/Third_Party/FreeRTOS/Source/event_groups.c **** BaseType_t xWaitConditionMet, xAlreadyYielded;
ARM GAS  C:\Users\kalpe\AppData\Local\Temp\ccf7caZ5.s 			page 7


 316:Middlewares/Third_Party/FreeRTOS/Source/event_groups.c **** BaseType_t xTimeoutOccurred = pdFALSE;
 317:Middlewares/Third_Party/FreeRTOS/Source/event_groups.c **** 
 318:Middlewares/Third_Party/FreeRTOS/Source/event_groups.c **** 	/* Check the user is not attempting to wait on the bits used by the kernel
 319:Middlewares/Third_Party/FreeRTOS/Source/event_groups.c **** 	itself, and that at least one bit is being requested. */
 320:Middlewares/Third_Party/FreeRTOS/Source/event_groups.c **** 	configASSERT( xEventGroup );
 321:Middlewares/Third_Party/FreeRTOS/Source/event_groups.c **** 	configASSERT( ( uxBitsToWaitFor & eventEVENT_BITS_CONTROL_BYTES ) == 0 );
 322:Middlewares/Third_Party/FreeRTOS/Source/event_groups.c **** 	configASSERT( uxBitsToWaitFor != 0 );
 323:Middlewares/Third_Party/FreeRTOS/Source/event_groups.c **** 	#if ( ( INCLUDE_xTaskGetSchedulerState == 1 ) || ( configUSE_TIMERS == 1 ) )
 324:Middlewares/Third_Party/FreeRTOS/Source/event_groups.c **** 	{
 325:Middlewares/Third_Party/FreeRTOS/Source/event_groups.c **** 		configASSERT( !( ( xTaskGetSchedulerState() == taskSCHEDULER_SUSPENDED ) && ( xTicksToWait != 0 )
 326:Middlewares/Third_Party/FreeRTOS/Source/event_groups.c **** 	}
 327:Middlewares/Third_Party/FreeRTOS/Source/event_groups.c **** 	#endif
 328:Middlewares/Third_Party/FreeRTOS/Source/event_groups.c **** 
 329:Middlewares/Third_Party/FreeRTOS/Source/event_groups.c **** 	vTaskSuspendAll();
 330:Middlewares/Third_Party/FreeRTOS/Source/event_groups.c **** 	{
 331:Middlewares/Third_Party/FreeRTOS/Source/event_groups.c **** 		const EventBits_t uxCurrentEventBits = pxEventBits->uxEventBits;
 332:Middlewares/Third_Party/FreeRTOS/Source/event_groups.c **** 
 333:Middlewares/Third_Party/FreeRTOS/Source/event_groups.c **** 		/* Check to see if the wait condition is already met or not. */
 334:Middlewares/Third_Party/FreeRTOS/Source/event_groups.c **** 		xWaitConditionMet = prvTestWaitCondition( uxCurrentEventBits, uxBitsToWaitFor, xWaitForAllBits );
 335:Middlewares/Third_Party/FreeRTOS/Source/event_groups.c **** 
 336:Middlewares/Third_Party/FreeRTOS/Source/event_groups.c **** 		if( xWaitConditionMet != pdFALSE )
 337:Middlewares/Third_Party/FreeRTOS/Source/event_groups.c **** 		{
 338:Middlewares/Third_Party/FreeRTOS/Source/event_groups.c **** 			/* The wait condition has already been met so there is no need to
 339:Middlewares/Third_Party/FreeRTOS/Source/event_groups.c **** 			block. */
 340:Middlewares/Third_Party/FreeRTOS/Source/event_groups.c **** 			uxReturn = uxCurrentEventBits;
 341:Middlewares/Third_Party/FreeRTOS/Source/event_groups.c **** 			xTicksToWait = ( TickType_t ) 0;
 342:Middlewares/Third_Party/FreeRTOS/Source/event_groups.c **** 
 343:Middlewares/Third_Party/FreeRTOS/Source/event_groups.c **** 			/* Clear the wait bits if requested to do so. */
 344:Middlewares/Third_Party/FreeRTOS/Source/event_groups.c **** 			if( xClearOnExit != pdFALSE )
 345:Middlewares/Third_Party/FreeRTOS/Source/event_groups.c **** 			{
 346:Middlewares/Third_Party/FreeRTOS/Source/event_groups.c **** 				pxEventBits->uxEventBits &= ~uxBitsToWaitFor;
 347:Middlewares/Third_Party/FreeRTOS/Source/event_groups.c **** 			}
 348:Middlewares/Third_Party/FreeRTOS/Source/event_groups.c **** 			else
 349:Middlewares/Third_Party/FreeRTOS/Source/event_groups.c **** 			{
 350:Middlewares/Third_Party/FreeRTOS/Source/event_groups.c **** 				mtCOVERAGE_TEST_MARKER();
 351:Middlewares/Third_Party/FreeRTOS/Source/event_groups.c **** 			}
 352:Middlewares/Third_Party/FreeRTOS/Source/event_groups.c **** 		}
 353:Middlewares/Third_Party/FreeRTOS/Source/event_groups.c **** 		else if( xTicksToWait == ( TickType_t ) 0 )
 354:Middlewares/Third_Party/FreeRTOS/Source/event_groups.c **** 		{
 355:Middlewares/Third_Party/FreeRTOS/Source/event_groups.c **** 			/* The wait condition has not been met, but no block time was
 356:Middlewares/Third_Party/FreeRTOS/Source/event_groups.c **** 			specified, so just return the current value. */
 357:Middlewares/Third_Party/FreeRTOS/Source/event_groups.c **** 			uxReturn = uxCurrentEventBits;
 358:Middlewares/Third_Party/FreeRTOS/Source/event_groups.c **** 			xTimeoutOccurred = pdTRUE;
 359:Middlewares/Third_Party/FreeRTOS/Source/event_groups.c **** 		}
 360:Middlewares/Third_Party/FreeRTOS/Source/event_groups.c **** 		else
 361:Middlewares/Third_Party/FreeRTOS/Source/event_groups.c **** 		{
 362:Middlewares/Third_Party/FreeRTOS/Source/event_groups.c **** 			/* The task is going to block to wait for its required bits to be
 363:Middlewares/Third_Party/FreeRTOS/Source/event_groups.c **** 			set.  uxControlBits are used to remember the specified behaviour of
 364:Middlewares/Third_Party/FreeRTOS/Source/event_groups.c **** 			this call to xEventGroupWaitBits() - for use when the event bits
 365:Middlewares/Third_Party/FreeRTOS/Source/event_groups.c **** 			unblock the task. */
 366:Middlewares/Third_Party/FreeRTOS/Source/event_groups.c **** 			if( xClearOnExit != pdFALSE )
 367:Middlewares/Third_Party/FreeRTOS/Source/event_groups.c **** 			{
 368:Middlewares/Third_Party/FreeRTOS/Source/event_groups.c **** 				uxControlBits |= eventCLEAR_EVENTS_ON_EXIT_BIT;
 369:Middlewares/Third_Party/FreeRTOS/Source/event_groups.c **** 			}
 370:Middlewares/Third_Party/FreeRTOS/Source/event_groups.c **** 			else
 371:Middlewares/Third_Party/FreeRTOS/Source/event_groups.c **** 			{
 372:Middlewares/Third_Party/FreeRTOS/Source/event_groups.c **** 				mtCOVERAGE_TEST_MARKER();
ARM GAS  C:\Users\kalpe\AppData\Local\Temp\ccf7caZ5.s 			page 8


 373:Middlewares/Third_Party/FreeRTOS/Source/event_groups.c **** 			}
 374:Middlewares/Third_Party/FreeRTOS/Source/event_groups.c **** 
 375:Middlewares/Third_Party/FreeRTOS/Source/event_groups.c **** 			if( xWaitForAllBits != pdFALSE )
 376:Middlewares/Third_Party/FreeRTOS/Source/event_groups.c **** 			{
 377:Middlewares/Third_Party/FreeRTOS/Source/event_groups.c **** 				uxControlBits |= eventWAIT_FOR_ALL_BITS;
 378:Middlewares/Third_Party/FreeRTOS/Source/event_groups.c **** 			}
 379:Middlewares/Third_Party/FreeRTOS/Source/event_groups.c **** 			else
 380:Middlewares/Third_Party/FreeRTOS/Source/event_groups.c **** 			{
 381:Middlewares/Third_Party/FreeRTOS/Source/event_groups.c **** 				mtCOVERAGE_TEST_MARKER();
 382:Middlewares/Third_Party/FreeRTOS/Source/event_groups.c **** 			}
 383:Middlewares/Third_Party/FreeRTOS/Source/event_groups.c **** 
 384:Middlewares/Third_Party/FreeRTOS/Source/event_groups.c **** 			/* Store the bits that the calling task is waiting for in the
 385:Middlewares/Third_Party/FreeRTOS/Source/event_groups.c **** 			task's event list item so the kernel knows when a match is
 386:Middlewares/Third_Party/FreeRTOS/Source/event_groups.c **** 			found.  Then enter the blocked state. */
 387:Middlewares/Third_Party/FreeRTOS/Source/event_groups.c **** 			vTaskPlaceOnUnorderedEventList( &( pxEventBits->xTasksWaitingForBits ), ( uxBitsToWaitFor | uxCo
 388:Middlewares/Third_Party/FreeRTOS/Source/event_groups.c **** 
 389:Middlewares/Third_Party/FreeRTOS/Source/event_groups.c **** 			/* This is obsolete as it will get set after the task unblocks, but
 390:Middlewares/Third_Party/FreeRTOS/Source/event_groups.c **** 			some compilers mistakenly generate a warning about the variable
 391:Middlewares/Third_Party/FreeRTOS/Source/event_groups.c **** 			being returned without being set if it is not done. */
 392:Middlewares/Third_Party/FreeRTOS/Source/event_groups.c **** 			uxReturn = 0;
 393:Middlewares/Third_Party/FreeRTOS/Source/event_groups.c **** 
 394:Middlewares/Third_Party/FreeRTOS/Source/event_groups.c **** 			traceEVENT_GROUP_WAIT_BITS_BLOCK( xEventGroup, uxBitsToWaitFor );
 395:Middlewares/Third_Party/FreeRTOS/Source/event_groups.c **** 		}
 396:Middlewares/Third_Party/FreeRTOS/Source/event_groups.c **** 	}
 397:Middlewares/Third_Party/FreeRTOS/Source/event_groups.c **** 	xAlreadyYielded = xTaskResumeAll();
 398:Middlewares/Third_Party/FreeRTOS/Source/event_groups.c **** 
 399:Middlewares/Third_Party/FreeRTOS/Source/event_groups.c **** 	if( xTicksToWait != ( TickType_t ) 0 )
 400:Middlewares/Third_Party/FreeRTOS/Source/event_groups.c **** 	{
 401:Middlewares/Third_Party/FreeRTOS/Source/event_groups.c **** 		if( xAlreadyYielded == pdFALSE )
 402:Middlewares/Third_Party/FreeRTOS/Source/event_groups.c **** 		{
 403:Middlewares/Third_Party/FreeRTOS/Source/event_groups.c **** 			portYIELD_WITHIN_API();
 404:Middlewares/Third_Party/FreeRTOS/Source/event_groups.c **** 		}
 405:Middlewares/Third_Party/FreeRTOS/Source/event_groups.c **** 		else
 406:Middlewares/Third_Party/FreeRTOS/Source/event_groups.c **** 		{
 407:Middlewares/Third_Party/FreeRTOS/Source/event_groups.c **** 			mtCOVERAGE_TEST_MARKER();
 408:Middlewares/Third_Party/FreeRTOS/Source/event_groups.c **** 		}
 409:Middlewares/Third_Party/FreeRTOS/Source/event_groups.c **** 
 410:Middlewares/Third_Party/FreeRTOS/Source/event_groups.c **** 		/* The task blocked to wait for its required bits to be set - at this
 411:Middlewares/Third_Party/FreeRTOS/Source/event_groups.c **** 		point either the required bits were set or the block time expired.  If
 412:Middlewares/Third_Party/FreeRTOS/Source/event_groups.c **** 		the required bits were set they will have been stored in the task's
 413:Middlewares/Third_Party/FreeRTOS/Source/event_groups.c **** 		event list item, and they should now be retrieved then cleared. */
 414:Middlewares/Third_Party/FreeRTOS/Source/event_groups.c **** 		uxReturn = uxTaskResetEventItemValue();
 415:Middlewares/Third_Party/FreeRTOS/Source/event_groups.c **** 
 416:Middlewares/Third_Party/FreeRTOS/Source/event_groups.c **** 		if( ( uxReturn & eventUNBLOCKED_DUE_TO_BIT_SET ) == ( EventBits_t ) 0 )
 417:Middlewares/Third_Party/FreeRTOS/Source/event_groups.c **** 		{
 418:Middlewares/Third_Party/FreeRTOS/Source/event_groups.c **** 			taskENTER_CRITICAL();
 419:Middlewares/Third_Party/FreeRTOS/Source/event_groups.c **** 			{
 420:Middlewares/Third_Party/FreeRTOS/Source/event_groups.c **** 				/* The task timed out, just return the current event bit value. */
 421:Middlewares/Third_Party/FreeRTOS/Source/event_groups.c **** 				uxReturn = pxEventBits->uxEventBits;
 422:Middlewares/Third_Party/FreeRTOS/Source/event_groups.c **** 
 423:Middlewares/Third_Party/FreeRTOS/Source/event_groups.c **** 				/* It is possible that the event bits were updated between this
 424:Middlewares/Third_Party/FreeRTOS/Source/event_groups.c **** 				task leaving the Blocked state and running again. */
 425:Middlewares/Third_Party/FreeRTOS/Source/event_groups.c **** 				if( prvTestWaitCondition( uxReturn, uxBitsToWaitFor, xWaitForAllBits ) != pdFALSE )
 426:Middlewares/Third_Party/FreeRTOS/Source/event_groups.c **** 				{
 427:Middlewares/Third_Party/FreeRTOS/Source/event_groups.c **** 					if( xClearOnExit != pdFALSE )
 428:Middlewares/Third_Party/FreeRTOS/Source/event_groups.c **** 					{
 429:Middlewares/Third_Party/FreeRTOS/Source/event_groups.c **** 						pxEventBits->uxEventBits &= ~uxBitsToWaitFor;
ARM GAS  C:\Users\kalpe\AppData\Local\Temp\ccf7caZ5.s 			page 9


 430:Middlewares/Third_Party/FreeRTOS/Source/event_groups.c **** 					}
 431:Middlewares/Third_Party/FreeRTOS/Source/event_groups.c **** 					else
 432:Middlewares/Third_Party/FreeRTOS/Source/event_groups.c **** 					{
 433:Middlewares/Third_Party/FreeRTOS/Source/event_groups.c **** 						mtCOVERAGE_TEST_MARKER();
 434:Middlewares/Third_Party/FreeRTOS/Source/event_groups.c **** 					}
 435:Middlewares/Third_Party/FreeRTOS/Source/event_groups.c **** 				}
 436:Middlewares/Third_Party/FreeRTOS/Source/event_groups.c **** 				else
 437:Middlewares/Third_Party/FreeRTOS/Source/event_groups.c **** 				{
 438:Middlewares/Third_Party/FreeRTOS/Source/event_groups.c **** 					mtCOVERAGE_TEST_MARKER();
 439:Middlewares/Third_Party/FreeRTOS/Source/event_groups.c **** 				}
 440:Middlewares/Third_Party/FreeRTOS/Source/event_groups.c **** 				xTimeoutOccurred = pdTRUE;
 441:Middlewares/Third_Party/FreeRTOS/Source/event_groups.c **** 			}
 442:Middlewares/Third_Party/FreeRTOS/Source/event_groups.c **** 			taskEXIT_CRITICAL();
 443:Middlewares/Third_Party/FreeRTOS/Source/event_groups.c **** 		}
 444:Middlewares/Third_Party/FreeRTOS/Source/event_groups.c **** 		else
 445:Middlewares/Third_Party/FreeRTOS/Source/event_groups.c **** 		{
 446:Middlewares/Third_Party/FreeRTOS/Source/event_groups.c **** 			/* The task unblocked because the bits were set. */
 447:Middlewares/Third_Party/FreeRTOS/Source/event_groups.c **** 		}
 448:Middlewares/Third_Party/FreeRTOS/Source/event_groups.c **** 
 449:Middlewares/Third_Party/FreeRTOS/Source/event_groups.c **** 		/* The task blocked so control bits may have been set. */
 450:Middlewares/Third_Party/FreeRTOS/Source/event_groups.c **** 		uxReturn &= ~eventEVENT_BITS_CONTROL_BYTES;
 451:Middlewares/Third_Party/FreeRTOS/Source/event_groups.c **** 	}
 452:Middlewares/Third_Party/FreeRTOS/Source/event_groups.c **** 	traceEVENT_GROUP_WAIT_BITS_END( xEventGroup, uxBitsToWaitFor, xTimeoutOccurred );
 453:Middlewares/Third_Party/FreeRTOS/Source/event_groups.c **** 
 454:Middlewares/Third_Party/FreeRTOS/Source/event_groups.c **** 	/* Prevent compiler warnings when trace macros are not used. */
 455:Middlewares/Third_Party/FreeRTOS/Source/event_groups.c **** 	( void ) xTimeoutOccurred;
 456:Middlewares/Third_Party/FreeRTOS/Source/event_groups.c **** 
 457:Middlewares/Third_Party/FreeRTOS/Source/event_groups.c **** 	return uxReturn;
 458:Middlewares/Third_Party/FreeRTOS/Source/event_groups.c **** }
 459:Middlewares/Third_Party/FreeRTOS/Source/event_groups.c **** /*-----------------------------------------------------------*/
 460:Middlewares/Third_Party/FreeRTOS/Source/event_groups.c **** 
 461:Middlewares/Third_Party/FreeRTOS/Source/event_groups.c **** EventBits_t xEventGroupClearBits( EventGroupHandle_t xEventGroup, const EventBits_t uxBitsToClear )
 462:Middlewares/Third_Party/FreeRTOS/Source/event_groups.c **** {
 463:Middlewares/Third_Party/FreeRTOS/Source/event_groups.c **** EventGroup_t *pxEventBits = xEventGroup;
 464:Middlewares/Third_Party/FreeRTOS/Source/event_groups.c **** EventBits_t uxReturn;
 465:Middlewares/Third_Party/FreeRTOS/Source/event_groups.c **** 
 466:Middlewares/Third_Party/FreeRTOS/Source/event_groups.c **** 	/* Check the user is not attempting to clear the bits used by the kernel
 467:Middlewares/Third_Party/FreeRTOS/Source/event_groups.c **** 	itself. */
 468:Middlewares/Third_Party/FreeRTOS/Source/event_groups.c **** 	configASSERT( xEventGroup );
 469:Middlewares/Third_Party/FreeRTOS/Source/event_groups.c **** 	configASSERT( ( uxBitsToClear & eventEVENT_BITS_CONTROL_BYTES ) == 0 );
 470:Middlewares/Third_Party/FreeRTOS/Source/event_groups.c **** 
 471:Middlewares/Third_Party/FreeRTOS/Source/event_groups.c **** 	taskENTER_CRITICAL();
 472:Middlewares/Third_Party/FreeRTOS/Source/event_groups.c **** 	{
 473:Middlewares/Third_Party/FreeRTOS/Source/event_groups.c **** 		traceEVENT_GROUP_CLEAR_BITS( xEventGroup, uxBitsToClear );
 474:Middlewares/Third_Party/FreeRTOS/Source/event_groups.c **** 
 475:Middlewares/Third_Party/FreeRTOS/Source/event_groups.c **** 		/* The value returned is the event group value prior to the bits being
 476:Middlewares/Third_Party/FreeRTOS/Source/event_groups.c **** 		cleared. */
 477:Middlewares/Third_Party/FreeRTOS/Source/event_groups.c **** 		uxReturn = pxEventBits->uxEventBits;
 478:Middlewares/Third_Party/FreeRTOS/Source/event_groups.c **** 
 479:Middlewares/Third_Party/FreeRTOS/Source/event_groups.c **** 		/* Clear the bits. */
 480:Middlewares/Third_Party/FreeRTOS/Source/event_groups.c **** 		pxEventBits->uxEventBits &= ~uxBitsToClear;
 481:Middlewares/Third_Party/FreeRTOS/Source/event_groups.c **** 	}
 482:Middlewares/Third_Party/FreeRTOS/Source/event_groups.c **** 	taskEXIT_CRITICAL();
 483:Middlewares/Third_Party/FreeRTOS/Source/event_groups.c **** 
 484:Middlewares/Third_Party/FreeRTOS/Source/event_groups.c **** 	return uxReturn;
 485:Middlewares/Third_Party/FreeRTOS/Source/event_groups.c **** }
 486:Middlewares/Third_Party/FreeRTOS/Source/event_groups.c **** /*-----------------------------------------------------------*/
ARM GAS  C:\Users\kalpe\AppData\Local\Temp\ccf7caZ5.s 			page 10


 487:Middlewares/Third_Party/FreeRTOS/Source/event_groups.c **** 
 488:Middlewares/Third_Party/FreeRTOS/Source/event_groups.c **** #if ( ( configUSE_TRACE_FACILITY == 1 ) && ( INCLUDE_xTimerPendFunctionCall == 1 ) && ( configUSE_T
 489:Middlewares/Third_Party/FreeRTOS/Source/event_groups.c **** 
 490:Middlewares/Third_Party/FreeRTOS/Source/event_groups.c **** 	BaseType_t xEventGroupClearBitsFromISR( EventGroupHandle_t xEventGroup, const EventBits_t uxBitsTo
 491:Middlewares/Third_Party/FreeRTOS/Source/event_groups.c **** 	{
 492:Middlewares/Third_Party/FreeRTOS/Source/event_groups.c **** 		BaseType_t xReturn;
 493:Middlewares/Third_Party/FreeRTOS/Source/event_groups.c **** 
 494:Middlewares/Third_Party/FreeRTOS/Source/event_groups.c **** 		traceEVENT_GROUP_CLEAR_BITS_FROM_ISR( xEventGroup, uxBitsToClear );
 495:Middlewares/Third_Party/FreeRTOS/Source/event_groups.c **** 		xReturn = xTimerPendFunctionCallFromISR( vEventGroupClearBitsCallback, ( void * ) xEventGroup, ( 
 496:Middlewares/Third_Party/FreeRTOS/Source/event_groups.c **** 
 497:Middlewares/Third_Party/FreeRTOS/Source/event_groups.c **** 		return xReturn;
 498:Middlewares/Third_Party/FreeRTOS/Source/event_groups.c **** 	}
 499:Middlewares/Third_Party/FreeRTOS/Source/event_groups.c **** 
 500:Middlewares/Third_Party/FreeRTOS/Source/event_groups.c **** #endif
 501:Middlewares/Third_Party/FreeRTOS/Source/event_groups.c **** /*-----------------------------------------------------------*/
 502:Middlewares/Third_Party/FreeRTOS/Source/event_groups.c **** 
 503:Middlewares/Third_Party/FreeRTOS/Source/event_groups.c **** EventBits_t xEventGroupGetBitsFromISR( EventGroupHandle_t xEventGroup )
 504:Middlewares/Third_Party/FreeRTOS/Source/event_groups.c **** {
 505:Middlewares/Third_Party/FreeRTOS/Source/event_groups.c **** UBaseType_t uxSavedInterruptStatus;
 506:Middlewares/Third_Party/FreeRTOS/Source/event_groups.c **** EventGroup_t const * const pxEventBits = xEventGroup;
 507:Middlewares/Third_Party/FreeRTOS/Source/event_groups.c **** EventBits_t uxReturn;
 508:Middlewares/Third_Party/FreeRTOS/Source/event_groups.c **** 
 509:Middlewares/Third_Party/FreeRTOS/Source/event_groups.c **** 	uxSavedInterruptStatus = portSET_INTERRUPT_MASK_FROM_ISR();
 510:Middlewares/Third_Party/FreeRTOS/Source/event_groups.c **** 	{
 511:Middlewares/Third_Party/FreeRTOS/Source/event_groups.c **** 		uxReturn = pxEventBits->uxEventBits;
 512:Middlewares/Third_Party/FreeRTOS/Source/event_groups.c **** 	}
 513:Middlewares/Third_Party/FreeRTOS/Source/event_groups.c **** 	portCLEAR_INTERRUPT_MASK_FROM_ISR( uxSavedInterruptStatus );
 514:Middlewares/Third_Party/FreeRTOS/Source/event_groups.c **** 
 515:Middlewares/Third_Party/FreeRTOS/Source/event_groups.c **** 	return uxReturn;
 516:Middlewares/Third_Party/FreeRTOS/Source/event_groups.c **** } /*lint !e818 EventGroupHandle_t is a typedef used in other functions to so can't be pointer to co
 517:Middlewares/Third_Party/FreeRTOS/Source/event_groups.c **** /*-----------------------------------------------------------*/
 518:Middlewares/Third_Party/FreeRTOS/Source/event_groups.c **** 
 519:Middlewares/Third_Party/FreeRTOS/Source/event_groups.c **** EventBits_t xEventGroupSetBits( EventGroupHandle_t xEventGroup, const EventBits_t uxBitsToSet )
 520:Middlewares/Third_Party/FreeRTOS/Source/event_groups.c **** {
 521:Middlewares/Third_Party/FreeRTOS/Source/event_groups.c **** ListItem_t *pxListItem, *pxNext;
 522:Middlewares/Third_Party/FreeRTOS/Source/event_groups.c **** ListItem_t const *pxListEnd;
 523:Middlewares/Third_Party/FreeRTOS/Source/event_groups.c **** List_t const * pxList;
 524:Middlewares/Third_Party/FreeRTOS/Source/event_groups.c **** EventBits_t uxBitsToClear = 0, uxBitsWaitedFor, uxControlBits;
 525:Middlewares/Third_Party/FreeRTOS/Source/event_groups.c **** EventGroup_t *pxEventBits = xEventGroup;
 526:Middlewares/Third_Party/FreeRTOS/Source/event_groups.c **** BaseType_t xMatchFound = pdFALSE;
 527:Middlewares/Third_Party/FreeRTOS/Source/event_groups.c **** 
 528:Middlewares/Third_Party/FreeRTOS/Source/event_groups.c **** 	/* Check the user is not attempting to set the bits used by the kernel
 529:Middlewares/Third_Party/FreeRTOS/Source/event_groups.c **** 	itself. */
 530:Middlewares/Third_Party/FreeRTOS/Source/event_groups.c **** 	configASSERT( xEventGroup );
 531:Middlewares/Third_Party/FreeRTOS/Source/event_groups.c **** 	configASSERT( ( uxBitsToSet & eventEVENT_BITS_CONTROL_BYTES ) == 0 );
 532:Middlewares/Third_Party/FreeRTOS/Source/event_groups.c **** 
 533:Middlewares/Third_Party/FreeRTOS/Source/event_groups.c **** 	pxList = &( pxEventBits->xTasksWaitingForBits );
 534:Middlewares/Third_Party/FreeRTOS/Source/event_groups.c **** 	pxListEnd = listGET_END_MARKER( pxList ); /*lint !e826 !e740 !e9087 The mini list structure is use
 535:Middlewares/Third_Party/FreeRTOS/Source/event_groups.c **** 	vTaskSuspendAll();
 536:Middlewares/Third_Party/FreeRTOS/Source/event_groups.c **** 	{
 537:Middlewares/Third_Party/FreeRTOS/Source/event_groups.c **** 		traceEVENT_GROUP_SET_BITS( xEventGroup, uxBitsToSet );
 538:Middlewares/Third_Party/FreeRTOS/Source/event_groups.c **** 
 539:Middlewares/Third_Party/FreeRTOS/Source/event_groups.c **** 		pxListItem = listGET_HEAD_ENTRY( pxList );
 540:Middlewares/Third_Party/FreeRTOS/Source/event_groups.c **** 
 541:Middlewares/Third_Party/FreeRTOS/Source/event_groups.c **** 		/* Set the bits. */
 542:Middlewares/Third_Party/FreeRTOS/Source/event_groups.c **** 		pxEventBits->uxEventBits |= uxBitsToSet;
 543:Middlewares/Third_Party/FreeRTOS/Source/event_groups.c **** 
ARM GAS  C:\Users\kalpe\AppData\Local\Temp\ccf7caZ5.s 			page 11


 544:Middlewares/Third_Party/FreeRTOS/Source/event_groups.c **** 		/* See if the new bit value should unblock any tasks. */
 545:Middlewares/Third_Party/FreeRTOS/Source/event_groups.c **** 		while( pxListItem != pxListEnd )
 546:Middlewares/Third_Party/FreeRTOS/Source/event_groups.c **** 		{
 547:Middlewares/Third_Party/FreeRTOS/Source/event_groups.c **** 			pxNext = listGET_NEXT( pxListItem );
 548:Middlewares/Third_Party/FreeRTOS/Source/event_groups.c **** 			uxBitsWaitedFor = listGET_LIST_ITEM_VALUE( pxListItem );
 549:Middlewares/Third_Party/FreeRTOS/Source/event_groups.c **** 			xMatchFound = pdFALSE;
 550:Middlewares/Third_Party/FreeRTOS/Source/event_groups.c **** 
 551:Middlewares/Third_Party/FreeRTOS/Source/event_groups.c **** 			/* Split the bits waited for from the control bits. */
 552:Middlewares/Third_Party/FreeRTOS/Source/event_groups.c **** 			uxControlBits = uxBitsWaitedFor & eventEVENT_BITS_CONTROL_BYTES;
 553:Middlewares/Third_Party/FreeRTOS/Source/event_groups.c **** 			uxBitsWaitedFor &= ~eventEVENT_BITS_CONTROL_BYTES;
 554:Middlewares/Third_Party/FreeRTOS/Source/event_groups.c **** 
 555:Middlewares/Third_Party/FreeRTOS/Source/event_groups.c **** 			if( ( uxControlBits & eventWAIT_FOR_ALL_BITS ) == ( EventBits_t ) 0 )
 556:Middlewares/Third_Party/FreeRTOS/Source/event_groups.c **** 			{
 557:Middlewares/Third_Party/FreeRTOS/Source/event_groups.c **** 				/* Just looking for single bit being set. */
 558:Middlewares/Third_Party/FreeRTOS/Source/event_groups.c **** 				if( ( uxBitsWaitedFor & pxEventBits->uxEventBits ) != ( EventBits_t ) 0 )
 559:Middlewares/Third_Party/FreeRTOS/Source/event_groups.c **** 				{
 560:Middlewares/Third_Party/FreeRTOS/Source/event_groups.c **** 					xMatchFound = pdTRUE;
 561:Middlewares/Third_Party/FreeRTOS/Source/event_groups.c **** 				}
 562:Middlewares/Third_Party/FreeRTOS/Source/event_groups.c **** 				else
 563:Middlewares/Third_Party/FreeRTOS/Source/event_groups.c **** 				{
 564:Middlewares/Third_Party/FreeRTOS/Source/event_groups.c **** 					mtCOVERAGE_TEST_MARKER();
 565:Middlewares/Third_Party/FreeRTOS/Source/event_groups.c **** 				}
 566:Middlewares/Third_Party/FreeRTOS/Source/event_groups.c **** 			}
 567:Middlewares/Third_Party/FreeRTOS/Source/event_groups.c **** 			else if( ( uxBitsWaitedFor & pxEventBits->uxEventBits ) == uxBitsWaitedFor )
 568:Middlewares/Third_Party/FreeRTOS/Source/event_groups.c **** 			{
 569:Middlewares/Third_Party/FreeRTOS/Source/event_groups.c **** 				/* All bits are set. */
 570:Middlewares/Third_Party/FreeRTOS/Source/event_groups.c **** 				xMatchFound = pdTRUE;
 571:Middlewares/Third_Party/FreeRTOS/Source/event_groups.c **** 			}
 572:Middlewares/Third_Party/FreeRTOS/Source/event_groups.c **** 			else
 573:Middlewares/Third_Party/FreeRTOS/Source/event_groups.c **** 			{
 574:Middlewares/Third_Party/FreeRTOS/Source/event_groups.c **** 				/* Need all bits to be set, but not all the bits were set. */
 575:Middlewares/Third_Party/FreeRTOS/Source/event_groups.c **** 			}
 576:Middlewares/Third_Party/FreeRTOS/Source/event_groups.c **** 
 577:Middlewares/Third_Party/FreeRTOS/Source/event_groups.c **** 			if( xMatchFound != pdFALSE )
 578:Middlewares/Third_Party/FreeRTOS/Source/event_groups.c **** 			{
 579:Middlewares/Third_Party/FreeRTOS/Source/event_groups.c **** 				/* The bits match.  Should the bits be cleared on exit? */
 580:Middlewares/Third_Party/FreeRTOS/Source/event_groups.c **** 				if( ( uxControlBits & eventCLEAR_EVENTS_ON_EXIT_BIT ) != ( EventBits_t ) 0 )
 581:Middlewares/Third_Party/FreeRTOS/Source/event_groups.c **** 				{
 582:Middlewares/Third_Party/FreeRTOS/Source/event_groups.c **** 					uxBitsToClear |= uxBitsWaitedFor;
 583:Middlewares/Third_Party/FreeRTOS/Source/event_groups.c **** 				}
 584:Middlewares/Third_Party/FreeRTOS/Source/event_groups.c **** 				else
 585:Middlewares/Third_Party/FreeRTOS/Source/event_groups.c **** 				{
 586:Middlewares/Third_Party/FreeRTOS/Source/event_groups.c **** 					mtCOVERAGE_TEST_MARKER();
 587:Middlewares/Third_Party/FreeRTOS/Source/event_groups.c **** 				}
 588:Middlewares/Third_Party/FreeRTOS/Source/event_groups.c **** 
 589:Middlewares/Third_Party/FreeRTOS/Source/event_groups.c **** 				/* Store the actual event flag value in the task's event list
 590:Middlewares/Third_Party/FreeRTOS/Source/event_groups.c **** 				item before removing the task from the event list.  The
 591:Middlewares/Third_Party/FreeRTOS/Source/event_groups.c **** 				eventUNBLOCKED_DUE_TO_BIT_SET bit is set so the task knows
 592:Middlewares/Third_Party/FreeRTOS/Source/event_groups.c **** 				that is was unblocked due to its required bits matching, rather
 593:Middlewares/Third_Party/FreeRTOS/Source/event_groups.c **** 				than because it timed out. */
 594:Middlewares/Third_Party/FreeRTOS/Source/event_groups.c **** 				vTaskRemoveFromUnorderedEventList( pxListItem, pxEventBits->uxEventBits | eventUNBLOCKED_DUE_TO
 595:Middlewares/Third_Party/FreeRTOS/Source/event_groups.c **** 			}
 596:Middlewares/Third_Party/FreeRTOS/Source/event_groups.c **** 
 597:Middlewares/Third_Party/FreeRTOS/Source/event_groups.c **** 			/* Move onto the next list item.  Note pxListItem->pxNext is not
 598:Middlewares/Third_Party/FreeRTOS/Source/event_groups.c **** 			used here as the list item may have been removed from the event list
 599:Middlewares/Third_Party/FreeRTOS/Source/event_groups.c **** 			and inserted into the ready/pending reading list. */
 600:Middlewares/Third_Party/FreeRTOS/Source/event_groups.c **** 			pxListItem = pxNext;
ARM GAS  C:\Users\kalpe\AppData\Local\Temp\ccf7caZ5.s 			page 12


 601:Middlewares/Third_Party/FreeRTOS/Source/event_groups.c **** 		}
 602:Middlewares/Third_Party/FreeRTOS/Source/event_groups.c **** 
 603:Middlewares/Third_Party/FreeRTOS/Source/event_groups.c **** 		/* Clear any bits that matched when the eventCLEAR_EVENTS_ON_EXIT_BIT
 604:Middlewares/Third_Party/FreeRTOS/Source/event_groups.c **** 		bit was set in the control word. */
 605:Middlewares/Third_Party/FreeRTOS/Source/event_groups.c **** 		pxEventBits->uxEventBits &= ~uxBitsToClear;
 606:Middlewares/Third_Party/FreeRTOS/Source/event_groups.c **** 	}
 607:Middlewares/Third_Party/FreeRTOS/Source/event_groups.c **** 	( void ) xTaskResumeAll();
 608:Middlewares/Third_Party/FreeRTOS/Source/event_groups.c **** 
 609:Middlewares/Third_Party/FreeRTOS/Source/event_groups.c **** 	return pxEventBits->uxEventBits;
 610:Middlewares/Third_Party/FreeRTOS/Source/event_groups.c **** }
 611:Middlewares/Third_Party/FreeRTOS/Source/event_groups.c **** /*-----------------------------------------------------------*/
 612:Middlewares/Third_Party/FreeRTOS/Source/event_groups.c **** 
 613:Middlewares/Third_Party/FreeRTOS/Source/event_groups.c **** void vEventGroupDelete( EventGroupHandle_t xEventGroup )
 614:Middlewares/Third_Party/FreeRTOS/Source/event_groups.c **** {
 615:Middlewares/Third_Party/FreeRTOS/Source/event_groups.c **** EventGroup_t *pxEventBits = xEventGroup;
 616:Middlewares/Third_Party/FreeRTOS/Source/event_groups.c **** const List_t *pxTasksWaitingForBits = &( pxEventBits->xTasksWaitingForBits );
 617:Middlewares/Third_Party/FreeRTOS/Source/event_groups.c **** 
 618:Middlewares/Third_Party/FreeRTOS/Source/event_groups.c **** 	vTaskSuspendAll();
 619:Middlewares/Third_Party/FreeRTOS/Source/event_groups.c **** 	{
 620:Middlewares/Third_Party/FreeRTOS/Source/event_groups.c **** 		traceEVENT_GROUP_DELETE( xEventGroup );
 621:Middlewares/Third_Party/FreeRTOS/Source/event_groups.c **** 
 622:Middlewares/Third_Party/FreeRTOS/Source/event_groups.c **** 		while( listCURRENT_LIST_LENGTH( pxTasksWaitingForBits ) > ( UBaseType_t ) 0 )
 623:Middlewares/Third_Party/FreeRTOS/Source/event_groups.c **** 		{
 624:Middlewares/Third_Party/FreeRTOS/Source/event_groups.c **** 			/* Unblock the task, returning 0 as the event list is being deleted
 625:Middlewares/Third_Party/FreeRTOS/Source/event_groups.c **** 			and cannot therefore have any bits set. */
 626:Middlewares/Third_Party/FreeRTOS/Source/event_groups.c **** 			configASSERT( pxTasksWaitingForBits->xListEnd.pxNext != ( const ListItem_t * ) &( pxTasksWaiting
 627:Middlewares/Third_Party/FreeRTOS/Source/event_groups.c **** 			vTaskRemoveFromUnorderedEventList( pxTasksWaitingForBits->xListEnd.pxNext, eventUNBLOCKED_DUE_TO
 628:Middlewares/Third_Party/FreeRTOS/Source/event_groups.c **** 		}
 629:Middlewares/Third_Party/FreeRTOS/Source/event_groups.c **** 
 630:Middlewares/Third_Party/FreeRTOS/Source/event_groups.c **** 		#if( ( configSUPPORT_DYNAMIC_ALLOCATION == 1 ) && ( configSUPPORT_STATIC_ALLOCATION == 0 ) )
 631:Middlewares/Third_Party/FreeRTOS/Source/event_groups.c **** 		{
 632:Middlewares/Third_Party/FreeRTOS/Source/event_groups.c **** 			/* The event group can only have been allocated dynamically - free
 633:Middlewares/Third_Party/FreeRTOS/Source/event_groups.c **** 			it again. */
 634:Middlewares/Third_Party/FreeRTOS/Source/event_groups.c **** 			vPortFree( pxEventBits );
 635:Middlewares/Third_Party/FreeRTOS/Source/event_groups.c **** 		}
 636:Middlewares/Third_Party/FreeRTOS/Source/event_groups.c **** 		#elif( ( configSUPPORT_DYNAMIC_ALLOCATION == 1 ) && ( configSUPPORT_STATIC_ALLOCATION == 1 ) )
 637:Middlewares/Third_Party/FreeRTOS/Source/event_groups.c **** 		{
 638:Middlewares/Third_Party/FreeRTOS/Source/event_groups.c **** 			/* The event group could have been allocated statically or
 639:Middlewares/Third_Party/FreeRTOS/Source/event_groups.c **** 			dynamically, so check before attempting to free the memory. */
 640:Middlewares/Third_Party/FreeRTOS/Source/event_groups.c **** 			if( pxEventBits->ucStaticallyAllocated == ( uint8_t ) pdFALSE )
 641:Middlewares/Third_Party/FreeRTOS/Source/event_groups.c **** 			{
 642:Middlewares/Third_Party/FreeRTOS/Source/event_groups.c **** 				vPortFree( pxEventBits );
 643:Middlewares/Third_Party/FreeRTOS/Source/event_groups.c **** 			}
 644:Middlewares/Third_Party/FreeRTOS/Source/event_groups.c **** 			else
 645:Middlewares/Third_Party/FreeRTOS/Source/event_groups.c **** 			{
 646:Middlewares/Third_Party/FreeRTOS/Source/event_groups.c **** 				mtCOVERAGE_TEST_MARKER();
 647:Middlewares/Third_Party/FreeRTOS/Source/event_groups.c **** 			}
 648:Middlewares/Third_Party/FreeRTOS/Source/event_groups.c **** 		}
 649:Middlewares/Third_Party/FreeRTOS/Source/event_groups.c **** 		#endif /* configSUPPORT_DYNAMIC_ALLOCATION */
 650:Middlewares/Third_Party/FreeRTOS/Source/event_groups.c **** 	}
 651:Middlewares/Third_Party/FreeRTOS/Source/event_groups.c **** 	( void ) xTaskResumeAll();
 652:Middlewares/Third_Party/FreeRTOS/Source/event_groups.c **** }
 653:Middlewares/Third_Party/FreeRTOS/Source/event_groups.c **** /*-----------------------------------------------------------*/
 654:Middlewares/Third_Party/FreeRTOS/Source/event_groups.c **** 
 655:Middlewares/Third_Party/FreeRTOS/Source/event_groups.c **** /* For internal use only - execute a 'set bits' command that was pended from
 656:Middlewares/Third_Party/FreeRTOS/Source/event_groups.c **** an interrupt. */
 657:Middlewares/Third_Party/FreeRTOS/Source/event_groups.c **** void vEventGroupSetBitsCallback( void *pvEventGroup, const uint32_t ulBitsToSet )
ARM GAS  C:\Users\kalpe\AppData\Local\Temp\ccf7caZ5.s 			page 13


 658:Middlewares/Third_Party/FreeRTOS/Source/event_groups.c **** {
 659:Middlewares/Third_Party/FreeRTOS/Source/event_groups.c **** 	( void ) xEventGroupSetBits( pvEventGroup, ( EventBits_t ) ulBitsToSet ); /*lint !e9079 Can't avoi
 660:Middlewares/Third_Party/FreeRTOS/Source/event_groups.c **** }
 661:Middlewares/Third_Party/FreeRTOS/Source/event_groups.c **** /*-----------------------------------------------------------*/
 662:Middlewares/Third_Party/FreeRTOS/Source/event_groups.c **** 
 663:Middlewares/Third_Party/FreeRTOS/Source/event_groups.c **** /* For internal use only - execute a 'clear bits' command that was pended from
 664:Middlewares/Third_Party/FreeRTOS/Source/event_groups.c **** an interrupt. */
 665:Middlewares/Third_Party/FreeRTOS/Source/event_groups.c **** void vEventGroupClearBitsCallback( void *pvEventGroup, const uint32_t ulBitsToClear )
 666:Middlewares/Third_Party/FreeRTOS/Source/event_groups.c **** {
 667:Middlewares/Third_Party/FreeRTOS/Source/event_groups.c **** 	( void ) xEventGroupClearBits( pvEventGroup, ( EventBits_t ) ulBitsToClear ); /*lint !e9079 Can't 
 668:Middlewares/Third_Party/FreeRTOS/Source/event_groups.c **** }
 669:Middlewares/Third_Party/FreeRTOS/Source/event_groups.c **** /*-----------------------------------------------------------*/
 670:Middlewares/Third_Party/FreeRTOS/Source/event_groups.c **** 
 671:Middlewares/Third_Party/FreeRTOS/Source/event_groups.c **** static BaseType_t prvTestWaitCondition( const EventBits_t uxCurrentEventBits, const EventBits_t uxB
 672:Middlewares/Third_Party/FreeRTOS/Source/event_groups.c **** {
  29              		.loc 1 672 1 view -0
  30              		.cfi_startproc
  31              		@ args = 0, pretend = 0, frame = 0
  32              		@ frame_needed = 0, uses_anonymous_args = 0
  33              		@ link register save eliminated.
 673:Middlewares/Third_Party/FreeRTOS/Source/event_groups.c **** BaseType_t xWaitConditionMet = pdFALSE;
  34              		.loc 1 673 1 view .LVU1
 674:Middlewares/Third_Party/FreeRTOS/Source/event_groups.c **** 
 675:Middlewares/Third_Party/FreeRTOS/Source/event_groups.c **** 	if( xWaitForAllBits == pdFALSE )
  35              		.loc 1 675 2 view .LVU2
  36              		.loc 1 675 4 is_stmt 0 view .LVU3
  37 0000 1AB9     		cbnz	r2, .L2
 676:Middlewares/Third_Party/FreeRTOS/Source/event_groups.c **** 	{
 677:Middlewares/Third_Party/FreeRTOS/Source/event_groups.c **** 		/* Task only has to wait for one bit within uxBitsToWaitFor to be
 678:Middlewares/Third_Party/FreeRTOS/Source/event_groups.c **** 		set.  Is one already set? */
 679:Middlewares/Third_Party/FreeRTOS/Source/event_groups.c **** 		if( ( uxCurrentEventBits & uxBitsToWaitFor ) != ( EventBits_t ) 0 )
  38              		.loc 1 679 3 is_stmt 1 view .LVU4
  39              		.loc 1 679 5 is_stmt 0 view .LVU5
  40 0002 0842     		tst	r0, r1
  41 0004 05D1     		bne	.L4
 673:Middlewares/Third_Party/FreeRTOS/Source/event_groups.c **** 
  42              		.loc 1 673 12 view .LVU6
  43 0006 1046     		mov	r0, r2
  44              	.LVL1:
 673:Middlewares/Third_Party/FreeRTOS/Source/event_groups.c **** 
  45              		.loc 1 673 12 view .LVU7
  46 0008 7047     		bx	lr
  47              	.LVL2:
  48              	.L2:
 680:Middlewares/Third_Party/FreeRTOS/Source/event_groups.c **** 		{
 681:Middlewares/Third_Party/FreeRTOS/Source/event_groups.c **** 			xWaitConditionMet = pdTRUE;
 682:Middlewares/Third_Party/FreeRTOS/Source/event_groups.c **** 		}
 683:Middlewares/Third_Party/FreeRTOS/Source/event_groups.c **** 		else
 684:Middlewares/Third_Party/FreeRTOS/Source/event_groups.c **** 		{
 685:Middlewares/Third_Party/FreeRTOS/Source/event_groups.c **** 			mtCOVERAGE_TEST_MARKER();
 686:Middlewares/Third_Party/FreeRTOS/Source/event_groups.c **** 		}
 687:Middlewares/Third_Party/FreeRTOS/Source/event_groups.c **** 	}
 688:Middlewares/Third_Party/FreeRTOS/Source/event_groups.c **** 	else
 689:Middlewares/Third_Party/FreeRTOS/Source/event_groups.c **** 	{
 690:Middlewares/Third_Party/FreeRTOS/Source/event_groups.c **** 		/* Task has to wait for all the bits in uxBitsToWaitFor to be set.
 691:Middlewares/Third_Party/FreeRTOS/Source/event_groups.c **** 		Are they set already? */
 692:Middlewares/Third_Party/FreeRTOS/Source/event_groups.c **** 		if( ( uxCurrentEventBits & uxBitsToWaitFor ) == uxBitsToWaitFor )
ARM GAS  C:\Users\kalpe\AppData\Local\Temp\ccf7caZ5.s 			page 14


  49              		.loc 1 692 3 is_stmt 1 view .LVU8
  50              		.loc 1 692 5 is_stmt 0 view .LVU9
  51 000a 8143     		bics	r1, r1, r0
  52              	.LVL3:
  53              		.loc 1 692 5 view .LVU10
  54 000c 03D0     		beq	.L5
 673:Middlewares/Third_Party/FreeRTOS/Source/event_groups.c **** 
  55              		.loc 1 673 12 view .LVU11
  56 000e 0020     		movs	r0, #0
  57              	.LVL4:
 673:Middlewares/Third_Party/FreeRTOS/Source/event_groups.c **** 
  58              		.loc 1 673 12 view .LVU12
  59 0010 7047     		bx	lr
  60              	.LVL5:
  61              	.L4:
 681:Middlewares/Third_Party/FreeRTOS/Source/event_groups.c **** 		}
  62              		.loc 1 681 22 view .LVU13
  63 0012 0120     		movs	r0, #1
  64              	.LVL6:
 681:Middlewares/Third_Party/FreeRTOS/Source/event_groups.c **** 		}
  65              		.loc 1 681 22 view .LVU14
  66 0014 7047     		bx	lr
  67              	.LVL7:
  68              	.L5:
 693:Middlewares/Third_Party/FreeRTOS/Source/event_groups.c **** 		{
 694:Middlewares/Third_Party/FreeRTOS/Source/event_groups.c **** 			xWaitConditionMet = pdTRUE;
  69              		.loc 1 694 22 view .LVU15
  70 0016 0120     		movs	r0, #1
  71              	.LVL8:
 695:Middlewares/Third_Party/FreeRTOS/Source/event_groups.c **** 		}
 696:Middlewares/Third_Party/FreeRTOS/Source/event_groups.c **** 		else
 697:Middlewares/Third_Party/FreeRTOS/Source/event_groups.c **** 		{
 698:Middlewares/Third_Party/FreeRTOS/Source/event_groups.c **** 			mtCOVERAGE_TEST_MARKER();
  72              		.loc 1 698 28 is_stmt 1 view .LVU16
 699:Middlewares/Third_Party/FreeRTOS/Source/event_groups.c **** 		}
 700:Middlewares/Third_Party/FreeRTOS/Source/event_groups.c **** 	}
 701:Middlewares/Third_Party/FreeRTOS/Source/event_groups.c **** 
 702:Middlewares/Third_Party/FreeRTOS/Source/event_groups.c **** 	return xWaitConditionMet;
  73              		.loc 1 702 2 view .LVU17
 703:Middlewares/Third_Party/FreeRTOS/Source/event_groups.c **** }
  74              		.loc 1 703 1 is_stmt 0 view .LVU18
  75 0018 7047     		bx	lr
  76              		.cfi_endproc
  77              	.LFE15:
  79              		.section	.text.xEventGroupCreateStatic,"ax",%progbits
  80              		.align	1
  81              		.global	xEventGroupCreateStatic
  82              		.syntax unified
  83              		.thumb
  84              		.thumb_func
  86              	xEventGroupCreateStatic:
  87              	.LVL9:
  88              	.LFB4:
  94:Middlewares/Third_Party/FreeRTOS/Source/event_groups.c **** 	EventGroup_t *pxEventBits;
  89              		.loc 1 94 2 is_stmt 1 view -0
  90              		.cfi_startproc
  91              		@ args = 0, pretend = 0, frame = 8
ARM GAS  C:\Users\kalpe\AppData\Local\Temp\ccf7caZ5.s 			page 15


  92              		@ frame_needed = 0, uses_anonymous_args = 0
  95:Middlewares/Third_Party/FreeRTOS/Source/event_groups.c **** 
  93              		.loc 1 95 2 view .LVU20
  98:Middlewares/Third_Party/FreeRTOS/Source/event_groups.c **** 
  94              		.loc 1 98 3 view .LVU21
  95 0000 78B1     		cbz	r0, .L13
  94:Middlewares/Third_Party/FreeRTOS/Source/event_groups.c **** 	EventGroup_t *pxEventBits;
  96              		.loc 1 94 2 is_stmt 0 view .LVU22
  97 0002 10B5     		push	{r4, lr}
  98              	.LCFI0:
  99              		.cfi_def_cfa_offset 8
 100              		.cfi_offset 4, -8
 101              		.cfi_offset 14, -4
 102 0004 82B0     		sub	sp, sp, #8
 103              	.LCFI1:
 104              		.cfi_def_cfa_offset 16
  98:Middlewares/Third_Party/FreeRTOS/Source/event_groups.c **** 
 105              		.loc 1 98 37 is_stmt 1 view .LVU23
 106              	.LBB36:
 105:Middlewares/Third_Party/FreeRTOS/Source/event_groups.c **** 			configASSERT( xSize == sizeof( EventGroup_t ) );
 107              		.loc 1 105 4 view .LVU24
 105:Middlewares/Third_Party/FreeRTOS/Source/event_groups.c **** 			configASSERT( xSize == sizeof( EventGroup_t ) );
 108              		.loc 1 105 20 is_stmt 0 view .LVU25
 109 0006 2023     		movs	r3, #32
 110 0008 0193     		str	r3, [sp, #4]
 106:Middlewares/Third_Party/FreeRTOS/Source/event_groups.c **** 		} /*lint !e529 xSize is referenced if configASSERT() is defined. */
 111              		.loc 1 106 4 is_stmt 1 view .LVU26
 112 000a 019B     		ldr	r3, [sp, #4]
 113 000c 202B     		cmp	r3, #32
 114 000e 11D0     		beq	.L9
 106:Middlewares/Third_Party/FreeRTOS/Source/event_groups.c **** 		} /*lint !e529 xSize is referenced if configASSERT() is defined. */
 115              		.loc 1 106 4 discriminator 1 view .LVU27
 116              	.LBB37:
 117              	.LBI37:
 118              		.file 2 "Middlewares/Third_Party/FreeRTOS/Source/portable/GCC/ARM_CM4F/portmacro.h"
   1:Middlewares/Third_Party/FreeRTOS/Source/portable/GCC/ARM_CM4F/portmacro.h **** /*
   2:Middlewares/Third_Party/FreeRTOS/Source/portable/GCC/ARM_CM4F/portmacro.h ****  * FreeRTOS Kernel V10.3.1
   3:Middlewares/Third_Party/FreeRTOS/Source/portable/GCC/ARM_CM4F/portmacro.h ****  * Copyright (C) 2020 Amazon.com, Inc. or its affiliates.  All Rights Reserved.
   4:Middlewares/Third_Party/FreeRTOS/Source/portable/GCC/ARM_CM4F/portmacro.h ****  *
   5:Middlewares/Third_Party/FreeRTOS/Source/portable/GCC/ARM_CM4F/portmacro.h ****  * Permission is hereby granted, free of charge, to any person obtaining a copy of
   6:Middlewares/Third_Party/FreeRTOS/Source/portable/GCC/ARM_CM4F/portmacro.h ****  * this software and associated documentation files (the "Software"), to deal in
   7:Middlewares/Third_Party/FreeRTOS/Source/portable/GCC/ARM_CM4F/portmacro.h ****  * the Software without restriction, including without limitation the rights to
   8:Middlewares/Third_Party/FreeRTOS/Source/portable/GCC/ARM_CM4F/portmacro.h ****  * use, copy, modify, merge, publish, distribute, sublicense, and/or sell copies of
   9:Middlewares/Third_Party/FreeRTOS/Source/portable/GCC/ARM_CM4F/portmacro.h ****  * the Software, and to permit persons to whom the Software is furnished to do so,
  10:Middlewares/Third_Party/FreeRTOS/Source/portable/GCC/ARM_CM4F/portmacro.h ****  * subject to the following conditions:
  11:Middlewares/Third_Party/FreeRTOS/Source/portable/GCC/ARM_CM4F/portmacro.h ****  *
  12:Middlewares/Third_Party/FreeRTOS/Source/portable/GCC/ARM_CM4F/portmacro.h ****  * The above copyright notice and this permission notice shall be included in all
  13:Middlewares/Third_Party/FreeRTOS/Source/portable/GCC/ARM_CM4F/portmacro.h ****  * copies or substantial portions of the Software.
  14:Middlewares/Third_Party/FreeRTOS/Source/portable/GCC/ARM_CM4F/portmacro.h ****  *
  15:Middlewares/Third_Party/FreeRTOS/Source/portable/GCC/ARM_CM4F/portmacro.h ****  * THE SOFTWARE IS PROVIDED "AS IS", WITHOUT WARRANTY OF ANY KIND, EXPRESS OR
  16:Middlewares/Third_Party/FreeRTOS/Source/portable/GCC/ARM_CM4F/portmacro.h ****  * IMPLIED, INCLUDING BUT NOT LIMITED TO THE WARRANTIES OF MERCHANTABILITY, FITNESS
  17:Middlewares/Third_Party/FreeRTOS/Source/portable/GCC/ARM_CM4F/portmacro.h ****  * FOR A PARTICULAR PURPOSE AND NONINFRINGEMENT. IN NO EVENT SHALL THE AUTHORS OR
  18:Middlewares/Third_Party/FreeRTOS/Source/portable/GCC/ARM_CM4F/portmacro.h ****  * COPYRIGHT HOLDERS BE LIABLE FOR ANY CLAIM, DAMAGES OR OTHER LIABILITY, WHETHER
  19:Middlewares/Third_Party/FreeRTOS/Source/portable/GCC/ARM_CM4F/portmacro.h ****  * IN AN ACTION OF CONTRACT, TORT OR OTHERWISE, ARISING FROM, OUT OF OR IN
  20:Middlewares/Third_Party/FreeRTOS/Source/portable/GCC/ARM_CM4F/portmacro.h ****  * CONNECTION WITH THE SOFTWARE OR THE USE OR OTHER DEALINGS IN THE SOFTWARE.
  21:Middlewares/Third_Party/FreeRTOS/Source/portable/GCC/ARM_CM4F/portmacro.h ****  *
  22:Middlewares/Third_Party/FreeRTOS/Source/portable/GCC/ARM_CM4F/portmacro.h ****  * http://www.FreeRTOS.org
ARM GAS  C:\Users\kalpe\AppData\Local\Temp\ccf7caZ5.s 			page 16


  23:Middlewares/Third_Party/FreeRTOS/Source/portable/GCC/ARM_CM4F/portmacro.h ****  * http://aws.amazon.com/freertos
  24:Middlewares/Third_Party/FreeRTOS/Source/portable/GCC/ARM_CM4F/portmacro.h ****  *
  25:Middlewares/Third_Party/FreeRTOS/Source/portable/GCC/ARM_CM4F/portmacro.h ****  * 1 tab == 4 spaces!
  26:Middlewares/Third_Party/FreeRTOS/Source/portable/GCC/ARM_CM4F/portmacro.h ****  */
  27:Middlewares/Third_Party/FreeRTOS/Source/portable/GCC/ARM_CM4F/portmacro.h **** 
  28:Middlewares/Third_Party/FreeRTOS/Source/portable/GCC/ARM_CM4F/portmacro.h **** 
  29:Middlewares/Third_Party/FreeRTOS/Source/portable/GCC/ARM_CM4F/portmacro.h **** #ifndef PORTMACRO_H
  30:Middlewares/Third_Party/FreeRTOS/Source/portable/GCC/ARM_CM4F/portmacro.h **** #define PORTMACRO_H
  31:Middlewares/Third_Party/FreeRTOS/Source/portable/GCC/ARM_CM4F/portmacro.h **** 
  32:Middlewares/Third_Party/FreeRTOS/Source/portable/GCC/ARM_CM4F/portmacro.h **** #ifdef __cplusplus
  33:Middlewares/Third_Party/FreeRTOS/Source/portable/GCC/ARM_CM4F/portmacro.h **** extern "C" {
  34:Middlewares/Third_Party/FreeRTOS/Source/portable/GCC/ARM_CM4F/portmacro.h **** #endif
  35:Middlewares/Third_Party/FreeRTOS/Source/portable/GCC/ARM_CM4F/portmacro.h **** 
  36:Middlewares/Third_Party/FreeRTOS/Source/portable/GCC/ARM_CM4F/portmacro.h **** /*-----------------------------------------------------------
  37:Middlewares/Third_Party/FreeRTOS/Source/portable/GCC/ARM_CM4F/portmacro.h ****  * Port specific definitions.
  38:Middlewares/Third_Party/FreeRTOS/Source/portable/GCC/ARM_CM4F/portmacro.h ****  *
  39:Middlewares/Third_Party/FreeRTOS/Source/portable/GCC/ARM_CM4F/portmacro.h ****  * The settings in this file configure FreeRTOS correctly for the
  40:Middlewares/Third_Party/FreeRTOS/Source/portable/GCC/ARM_CM4F/portmacro.h ****  * given hardware and compiler.
  41:Middlewares/Third_Party/FreeRTOS/Source/portable/GCC/ARM_CM4F/portmacro.h ****  *
  42:Middlewares/Third_Party/FreeRTOS/Source/portable/GCC/ARM_CM4F/portmacro.h ****  * These settings should not be altered.
  43:Middlewares/Third_Party/FreeRTOS/Source/portable/GCC/ARM_CM4F/portmacro.h ****  *-----------------------------------------------------------
  44:Middlewares/Third_Party/FreeRTOS/Source/portable/GCC/ARM_CM4F/portmacro.h ****  */
  45:Middlewares/Third_Party/FreeRTOS/Source/portable/GCC/ARM_CM4F/portmacro.h **** 
  46:Middlewares/Third_Party/FreeRTOS/Source/portable/GCC/ARM_CM4F/portmacro.h **** /* Type definitions. */
  47:Middlewares/Third_Party/FreeRTOS/Source/portable/GCC/ARM_CM4F/portmacro.h **** #define portCHAR		char
  48:Middlewares/Third_Party/FreeRTOS/Source/portable/GCC/ARM_CM4F/portmacro.h **** #define portFLOAT		float
  49:Middlewares/Third_Party/FreeRTOS/Source/portable/GCC/ARM_CM4F/portmacro.h **** #define portDOUBLE		double
  50:Middlewares/Third_Party/FreeRTOS/Source/portable/GCC/ARM_CM4F/portmacro.h **** #define portLONG		long
  51:Middlewares/Third_Party/FreeRTOS/Source/portable/GCC/ARM_CM4F/portmacro.h **** #define portSHORT		short
  52:Middlewares/Third_Party/FreeRTOS/Source/portable/GCC/ARM_CM4F/portmacro.h **** #define portSTACK_TYPE	uint32_t
  53:Middlewares/Third_Party/FreeRTOS/Source/portable/GCC/ARM_CM4F/portmacro.h **** #define portBASE_TYPE	long
  54:Middlewares/Third_Party/FreeRTOS/Source/portable/GCC/ARM_CM4F/portmacro.h **** 
  55:Middlewares/Third_Party/FreeRTOS/Source/portable/GCC/ARM_CM4F/portmacro.h **** typedef portSTACK_TYPE StackType_t;
  56:Middlewares/Third_Party/FreeRTOS/Source/portable/GCC/ARM_CM4F/portmacro.h **** typedef long BaseType_t;
  57:Middlewares/Third_Party/FreeRTOS/Source/portable/GCC/ARM_CM4F/portmacro.h **** typedef unsigned long UBaseType_t;
  58:Middlewares/Third_Party/FreeRTOS/Source/portable/GCC/ARM_CM4F/portmacro.h **** 
  59:Middlewares/Third_Party/FreeRTOS/Source/portable/GCC/ARM_CM4F/portmacro.h **** #if( configUSE_16_BIT_TICKS == 1 )
  60:Middlewares/Third_Party/FreeRTOS/Source/portable/GCC/ARM_CM4F/portmacro.h **** 	typedef uint16_t TickType_t;
  61:Middlewares/Third_Party/FreeRTOS/Source/portable/GCC/ARM_CM4F/portmacro.h **** 	#define portMAX_DELAY ( TickType_t ) 0xffff
  62:Middlewares/Third_Party/FreeRTOS/Source/portable/GCC/ARM_CM4F/portmacro.h **** #else
  63:Middlewares/Third_Party/FreeRTOS/Source/portable/GCC/ARM_CM4F/portmacro.h **** 	typedef uint32_t TickType_t;
  64:Middlewares/Third_Party/FreeRTOS/Source/portable/GCC/ARM_CM4F/portmacro.h **** 	#define portMAX_DELAY ( TickType_t ) 0xffffffffUL
  65:Middlewares/Third_Party/FreeRTOS/Source/portable/GCC/ARM_CM4F/portmacro.h **** 
  66:Middlewares/Third_Party/FreeRTOS/Source/portable/GCC/ARM_CM4F/portmacro.h **** 	/* 32-bit tick type on a 32-bit architecture, so reads of the tick count do
  67:Middlewares/Third_Party/FreeRTOS/Source/portable/GCC/ARM_CM4F/portmacro.h **** 	not need to be guarded with a critical section. */
  68:Middlewares/Third_Party/FreeRTOS/Source/portable/GCC/ARM_CM4F/portmacro.h **** 	#define portTICK_TYPE_IS_ATOMIC 1
  69:Middlewares/Third_Party/FreeRTOS/Source/portable/GCC/ARM_CM4F/portmacro.h **** #endif
  70:Middlewares/Third_Party/FreeRTOS/Source/portable/GCC/ARM_CM4F/portmacro.h **** /*-----------------------------------------------------------*/
  71:Middlewares/Third_Party/FreeRTOS/Source/portable/GCC/ARM_CM4F/portmacro.h **** 
  72:Middlewares/Third_Party/FreeRTOS/Source/portable/GCC/ARM_CM4F/portmacro.h **** /* Architecture specifics. */
  73:Middlewares/Third_Party/FreeRTOS/Source/portable/GCC/ARM_CM4F/portmacro.h **** #define portSTACK_GROWTH			( -1 )
  74:Middlewares/Third_Party/FreeRTOS/Source/portable/GCC/ARM_CM4F/portmacro.h **** #define portTICK_PERIOD_MS			( ( TickType_t ) 1000 / configTICK_RATE_HZ )
  75:Middlewares/Third_Party/FreeRTOS/Source/portable/GCC/ARM_CM4F/portmacro.h **** #define portBYTE_ALIGNMENT			8
  76:Middlewares/Third_Party/FreeRTOS/Source/portable/GCC/ARM_CM4F/portmacro.h **** /*-----------------------------------------------------------*/
  77:Middlewares/Third_Party/FreeRTOS/Source/portable/GCC/ARM_CM4F/portmacro.h **** 
  78:Middlewares/Third_Party/FreeRTOS/Source/portable/GCC/ARM_CM4F/portmacro.h **** /* Scheduler utilities. */
  79:Middlewares/Third_Party/FreeRTOS/Source/portable/GCC/ARM_CM4F/portmacro.h **** #define portYIELD() 															\
ARM GAS  C:\Users\kalpe\AppData\Local\Temp\ccf7caZ5.s 			page 17


  80:Middlewares/Third_Party/FreeRTOS/Source/portable/GCC/ARM_CM4F/portmacro.h **** {																				\
  81:Middlewares/Third_Party/FreeRTOS/Source/portable/GCC/ARM_CM4F/portmacro.h **** 	/* Set a PendSV to request a context switch. */								\
  82:Middlewares/Third_Party/FreeRTOS/Source/portable/GCC/ARM_CM4F/portmacro.h **** 	portNVIC_INT_CTRL_REG = portNVIC_PENDSVSET_BIT;								\
  83:Middlewares/Third_Party/FreeRTOS/Source/portable/GCC/ARM_CM4F/portmacro.h **** 																				\
  84:Middlewares/Third_Party/FreeRTOS/Source/portable/GCC/ARM_CM4F/portmacro.h **** 	/* Barriers are normally not required but do ensure the code is completely	\
  85:Middlewares/Third_Party/FreeRTOS/Source/portable/GCC/ARM_CM4F/portmacro.h **** 	within the specified behaviour for the architecture. */						\
  86:Middlewares/Third_Party/FreeRTOS/Source/portable/GCC/ARM_CM4F/portmacro.h **** 	__asm volatile( "dsb" ::: "memory" );										\
  87:Middlewares/Third_Party/FreeRTOS/Source/portable/GCC/ARM_CM4F/portmacro.h **** 	__asm volatile( "isb" );													\
  88:Middlewares/Third_Party/FreeRTOS/Source/portable/GCC/ARM_CM4F/portmacro.h **** }
  89:Middlewares/Third_Party/FreeRTOS/Source/portable/GCC/ARM_CM4F/portmacro.h **** 
  90:Middlewares/Third_Party/FreeRTOS/Source/portable/GCC/ARM_CM4F/portmacro.h **** #define portNVIC_INT_CTRL_REG		( * ( ( volatile uint32_t * ) 0xe000ed04 ) )
  91:Middlewares/Third_Party/FreeRTOS/Source/portable/GCC/ARM_CM4F/portmacro.h **** #define portNVIC_PENDSVSET_BIT		( 1UL << 28UL )
  92:Middlewares/Third_Party/FreeRTOS/Source/portable/GCC/ARM_CM4F/portmacro.h **** #define portEND_SWITCHING_ISR( xSwitchRequired ) if( xSwitchRequired != pdFALSE ) portYIELD()
  93:Middlewares/Third_Party/FreeRTOS/Source/portable/GCC/ARM_CM4F/portmacro.h **** #define portYIELD_FROM_ISR( x ) portEND_SWITCHING_ISR( x )
  94:Middlewares/Third_Party/FreeRTOS/Source/portable/GCC/ARM_CM4F/portmacro.h **** /*-----------------------------------------------------------*/
  95:Middlewares/Third_Party/FreeRTOS/Source/portable/GCC/ARM_CM4F/portmacro.h **** 
  96:Middlewares/Third_Party/FreeRTOS/Source/portable/GCC/ARM_CM4F/portmacro.h **** /* Critical section management. */
  97:Middlewares/Third_Party/FreeRTOS/Source/portable/GCC/ARM_CM4F/portmacro.h **** extern void vPortEnterCritical( void );
  98:Middlewares/Third_Party/FreeRTOS/Source/portable/GCC/ARM_CM4F/portmacro.h **** extern void vPortExitCritical( void );
  99:Middlewares/Third_Party/FreeRTOS/Source/portable/GCC/ARM_CM4F/portmacro.h **** #define portSET_INTERRUPT_MASK_FROM_ISR()		ulPortRaiseBASEPRI()
 100:Middlewares/Third_Party/FreeRTOS/Source/portable/GCC/ARM_CM4F/portmacro.h **** #define portCLEAR_INTERRUPT_MASK_FROM_ISR(x)	vPortSetBASEPRI(x)
 101:Middlewares/Third_Party/FreeRTOS/Source/portable/GCC/ARM_CM4F/portmacro.h **** #define portDISABLE_INTERRUPTS()				vPortRaiseBASEPRI()
 102:Middlewares/Third_Party/FreeRTOS/Source/portable/GCC/ARM_CM4F/portmacro.h **** #define portENABLE_INTERRUPTS()					vPortSetBASEPRI(0)
 103:Middlewares/Third_Party/FreeRTOS/Source/portable/GCC/ARM_CM4F/portmacro.h **** #define portENTER_CRITICAL()					vPortEnterCritical()
 104:Middlewares/Third_Party/FreeRTOS/Source/portable/GCC/ARM_CM4F/portmacro.h **** #define portEXIT_CRITICAL()						vPortExitCritical()
 105:Middlewares/Third_Party/FreeRTOS/Source/portable/GCC/ARM_CM4F/portmacro.h **** 
 106:Middlewares/Third_Party/FreeRTOS/Source/portable/GCC/ARM_CM4F/portmacro.h **** /*-----------------------------------------------------------*/
 107:Middlewares/Third_Party/FreeRTOS/Source/portable/GCC/ARM_CM4F/portmacro.h **** 
 108:Middlewares/Third_Party/FreeRTOS/Source/portable/GCC/ARM_CM4F/portmacro.h **** /* Task function macros as described on the FreeRTOS.org WEB site.  These are
 109:Middlewares/Third_Party/FreeRTOS/Source/portable/GCC/ARM_CM4F/portmacro.h **** not necessary for to use this port.  They are defined so the common demo files
 110:Middlewares/Third_Party/FreeRTOS/Source/portable/GCC/ARM_CM4F/portmacro.h **** (which build with all the ports) will build. */
 111:Middlewares/Third_Party/FreeRTOS/Source/portable/GCC/ARM_CM4F/portmacro.h **** #define portTASK_FUNCTION_PROTO( vFunction, pvParameters ) void vFunction( void *pvParameters )
 112:Middlewares/Third_Party/FreeRTOS/Source/portable/GCC/ARM_CM4F/portmacro.h **** #define portTASK_FUNCTION( vFunction, pvParameters ) void vFunction( void *pvParameters )
 113:Middlewares/Third_Party/FreeRTOS/Source/portable/GCC/ARM_CM4F/portmacro.h **** /*-----------------------------------------------------------*/
 114:Middlewares/Third_Party/FreeRTOS/Source/portable/GCC/ARM_CM4F/portmacro.h **** 
 115:Middlewares/Third_Party/FreeRTOS/Source/portable/GCC/ARM_CM4F/portmacro.h **** /* Tickless idle/low power functionality. */
 116:Middlewares/Third_Party/FreeRTOS/Source/portable/GCC/ARM_CM4F/portmacro.h **** #ifndef portSUPPRESS_TICKS_AND_SLEEP
 117:Middlewares/Third_Party/FreeRTOS/Source/portable/GCC/ARM_CM4F/portmacro.h **** 	extern void vPortSuppressTicksAndSleep( TickType_t xExpectedIdleTime );
 118:Middlewares/Third_Party/FreeRTOS/Source/portable/GCC/ARM_CM4F/portmacro.h **** 	#define portSUPPRESS_TICKS_AND_SLEEP( xExpectedIdleTime ) vPortSuppressTicksAndSleep( xExpectedIdl
 119:Middlewares/Third_Party/FreeRTOS/Source/portable/GCC/ARM_CM4F/portmacro.h **** #endif
 120:Middlewares/Third_Party/FreeRTOS/Source/portable/GCC/ARM_CM4F/portmacro.h **** /*-----------------------------------------------------------*/
 121:Middlewares/Third_Party/FreeRTOS/Source/portable/GCC/ARM_CM4F/portmacro.h **** 
 122:Middlewares/Third_Party/FreeRTOS/Source/portable/GCC/ARM_CM4F/portmacro.h **** /* Architecture specific optimisations. */
 123:Middlewares/Third_Party/FreeRTOS/Source/portable/GCC/ARM_CM4F/portmacro.h **** #ifndef configUSE_PORT_OPTIMISED_TASK_SELECTION
 124:Middlewares/Third_Party/FreeRTOS/Source/portable/GCC/ARM_CM4F/portmacro.h **** 	#define configUSE_PORT_OPTIMISED_TASK_SELECTION 1
 125:Middlewares/Third_Party/FreeRTOS/Source/portable/GCC/ARM_CM4F/portmacro.h **** #endif
 126:Middlewares/Third_Party/FreeRTOS/Source/portable/GCC/ARM_CM4F/portmacro.h **** 
 127:Middlewares/Third_Party/FreeRTOS/Source/portable/GCC/ARM_CM4F/portmacro.h **** #if configUSE_PORT_OPTIMISED_TASK_SELECTION == 1
 128:Middlewares/Third_Party/FreeRTOS/Source/portable/GCC/ARM_CM4F/portmacro.h **** 
 129:Middlewares/Third_Party/FreeRTOS/Source/portable/GCC/ARM_CM4F/portmacro.h **** 	/* Generic helper function. */
 130:Middlewares/Third_Party/FreeRTOS/Source/portable/GCC/ARM_CM4F/portmacro.h **** 	__attribute__( ( always_inline ) ) static inline uint8_t ucPortCountLeadingZeros( uint32_t ulBitma
 131:Middlewares/Third_Party/FreeRTOS/Source/portable/GCC/ARM_CM4F/portmacro.h **** 	{
 132:Middlewares/Third_Party/FreeRTOS/Source/portable/GCC/ARM_CM4F/portmacro.h **** 	uint8_t ucReturn;
 133:Middlewares/Third_Party/FreeRTOS/Source/portable/GCC/ARM_CM4F/portmacro.h **** 
 134:Middlewares/Third_Party/FreeRTOS/Source/portable/GCC/ARM_CM4F/portmacro.h **** 		__asm volatile ( "clz %0, %1" : "=r" ( ucReturn ) : "r" ( ulBitmap ) : "memory" );
 135:Middlewares/Third_Party/FreeRTOS/Source/portable/GCC/ARM_CM4F/portmacro.h **** 		return ucReturn;
 136:Middlewares/Third_Party/FreeRTOS/Source/portable/GCC/ARM_CM4F/portmacro.h **** 	}
ARM GAS  C:\Users\kalpe\AppData\Local\Temp\ccf7caZ5.s 			page 18


 137:Middlewares/Third_Party/FreeRTOS/Source/portable/GCC/ARM_CM4F/portmacro.h **** 
 138:Middlewares/Third_Party/FreeRTOS/Source/portable/GCC/ARM_CM4F/portmacro.h **** 	/* Check the configuration. */
 139:Middlewares/Third_Party/FreeRTOS/Source/portable/GCC/ARM_CM4F/portmacro.h **** 	#if( configMAX_PRIORITIES > 32 )
 140:Middlewares/Third_Party/FreeRTOS/Source/portable/GCC/ARM_CM4F/portmacro.h **** 		#error configUSE_PORT_OPTIMISED_TASK_SELECTION can only be set to 1 when configMAX_PRIORITIES is 
 141:Middlewares/Third_Party/FreeRTOS/Source/portable/GCC/ARM_CM4F/portmacro.h **** 	#endif
 142:Middlewares/Third_Party/FreeRTOS/Source/portable/GCC/ARM_CM4F/portmacro.h **** 
 143:Middlewares/Third_Party/FreeRTOS/Source/portable/GCC/ARM_CM4F/portmacro.h **** 	/* Store/clear the ready priorities in a bit map. */
 144:Middlewares/Third_Party/FreeRTOS/Source/portable/GCC/ARM_CM4F/portmacro.h **** 	#define portRECORD_READY_PRIORITY( uxPriority, uxReadyPriorities ) ( uxReadyPriorities ) |= ( 1UL 
 145:Middlewares/Third_Party/FreeRTOS/Source/portable/GCC/ARM_CM4F/portmacro.h **** 	#define portRESET_READY_PRIORITY( uxPriority, uxReadyPriorities ) ( uxReadyPriorities ) &= ~( 1UL 
 146:Middlewares/Third_Party/FreeRTOS/Source/portable/GCC/ARM_CM4F/portmacro.h **** 
 147:Middlewares/Third_Party/FreeRTOS/Source/portable/GCC/ARM_CM4F/portmacro.h **** 	/*-----------------------------------------------------------*/
 148:Middlewares/Third_Party/FreeRTOS/Source/portable/GCC/ARM_CM4F/portmacro.h **** 
 149:Middlewares/Third_Party/FreeRTOS/Source/portable/GCC/ARM_CM4F/portmacro.h **** 	#define portGET_HIGHEST_PRIORITY( uxTopPriority, uxReadyPriorities ) uxTopPriority = ( 31UL - ( ui
 150:Middlewares/Third_Party/FreeRTOS/Source/portable/GCC/ARM_CM4F/portmacro.h **** 
 151:Middlewares/Third_Party/FreeRTOS/Source/portable/GCC/ARM_CM4F/portmacro.h **** #endif /* configUSE_PORT_OPTIMISED_TASK_SELECTION */
 152:Middlewares/Third_Party/FreeRTOS/Source/portable/GCC/ARM_CM4F/portmacro.h **** 
 153:Middlewares/Third_Party/FreeRTOS/Source/portable/GCC/ARM_CM4F/portmacro.h **** /*-----------------------------------------------------------*/
 154:Middlewares/Third_Party/FreeRTOS/Source/portable/GCC/ARM_CM4F/portmacro.h **** 
 155:Middlewares/Third_Party/FreeRTOS/Source/portable/GCC/ARM_CM4F/portmacro.h **** #ifdef configASSERT
 156:Middlewares/Third_Party/FreeRTOS/Source/portable/GCC/ARM_CM4F/portmacro.h **** 	void vPortValidateInterruptPriority( void );
 157:Middlewares/Third_Party/FreeRTOS/Source/portable/GCC/ARM_CM4F/portmacro.h **** 	#define portASSERT_IF_INTERRUPT_PRIORITY_INVALID() 	vPortValidateInterruptPriority()
 158:Middlewares/Third_Party/FreeRTOS/Source/portable/GCC/ARM_CM4F/portmacro.h **** #endif
 159:Middlewares/Third_Party/FreeRTOS/Source/portable/GCC/ARM_CM4F/portmacro.h **** 
 160:Middlewares/Third_Party/FreeRTOS/Source/portable/GCC/ARM_CM4F/portmacro.h **** /* portNOP() is not required by this port. */
 161:Middlewares/Third_Party/FreeRTOS/Source/portable/GCC/ARM_CM4F/portmacro.h **** #define portNOP()
 162:Middlewares/Third_Party/FreeRTOS/Source/portable/GCC/ARM_CM4F/portmacro.h **** 
 163:Middlewares/Third_Party/FreeRTOS/Source/portable/GCC/ARM_CM4F/portmacro.h **** #define portINLINE	__inline
 164:Middlewares/Third_Party/FreeRTOS/Source/portable/GCC/ARM_CM4F/portmacro.h **** 
 165:Middlewares/Third_Party/FreeRTOS/Source/portable/GCC/ARM_CM4F/portmacro.h **** #ifndef portFORCE_INLINE
 166:Middlewares/Third_Party/FreeRTOS/Source/portable/GCC/ARM_CM4F/portmacro.h **** 	#define portFORCE_INLINE inline __attribute__(( always_inline))
 167:Middlewares/Third_Party/FreeRTOS/Source/portable/GCC/ARM_CM4F/portmacro.h **** #endif
 168:Middlewares/Third_Party/FreeRTOS/Source/portable/GCC/ARM_CM4F/portmacro.h **** 
 169:Middlewares/Third_Party/FreeRTOS/Source/portable/GCC/ARM_CM4F/portmacro.h **** portFORCE_INLINE static BaseType_t xPortIsInsideInterrupt( void )
 170:Middlewares/Third_Party/FreeRTOS/Source/portable/GCC/ARM_CM4F/portmacro.h **** {
 171:Middlewares/Third_Party/FreeRTOS/Source/portable/GCC/ARM_CM4F/portmacro.h **** uint32_t ulCurrentInterrupt;
 172:Middlewares/Third_Party/FreeRTOS/Source/portable/GCC/ARM_CM4F/portmacro.h **** BaseType_t xReturn;
 173:Middlewares/Third_Party/FreeRTOS/Source/portable/GCC/ARM_CM4F/portmacro.h **** 
 174:Middlewares/Third_Party/FreeRTOS/Source/portable/GCC/ARM_CM4F/portmacro.h **** 	/* Obtain the number of the currently executing interrupt. */
 175:Middlewares/Third_Party/FreeRTOS/Source/portable/GCC/ARM_CM4F/portmacro.h **** 	__asm volatile( "mrs %0, ipsr" : "=r"( ulCurrentInterrupt ) :: "memory" );
 176:Middlewares/Third_Party/FreeRTOS/Source/portable/GCC/ARM_CM4F/portmacro.h **** 
 177:Middlewares/Third_Party/FreeRTOS/Source/portable/GCC/ARM_CM4F/portmacro.h **** 	if( ulCurrentInterrupt == 0 )
 178:Middlewares/Third_Party/FreeRTOS/Source/portable/GCC/ARM_CM4F/portmacro.h **** 	{
 179:Middlewares/Third_Party/FreeRTOS/Source/portable/GCC/ARM_CM4F/portmacro.h **** 		xReturn = pdFALSE;
 180:Middlewares/Third_Party/FreeRTOS/Source/portable/GCC/ARM_CM4F/portmacro.h **** 	}
 181:Middlewares/Third_Party/FreeRTOS/Source/portable/GCC/ARM_CM4F/portmacro.h **** 	else
 182:Middlewares/Third_Party/FreeRTOS/Source/portable/GCC/ARM_CM4F/portmacro.h **** 	{
 183:Middlewares/Third_Party/FreeRTOS/Source/portable/GCC/ARM_CM4F/portmacro.h **** 		xReturn = pdTRUE;
 184:Middlewares/Third_Party/FreeRTOS/Source/portable/GCC/ARM_CM4F/portmacro.h **** 	}
 185:Middlewares/Third_Party/FreeRTOS/Source/portable/GCC/ARM_CM4F/portmacro.h **** 
 186:Middlewares/Third_Party/FreeRTOS/Source/portable/GCC/ARM_CM4F/portmacro.h **** 	return xReturn;
 187:Middlewares/Third_Party/FreeRTOS/Source/portable/GCC/ARM_CM4F/portmacro.h **** }
 188:Middlewares/Third_Party/FreeRTOS/Source/portable/GCC/ARM_CM4F/portmacro.h **** 
 189:Middlewares/Third_Party/FreeRTOS/Source/portable/GCC/ARM_CM4F/portmacro.h **** /*-----------------------------------------------------------*/
 190:Middlewares/Third_Party/FreeRTOS/Source/portable/GCC/ARM_CM4F/portmacro.h **** 
 191:Middlewares/Third_Party/FreeRTOS/Source/portable/GCC/ARM_CM4F/portmacro.h **** portFORCE_INLINE static void vPortRaiseBASEPRI( void )
 119              		.loc 2 191 30 view .LVU28
 120              	.LBB38:
ARM GAS  C:\Users\kalpe\AppData\Local\Temp\ccf7caZ5.s 			page 19


 192:Middlewares/Third_Party/FreeRTOS/Source/portable/GCC/ARM_CM4F/portmacro.h **** {
 193:Middlewares/Third_Party/FreeRTOS/Source/portable/GCC/ARM_CM4F/portmacro.h **** uint32_t ulNewBASEPRI;
 121              		.loc 2 193 1 view .LVU29
 194:Middlewares/Third_Party/FreeRTOS/Source/portable/GCC/ARM_CM4F/portmacro.h **** 
 195:Middlewares/Third_Party/FreeRTOS/Source/portable/GCC/ARM_CM4F/portmacro.h **** 	__asm volatile
 122              		.loc 2 195 2 view .LVU30
 123              		.syntax unified
 124              	@ 195 "Middlewares/Third_Party/FreeRTOS/Source/portable/GCC/ARM_CM4F/portmacro.h" 1
 125 0010 4FF05003 			mov r3, #80												
 126 0014 83F31188 		msr basepri, r3											
 127 0018 BFF36F8F 		isb														
 128 001c BFF34F8F 		dsb														
 129              	
 130              	@ 0 "" 2
 131              		.thumb
 132              		.syntax unified
 133              	.L10:
 134              	.LBE38:
 135              	.LBE37:
 106:Middlewares/Third_Party/FreeRTOS/Source/event_groups.c **** 		} /*lint !e529 xSize is referenced if configASSERT() is defined. */
 136              		.loc 1 106 4 view .LVU31
 137 0020 FEE7     		b	.L10
 138              	.L13:
 139              	.LCFI2:
 140              		.cfi_def_cfa_offset 0
 141              		.cfi_restore 4
 142              		.cfi_restore 14
 143              	.LBE36:
  98:Middlewares/Third_Party/FreeRTOS/Source/event_groups.c **** 
 144              		.loc 1 98 3 discriminator 1 view .LVU32
 145              	.LBB39:
 146              	.LBI39:
 191:Middlewares/Third_Party/FreeRTOS/Source/portable/GCC/ARM_CM4F/portmacro.h **** {
 147              		.loc 2 191 30 view .LVU33
 148              	.LBB40:
 193:Middlewares/Third_Party/FreeRTOS/Source/portable/GCC/ARM_CM4F/portmacro.h **** 
 149              		.loc 2 193 1 view .LVU34
 150              		.loc 2 195 2 view .LVU35
 151              		.syntax unified
 152              	@ 195 "Middlewares/Third_Party/FreeRTOS/Source/portable/GCC/ARM_CM4F/portmacro.h" 1
 153 0022 4FF05003 			mov r3, #80												
 154 0026 83F31188 		msr basepri, r3											
 155 002a BFF36F8F 		isb														
 156 002e BFF34F8F 		dsb														
 157              	
 158              	@ 0 "" 2
 159              		.thumb
 160              		.syntax unified
 161              	.L8:
 162              	.LBE40:
 163              	.LBE39:
  98:Middlewares/Third_Party/FreeRTOS/Source/event_groups.c **** 
 164              		.loc 1 98 3 view .LVU36
 165 0032 FEE7     		b	.L8
 166              	.L9:
 167              	.LCFI3:
 168              		.cfi_def_cfa_offset 16
ARM GAS  C:\Users\kalpe\AppData\Local\Temp\ccf7caZ5.s 			page 20


 169              		.cfi_offset 4, -8
 170              		.cfi_offset 14, -4
 171              	.LBB41:
 106:Middlewares/Third_Party/FreeRTOS/Source/event_groups.c **** 		} /*lint !e529 xSize is referenced if configASSERT() is defined. */
 172              		.loc 1 106 51 view .LVU37
 173              	.LBE41:
 111:Middlewares/Third_Party/FreeRTOS/Source/event_groups.c **** 
 174              		.loc 1 111 3 view .LVU38
 175              	.LVL10:
 113:Middlewares/Third_Party/FreeRTOS/Source/event_groups.c **** 		{
 176              		.loc 1 113 3 view .LVU39
 115:Middlewares/Third_Party/FreeRTOS/Source/event_groups.c **** 			vListInitialise( &( pxEventBits->xTasksWaitingForBits ) );
 177              		.loc 1 115 4 view .LVU40
 115:Middlewares/Third_Party/FreeRTOS/Source/event_groups.c **** 			vListInitialise( &( pxEventBits->xTasksWaitingForBits ) );
 178              		.loc 1 115 29 is_stmt 0 view .LVU41
 179 0034 0446     		mov	r4, r0
 180 0036 0023     		movs	r3, #0
 181 0038 40F8043B 		str	r3, [r0], #4
 182              	.LVL11:
 116:Middlewares/Third_Party/FreeRTOS/Source/event_groups.c **** 
 183              		.loc 1 116 4 is_stmt 1 view .LVU42
 184 003c FFF7FEFF 		bl	vListInitialise
 185              	.LVL12:
 123:Middlewares/Third_Party/FreeRTOS/Source/event_groups.c **** 			}
 186              		.loc 1 123 5 view .LVU43
 123:Middlewares/Third_Party/FreeRTOS/Source/event_groups.c **** 			}
 187              		.loc 1 123 40 is_stmt 0 view .LVU44
 188 0040 0123     		movs	r3, #1
 189 0042 2377     		strb	r3, [r4, #28]
 127:Middlewares/Third_Party/FreeRTOS/Source/event_groups.c **** 		}
 190              		.loc 1 127 42 is_stmt 1 view .LVU45
 134:Middlewares/Third_Party/FreeRTOS/Source/event_groups.c **** 		}
 191              		.loc 1 134 36 view .LVU46
 137:Middlewares/Third_Party/FreeRTOS/Source/event_groups.c **** 	}
 192              		.loc 1 137 3 view .LVU47
 138:Middlewares/Third_Party/FreeRTOS/Source/event_groups.c **** 
 193              		.loc 1 138 2 is_stmt 0 view .LVU48
 194 0044 2046     		mov	r0, r4
 195 0046 02B0     		add	sp, sp, #8
 196              	.LCFI4:
 197              		.cfi_def_cfa_offset 8
 198              		@ sp needed
 199 0048 10BD     		pop	{r4, pc}
 138:Middlewares/Third_Party/FreeRTOS/Source/event_groups.c **** 
 200              		.loc 1 138 2 view .LVU49
 201              		.cfi_endproc
 202              	.LFE4:
 204              		.section	.text.xEventGroupCreate,"ax",%progbits
 205              		.align	1
 206              		.global	xEventGroupCreate
 207              		.syntax unified
 208              		.thumb
 209              		.thumb_func
 211              	xEventGroupCreate:
 212              	.LFB5:
 146:Middlewares/Third_Party/FreeRTOS/Source/event_groups.c **** 	EventGroup_t *pxEventBits;
 213              		.loc 1 146 2 is_stmt 1 view -0
ARM GAS  C:\Users\kalpe\AppData\Local\Temp\ccf7caZ5.s 			page 21


 214              		.cfi_startproc
 215              		@ args = 0, pretend = 0, frame = 0
 216              		@ frame_needed = 0, uses_anonymous_args = 0
 217 0000 10B5     		push	{r4, lr}
 218              	.LCFI5:
 219              		.cfi_def_cfa_offset 8
 220              		.cfi_offset 4, -8
 221              		.cfi_offset 14, -4
 147:Middlewares/Third_Party/FreeRTOS/Source/event_groups.c **** 
 222              		.loc 1 147 2 view .LVU51
 162:Middlewares/Third_Party/FreeRTOS/Source/event_groups.c **** 
 223              		.loc 1 162 3 view .LVU52
 162:Middlewares/Third_Party/FreeRTOS/Source/event_groups.c **** 
 224              		.loc 1 162 36 is_stmt 0 view .LVU53
 225 0002 2020     		movs	r0, #32
 226 0004 FFF7FEFF 		bl	pvPortMalloc
 227              	.LVL13:
 164:Middlewares/Third_Party/FreeRTOS/Source/event_groups.c **** 		{
 228              		.loc 1 164 3 is_stmt 1 view .LVU54
 164:Middlewares/Third_Party/FreeRTOS/Source/event_groups.c **** 		{
 229              		.loc 1 164 5 is_stmt 0 view .LVU55
 230 0008 0446     		mov	r4, r0
 231 000a 38B1     		cbz	r0, .L14
 166:Middlewares/Third_Party/FreeRTOS/Source/event_groups.c **** 			vListInitialise( &( pxEventBits->xTasksWaitingForBits ) );
 232              		.loc 1 166 4 is_stmt 1 view .LVU56
 166:Middlewares/Third_Party/FreeRTOS/Source/event_groups.c **** 			vListInitialise( &( pxEventBits->xTasksWaitingForBits ) );
 233              		.loc 1 166 29 is_stmt 0 view .LVU57
 234 000c 0023     		movs	r3, #0
 235 000e 40F8043B 		str	r3, [r0], #4
 236              	.LVL14:
 167:Middlewares/Third_Party/FreeRTOS/Source/event_groups.c **** 
 237              		.loc 1 167 4 is_stmt 1 view .LVU58
 238 0012 FFF7FEFF 		bl	vListInitialise
 239              	.LVL15:
 174:Middlewares/Third_Party/FreeRTOS/Source/event_groups.c **** 			}
 240              		.loc 1 174 5 view .LVU59
 174:Middlewares/Third_Party/FreeRTOS/Source/event_groups.c **** 			}
 241              		.loc 1 174 40 is_stmt 0 view .LVU60
 242 0016 4FF00002 		mov	r2, #0
 243 001a 2277     		strb	r2, [r4, #28]
 178:Middlewares/Third_Party/FreeRTOS/Source/event_groups.c **** 		}
 244              		.loc 1 178 42 is_stmt 1 view .LVU61
 182:Middlewares/Third_Party/FreeRTOS/Source/event_groups.c **** 		}
 245              		.loc 1 182 36 view .LVU62
 185:Middlewares/Third_Party/FreeRTOS/Source/event_groups.c **** 	}
 246              		.loc 1 185 3 view .LVU63
 247              	.L14:
 186:Middlewares/Third_Party/FreeRTOS/Source/event_groups.c **** 
 248              		.loc 1 186 2 is_stmt 0 view .LVU64
 249 001c 2046     		mov	r0, r4
 250 001e 10BD     		pop	{r4, pc}
 186:Middlewares/Third_Party/FreeRTOS/Source/event_groups.c **** 
 251              		.loc 1 186 2 view .LVU65
 252              		.cfi_endproc
 253              	.LFE5:
 255              		.section	.text.xEventGroupWaitBits,"ax",%progbits
 256              		.align	1
ARM GAS  C:\Users\kalpe\AppData\Local\Temp\ccf7caZ5.s 			page 22


 257              		.global	xEventGroupWaitBits
 258              		.syntax unified
 259              		.thumb
 260              		.thumb_func
 262              	xEventGroupWaitBits:
 263              	.LVL16:
 264              	.LFB7:
 312:Middlewares/Third_Party/FreeRTOS/Source/event_groups.c **** EventGroup_t *pxEventBits = xEventGroup;
 265              		.loc 1 312 1 is_stmt 1 view -0
 266              		.cfi_startproc
 267              		@ args = 4, pretend = 0, frame = 0
 268              		@ frame_needed = 0, uses_anonymous_args = 0
 313:Middlewares/Third_Party/FreeRTOS/Source/event_groups.c **** EventBits_t uxReturn, uxControlBits = 0;
 269              		.loc 1 313 1 view .LVU67
 314:Middlewares/Third_Party/FreeRTOS/Source/event_groups.c **** BaseType_t xWaitConditionMet, xAlreadyYielded;
 270              		.loc 1 314 1 view .LVU68
 315:Middlewares/Third_Party/FreeRTOS/Source/event_groups.c **** BaseType_t xTimeoutOccurred = pdFALSE;
 271              		.loc 1 315 1 view .LVU69
 316:Middlewares/Third_Party/FreeRTOS/Source/event_groups.c **** 
 272              		.loc 1 316 1 view .LVU70
 320:Middlewares/Third_Party/FreeRTOS/Source/event_groups.c **** 	configASSERT( ( uxBitsToWaitFor & eventEVENT_BITS_CONTROL_BYTES ) == 0 );
 273              		.loc 1 320 2 view .LVU71
 274 0000 88B1     		cbz	r0, .L38
 312:Middlewares/Third_Party/FreeRTOS/Source/event_groups.c **** EventGroup_t *pxEventBits = xEventGroup;
 275              		.loc 1 312 1 is_stmt 0 view .LVU72
 276 0002 2DE9F041 		push	{r4, r5, r6, r7, r8, lr}
 277              	.LCFI6:
 278              		.cfi_def_cfa_offset 24
 279              		.cfi_offset 4, -24
 280              		.cfi_offset 5, -20
 281              		.cfi_offset 6, -16
 282              		.cfi_offset 7, -12
 283              		.cfi_offset 8, -8
 284              		.cfi_offset 14, -4
 285 0006 0C46     		mov	r4, r1
 286 0008 9046     		mov	r8, r2
 287 000a 1F46     		mov	r7, r3
 288 000c 0546     		mov	r5, r0
 320:Middlewares/Third_Party/FreeRTOS/Source/event_groups.c **** 	configASSERT( ( uxBitsToWaitFor & eventEVENT_BITS_CONTROL_BYTES ) == 0 );
 289              		.loc 1 320 29 is_stmt 1 view .LVU73
 321:Middlewares/Third_Party/FreeRTOS/Source/event_groups.c **** 	configASSERT( uxBitsToWaitFor != 0 );
 290              		.loc 1 321 2 view .LVU74
 291 000e B1F1807F 		cmp	r1, #16777216
 292 0012 11D3     		bcc	.L20
 321:Middlewares/Third_Party/FreeRTOS/Source/event_groups.c **** 	configASSERT( uxBitsToWaitFor != 0 );
 293              		.loc 1 321 2 discriminator 1 view .LVU75
 294              	.LBB42:
 295              	.LBI42:
 191:Middlewares/Third_Party/FreeRTOS/Source/portable/GCC/ARM_CM4F/portmacro.h **** {
 296              		.loc 2 191 30 view .LVU76
 297              	.LBB43:
 193:Middlewares/Third_Party/FreeRTOS/Source/portable/GCC/ARM_CM4F/portmacro.h **** 
 298              		.loc 2 193 1 view .LVU77
 299              		.loc 2 195 2 view .LVU78
 300              		.syntax unified
 301              	@ 195 "Middlewares/Third_Party/FreeRTOS/Source/portable/GCC/ARM_CM4F/portmacro.h" 1
 302 0014 4FF05003 			mov r3, #80												
ARM GAS  C:\Users\kalpe\AppData\Local\Temp\ccf7caZ5.s 			page 23


 303 0018 83F31188 		msr basepri, r3											
 304 001c BFF36F8F 		isb														
 305 0020 BFF34F8F 		dsb														
 306              	
 307              	@ 0 "" 2
 308              	.LVL17:
 309              		.thumb
 310              		.syntax unified
 311              	.L21:
 312              		.loc 2 195 2 is_stmt 0 view .LVU79
 313              	.LBE43:
 314              	.LBE42:
 321:Middlewares/Third_Party/FreeRTOS/Source/event_groups.c **** 	configASSERT( uxBitsToWaitFor != 0 );
 315              		.loc 1 321 2 is_stmt 1 view .LVU80
 316 0024 FEE7     		b	.L21
 317              	.LVL18:
 318              	.L38:
 319              	.LCFI7:
 320              		.cfi_def_cfa_offset 0
 321              		.cfi_restore 4
 322              		.cfi_restore 5
 323              		.cfi_restore 6
 324              		.cfi_restore 7
 325              		.cfi_restore 8
 326              		.cfi_restore 14
 320:Middlewares/Third_Party/FreeRTOS/Source/event_groups.c **** 	configASSERT( ( uxBitsToWaitFor & eventEVENT_BITS_CONTROL_BYTES ) == 0 );
 327              		.loc 1 320 2 discriminator 1 view .LVU81
 328              	.LBB44:
 329              	.LBI44:
 191:Middlewares/Third_Party/FreeRTOS/Source/portable/GCC/ARM_CM4F/portmacro.h **** {
 330              		.loc 2 191 30 view .LVU82
 331              	.LBB45:
 193:Middlewares/Third_Party/FreeRTOS/Source/portable/GCC/ARM_CM4F/portmacro.h **** 
 332              		.loc 2 193 1 view .LVU83
 333              		.loc 2 195 2 view .LVU84
 334              		.syntax unified
 335              	@ 195 "Middlewares/Third_Party/FreeRTOS/Source/portable/GCC/ARM_CM4F/portmacro.h" 1
 336 0026 4FF05003 			mov r3, #80												
 337 002a 83F31188 		msr basepri, r3											
 338 002e BFF36F8F 		isb														
 339 0032 BFF34F8F 		dsb														
 340              	
 341              	@ 0 "" 2
 342              	.LVL19:
 343              		.thumb
 344              		.syntax unified
 345              	.L19:
 346              		.loc 2 195 2 is_stmt 0 view .LVU85
 347              	.LBE45:
 348              	.LBE44:
 320:Middlewares/Third_Party/FreeRTOS/Source/event_groups.c **** 	configASSERT( ( uxBitsToWaitFor & eventEVENT_BITS_CONTROL_BYTES ) == 0 );
 349              		.loc 1 320 2 is_stmt 1 view .LVU86
 350 0036 FEE7     		b	.L19
 351              	.LVL20:
 352              	.L20:
 353              	.LCFI8:
 354              		.cfi_def_cfa_offset 24
ARM GAS  C:\Users\kalpe\AppData\Local\Temp\ccf7caZ5.s 			page 24


 355              		.cfi_offset 4, -24
 356              		.cfi_offset 5, -20
 357              		.cfi_offset 6, -16
 358              		.cfi_offset 7, -12
 359              		.cfi_offset 8, -8
 360              		.cfi_offset 14, -4
 321:Middlewares/Third_Party/FreeRTOS/Source/event_groups.c **** 	configASSERT( uxBitsToWaitFor != 0 );
 361              		.loc 1 321 74 view .LVU87
 322:Middlewares/Third_Party/FreeRTOS/Source/event_groups.c **** 	#if ( ( INCLUDE_xTaskGetSchedulerState == 1 ) || ( configUSE_TIMERS == 1 ) )
 362              		.loc 1 322 2 view .LVU88
 363 0038 41B9     		cbnz	r1, .L22
 322:Middlewares/Third_Party/FreeRTOS/Source/event_groups.c **** 	#if ( ( INCLUDE_xTaskGetSchedulerState == 1 ) || ( configUSE_TIMERS == 1 ) )
 364              		.loc 1 322 2 discriminator 1 view .LVU89
 365              	.LBB46:
 366              	.LBI46:
 191:Middlewares/Third_Party/FreeRTOS/Source/portable/GCC/ARM_CM4F/portmacro.h **** {
 367              		.loc 2 191 30 view .LVU90
 368              	.LBB47:
 193:Middlewares/Third_Party/FreeRTOS/Source/portable/GCC/ARM_CM4F/portmacro.h **** 
 369              		.loc 2 193 1 view .LVU91
 370              		.loc 2 195 2 view .LVU92
 371              		.syntax unified
 372              	@ 195 "Middlewares/Third_Party/FreeRTOS/Source/portable/GCC/ARM_CM4F/portmacro.h" 1
 373 003a 4FF05003 			mov r3, #80												
 374 003e 83F31188 		msr basepri, r3											
 375 0042 BFF36F8F 		isb														
 376 0046 BFF34F8F 		dsb														
 377              	
 378              	@ 0 "" 2
 379              	.LVL21:
 380              		.thumb
 381              		.syntax unified
 382              	.L23:
 383              		.loc 2 195 2 is_stmt 0 view .LVU93
 384              	.LBE47:
 385              	.LBE46:
 322:Middlewares/Third_Party/FreeRTOS/Source/event_groups.c **** 	#if ( ( INCLUDE_xTaskGetSchedulerState == 1 ) || ( configUSE_TIMERS == 1 ) )
 386              		.loc 1 322 2 is_stmt 1 view .LVU94
 387 004a FEE7     		b	.L23
 388              	.LVL22:
 389              	.L22:
 322:Middlewares/Third_Party/FreeRTOS/Source/event_groups.c **** 	#if ( ( INCLUDE_xTaskGetSchedulerState == 1 ) || ( configUSE_TIMERS == 1 ) )
 390              		.loc 1 322 38 view .LVU95
 325:Middlewares/Third_Party/FreeRTOS/Source/event_groups.c **** 	}
 391              		.loc 1 325 3 view .LVU96
 392 004c FFF7FEFF 		bl	xTaskGetSchedulerState
 393              	.LVL23:
 325:Middlewares/Third_Party/FreeRTOS/Source/event_groups.c **** 	}
 394              		.loc 1 325 3 is_stmt 0 discriminator 1 view .LVU97
 395 0050 50B9     		cbnz	r0, .L24
 325:Middlewares/Third_Party/FreeRTOS/Source/event_groups.c **** 	}
 396              		.loc 1 325 3 discriminator 3 view .LVU98
 397 0052 069B     		ldr	r3, [sp, #24]
 398 0054 43B1     		cbz	r3, .L24
 325:Middlewares/Third_Party/FreeRTOS/Source/event_groups.c **** 	}
 399              		.loc 1 325 3 is_stmt 1 discriminator 8 view .LVU99
 400              	.LBB48:
ARM GAS  C:\Users\kalpe\AppData\Local\Temp\ccf7caZ5.s 			page 25


 401              	.LBI48:
 191:Middlewares/Third_Party/FreeRTOS/Source/portable/GCC/ARM_CM4F/portmacro.h **** {
 402              		.loc 2 191 30 view .LVU100
 403              	.LBB49:
 193:Middlewares/Third_Party/FreeRTOS/Source/portable/GCC/ARM_CM4F/portmacro.h **** 
 404              		.loc 2 193 1 view .LVU101
 405              		.loc 2 195 2 view .LVU102
 406              		.syntax unified
 407              	@ 195 "Middlewares/Third_Party/FreeRTOS/Source/portable/GCC/ARM_CM4F/portmacro.h" 1
 408 0056 4FF05003 			mov r3, #80												
 409 005a 83F31188 		msr basepri, r3											
 410 005e BFF36F8F 		isb														
 411 0062 BFF34F8F 		dsb														
 412              	
 413              	@ 0 "" 2
 414              		.thumb
 415              		.syntax unified
 416              	.L25:
 417              	.LBE49:
 418              	.LBE48:
 325:Middlewares/Third_Party/FreeRTOS/Source/event_groups.c **** 	}
 419              		.loc 1 325 3 view .LVU103
 420 0066 FEE7     		b	.L25
 421              	.L24:
 325:Middlewares/Third_Party/FreeRTOS/Source/event_groups.c **** 	}
 422              		.loc 1 325 104 view .LVU104
 329:Middlewares/Third_Party/FreeRTOS/Source/event_groups.c **** 	{
 423              		.loc 1 329 2 view .LVU105
 424 0068 FFF7FEFF 		bl	vTaskSuspendAll
 425              	.LVL24:
 426              	.LBB50:
 331:Middlewares/Third_Party/FreeRTOS/Source/event_groups.c **** 
 427              		.loc 1 331 3 view .LVU106
 331:Middlewares/Third_Party/FreeRTOS/Source/event_groups.c **** 
 428              		.loc 1 331 21 is_stmt 0 view .LVU107
 429 006c 2B68     		ldr	r3, [r5]
 430 006e 1E46     		mov	r6, r3
 431              	.LVL25:
 334:Middlewares/Third_Party/FreeRTOS/Source/event_groups.c **** 
 432              		.loc 1 334 3 is_stmt 1 view .LVU108
 334:Middlewares/Third_Party/FreeRTOS/Source/event_groups.c **** 
 433              		.loc 1 334 23 is_stmt 0 view .LVU109
 434 0070 3A46     		mov	r2, r7
 435 0072 2146     		mov	r1, r4
 436 0074 1846     		mov	r0, r3
 437 0076 FFF7FEFF 		bl	prvTestWaitCondition
 438              	.LVL26:
 336:Middlewares/Third_Party/FreeRTOS/Source/event_groups.c **** 		{
 439              		.loc 1 336 3 is_stmt 1 view .LVU110
 336:Middlewares/Third_Party/FreeRTOS/Source/event_groups.c **** 		{
 440              		.loc 1 336 5 is_stmt 0 view .LVU111
 441 007a 08B3     		cbz	r0, .L26
 340:Middlewares/Third_Party/FreeRTOS/Source/event_groups.c **** 			xTicksToWait = ( TickType_t ) 0;
 442              		.loc 1 340 4 is_stmt 1 view .LVU112
 443              	.LVL27:
 341:Middlewares/Third_Party/FreeRTOS/Source/event_groups.c **** 
 444              		.loc 1 341 4 view .LVU113
ARM GAS  C:\Users\kalpe\AppData\Local\Temp\ccf7caZ5.s 			page 26


 344:Middlewares/Third_Party/FreeRTOS/Source/event_groups.c **** 			{
 445              		.loc 1 344 4 view .LVU114
 344:Middlewares/Third_Party/FreeRTOS/Source/event_groups.c **** 			{
 446              		.loc 1 344 6 is_stmt 0 view .LVU115
 447 007c 4246     		mov	r2, r8
 448 007e 9AB3     		cbz	r2, .L34
 449              	.LVL28:
 346:Middlewares/Third_Party/FreeRTOS/Source/event_groups.c **** 			}
 450              		.loc 1 346 5 is_stmt 1 view .LVU116
 346:Middlewares/Third_Party/FreeRTOS/Source/event_groups.c **** 			}
 451              		.loc 1 346 30 is_stmt 0 view .LVU117
 452 0080 26EA0403 		bic	r3, r6, r4
 453 0084 2B60     		str	r3, [r5]
 341:Middlewares/Third_Party/FreeRTOS/Source/event_groups.c **** 
 454              		.loc 1 341 17 view .LVU118
 455 0086 0023     		movs	r3, #0
 456 0088 0693     		str	r3, [sp, #24]
 457              	.LVL29:
 458              	.L27:
 394:Middlewares/Third_Party/FreeRTOS/Source/event_groups.c **** 		}
 459              		.loc 1 394 68 is_stmt 1 view .LVU119
 460              	.LBE50:
 397:Middlewares/Third_Party/FreeRTOS/Source/event_groups.c **** 
 461              		.loc 1 397 2 view .LVU120
 397:Middlewares/Third_Party/FreeRTOS/Source/event_groups.c **** 
 462              		.loc 1 397 20 is_stmt 0 view .LVU121
 463 008a FFF7FEFF 		bl	xTaskResumeAll
 464              	.LVL30:
 399:Middlewares/Third_Party/FreeRTOS/Source/event_groups.c **** 	{
 465              		.loc 1 399 2 is_stmt 1 view .LVU122
 399:Middlewares/Third_Party/FreeRTOS/Source/event_groups.c **** 	{
 466              		.loc 1 399 4 is_stmt 0 view .LVU123
 467 008e 069B     		ldr	r3, [sp, #24]
 468 0090 9BB1     		cbz	r3, .L17
 401:Middlewares/Third_Party/FreeRTOS/Source/event_groups.c **** 		{
 469              		.loc 1 401 3 is_stmt 1 view .LVU124
 401:Middlewares/Third_Party/FreeRTOS/Source/event_groups.c **** 		{
 470              		.loc 1 401 5 is_stmt 0 view .LVU125
 471 0092 48B9     		cbnz	r0, .L31
 403:Middlewares/Third_Party/FreeRTOS/Source/event_groups.c **** 		}
 472              		.loc 1 403 4 is_stmt 1 view .LVU126
 473 0094 4FF0E023 		mov	r3, #-536813568
 474 0098 4FF08052 		mov	r2, #268435456
 475 009c C3F8042D 		str	r2, [r3, #3332]
 476              	.LVL31:
 403:Middlewares/Third_Party/FreeRTOS/Source/event_groups.c **** 		}
 477              		.loc 1 403 4 view .LVU127
 478              		.syntax unified
 479              	@ 403 "Middlewares/Third_Party/FreeRTOS/Source/event_groups.c" 1
 480 00a0 BFF34F8F 		dsb
 481              	@ 0 "" 2
 403:Middlewares/Third_Party/FreeRTOS/Source/event_groups.c **** 		}
 482              		.loc 1 403 4 view .LVU128
 483              	@ 403 "Middlewares/Third_Party/FreeRTOS/Source/event_groups.c" 1
 484 00a4 BFF36F8F 		isb
 485              	@ 0 "" 2
 403:Middlewares/Third_Party/FreeRTOS/Source/event_groups.c **** 		}
ARM GAS  C:\Users\kalpe\AppData\Local\Temp\ccf7caZ5.s 			page 27


 486              		.loc 1 403 26 view .LVU129
 487              		.thumb
 488              		.syntax unified
 489              	.L31:
 407:Middlewares/Third_Party/FreeRTOS/Source/event_groups.c **** 		}
 490              		.loc 1 407 28 view .LVU130
 414:Middlewares/Third_Party/FreeRTOS/Source/event_groups.c **** 
 491              		.loc 1 414 3 view .LVU131
 414:Middlewares/Third_Party/FreeRTOS/Source/event_groups.c **** 
 492              		.loc 1 414 14 is_stmt 0 view .LVU132
 493 00a8 FFF7FEFF 		bl	uxTaskResetEventItemValue
 494              	.LVL32:
 414:Middlewares/Third_Party/FreeRTOS/Source/event_groups.c **** 
 495              		.loc 1 414 14 view .LVU133
 496 00ac 0646     		mov	r6, r0
 497              	.LVL33:
 416:Middlewares/Third_Party/FreeRTOS/Source/event_groups.c **** 		{
 498              		.loc 1 416 3 is_stmt 1 view .LVU134
 416:Middlewares/Third_Party/FreeRTOS/Source/event_groups.c **** 		{
 499              		.loc 1 416 5 is_stmt 0 view .LVU135
 500 00ae 10F0007F 		tst	r0, #33554432
 501 00b2 1CD0     		beq	.L39
 502              	.LVL34:
 503              	.L32:
 447:Middlewares/Third_Party/FreeRTOS/Source/event_groups.c **** 
 504              		.loc 1 447 3 is_stmt 1 view .LVU136
 450:Middlewares/Third_Party/FreeRTOS/Source/event_groups.c **** 	}
 505              		.loc 1 450 3 view .LVU137
 450:Middlewares/Third_Party/FreeRTOS/Source/event_groups.c **** 	}
 506              		.loc 1 450 12 is_stmt 0 view .LVU138
 507 00b4 26F07F43 		bic	r3, r6, #-16777216
 508 00b8 1E46     		mov	r6, r3
 509              	.LVL35:
 452:Middlewares/Third_Party/FreeRTOS/Source/event_groups.c **** 
 510              		.loc 1 452 2 is_stmt 1 view .LVU139
 455:Middlewares/Third_Party/FreeRTOS/Source/event_groups.c **** 
 511              		.loc 1 455 2 view .LVU140
 457:Middlewares/Third_Party/FreeRTOS/Source/event_groups.c **** }
 512              		.loc 1 457 2 view .LVU141
 513              	.L17:
 458:Middlewares/Third_Party/FreeRTOS/Source/event_groups.c **** /*-----------------------------------------------------------*/
 514              		.loc 1 458 1 is_stmt 0 view .LVU142
 515 00ba 3046     		mov	r0, r6
 516 00bc BDE8F081 		pop	{r4, r5, r6, r7, r8, pc}
 517              	.LVL36:
 518              	.L26:
 519              	.LBB51:
 353:Middlewares/Third_Party/FreeRTOS/Source/event_groups.c **** 		{
 520              		.loc 1 353 8 is_stmt 1 view .LVU143
 353:Middlewares/Third_Party/FreeRTOS/Source/event_groups.c **** 		{
 521              		.loc 1 353 10 is_stmt 0 view .LVU144
 522 00c0 069B     		ldr	r3, [sp, #24]
 523 00c2 002B     		cmp	r3, #0
 524 00c4 E1D0     		beq	.L27
 366:Middlewares/Third_Party/FreeRTOS/Source/event_groups.c **** 			{
 525              		.loc 1 366 4 is_stmt 1 view .LVU145
 366:Middlewares/Third_Party/FreeRTOS/Source/event_groups.c **** 			{
ARM GAS  C:\Users\kalpe\AppData\Local\Temp\ccf7caZ5.s 			page 28


 526              		.loc 1 366 6 is_stmt 0 view .LVU146
 527 00c6 4346     		mov	r3, r8
 528 00c8 5BB9     		cbnz	r3, .L35
 529              	.LVL37:
 366:Middlewares/Third_Party/FreeRTOS/Source/event_groups.c **** 			{
 530              		.loc 1 366 6 view .LVU147
 531              	.LBE51:
 314:Middlewares/Third_Party/FreeRTOS/Source/event_groups.c **** BaseType_t xWaitConditionMet, xAlreadyYielded;
 532              		.loc 1 314 23 view .LVU148
 533 00ca 4146     		mov	r1, r8
 534              	.L28:
 535              	.LVL38:
 536              	.LBB52:
 372:Middlewares/Third_Party/FreeRTOS/Source/event_groups.c **** 			}
 537              		.loc 1 372 29 is_stmt 1 view .LVU149
 375:Middlewares/Third_Party/FreeRTOS/Source/event_groups.c **** 			{
 538              		.loc 1 375 4 view .LVU150
 375:Middlewares/Third_Party/FreeRTOS/Source/event_groups.c **** 			{
 539              		.loc 1 375 6 is_stmt 0 view .LVU151
 540 00cc 0FB1     		cbz	r7, .L29
 377:Middlewares/Third_Party/FreeRTOS/Source/event_groups.c **** 			}
 541              		.loc 1 377 5 is_stmt 1 view .LVU152
 377:Middlewares/Third_Party/FreeRTOS/Source/event_groups.c **** 			}
 542              		.loc 1 377 19 is_stmt 0 view .LVU153
 543 00ce 41F08061 		orr	r1, r1, #67108864
 544              	.LVL39:
 545              	.L29:
 381:Middlewares/Third_Party/FreeRTOS/Source/event_groups.c **** 			}
 546              		.loc 1 381 29 is_stmt 1 view .LVU154
 387:Middlewares/Third_Party/FreeRTOS/Source/event_groups.c **** 
 547              		.loc 1 387 4 view .LVU155
 548 00d2 069A     		ldr	r2, [sp, #24]
 549 00d4 2143     		orrs	r1, r1, r4
 550              	.LVL40:
 387:Middlewares/Third_Party/FreeRTOS/Source/event_groups.c **** 
 551              		.loc 1 387 4 is_stmt 0 view .LVU156
 552 00d6 281D     		adds	r0, r5, #4
 553              	.LVL41:
 387:Middlewares/Third_Party/FreeRTOS/Source/event_groups.c **** 
 554              		.loc 1 387 4 view .LVU157
 555 00d8 FFF7FEFF 		bl	vTaskPlaceOnUnorderedEventList
 556              	.LVL42:
 392:Middlewares/Third_Party/FreeRTOS/Source/event_groups.c **** 
 557              		.loc 1 392 4 is_stmt 1 view .LVU158
 392:Middlewares/Third_Party/FreeRTOS/Source/event_groups.c **** 
 558              		.loc 1 392 13 is_stmt 0 view .LVU159
 559 00dc 0023     		movs	r3, #0
 560 00de 1E46     		mov	r6, r3
 561              	.LVL43:
 392:Middlewares/Third_Party/FreeRTOS/Source/event_groups.c **** 
 562              		.loc 1 392 13 view .LVU160
 563 00e0 D3E7     		b	.L27
 564              	.LVL44:
 565              	.L35:
 368:Middlewares/Third_Party/FreeRTOS/Source/event_groups.c **** 			}
 566              		.loc 1 368 19 view .LVU161
 567 00e2 4FF08071 		mov	r1, #16777216
ARM GAS  C:\Users\kalpe\AppData\Local\Temp\ccf7caZ5.s 			page 29


 568 00e6 F1E7     		b	.L28
 569              	.LVL45:
 570              	.L34:
 341:Middlewares/Third_Party/FreeRTOS/Source/event_groups.c **** 
 571              		.loc 1 341 17 view .LVU162
 572 00e8 CDF81880 		str	r8, [sp, #24]
 573 00ec CDE7     		b	.L27
 574              	.LVL46:
 575              	.L39:
 341:Middlewares/Third_Party/FreeRTOS/Source/event_groups.c **** 
 576              		.loc 1 341 17 view .LVU163
 577              	.LBE52:
 418:Middlewares/Third_Party/FreeRTOS/Source/event_groups.c **** 			{
 578              		.loc 1 418 4 is_stmt 1 view .LVU164
 579 00ee FFF7FEFF 		bl	vPortEnterCritical
 580              	.LVL47:
 421:Middlewares/Third_Party/FreeRTOS/Source/event_groups.c **** 
 581              		.loc 1 421 5 view .LVU165
 421:Middlewares/Third_Party/FreeRTOS/Source/event_groups.c **** 
 582              		.loc 1 421 14 is_stmt 0 view .LVU166
 583 00f2 2B68     		ldr	r3, [r5]
 584 00f4 1E46     		mov	r6, r3
 585              	.LVL48:
 425:Middlewares/Third_Party/FreeRTOS/Source/event_groups.c **** 				{
 586              		.loc 1 425 5 is_stmt 1 view .LVU167
 425:Middlewares/Third_Party/FreeRTOS/Source/event_groups.c **** 				{
 587              		.loc 1 425 9 is_stmt 0 view .LVU168
 588 00f6 3A46     		mov	r2, r7
 589 00f8 2146     		mov	r1, r4
 590 00fa 1846     		mov	r0, r3
 591 00fc FFF7FEFF 		bl	prvTestWaitCondition
 592              	.LVL49:
 425:Middlewares/Third_Party/FreeRTOS/Source/event_groups.c **** 				{
 593              		.loc 1 425 7 discriminator 1 view .LVU169
 594 0100 20B1     		cbz	r0, .L33
 427:Middlewares/Third_Party/FreeRTOS/Source/event_groups.c **** 					{
 595              		.loc 1 427 6 is_stmt 1 view .LVU170
 427:Middlewares/Third_Party/FreeRTOS/Source/event_groups.c **** 					{
 596              		.loc 1 427 8 is_stmt 0 view .LVU171
 597 0102 4246     		mov	r2, r8
 598 0104 12B1     		cbz	r2, .L33
 599              	.LVL50:
 429:Middlewares/Third_Party/FreeRTOS/Source/event_groups.c **** 					}
 600              		.loc 1 429 7 is_stmt 1 view .LVU172
 429:Middlewares/Third_Party/FreeRTOS/Source/event_groups.c **** 					}
 601              		.loc 1 429 32 is_stmt 0 view .LVU173
 602 0106 26EA0404 		bic	r4, r6, r4
 603              	.LVL51:
 429:Middlewares/Third_Party/FreeRTOS/Source/event_groups.c **** 					}
 604              		.loc 1 429 32 view .LVU174
 605 010a 2C60     		str	r4, [r5]
 606              	.LVL52:
 607              	.L33:
 438:Middlewares/Third_Party/FreeRTOS/Source/event_groups.c **** 				}
 608              		.loc 1 438 30 is_stmt 1 view .LVU175
 440:Middlewares/Third_Party/FreeRTOS/Source/event_groups.c **** 			}
 609              		.loc 1 440 5 view .LVU176
ARM GAS  C:\Users\kalpe\AppData\Local\Temp\ccf7caZ5.s 			page 30


 442:Middlewares/Third_Party/FreeRTOS/Source/event_groups.c **** 		}
 610              		.loc 1 442 4 view .LVU177
 611 010c FFF7FEFF 		bl	vPortExitCritical
 612              	.LVL53:
 613 0110 D0E7     		b	.L32
 614              		.cfi_endproc
 615              	.LFE7:
 617              		.section	.text.xEventGroupClearBits,"ax",%progbits
 618              		.align	1
 619              		.global	xEventGroupClearBits
 620              		.syntax unified
 621              		.thumb
 622              		.thumb_func
 624              	xEventGroupClearBits:
 625              	.LVL54:
 626              	.LFB8:
 462:Middlewares/Third_Party/FreeRTOS/Source/event_groups.c **** EventGroup_t *pxEventBits = xEventGroup;
 627              		.loc 1 462 1 view -0
 628              		.cfi_startproc
 629              		@ args = 0, pretend = 0, frame = 0
 630              		@ frame_needed = 0, uses_anonymous_args = 0
 462:Middlewares/Third_Party/FreeRTOS/Source/event_groups.c **** EventGroup_t *pxEventBits = xEventGroup;
 631              		.loc 1 462 1 is_stmt 0 view .LVU179
 632 0000 38B5     		push	{r3, r4, r5, lr}
 633              	.LCFI9:
 634              		.cfi_def_cfa_offset 16
 635              		.cfi_offset 3, -16
 636              		.cfi_offset 4, -12
 637              		.cfi_offset 5, -8
 638              		.cfi_offset 14, -4
 463:Middlewares/Third_Party/FreeRTOS/Source/event_groups.c **** EventBits_t uxReturn;
 639              		.loc 1 463 1 is_stmt 1 view .LVU180
 640              	.LVL55:
 464:Middlewares/Third_Party/FreeRTOS/Source/event_groups.c **** 
 641              		.loc 1 464 1 view .LVU181
 468:Middlewares/Third_Party/FreeRTOS/Source/event_groups.c **** 	configASSERT( ( uxBitsToClear & eventEVENT_BITS_CONTROL_BYTES ) == 0 );
 642              		.loc 1 468 2 view .LVU182
 643 0002 68B1     		cbz	r0, .L46
 644 0004 0D46     		mov	r5, r1
 645 0006 0446     		mov	r4, r0
 468:Middlewares/Third_Party/FreeRTOS/Source/event_groups.c **** 	configASSERT( ( uxBitsToClear & eventEVENT_BITS_CONTROL_BYTES ) == 0 );
 646              		.loc 1 468 29 view .LVU183
 469:Middlewares/Third_Party/FreeRTOS/Source/event_groups.c **** 
 647              		.loc 1 469 2 view .LVU184
 648 0008 B1F1807F 		cmp	r1, #16777216
 649 000c 11D3     		bcc	.L43
 469:Middlewares/Third_Party/FreeRTOS/Source/event_groups.c **** 
 650              		.loc 1 469 2 discriminator 1 view .LVU185
 651              	.LBB53:
 652              	.LBI53:
 191:Middlewares/Third_Party/FreeRTOS/Source/portable/GCC/ARM_CM4F/portmacro.h **** {
 653              		.loc 2 191 30 view .LVU186
 654              	.LBB54:
 193:Middlewares/Third_Party/FreeRTOS/Source/portable/GCC/ARM_CM4F/portmacro.h **** 
 655              		.loc 2 193 1 view .LVU187
 656              		.loc 2 195 2 view .LVU188
 657              		.syntax unified
ARM GAS  C:\Users\kalpe\AppData\Local\Temp\ccf7caZ5.s 			page 31


 658              	@ 195 "Middlewares/Third_Party/FreeRTOS/Source/portable/GCC/ARM_CM4F/portmacro.h" 1
 659 000e 4FF05003 			mov r3, #80												
 660 0012 83F31188 		msr basepri, r3											
 661 0016 BFF36F8F 		isb														
 662 001a BFF34F8F 		dsb														
 663              	
 664              	@ 0 "" 2
 665              		.thumb
 666              		.syntax unified
 667              	.L44:
 668              	.LBE54:
 669              	.LBE53:
 469:Middlewares/Third_Party/FreeRTOS/Source/event_groups.c **** 
 670              		.loc 1 469 2 view .LVU189
 671 001e FEE7     		b	.L44
 672              	.L46:
 468:Middlewares/Third_Party/FreeRTOS/Source/event_groups.c **** 	configASSERT( ( uxBitsToClear & eventEVENT_BITS_CONTROL_BYTES ) == 0 );
 673              		.loc 1 468 2 discriminator 1 view .LVU190
 674              	.LBB55:
 675              	.LBI55:
 191:Middlewares/Third_Party/FreeRTOS/Source/portable/GCC/ARM_CM4F/portmacro.h **** {
 676              		.loc 2 191 30 view .LVU191
 677              	.LBB56:
 193:Middlewares/Third_Party/FreeRTOS/Source/portable/GCC/ARM_CM4F/portmacro.h **** 
 678              		.loc 2 193 1 view .LVU192
 679              		.loc 2 195 2 view .LVU193
 680              		.syntax unified
 681              	@ 195 "Middlewares/Third_Party/FreeRTOS/Source/portable/GCC/ARM_CM4F/portmacro.h" 1
 682 0020 4FF05003 			mov r3, #80												
 683 0024 83F31188 		msr basepri, r3											
 684 0028 BFF36F8F 		isb														
 685 002c BFF34F8F 		dsb														
 686              	
 687              	@ 0 "" 2
 688              		.thumb
 689              		.syntax unified
 690              	.L42:
 691              	.LBE56:
 692              	.LBE55:
 468:Middlewares/Third_Party/FreeRTOS/Source/event_groups.c **** 	configASSERT( ( uxBitsToClear & eventEVENT_BITS_CONTROL_BYTES ) == 0 );
 693              		.loc 1 468 2 view .LVU194
 694 0030 FEE7     		b	.L42
 695              	.L43:
 469:Middlewares/Third_Party/FreeRTOS/Source/event_groups.c **** 
 696              		.loc 1 469 72 view .LVU195
 471:Middlewares/Third_Party/FreeRTOS/Source/event_groups.c **** 	{
 697              		.loc 1 471 2 view .LVU196
 698 0032 FFF7FEFF 		bl	vPortEnterCritical
 699              	.LVL56:
 473:Middlewares/Third_Party/FreeRTOS/Source/event_groups.c **** 
 700              		.loc 1 473 60 view .LVU197
 477:Middlewares/Third_Party/FreeRTOS/Source/event_groups.c **** 
 701              		.loc 1 477 3 view .LVU198
 477:Middlewares/Third_Party/FreeRTOS/Source/event_groups.c **** 
 702              		.loc 1 477 12 is_stmt 0 view .LVU199
 703 0036 2346     		mov	r3, r4
 704 0038 2468     		ldr	r4, [r4]
ARM GAS  C:\Users\kalpe\AppData\Local\Temp\ccf7caZ5.s 			page 32


 705              	.LVL57:
 480:Middlewares/Third_Party/FreeRTOS/Source/event_groups.c **** 	}
 706              		.loc 1 480 3 is_stmt 1 view .LVU200
 480:Middlewares/Third_Party/FreeRTOS/Source/event_groups.c **** 	}
 707              		.loc 1 480 28 is_stmt 0 view .LVU201
 708 003a 24EA0501 		bic	r1, r4, r5
 709 003e 1960     		str	r1, [r3]
 482:Middlewares/Third_Party/FreeRTOS/Source/event_groups.c **** 
 710              		.loc 1 482 2 is_stmt 1 view .LVU202
 711 0040 FFF7FEFF 		bl	vPortExitCritical
 712              	.LVL58:
 484:Middlewares/Third_Party/FreeRTOS/Source/event_groups.c **** }
 713              		.loc 1 484 2 view .LVU203
 485:Middlewares/Third_Party/FreeRTOS/Source/event_groups.c **** /*-----------------------------------------------------------*/
 714              		.loc 1 485 1 is_stmt 0 view .LVU204
 715 0044 2046     		mov	r0, r4
 716 0046 38BD     		pop	{r3, r4, r5, pc}
 485:Middlewares/Third_Party/FreeRTOS/Source/event_groups.c **** /*-----------------------------------------------------------*/
 717              		.loc 1 485 1 view .LVU205
 718              		.cfi_endproc
 719              	.LFE8:
 721              		.section	.text.vEventGroupClearBitsCallback,"ax",%progbits
 722              		.align	1
 723              		.global	vEventGroupClearBitsCallback
 724              		.syntax unified
 725              		.thumb
 726              		.thumb_func
 728              	vEventGroupClearBitsCallback:
 729              	.LVL59:
 730              	.LFB14:
 666:Middlewares/Third_Party/FreeRTOS/Source/event_groups.c **** 	( void ) xEventGroupClearBits( pvEventGroup, ( EventBits_t ) ulBitsToClear ); /*lint !e9079 Can't 
 731              		.loc 1 666 1 is_stmt 1 view -0
 732              		.cfi_startproc
 733              		@ args = 0, pretend = 0, frame = 0
 734              		@ frame_needed = 0, uses_anonymous_args = 0
 666:Middlewares/Third_Party/FreeRTOS/Source/event_groups.c **** 	( void ) xEventGroupClearBits( pvEventGroup, ( EventBits_t ) ulBitsToClear ); /*lint !e9079 Can't 
 735              		.loc 1 666 1 is_stmt 0 view .LVU207
 736 0000 08B5     		push	{r3, lr}
 737              	.LCFI10:
 738              		.cfi_def_cfa_offset 8
 739              		.cfi_offset 3, -8
 740              		.cfi_offset 14, -4
 667:Middlewares/Third_Party/FreeRTOS/Source/event_groups.c **** }
 741              		.loc 1 667 2 is_stmt 1 view .LVU208
 667:Middlewares/Third_Party/FreeRTOS/Source/event_groups.c **** }
 742              		.loc 1 667 11 is_stmt 0 view .LVU209
 743 0002 FFF7FEFF 		bl	xEventGroupClearBits
 744              	.LVL60:
 668:Middlewares/Third_Party/FreeRTOS/Source/event_groups.c **** /*-----------------------------------------------------------*/
 745              		.loc 1 668 1 view .LVU210
 746 0006 08BD     		pop	{r3, pc}
 747              		.cfi_endproc
 748              	.LFE14:
 750              		.section	.text.xEventGroupClearBitsFromISR,"ax",%progbits
 751              		.align	1
 752              		.global	xEventGroupClearBitsFromISR
 753              		.syntax unified
ARM GAS  C:\Users\kalpe\AppData\Local\Temp\ccf7caZ5.s 			page 33


 754              		.thumb
 755              		.thumb_func
 757              	xEventGroupClearBitsFromISR:
 758              	.LVL61:
 759              	.LFB9:
 491:Middlewares/Third_Party/FreeRTOS/Source/event_groups.c **** 		BaseType_t xReturn;
 760              		.loc 1 491 2 is_stmt 1 view -0
 761              		.cfi_startproc
 762              		@ args = 0, pretend = 0, frame = 0
 763              		@ frame_needed = 0, uses_anonymous_args = 0
 491:Middlewares/Third_Party/FreeRTOS/Source/event_groups.c **** 		BaseType_t xReturn;
 764              		.loc 1 491 2 is_stmt 0 view .LVU212
 765 0000 08B5     		push	{r3, lr}
 766              	.LCFI11:
 767              		.cfi_def_cfa_offset 8
 768              		.cfi_offset 3, -8
 769              		.cfi_offset 14, -4
 770 0002 0A46     		mov	r2, r1
 492:Middlewares/Third_Party/FreeRTOS/Source/event_groups.c **** 
 771              		.loc 1 492 3 is_stmt 1 view .LVU213
 494:Middlewares/Third_Party/FreeRTOS/Source/event_groups.c **** 		xReturn = xTimerPendFunctionCallFromISR( vEventGroupClearBitsCallback, ( void * ) xEventGroup, ( 
 772              		.loc 1 494 69 view .LVU214
 495:Middlewares/Third_Party/FreeRTOS/Source/event_groups.c **** 
 773              		.loc 1 495 3 view .LVU215
 495:Middlewares/Third_Party/FreeRTOS/Source/event_groups.c **** 
 774              		.loc 1 495 13 is_stmt 0 view .LVU216
 775 0004 0023     		movs	r3, #0
 776 0006 0146     		mov	r1, r0
 777              	.LVL62:
 495:Middlewares/Third_Party/FreeRTOS/Source/event_groups.c **** 
 778              		.loc 1 495 13 view .LVU217
 779 0008 0148     		ldr	r0, .L51
 780              	.LVL63:
 495:Middlewares/Third_Party/FreeRTOS/Source/event_groups.c **** 
 781              		.loc 1 495 13 view .LVU218
 782 000a FFF7FEFF 		bl	xTimerPendFunctionCallFromISR
 783              	.LVL64:
 497:Middlewares/Third_Party/FreeRTOS/Source/event_groups.c **** 	}
 784              		.loc 1 497 3 is_stmt 1 view .LVU219
 498:Middlewares/Third_Party/FreeRTOS/Source/event_groups.c **** 
 785              		.loc 1 498 2 is_stmt 0 view .LVU220
 786 000e 08BD     		pop	{r3, pc}
 787              	.L52:
 788              		.align	2
 789              	.L51:
 790 0010 00000000 		.word	vEventGroupClearBitsCallback
 791              		.cfi_endproc
 792              	.LFE9:
 794              		.section	.text.xEventGroupGetBitsFromISR,"ax",%progbits
 795              		.align	1
 796              		.global	xEventGroupGetBitsFromISR
 797              		.syntax unified
 798              		.thumb
 799              		.thumb_func
 801              	xEventGroupGetBitsFromISR:
 802              	.LVL65:
 803              	.LFB10:
ARM GAS  C:\Users\kalpe\AppData\Local\Temp\ccf7caZ5.s 			page 34


 504:Middlewares/Third_Party/FreeRTOS/Source/event_groups.c **** UBaseType_t uxSavedInterruptStatus;
 804              		.loc 1 504 1 is_stmt 1 view -0
 805              		.cfi_startproc
 806              		@ args = 0, pretend = 0, frame = 0
 807              		@ frame_needed = 0, uses_anonymous_args = 0
 808              		@ link register save eliminated.
 505:Middlewares/Third_Party/FreeRTOS/Source/event_groups.c **** EventGroup_t const * const pxEventBits = xEventGroup;
 809              		.loc 1 505 1 view .LVU222
 506:Middlewares/Third_Party/FreeRTOS/Source/event_groups.c **** EventBits_t uxReturn;
 810              		.loc 1 506 1 view .LVU223
 507:Middlewares/Third_Party/FreeRTOS/Source/event_groups.c **** 
 811              		.loc 1 507 1 view .LVU224
 509:Middlewares/Third_Party/FreeRTOS/Source/event_groups.c **** 	{
 812              		.loc 1 509 2 view .LVU225
 813              	.LBB57:
 814              	.LBI57:
 196:Middlewares/Third_Party/FreeRTOS/Source/portable/GCC/ARM_CM4F/portmacro.h **** 	(
 197:Middlewares/Third_Party/FreeRTOS/Source/portable/GCC/ARM_CM4F/portmacro.h **** 		"	mov %0, %1												\n"	\
 198:Middlewares/Third_Party/FreeRTOS/Source/portable/GCC/ARM_CM4F/portmacro.h **** 		"	msr basepri, %0											\n" \
 199:Middlewares/Third_Party/FreeRTOS/Source/portable/GCC/ARM_CM4F/portmacro.h **** 		"	isb														\n" \
 200:Middlewares/Third_Party/FreeRTOS/Source/portable/GCC/ARM_CM4F/portmacro.h **** 		"	dsb														\n" \
 201:Middlewares/Third_Party/FreeRTOS/Source/portable/GCC/ARM_CM4F/portmacro.h **** 		:"=r" (ulNewBASEPRI) : "i" ( configMAX_SYSCALL_INTERRUPT_PRIORITY ) : "memory"
 202:Middlewares/Third_Party/FreeRTOS/Source/portable/GCC/ARM_CM4F/portmacro.h **** 	);
 203:Middlewares/Third_Party/FreeRTOS/Source/portable/GCC/ARM_CM4F/portmacro.h **** }
 204:Middlewares/Third_Party/FreeRTOS/Source/portable/GCC/ARM_CM4F/portmacro.h **** 
 205:Middlewares/Third_Party/FreeRTOS/Source/portable/GCC/ARM_CM4F/portmacro.h **** /*-----------------------------------------------------------*/
 206:Middlewares/Third_Party/FreeRTOS/Source/portable/GCC/ARM_CM4F/portmacro.h **** 
 207:Middlewares/Third_Party/FreeRTOS/Source/portable/GCC/ARM_CM4F/portmacro.h **** portFORCE_INLINE static uint32_t ulPortRaiseBASEPRI( void )
 815              		.loc 2 207 34 view .LVU226
 816              	.LBB58:
 208:Middlewares/Third_Party/FreeRTOS/Source/portable/GCC/ARM_CM4F/portmacro.h **** {
 209:Middlewares/Third_Party/FreeRTOS/Source/portable/GCC/ARM_CM4F/portmacro.h **** uint32_t ulOriginalBASEPRI, ulNewBASEPRI;
 817              		.loc 2 209 1 view .LVU227
 210:Middlewares/Third_Party/FreeRTOS/Source/portable/GCC/ARM_CM4F/portmacro.h **** 
 211:Middlewares/Third_Party/FreeRTOS/Source/portable/GCC/ARM_CM4F/portmacro.h **** 	__asm volatile
 818              		.loc 2 211 2 view .LVU228
 819              		.syntax unified
 820              	@ 211 "Middlewares/Third_Party/FreeRTOS/Source/portable/GCC/ARM_CM4F/portmacro.h" 1
 821 0000 EFF31183 			mrs r3, basepri											
 822 0004 4FF05002 		mov r2, #80												
 823 0008 82F31188 		msr basepri, r2											
 824 000c BFF36F8F 		isb														
 825 0010 BFF34F8F 		dsb														
 826              	
 827              	@ 0 "" 2
 212:Middlewares/Third_Party/FreeRTOS/Source/portable/GCC/ARM_CM4F/portmacro.h **** 	(
 213:Middlewares/Third_Party/FreeRTOS/Source/portable/GCC/ARM_CM4F/portmacro.h **** 		"	mrs %0, basepri											\n" \
 214:Middlewares/Third_Party/FreeRTOS/Source/portable/GCC/ARM_CM4F/portmacro.h **** 		"	mov %1, %2												\n"	\
 215:Middlewares/Third_Party/FreeRTOS/Source/portable/GCC/ARM_CM4F/portmacro.h **** 		"	msr basepri, %1											\n" \
 216:Middlewares/Third_Party/FreeRTOS/Source/portable/GCC/ARM_CM4F/portmacro.h **** 		"	isb														\n" \
 217:Middlewares/Third_Party/FreeRTOS/Source/portable/GCC/ARM_CM4F/portmacro.h **** 		"	dsb														\n" \
 218:Middlewares/Third_Party/FreeRTOS/Source/portable/GCC/ARM_CM4F/portmacro.h **** 		:"=r" (ulOriginalBASEPRI), "=r" (ulNewBASEPRI) : "i" ( configMAX_SYSCALL_INTERRUPT_PRIORITY ) : "
 219:Middlewares/Third_Party/FreeRTOS/Source/portable/GCC/ARM_CM4F/portmacro.h **** 	);
 220:Middlewares/Third_Party/FreeRTOS/Source/portable/GCC/ARM_CM4F/portmacro.h **** 
 221:Middlewares/Third_Party/FreeRTOS/Source/portable/GCC/ARM_CM4F/portmacro.h **** 	/* This return will not be reached but is necessary to prevent compiler
 222:Middlewares/Third_Party/FreeRTOS/Source/portable/GCC/ARM_CM4F/portmacro.h **** 	warnings. */
 223:Middlewares/Third_Party/FreeRTOS/Source/portable/GCC/ARM_CM4F/portmacro.h **** 	return ulOriginalBASEPRI;
ARM GAS  C:\Users\kalpe\AppData\Local\Temp\ccf7caZ5.s 			page 35


 828              		.loc 2 223 2 view .LVU229
 829              	.LVL66:
 830              		.loc 2 223 2 is_stmt 0 view .LVU230
 831              		.thumb
 832              		.syntax unified
 833              	.LBE58:
 834              	.LBE57:
 511:Middlewares/Third_Party/FreeRTOS/Source/event_groups.c **** 	}
 835              		.loc 1 511 3 is_stmt 1 view .LVU231
 511:Middlewares/Third_Party/FreeRTOS/Source/event_groups.c **** 	}
 836              		.loc 1 511 12 is_stmt 0 view .LVU232
 837 0014 0068     		ldr	r0, [r0]
 838              	.LVL67:
 513:Middlewares/Third_Party/FreeRTOS/Source/event_groups.c **** 
 839              		.loc 1 513 2 is_stmt 1 view .LVU233
 840              	.LBB59:
 841              	.LBI59:
 224:Middlewares/Third_Party/FreeRTOS/Source/portable/GCC/ARM_CM4F/portmacro.h **** }
 225:Middlewares/Third_Party/FreeRTOS/Source/portable/GCC/ARM_CM4F/portmacro.h **** /*-----------------------------------------------------------*/
 226:Middlewares/Third_Party/FreeRTOS/Source/portable/GCC/ARM_CM4F/portmacro.h **** 
 227:Middlewares/Third_Party/FreeRTOS/Source/portable/GCC/ARM_CM4F/portmacro.h **** portFORCE_INLINE static void vPortSetBASEPRI( uint32_t ulNewMaskValue )
 842              		.loc 2 227 30 view .LVU234
 843              	.LBB60:
 228:Middlewares/Third_Party/FreeRTOS/Source/portable/GCC/ARM_CM4F/portmacro.h **** {
 229:Middlewares/Third_Party/FreeRTOS/Source/portable/GCC/ARM_CM4F/portmacro.h **** 	__asm volatile
 844              		.loc 2 229 2 view .LVU235
 845              		.syntax unified
 846              	@ 229 "Middlewares/Third_Party/FreeRTOS/Source/portable/GCC/ARM_CM4F/portmacro.h" 1
 847 0016 83F31188 			msr basepri, r3	
 848              	@ 0 "" 2
 849              	.LVL68:
 850              		.loc 2 229 2 is_stmt 0 view .LVU236
 851              		.thumb
 852              		.syntax unified
 853              	.LBE60:
 854              	.LBE59:
 515:Middlewares/Third_Party/FreeRTOS/Source/event_groups.c **** } /*lint !e818 EventGroupHandle_t is a typedef used in other functions to so can't be pointer to co
 855              		.loc 1 515 2 is_stmt 1 view .LVU237
 516:Middlewares/Third_Party/FreeRTOS/Source/event_groups.c **** /*-----------------------------------------------------------*/
 856              		.loc 1 516 1 is_stmt 0 view .LVU238
 857 001a 7047     		bx	lr
 858              		.cfi_endproc
 859              	.LFE10:
 861              		.section	.text.xEventGroupSetBits,"ax",%progbits
 862              		.align	1
 863              		.global	xEventGroupSetBits
 864              		.syntax unified
 865              		.thumb
 866              		.thumb_func
 868              	xEventGroupSetBits:
 869              	.LVL69:
 870              	.LFB11:
 520:Middlewares/Third_Party/FreeRTOS/Source/event_groups.c **** ListItem_t *pxListItem, *pxNext;
 871              		.loc 1 520 1 is_stmt 1 view -0
 872              		.cfi_startproc
 873              		@ args = 0, pretend = 0, frame = 0
 874              		@ frame_needed = 0, uses_anonymous_args = 0
ARM GAS  C:\Users\kalpe\AppData\Local\Temp\ccf7caZ5.s 			page 36


 520:Middlewares/Third_Party/FreeRTOS/Source/event_groups.c **** ListItem_t *pxListItem, *pxNext;
 875              		.loc 1 520 1 is_stmt 0 view .LVU240
 876 0000 F8B5     		push	{r3, r4, r5, r6, r7, lr}
 877              	.LCFI12:
 878              		.cfi_def_cfa_offset 24
 879              		.cfi_offset 3, -24
 880              		.cfi_offset 4, -20
 881              		.cfi_offset 5, -16
 882              		.cfi_offset 6, -12
 883              		.cfi_offset 7, -8
 884              		.cfi_offset 14, -4
 521:Middlewares/Third_Party/FreeRTOS/Source/event_groups.c **** ListItem_t const *pxListEnd;
 885              		.loc 1 521 1 is_stmt 1 view .LVU241
 522:Middlewares/Third_Party/FreeRTOS/Source/event_groups.c **** List_t const * pxList;
 886              		.loc 1 522 1 view .LVU242
 523:Middlewares/Third_Party/FreeRTOS/Source/event_groups.c **** EventBits_t uxBitsToClear = 0, uxBitsWaitedFor, uxControlBits;
 887              		.loc 1 523 1 view .LVU243
 524:Middlewares/Third_Party/FreeRTOS/Source/event_groups.c **** EventGroup_t *pxEventBits = xEventGroup;
 888              		.loc 1 524 1 view .LVU244
 889              	.LVL70:
 525:Middlewares/Third_Party/FreeRTOS/Source/event_groups.c **** BaseType_t xMatchFound = pdFALSE;
 890              		.loc 1 525 1 view .LVU245
 526:Middlewares/Third_Party/FreeRTOS/Source/event_groups.c **** 
 891              		.loc 1 526 1 view .LVU246
 530:Middlewares/Third_Party/FreeRTOS/Source/event_groups.c **** 	configASSERT( ( uxBitsToSet & eventEVENT_BITS_CONTROL_BYTES ) == 0 );
 892              		.loc 1 530 2 view .LVU247
 893 0002 68B1     		cbz	r0, .L66
 894 0004 0D46     		mov	r5, r1
 895 0006 0446     		mov	r4, r0
 530:Middlewares/Third_Party/FreeRTOS/Source/event_groups.c **** 	configASSERT( ( uxBitsToSet & eventEVENT_BITS_CONTROL_BYTES ) == 0 );
 896              		.loc 1 530 29 view .LVU248
 531:Middlewares/Third_Party/FreeRTOS/Source/event_groups.c **** 
 897              		.loc 1 531 2 view .LVU249
 898 0008 B1F1807F 		cmp	r1, #16777216
 899 000c 11D3     		bcc	.L57
 531:Middlewares/Third_Party/FreeRTOS/Source/event_groups.c **** 
 900              		.loc 1 531 2 discriminator 1 view .LVU250
 901              	.LBB61:
 902              	.LBI61:
 191:Middlewares/Third_Party/FreeRTOS/Source/portable/GCC/ARM_CM4F/portmacro.h **** {
 903              		.loc 2 191 30 view .LVU251
 904              	.LBB62:
 193:Middlewares/Third_Party/FreeRTOS/Source/portable/GCC/ARM_CM4F/portmacro.h **** 
 905              		.loc 2 193 1 view .LVU252
 195:Middlewares/Third_Party/FreeRTOS/Source/portable/GCC/ARM_CM4F/portmacro.h **** 	(
 906              		.loc 2 195 2 view .LVU253
 907              		.syntax unified
 908              	@ 195 "Middlewares/Third_Party/FreeRTOS/Source/portable/GCC/ARM_CM4F/portmacro.h" 1
 909 000e 4FF05003 			mov r3, #80												
 910 0012 83F31188 		msr basepri, r3											
 911 0016 BFF36F8F 		isb														
 912 001a BFF34F8F 		dsb														
 913              	
 914              	@ 0 "" 2
 915              		.thumb
 916              		.syntax unified
 917              	.L58:
ARM GAS  C:\Users\kalpe\AppData\Local\Temp\ccf7caZ5.s 			page 37


 918              	.LBE62:
 919              	.LBE61:
 531:Middlewares/Third_Party/FreeRTOS/Source/event_groups.c **** 
 920              		.loc 1 531 2 view .LVU254
 921 001e FEE7     		b	.L58
 922              	.L66:
 530:Middlewares/Third_Party/FreeRTOS/Source/event_groups.c **** 	configASSERT( ( uxBitsToSet & eventEVENT_BITS_CONTROL_BYTES ) == 0 );
 923              		.loc 1 530 2 discriminator 1 view .LVU255
 924              	.LBB63:
 925              	.LBI63:
 191:Middlewares/Third_Party/FreeRTOS/Source/portable/GCC/ARM_CM4F/portmacro.h **** {
 926              		.loc 2 191 30 view .LVU256
 927              	.LBB64:
 193:Middlewares/Third_Party/FreeRTOS/Source/portable/GCC/ARM_CM4F/portmacro.h **** 
 928              		.loc 2 193 1 view .LVU257
 195:Middlewares/Third_Party/FreeRTOS/Source/portable/GCC/ARM_CM4F/portmacro.h **** 	(
 929              		.loc 2 195 2 view .LVU258
 930              		.syntax unified
 931              	@ 195 "Middlewares/Third_Party/FreeRTOS/Source/portable/GCC/ARM_CM4F/portmacro.h" 1
 932 0020 4FF05003 			mov r3, #80												
 933 0024 83F31188 		msr basepri, r3											
 934 0028 BFF36F8F 		isb														
 935 002c BFF34F8F 		dsb														
 936              	
 937              	@ 0 "" 2
 938              		.thumb
 939              		.syntax unified
 940              	.L56:
 941              	.LBE64:
 942              	.LBE63:
 530:Middlewares/Third_Party/FreeRTOS/Source/event_groups.c **** 	configASSERT( ( uxBitsToSet & eventEVENT_BITS_CONTROL_BYTES ) == 0 );
 943              		.loc 1 530 2 view .LVU259
 944 0030 FEE7     		b	.L56
 945              	.L57:
 531:Middlewares/Third_Party/FreeRTOS/Source/event_groups.c **** 
 946              		.loc 1 531 70 view .LVU260
 533:Middlewares/Third_Party/FreeRTOS/Source/event_groups.c **** 	pxListEnd = listGET_END_MARKER( pxList ); /*lint !e826 !e740 !e9087 The mini list structure is use
 947              		.loc 1 533 2 view .LVU261
 948              	.LVL71:
 534:Middlewares/Third_Party/FreeRTOS/Source/event_groups.c **** 	vTaskSuspendAll();
 949              		.loc 1 534 2 view .LVU262
 534:Middlewares/Third_Party/FreeRTOS/Source/event_groups.c **** 	vTaskSuspendAll();
 950              		.loc 1 534 12 is_stmt 0 view .LVU263
 951 0032 00F10C06 		add	r6, r0, #12
 952              	.LVL72:
 535:Middlewares/Third_Party/FreeRTOS/Source/event_groups.c **** 	{
 953              		.loc 1 535 2 is_stmt 1 view .LVU264
 954 0036 FFF7FEFF 		bl	vTaskSuspendAll
 955              	.LVL73:
 537:Middlewares/Third_Party/FreeRTOS/Source/event_groups.c **** 
 956              		.loc 1 537 56 view .LVU265
 539:Middlewares/Third_Party/FreeRTOS/Source/event_groups.c **** 
 957              		.loc 1 539 3 view .LVU266
 539:Middlewares/Third_Party/FreeRTOS/Source/event_groups.c **** 
 958              		.loc 1 539 14 is_stmt 0 view .LVU267
 959 003a 2069     		ldr	r0, [r4, #16]
 960              	.LVL74:
ARM GAS  C:\Users\kalpe\AppData\Local\Temp\ccf7caZ5.s 			page 38


 542:Middlewares/Third_Party/FreeRTOS/Source/event_groups.c **** 
 961              		.loc 1 542 3 is_stmt 1 view .LVU268
 542:Middlewares/Third_Party/FreeRTOS/Source/event_groups.c **** 
 962              		.loc 1 542 14 is_stmt 0 view .LVU269
 963 003c 2368     		ldr	r3, [r4]
 542:Middlewares/Third_Party/FreeRTOS/Source/event_groups.c **** 
 964              		.loc 1 542 28 view .LVU270
 965 003e 2B43     		orrs	r3, r3, r5
 966 0040 2360     		str	r3, [r4]
 545:Middlewares/Third_Party/FreeRTOS/Source/event_groups.c **** 		{
 967              		.loc 1 545 3 is_stmt 1 view .LVU271
 524:Middlewares/Third_Party/FreeRTOS/Source/event_groups.c **** EventGroup_t *pxEventBits = xEventGroup;
 968              		.loc 1 524 13 is_stmt 0 view .LVU272
 969 0042 0023     		movs	r3, #0
 970 0044 1F46     		mov	r7, r3
 545:Middlewares/Third_Party/FreeRTOS/Source/event_groups.c **** 		{
 971              		.loc 1 545 8 view .LVU273
 972 0046 0AE0     		b	.L59
 973              	.LVL75:
 974              	.L60:
 567:Middlewares/Third_Party/FreeRTOS/Source/event_groups.c **** 			{
 975              		.loc 1 567 9 is_stmt 1 view .LVU274
 567:Middlewares/Third_Party/FreeRTOS/Source/event_groups.c **** 			{
 976              		.loc 1 567 44 is_stmt 0 view .LVU275
 977 0048 2168     		ldr	r1, [r4]
 567:Middlewares/Third_Party/FreeRTOS/Source/event_groups.c **** 			{
 978              		.loc 1 567 11 view .LVU276
 979 004a 32EA0101 		bics	r1, r2, r1
 980 004e 05D1     		bne	.L62
 567:Middlewares/Third_Party/FreeRTOS/Source/event_groups.c **** 			{
 981              		.loc 1 567 11 view .LVU277
 982 0050 11E0     		b	.L61
 983              	.LVL76:
 984              	.L63:
 586:Middlewares/Third_Party/FreeRTOS/Source/event_groups.c **** 				}
 985              		.loc 1 586 30 is_stmt 1 view .LVU278
 594:Middlewares/Third_Party/FreeRTOS/Source/event_groups.c **** 			}
 986              		.loc 1 594 5 view .LVU279
 594:Middlewares/Third_Party/FreeRTOS/Source/event_groups.c **** 			}
 987              		.loc 1 594 63 is_stmt 0 view .LVU280
 988 0052 2168     		ldr	r1, [r4]
 594:Middlewares/Third_Party/FreeRTOS/Source/event_groups.c **** 			}
 989              		.loc 1 594 5 view .LVU281
 990 0054 41F00071 		orr	r1, r1, #33554432
 991 0058 FFF7FEFF 		bl	vTaskRemoveFromUnorderedEventList
 992              	.LVL77:
 993              	.L62:
 520:Middlewares/Third_Party/FreeRTOS/Source/event_groups.c **** ListItem_t *pxListItem, *pxNext;
 994              		.loc 1 520 1 view .LVU282
 995 005c 2846     		mov	r0, r5
 996              	.LVL78:
 997              	.L59:
 545:Middlewares/Third_Party/FreeRTOS/Source/event_groups.c **** 		{
 998              		.loc 1 545 21 is_stmt 1 view .LVU283
 999 005e B042     		cmp	r0, r6
 1000 0060 10D0     		beq	.L67
 547:Middlewares/Third_Party/FreeRTOS/Source/event_groups.c **** 			uxBitsWaitedFor = listGET_LIST_ITEM_VALUE( pxListItem );
ARM GAS  C:\Users\kalpe\AppData\Local\Temp\ccf7caZ5.s 			page 39


 1001              		.loc 1 547 4 view .LVU284
 547:Middlewares/Third_Party/FreeRTOS/Source/event_groups.c **** 			uxBitsWaitedFor = listGET_LIST_ITEM_VALUE( pxListItem );
 1002              		.loc 1 547 11 is_stmt 0 view .LVU285
 1003 0062 4568     		ldr	r5, [r0, #4]
 1004              	.LVL79:
 548:Middlewares/Third_Party/FreeRTOS/Source/event_groups.c **** 			xMatchFound = pdFALSE;
 1005              		.loc 1 548 4 is_stmt 1 view .LVU286
 548:Middlewares/Third_Party/FreeRTOS/Source/event_groups.c **** 			xMatchFound = pdFALSE;
 1006              		.loc 1 548 20 is_stmt 0 view .LVU287
 1007 0064 0368     		ldr	r3, [r0]
 1008              	.LVL80:
 549:Middlewares/Third_Party/FreeRTOS/Source/event_groups.c **** 
 1009              		.loc 1 549 4 is_stmt 1 view .LVU288
 552:Middlewares/Third_Party/FreeRTOS/Source/event_groups.c **** 			uxBitsWaitedFor &= ~eventEVENT_BITS_CONTROL_BYTES;
 1010              		.loc 1 552 4 view .LVU289
 553:Middlewares/Third_Party/FreeRTOS/Source/event_groups.c **** 
 1011              		.loc 1 553 4 view .LVU290
 553:Middlewares/Third_Party/FreeRTOS/Source/event_groups.c **** 
 1012              		.loc 1 553 20 is_stmt 0 view .LVU291
 1013 0066 23F07F42 		bic	r2, r3, #-16777216
 1014              	.LVL81:
 555:Middlewares/Third_Party/FreeRTOS/Source/event_groups.c **** 			{
 1015              		.loc 1 555 4 is_stmt 1 view .LVU292
 555:Middlewares/Third_Party/FreeRTOS/Source/event_groups.c **** 			{
 1016              		.loc 1 555 6 is_stmt 0 view .LVU293
 1017 006a 13F0806F 		tst	r3, #67108864
 1018 006e EBD1     		bne	.L60
 558:Middlewares/Third_Party/FreeRTOS/Source/event_groups.c **** 				{
 1019              		.loc 1 558 5 is_stmt 1 view .LVU294
 558:Middlewares/Third_Party/FreeRTOS/Source/event_groups.c **** 				{
 1020              		.loc 1 558 40 is_stmt 0 view .LVU295
 1021 0070 2168     		ldr	r1, [r4]
 558:Middlewares/Third_Party/FreeRTOS/Source/event_groups.c **** 				{
 1022              		.loc 1 558 7 view .LVU296
 1023 0072 1142     		tst	r1, r2
 1024 0074 F2D0     		beq	.L62
 1025              	.L61:
 1026              	.LVL82:
 580:Middlewares/Third_Party/FreeRTOS/Source/event_groups.c **** 				{
 1027              		.loc 1 580 5 is_stmt 1 view .LVU297
 580:Middlewares/Third_Party/FreeRTOS/Source/event_groups.c **** 				{
 1028              		.loc 1 580 7 is_stmt 0 view .LVU298
 1029 0076 13F0807F 		tst	r3, #16777216
 1030 007a EAD0     		beq	.L63
 582:Middlewares/Third_Party/FreeRTOS/Source/event_groups.c **** 				}
 1031              		.loc 1 582 6 is_stmt 1 view .LVU299
 582:Middlewares/Third_Party/FreeRTOS/Source/event_groups.c **** 				}
 1032              		.loc 1 582 20 is_stmt 0 view .LVU300
 1033 007c 3B46     		mov	r3, r7
 1034              	.LVL83:
 582:Middlewares/Third_Party/FreeRTOS/Source/event_groups.c **** 				}
 1035              		.loc 1 582 20 view .LVU301
 1036 007e 1343     		orrs	r3, r3, r2
 1037 0080 1F46     		mov	r7, r3
 1038              	.LVL84:
 582:Middlewares/Third_Party/FreeRTOS/Source/event_groups.c **** 				}
 1039              		.loc 1 582 20 view .LVU302
ARM GAS  C:\Users\kalpe\AppData\Local\Temp\ccf7caZ5.s 			page 40


 1040 0082 E6E7     		b	.L63
 1041              	.LVL85:
 1042              	.L67:
 605:Middlewares/Third_Party/FreeRTOS/Source/event_groups.c **** 	}
 1043              		.loc 1 605 3 is_stmt 1 view .LVU303
 605:Middlewares/Third_Party/FreeRTOS/Source/event_groups.c **** 	}
 1044              		.loc 1 605 14 is_stmt 0 view .LVU304
 1045 0084 2368     		ldr	r3, [r4]
 605:Middlewares/Third_Party/FreeRTOS/Source/event_groups.c **** 	}
 1046              		.loc 1 605 28 view .LVU305
 1047 0086 23EA0703 		bic	r3, r3, r7
 1048 008a 2360     		str	r3, [r4]
 607:Middlewares/Third_Party/FreeRTOS/Source/event_groups.c **** 
 1049              		.loc 1 607 2 is_stmt 1 view .LVU306
 607:Middlewares/Third_Party/FreeRTOS/Source/event_groups.c **** 
 1050              		.loc 1 607 11 is_stmt 0 view .LVU307
 1051 008c FFF7FEFF 		bl	xTaskResumeAll
 1052              	.LVL86:
 609:Middlewares/Third_Party/FreeRTOS/Source/event_groups.c **** }
 1053              		.loc 1 609 2 is_stmt 1 view .LVU308
 610:Middlewares/Third_Party/FreeRTOS/Source/event_groups.c **** /*-----------------------------------------------------------*/
 1054              		.loc 1 610 1 is_stmt 0 view .LVU309
 1055 0090 2068     		ldr	r0, [r4]
 1056 0092 F8BD     		pop	{r3, r4, r5, r6, r7, pc}
 610:Middlewares/Third_Party/FreeRTOS/Source/event_groups.c **** /*-----------------------------------------------------------*/
 1057              		.loc 1 610 1 view .LVU310
 1058              		.cfi_endproc
 1059              	.LFE11:
 1061              		.section	.text.xEventGroupSync,"ax",%progbits
 1062              		.align	1
 1063              		.global	xEventGroupSync
 1064              		.syntax unified
 1065              		.thumb
 1066              		.thumb_func
 1068              	xEventGroupSync:
 1069              	.LVL87:
 1070              	.LFB6:
 192:Middlewares/Third_Party/FreeRTOS/Source/event_groups.c **** EventBits_t uxOriginalBitValue, uxReturn;
 1071              		.loc 1 192 1 is_stmt 1 view -0
 1072              		.cfi_startproc
 1073              		@ args = 0, pretend = 0, frame = 0
 1074              		@ frame_needed = 0, uses_anonymous_args = 0
 193:Middlewares/Third_Party/FreeRTOS/Source/event_groups.c **** EventGroup_t *pxEventBits = xEventGroup;
 1075              		.loc 1 193 1 view .LVU312
 194:Middlewares/Third_Party/FreeRTOS/Source/event_groups.c **** BaseType_t xAlreadyYielded;
 1076              		.loc 1 194 1 view .LVU313
 195:Middlewares/Third_Party/FreeRTOS/Source/event_groups.c **** BaseType_t xTimeoutOccurred = pdFALSE;
 1077              		.loc 1 195 1 view .LVU314
 196:Middlewares/Third_Party/FreeRTOS/Source/event_groups.c **** 
 1078              		.loc 1 196 1 view .LVU315
 198:Middlewares/Third_Party/FreeRTOS/Source/event_groups.c **** 	configASSERT( uxBitsToWaitFor != 0 );
 1079              		.loc 1 198 2 view .LVU316
 1080 0000 B2F1807F 		cmp	r2, #16777216
 1081 0004 08D3     		bcc	.L69
 198:Middlewares/Third_Party/FreeRTOS/Source/event_groups.c **** 	configASSERT( uxBitsToWaitFor != 0 );
 1082              		.loc 1 198 2 discriminator 1 view .LVU317
 1083              	.LBB65:
ARM GAS  C:\Users\kalpe\AppData\Local\Temp\ccf7caZ5.s 			page 41


 1084              	.LBI65:
 191:Middlewares/Third_Party/FreeRTOS/Source/portable/GCC/ARM_CM4F/portmacro.h **** {
 1085              		.loc 2 191 30 view .LVU318
 1086              	.LBB66:
 193:Middlewares/Third_Party/FreeRTOS/Source/portable/GCC/ARM_CM4F/portmacro.h **** 
 1087              		.loc 2 193 1 view .LVU319
 195:Middlewares/Third_Party/FreeRTOS/Source/portable/GCC/ARM_CM4F/portmacro.h **** 	(
 1088              		.loc 2 195 2 view .LVU320
 1089              		.syntax unified
 1090              	@ 195 "Middlewares/Third_Party/FreeRTOS/Source/portable/GCC/ARM_CM4F/portmacro.h" 1
 1091 0006 4FF05003 			mov r3, #80												
 1092 000a 83F31188 		msr basepri, r3											
 1093 000e BFF36F8F 		isb														
 1094 0012 BFF34F8F 		dsb														
 1095              	
 1096              	@ 0 "" 2
 1097              	.LVL88:
 1098              		.thumb
 1099              		.syntax unified
 1100              	.L70:
 195:Middlewares/Third_Party/FreeRTOS/Source/portable/GCC/ARM_CM4F/portmacro.h **** 	(
 1101              		.loc 2 195 2 is_stmt 0 view .LVU321
 1102              	.LBE66:
 1103              	.LBE65:
 198:Middlewares/Third_Party/FreeRTOS/Source/event_groups.c **** 	configASSERT( uxBitsToWaitFor != 0 );
 1104              		.loc 1 198 2 is_stmt 1 view .LVU322
 1105 0016 FEE7     		b	.L70
 1106              	.LVL89:
 1107              	.L69:
 192:Middlewares/Third_Party/FreeRTOS/Source/event_groups.c **** EventBits_t uxOriginalBitValue, uxReturn;
 1108              		.loc 1 192 1 is_stmt 0 view .LVU323
 1109 0018 2DE9F041 		push	{r4, r5, r6, r7, r8, lr}
 1110              	.LCFI13:
 1111              		.cfi_def_cfa_offset 24
 1112              		.cfi_offset 4, -24
 1113              		.cfi_offset 5, -20
 1114              		.cfi_offset 6, -16
 1115              		.cfi_offset 7, -12
 1116              		.cfi_offset 8, -8
 1117              		.cfi_offset 14, -4
 1118 001c 0746     		mov	r7, r0
 1119 001e 0E46     		mov	r6, r1
 1120 0020 1446     		mov	r4, r2
 1121 0022 9846     		mov	r8, r3
 198:Middlewares/Third_Party/FreeRTOS/Source/event_groups.c **** 	configASSERT( uxBitsToWaitFor != 0 );
 1122              		.loc 1 198 74 is_stmt 1 view .LVU324
 199:Middlewares/Third_Party/FreeRTOS/Source/event_groups.c **** 	#if ( ( INCLUDE_xTaskGetSchedulerState == 1 ) || ( configUSE_TIMERS == 1 ) )
 1123              		.loc 1 199 2 view .LVU325
 1124 0024 42B9     		cbnz	r2, .L71
 199:Middlewares/Third_Party/FreeRTOS/Source/event_groups.c **** 	#if ( ( INCLUDE_xTaskGetSchedulerState == 1 ) || ( configUSE_TIMERS == 1 ) )
 1125              		.loc 1 199 2 discriminator 1 view .LVU326
 1126              	.LBB67:
 1127              	.LBI67:
 191:Middlewares/Third_Party/FreeRTOS/Source/portable/GCC/ARM_CM4F/portmacro.h **** {
 1128              		.loc 2 191 30 view .LVU327
 1129              	.LBB68:
 193:Middlewares/Third_Party/FreeRTOS/Source/portable/GCC/ARM_CM4F/portmacro.h **** 
ARM GAS  C:\Users\kalpe\AppData\Local\Temp\ccf7caZ5.s 			page 42


 1130              		.loc 2 193 1 view .LVU328
 195:Middlewares/Third_Party/FreeRTOS/Source/portable/GCC/ARM_CM4F/portmacro.h **** 	(
 1131              		.loc 2 195 2 view .LVU329
 1132              		.syntax unified
 1133              	@ 195 "Middlewares/Third_Party/FreeRTOS/Source/portable/GCC/ARM_CM4F/portmacro.h" 1
 1134 0026 4FF05003 			mov r3, #80												
 1135 002a 83F31188 		msr basepri, r3											
 1136 002e BFF36F8F 		isb														
 1137 0032 BFF34F8F 		dsb														
 1138              	
 1139              	@ 0 "" 2
 1140              	.LVL90:
 1141              		.thumb
 1142              		.syntax unified
 1143              	.L72:
 195:Middlewares/Third_Party/FreeRTOS/Source/portable/GCC/ARM_CM4F/portmacro.h **** 	(
 1144              		.loc 2 195 2 is_stmt 0 view .LVU330
 1145              	.LBE68:
 1146              	.LBE67:
 199:Middlewares/Third_Party/FreeRTOS/Source/event_groups.c **** 	#if ( ( INCLUDE_xTaskGetSchedulerState == 1 ) || ( configUSE_TIMERS == 1 ) )
 1147              		.loc 1 199 2 is_stmt 1 view .LVU331
 1148 0036 FEE7     		b	.L72
 1149              	.LVL91:
 1150              	.L71:
 199:Middlewares/Third_Party/FreeRTOS/Source/event_groups.c **** 	#if ( ( INCLUDE_xTaskGetSchedulerState == 1 ) || ( configUSE_TIMERS == 1 ) )
 1151              		.loc 1 199 38 view .LVU332
 202:Middlewares/Third_Party/FreeRTOS/Source/event_groups.c **** 	}
 1152              		.loc 1 202 3 view .LVU333
 1153 0038 FFF7FEFF 		bl	xTaskGetSchedulerState
 1154              	.LVL92:
 202:Middlewares/Third_Party/FreeRTOS/Source/event_groups.c **** 	}
 1155              		.loc 1 202 3 is_stmt 0 discriminator 1 view .LVU334
 1156 003c 50B9     		cbnz	r0, .L73
 202:Middlewares/Third_Party/FreeRTOS/Source/event_groups.c **** 	}
 1157              		.loc 1 202 3 discriminator 3 view .LVU335
 1158 003e 4346     		mov	r3, r8
 1159 0040 43B1     		cbz	r3, .L73
 1160              	.LVL93:
 202:Middlewares/Third_Party/FreeRTOS/Source/event_groups.c **** 	}
 1161              		.loc 1 202 3 is_stmt 1 discriminator 8 view .LVU336
 1162              	.LBB69:
 1163              	.LBI69:
 191:Middlewares/Third_Party/FreeRTOS/Source/portable/GCC/ARM_CM4F/portmacro.h **** {
 1164              		.loc 2 191 30 view .LVU337
 1165              	.LBB70:
 193:Middlewares/Third_Party/FreeRTOS/Source/portable/GCC/ARM_CM4F/portmacro.h **** 
 1166              		.loc 2 193 1 view .LVU338
 195:Middlewares/Third_Party/FreeRTOS/Source/portable/GCC/ARM_CM4F/portmacro.h **** 	(
 1167              		.loc 2 195 2 view .LVU339
 1168              		.syntax unified
 1169              	@ 195 "Middlewares/Third_Party/FreeRTOS/Source/portable/GCC/ARM_CM4F/portmacro.h" 1
 1170 0042 4FF05003 			mov r3, #80												
 1171 0046 83F31188 		msr basepri, r3											
 1172 004a BFF36F8F 		isb														
 1173 004e BFF34F8F 		dsb														
 1174              	
 1175              	@ 0 "" 2
ARM GAS  C:\Users\kalpe\AppData\Local\Temp\ccf7caZ5.s 			page 43


 1176              	.LVL94:
 1177              		.thumb
 1178              		.syntax unified
 1179              	.L74:
 195:Middlewares/Third_Party/FreeRTOS/Source/portable/GCC/ARM_CM4F/portmacro.h **** 	(
 1180              		.loc 2 195 2 is_stmt 0 view .LVU340
 1181              	.LBE70:
 1182              	.LBE69:
 202:Middlewares/Third_Party/FreeRTOS/Source/event_groups.c **** 	}
 1183              		.loc 1 202 3 is_stmt 1 view .LVU341
 1184 0052 FEE7     		b	.L74
 1185              	.L73:
 202:Middlewares/Third_Party/FreeRTOS/Source/event_groups.c **** 	}
 1186              		.loc 1 202 104 view .LVU342
 206:Middlewares/Third_Party/FreeRTOS/Source/event_groups.c **** 	{
 1187              		.loc 1 206 2 view .LVU343
 1188 0054 FFF7FEFF 		bl	vTaskSuspendAll
 1189              	.LVL95:
 208:Middlewares/Third_Party/FreeRTOS/Source/event_groups.c **** 
 1190              		.loc 1 208 3 view .LVU344
 208:Middlewares/Third_Party/FreeRTOS/Source/event_groups.c **** 
 1191              		.loc 1 208 22 is_stmt 0 view .LVU345
 1192 0058 3846     		mov	r0, r7
 1193 005a 3D68     		ldr	r5, [r7]
 1194              	.LVL96:
 210:Middlewares/Third_Party/FreeRTOS/Source/event_groups.c **** 
 1195              		.loc 1 210 3 is_stmt 1 view .LVU346
 210:Middlewares/Third_Party/FreeRTOS/Source/event_groups.c **** 
 1196              		.loc 1 210 12 is_stmt 0 view .LVU347
 1197 005c 3146     		mov	r1, r6
 1198 005e FFF7FEFF 		bl	xEventGroupSetBits
 1199              	.LVL97:
 212:Middlewares/Third_Party/FreeRTOS/Source/event_groups.c **** 		{
 1200              		.loc 1 212 3 is_stmt 1 view .LVU348
 212:Middlewares/Third_Party/FreeRTOS/Source/event_groups.c **** 		{
 1201              		.loc 1 212 30 is_stmt 0 view .LVU349
 1202 0062 3346     		mov	r3, r6
 1203 0064 2B43     		orrs	r3, r3, r5
 1204 0066 1D46     		mov	r5, r3
 1205              	.LVL98:
 212:Middlewares/Third_Party/FreeRTOS/Source/event_groups.c **** 		{
 1206              		.loc 1 212 5 view .LVU350
 1207 0068 34EA0303 		bics	r3, r4, r3
 1208 006c 1ED0     		beq	.L84
 225:Middlewares/Third_Party/FreeRTOS/Source/event_groups.c **** 			{
 1209              		.loc 1 225 4 is_stmt 1 view .LVU351
 225:Middlewares/Third_Party/FreeRTOS/Source/event_groups.c **** 			{
 1210              		.loc 1 225 6 is_stmt 0 view .LVU352
 1211 006e 4346     		mov	r3, r8
 1212 0070 1BBB     		cbnz	r3, .L85
 1213              	.LVL99:
 244:Middlewares/Third_Party/FreeRTOS/Source/event_groups.c **** 				xTimeoutOccurred = pdTRUE;
 1214              		.loc 1 244 5 is_stmt 1 view .LVU353
 244:Middlewares/Third_Party/FreeRTOS/Source/event_groups.c **** 				xTimeoutOccurred = pdTRUE;
 1215              		.loc 1 244 14 is_stmt 0 view .LVU354
 1216 0072 3B68     		ldr	r3, [r7]
 1217              	.LVL100:
ARM GAS  C:\Users\kalpe\AppData\Local\Temp\ccf7caZ5.s 			page 44


 244:Middlewares/Third_Party/FreeRTOS/Source/event_groups.c **** 				xTimeoutOccurred = pdTRUE;
 1218              		.loc 1 244 14 view .LVU355
 1219 0074 1D46     		mov	r5, r3
 1220              	.LVL101:
 245:Middlewares/Third_Party/FreeRTOS/Source/event_groups.c **** 			}
 1221              		.loc 1 245 5 is_stmt 1 view .LVU356
 1222              	.L76:
 249:Middlewares/Third_Party/FreeRTOS/Source/event_groups.c **** 
 1223              		.loc 1 249 2 view .LVU357
 249:Middlewares/Third_Party/FreeRTOS/Source/event_groups.c **** 
 1224              		.loc 1 249 20 is_stmt 0 view .LVU358
 1225 0076 FFF7FEFF 		bl	xTaskResumeAll
 1226              	.LVL102:
 251:Middlewares/Third_Party/FreeRTOS/Source/event_groups.c **** 	{
 1227              		.loc 1 251 2 is_stmt 1 view .LVU359
 251:Middlewares/Third_Party/FreeRTOS/Source/event_groups.c **** 	{
 1228              		.loc 1 251 4 is_stmt 0 view .LVU360
 1229 007a 4346     		mov	r3, r8
 1230 007c 9BB1     		cbz	r3, .L68
 253:Middlewares/Third_Party/FreeRTOS/Source/event_groups.c **** 		{
 1231              		.loc 1 253 3 is_stmt 1 view .LVU361
 253:Middlewares/Third_Party/FreeRTOS/Source/event_groups.c **** 		{
 1232              		.loc 1 253 5 is_stmt 0 view .LVU362
 1233 007e 48B9     		cbnz	r0, .L79
 255:Middlewares/Third_Party/FreeRTOS/Source/event_groups.c **** 		}
 1234              		.loc 1 255 4 is_stmt 1 view .LVU363
 1235 0080 4FF0E023 		mov	r3, #-536813568
 1236 0084 4FF08052 		mov	r2, #268435456
 1237 0088 C3F8042D 		str	r2, [r3, #3332]
 255:Middlewares/Third_Party/FreeRTOS/Source/event_groups.c **** 		}
 1238              		.loc 1 255 4 view .LVU364
 1239              		.syntax unified
 1240              	@ 255 "Middlewares/Third_Party/FreeRTOS/Source/event_groups.c" 1
 1241 008c BFF34F8F 		dsb
 1242              	@ 0 "" 2
 255:Middlewares/Third_Party/FreeRTOS/Source/event_groups.c **** 		}
 1243              		.loc 1 255 4 view .LVU365
 1244              	@ 255 "Middlewares/Third_Party/FreeRTOS/Source/event_groups.c" 1
 1245 0090 BFF36F8F 		isb
 1246              	@ 0 "" 2
 255:Middlewares/Third_Party/FreeRTOS/Source/event_groups.c **** 		}
 1247              		.loc 1 255 26 view .LVU366
 1248              		.thumb
 1249              		.syntax unified
 1250              	.L79:
 259:Middlewares/Third_Party/FreeRTOS/Source/event_groups.c **** 		}
 1251              		.loc 1 259 28 view .LVU367
 266:Middlewares/Third_Party/FreeRTOS/Source/event_groups.c **** 
 1252              		.loc 1 266 3 view .LVU368
 266:Middlewares/Third_Party/FreeRTOS/Source/event_groups.c **** 
 1253              		.loc 1 266 14 is_stmt 0 view .LVU369
 1254 0094 FFF7FEFF 		bl	uxTaskResetEventItemValue
 1255              	.LVL103:
 266:Middlewares/Third_Party/FreeRTOS/Source/event_groups.c **** 
 1256              		.loc 1 266 14 view .LVU370
 1257 0098 0546     		mov	r5, r0
 1258              	.LVL104:
ARM GAS  C:\Users\kalpe\AppData\Local\Temp\ccf7caZ5.s 			page 45


 268:Middlewares/Third_Party/FreeRTOS/Source/event_groups.c **** 		{
 1259              		.loc 1 268 3 is_stmt 1 view .LVU371
 268:Middlewares/Third_Party/FreeRTOS/Source/event_groups.c **** 		{
 1260              		.loc 1 268 5 is_stmt 0 view .LVU372
 1261 009a 10F0007F 		tst	r0, #33554432
 1262 009e 15D0     		beq	.L86
 1263              	.LVL105:
 1264              	.L80:
 295:Middlewares/Third_Party/FreeRTOS/Source/event_groups.c **** 
 1265              		.loc 1 295 3 is_stmt 1 view .LVU373
 299:Middlewares/Third_Party/FreeRTOS/Source/event_groups.c **** 	}
 1266              		.loc 1 299 3 view .LVU374
 299:Middlewares/Third_Party/FreeRTOS/Source/event_groups.c **** 	}
 1267              		.loc 1 299 12 is_stmt 0 view .LVU375
 1268 00a0 25F07F43 		bic	r3, r5, #-16777216
 1269 00a4 1D46     		mov	r5, r3
 1270              	.LVL106:
 302:Middlewares/Third_Party/FreeRTOS/Source/event_groups.c **** 
 1271              		.loc 1 302 2 is_stmt 1 view .LVU376
 305:Middlewares/Third_Party/FreeRTOS/Source/event_groups.c **** 
 1272              		.loc 1 305 2 view .LVU377
 307:Middlewares/Third_Party/FreeRTOS/Source/event_groups.c **** }
 1273              		.loc 1 307 2 view .LVU378
 1274              	.L68:
 308:Middlewares/Third_Party/FreeRTOS/Source/event_groups.c **** /*-----------------------------------------------------------*/
 1275              		.loc 1 308 1 is_stmt 0 view .LVU379
 1276 00a6 2846     		mov	r0, r5
 1277 00a8 BDE8F081 		pop	{r4, r5, r6, r7, r8, pc}
 1278              	.LVL107:
 1279              	.L84:
 215:Middlewares/Third_Party/FreeRTOS/Source/event_groups.c **** 
 1280              		.loc 1 215 4 is_stmt 1 view .LVU380
 219:Middlewares/Third_Party/FreeRTOS/Source/event_groups.c **** 
 1281              		.loc 1 219 4 view .LVU381
 219:Middlewares/Third_Party/FreeRTOS/Source/event_groups.c **** 
 1282              		.loc 1 219 15 is_stmt 0 view .LVU382
 1283 00ac 3B68     		ldr	r3, [r7]
 219:Middlewares/Third_Party/FreeRTOS/Source/event_groups.c **** 
 1284              		.loc 1 219 29 view .LVU383
 1285 00ae 23EA0403 		bic	r3, r3, r4
 1286 00b2 3B60     		str	r3, [r7]
 221:Middlewares/Third_Party/FreeRTOS/Source/event_groups.c **** 		}
 1287              		.loc 1 221 4 is_stmt 1 view .LVU384
 1288              	.LVL108:
 221:Middlewares/Third_Party/FreeRTOS/Source/event_groups.c **** 		}
 1289              		.loc 1 221 17 is_stmt 0 view .LVU385
 1290 00b4 0023     		movs	r3, #0
 1291 00b6 9846     		mov	r8, r3
 1292 00b8 DDE7     		b	.L76
 1293              	.LVL109:
 1294              	.L85:
 227:Middlewares/Third_Party/FreeRTOS/Source/event_groups.c **** 
 1295              		.loc 1 227 77 is_stmt 1 view .LVU386
 232:Middlewares/Third_Party/FreeRTOS/Source/event_groups.c **** 
 1296              		.loc 1 232 5 view .LVU387
 1297 00ba 4246     		mov	r2, r8
 1298 00bc 44F0A061 		orr	r1, r4, #83886080
ARM GAS  C:\Users\kalpe\AppData\Local\Temp\ccf7caZ5.s 			page 46


 1299 00c0 381D     		adds	r0, r7, #4
 1300 00c2 FFF7FEFF 		bl	vTaskPlaceOnUnorderedEventList
 1301              	.LVL110:
 238:Middlewares/Third_Party/FreeRTOS/Source/event_groups.c **** 			}
 1302              		.loc 1 238 5 view .LVU388
 238:Middlewares/Third_Party/FreeRTOS/Source/event_groups.c **** 			}
 1303              		.loc 1 238 14 is_stmt 0 view .LVU389
 1304 00c6 0023     		movs	r3, #0
 1305 00c8 1D46     		mov	r5, r3
 1306 00ca D4E7     		b	.L76
 1307              	.LVL111:
 1308              	.L86:
 271:Middlewares/Third_Party/FreeRTOS/Source/event_groups.c **** 			{
 1309              		.loc 1 271 4 is_stmt 1 view .LVU390
 1310 00cc FFF7FEFF 		bl	vPortEnterCritical
 1311              	.LVL112:
 273:Middlewares/Third_Party/FreeRTOS/Source/event_groups.c **** 
 1312              		.loc 1 273 5 view .LVU391
 273:Middlewares/Third_Party/FreeRTOS/Source/event_groups.c **** 
 1313              		.loc 1 273 14 is_stmt 0 view .LVU392
 1314 00d0 3B68     		ldr	r3, [r7]
 1315 00d2 1D46     		mov	r5, r3
 1316              	.LVL113:
 279:Middlewares/Third_Party/FreeRTOS/Source/event_groups.c **** 				{
 1317              		.loc 1 279 5 is_stmt 1 view .LVU393
 279:Middlewares/Third_Party/FreeRTOS/Source/event_groups.c **** 				{
 1318              		.loc 1 279 7 is_stmt 0 view .LVU394
 1319 00d4 34EA0303 		bics	r3, r4, r3
 1320              	.LVL114:
 279:Middlewares/Third_Party/FreeRTOS/Source/event_groups.c **** 				{
 1321              		.loc 1 279 7 view .LVU395
 1322 00d8 02D0     		beq	.L87
 1323              	.LVL115:
 1324              	.L81:
 285:Middlewares/Third_Party/FreeRTOS/Source/event_groups.c **** 				}
 1325              		.loc 1 285 30 is_stmt 1 view .LVU396
 288:Middlewares/Third_Party/FreeRTOS/Source/event_groups.c **** 
 1326              		.loc 1 288 4 view .LVU397
 1327 00da FFF7FEFF 		bl	vPortExitCritical
 1328              	.LVL116:
 290:Middlewares/Third_Party/FreeRTOS/Source/event_groups.c **** 		}
 1329              		.loc 1 290 4 view .LVU398
 290:Middlewares/Third_Party/FreeRTOS/Source/event_groups.c **** 		}
 1330              		.loc 1 290 4 is_stmt 0 view .LVU399
 1331 00de DFE7     		b	.L80
 1332              	.LVL117:
 1333              	.L87:
 281:Middlewares/Third_Party/FreeRTOS/Source/event_groups.c **** 				}
 1334              		.loc 1 281 6 is_stmt 1 view .LVU400
 281:Middlewares/Third_Party/FreeRTOS/Source/event_groups.c **** 				}
 1335              		.loc 1 281 31 is_stmt 0 view .LVU401
 1336 00e0 25EA0404 		bic	r4, r5, r4
 1337              	.LVL118:
 281:Middlewares/Third_Party/FreeRTOS/Source/event_groups.c **** 				}
 1338              		.loc 1 281 31 view .LVU402
 1339 00e4 3C60     		str	r4, [r7]
 1340 00e6 F8E7     		b	.L81
ARM GAS  C:\Users\kalpe\AppData\Local\Temp\ccf7caZ5.s 			page 47


 1341              		.cfi_endproc
 1342              	.LFE6:
 1344              		.section	.text.vEventGroupSetBitsCallback,"ax",%progbits
 1345              		.align	1
 1346              		.global	vEventGroupSetBitsCallback
 1347              		.syntax unified
 1348              		.thumb
 1349              		.thumb_func
 1351              	vEventGroupSetBitsCallback:
 1352              	.LVL119:
 1353              	.LFB13:
 658:Middlewares/Third_Party/FreeRTOS/Source/event_groups.c **** 	( void ) xEventGroupSetBits( pvEventGroup, ( EventBits_t ) ulBitsToSet ); /*lint !e9079 Can't avoi
 1354              		.loc 1 658 1 is_stmt 1 view -0
 1355              		.cfi_startproc
 1356              		@ args = 0, pretend = 0, frame = 0
 1357              		@ frame_needed = 0, uses_anonymous_args = 0
 658:Middlewares/Third_Party/FreeRTOS/Source/event_groups.c **** 	( void ) xEventGroupSetBits( pvEventGroup, ( EventBits_t ) ulBitsToSet ); /*lint !e9079 Can't avoi
 1358              		.loc 1 658 1 is_stmt 0 view .LVU404
 1359 0000 08B5     		push	{r3, lr}
 1360              	.LCFI14:
 1361              		.cfi_def_cfa_offset 8
 1362              		.cfi_offset 3, -8
 1363              		.cfi_offset 14, -4
 659:Middlewares/Third_Party/FreeRTOS/Source/event_groups.c **** }
 1364              		.loc 1 659 2 is_stmt 1 view .LVU405
 659:Middlewares/Third_Party/FreeRTOS/Source/event_groups.c **** }
 1365              		.loc 1 659 11 is_stmt 0 view .LVU406
 1366 0002 FFF7FEFF 		bl	xEventGroupSetBits
 1367              	.LVL120:
 660:Middlewares/Third_Party/FreeRTOS/Source/event_groups.c **** /*-----------------------------------------------------------*/
 1368              		.loc 1 660 1 view .LVU407
 1369 0006 08BD     		pop	{r3, pc}
 1370              		.cfi_endproc
 1371              	.LFE13:
 1373              		.section	.text.vEventGroupDelete,"ax",%progbits
 1374              		.align	1
 1375              		.global	vEventGroupDelete
 1376              		.syntax unified
 1377              		.thumb
 1378              		.thumb_func
 1380              	vEventGroupDelete:
 1381              	.LVL121:
 1382              	.LFB12:
 614:Middlewares/Third_Party/FreeRTOS/Source/event_groups.c **** EventGroup_t *pxEventBits = xEventGroup;
 1383              		.loc 1 614 1 is_stmt 1 view -0
 1384              		.cfi_startproc
 1385              		@ args = 0, pretend = 0, frame = 0
 1386              		@ frame_needed = 0, uses_anonymous_args = 0
 614:Middlewares/Third_Party/FreeRTOS/Source/event_groups.c **** EventGroup_t *pxEventBits = xEventGroup;
 1387              		.loc 1 614 1 is_stmt 0 view .LVU409
 1388 0000 10B5     		push	{r4, lr}
 1389              	.LCFI15:
 1390              		.cfi_def_cfa_offset 8
 1391              		.cfi_offset 4, -8
 1392              		.cfi_offset 14, -4
 1393 0002 0446     		mov	r4, r0
 615:Middlewares/Third_Party/FreeRTOS/Source/event_groups.c **** const List_t *pxTasksWaitingForBits = &( pxEventBits->xTasksWaitingForBits );
ARM GAS  C:\Users\kalpe\AppData\Local\Temp\ccf7caZ5.s 			page 48


 1394              		.loc 1 615 1 is_stmt 1 view .LVU410
 1395              	.LVL122:
 616:Middlewares/Third_Party/FreeRTOS/Source/event_groups.c **** 
 1396              		.loc 1 616 1 view .LVU411
 618:Middlewares/Third_Party/FreeRTOS/Source/event_groups.c **** 	{
 1397              		.loc 1 618 2 view .LVU412
 1398 0004 FFF7FEFF 		bl	vTaskSuspendAll
 1399              	.LVL123:
 620:Middlewares/Third_Party/FreeRTOS/Source/event_groups.c **** 
 1400              		.loc 1 620 41 view .LVU413
 622:Middlewares/Third_Party/FreeRTOS/Source/event_groups.c **** 		{
 1401              		.loc 1 622 3 view .LVU414
 1402              	.L91:
 622:Middlewares/Third_Party/FreeRTOS/Source/event_groups.c **** 		{
 1403              		.loc 1 622 59 view .LVU415
 622:Middlewares/Third_Party/FreeRTOS/Source/event_groups.c **** 		{
 1404              		.loc 1 622 10 is_stmt 0 view .LVU416
 1405 0008 6368     		ldr	r3, [r4, #4]
 622:Middlewares/Third_Party/FreeRTOS/Source/event_groups.c **** 		{
 1406              		.loc 1 622 59 view .LVU417
 1407 000a 93B1     		cbz	r3, .L97
 626:Middlewares/Third_Party/FreeRTOS/Source/event_groups.c **** 			vTaskRemoveFromUnorderedEventList( pxTasksWaitingForBits->xListEnd.pxNext, eventUNBLOCKED_DUE_TO
 1408              		.loc 1 626 4 is_stmt 1 view .LVU418
 1409 000c 2069     		ldr	r0, [r4, #16]
 1410 000e 04F10C03 		add	r3, r4, #12
 1411 0012 9842     		cmp	r0, r3
 1412 0014 04D0     		beq	.L98
 626:Middlewares/Third_Party/FreeRTOS/Source/event_groups.c **** 			vTaskRemoveFromUnorderedEventList( pxTasksWaitingForBits->xListEnd.pxNext, eventUNBLOCKED_DUE_TO
 1413              		.loc 1 626 121 view .LVU419
 627:Middlewares/Third_Party/FreeRTOS/Source/event_groups.c **** 		}
 1414              		.loc 1 627 4 view .LVU420
 1415 0016 4FF00071 		mov	r1, #33554432
 1416 001a FFF7FEFF 		bl	vTaskRemoveFromUnorderedEventList
 1417              	.LVL124:
 1418 001e F3E7     		b	.L91
 1419              	.L98:
 626:Middlewares/Third_Party/FreeRTOS/Source/event_groups.c **** 			vTaskRemoveFromUnorderedEventList( pxTasksWaitingForBits->xListEnd.pxNext, eventUNBLOCKED_DUE_TO
 1420              		.loc 1 626 4 discriminator 1 view .LVU421
 1421              	.LBB71:
 1422              	.LBI71:
 191:Middlewares/Third_Party/FreeRTOS/Source/portable/GCC/ARM_CM4F/portmacro.h **** {
 1423              		.loc 2 191 30 view .LVU422
 1424              	.LBB72:
 193:Middlewares/Third_Party/FreeRTOS/Source/portable/GCC/ARM_CM4F/portmacro.h **** 
 1425              		.loc 2 193 1 view .LVU423
 195:Middlewares/Third_Party/FreeRTOS/Source/portable/GCC/ARM_CM4F/portmacro.h **** 	(
 1426              		.loc 2 195 2 view .LVU424
 1427              		.syntax unified
 1428              	@ 195 "Middlewares/Third_Party/FreeRTOS/Source/portable/GCC/ARM_CM4F/portmacro.h" 1
 1429 0020 4FF05003 			mov r3, #80												
 1430 0024 83F31188 		msr basepri, r3											
 1431 0028 BFF36F8F 		isb														
 1432 002c BFF34F8F 		dsb														
 1433              	
 1434              	@ 0 "" 2
 1435              		.thumb
 1436              		.syntax unified
ARM GAS  C:\Users\kalpe\AppData\Local\Temp\ccf7caZ5.s 			page 49


 1437              	.L93:
 1438              	.LBE72:
 1439              	.LBE71:
 626:Middlewares/Third_Party/FreeRTOS/Source/event_groups.c **** 			vTaskRemoveFromUnorderedEventList( pxTasksWaitingForBits->xListEnd.pxNext, eventUNBLOCKED_DUE_TO
 1440              		.loc 1 626 4 view .LVU425
 1441 0030 FEE7     		b	.L93
 1442              	.L97:
 640:Middlewares/Third_Party/FreeRTOS/Source/event_groups.c **** 			{
 1443              		.loc 1 640 4 view .LVU426
 640:Middlewares/Third_Party/FreeRTOS/Source/event_groups.c **** 			{
 1444              		.loc 1 640 19 is_stmt 0 view .LVU427
 1445 0032 237F     		ldrb	r3, [r4, #28]	@ zero_extendqisi2
 640:Middlewares/Third_Party/FreeRTOS/Source/event_groups.c **** 			{
 1446              		.loc 1 640 6 view .LVU428
 1447 0034 13B1     		cbz	r3, .L99
 1448              	.L95:
 646:Middlewares/Third_Party/FreeRTOS/Source/event_groups.c **** 			}
 1449              		.loc 1 646 29 is_stmt 1 view .LVU429
 651:Middlewares/Third_Party/FreeRTOS/Source/event_groups.c **** }
 1450              		.loc 1 651 2 view .LVU430
 651:Middlewares/Third_Party/FreeRTOS/Source/event_groups.c **** }
 1451              		.loc 1 651 11 is_stmt 0 view .LVU431
 1452 0036 FFF7FEFF 		bl	xTaskResumeAll
 1453              	.LVL125:
 652:Middlewares/Third_Party/FreeRTOS/Source/event_groups.c **** /*-----------------------------------------------------------*/
 1454              		.loc 1 652 1 view .LVU432
 1455 003a 10BD     		pop	{r4, pc}
 1456              	.LVL126:
 1457              	.L99:
 642:Middlewares/Third_Party/FreeRTOS/Source/event_groups.c **** 			}
 1458              		.loc 1 642 5 is_stmt 1 view .LVU433
 1459 003c 2046     		mov	r0, r4
 1460 003e FFF7FEFF 		bl	vPortFree
 1461              	.LVL127:
 1462 0042 F8E7     		b	.L95
 1463              		.cfi_endproc
 1464              	.LFE12:
 1466              		.section	.text.xEventGroupSetBitsFromISR,"ax",%progbits
 1467              		.align	1
 1468              		.global	xEventGroupSetBitsFromISR
 1469              		.syntax unified
 1470              		.thumb
 1471              		.thumb_func
 1473              	xEventGroupSetBitsFromISR:
 1474              	.LVL128:
 1475              	.LFB16:
 704:Middlewares/Third_Party/FreeRTOS/Source/event_groups.c **** /*-----------------------------------------------------------*/
 705:Middlewares/Third_Party/FreeRTOS/Source/event_groups.c **** 
 706:Middlewares/Third_Party/FreeRTOS/Source/event_groups.c **** #if ( ( configUSE_TRACE_FACILITY == 1 ) && ( INCLUDE_xTimerPendFunctionCall == 1 ) && ( configUSE_T
 707:Middlewares/Third_Party/FreeRTOS/Source/event_groups.c **** 
 708:Middlewares/Third_Party/FreeRTOS/Source/event_groups.c **** 	BaseType_t xEventGroupSetBitsFromISR( EventGroupHandle_t xEventGroup, const EventBits_t uxBitsToSe
 709:Middlewares/Third_Party/FreeRTOS/Source/event_groups.c **** 	{
 1476              		.loc 1 709 2 view -0
 1477              		.cfi_startproc
 1478              		@ args = 0, pretend = 0, frame = 0
 1479              		@ frame_needed = 0, uses_anonymous_args = 0
 1480              		.loc 1 709 2 is_stmt 0 view .LVU435
ARM GAS  C:\Users\kalpe\AppData\Local\Temp\ccf7caZ5.s 			page 50


 1481 0000 08B5     		push	{r3, lr}
 1482              	.LCFI16:
 1483              		.cfi_def_cfa_offset 8
 1484              		.cfi_offset 3, -8
 1485              		.cfi_offset 14, -4
 1486 0002 1346     		mov	r3, r2
 710:Middlewares/Third_Party/FreeRTOS/Source/event_groups.c **** 	BaseType_t xReturn;
 1487              		.loc 1 710 2 is_stmt 1 view .LVU436
 711:Middlewares/Third_Party/FreeRTOS/Source/event_groups.c **** 
 712:Middlewares/Third_Party/FreeRTOS/Source/event_groups.c **** 		traceEVENT_GROUP_SET_BITS_FROM_ISR( xEventGroup, uxBitsToSet );
 1488              		.loc 1 712 65 view .LVU437
 713:Middlewares/Third_Party/FreeRTOS/Source/event_groups.c **** 		xReturn = xTimerPendFunctionCallFromISR( vEventGroupSetBitsCallback, ( void * ) xEventGroup, ( ui
 1489              		.loc 1 713 3 view .LVU438
 1490              		.loc 1 713 13 is_stmt 0 view .LVU439
 1491 0004 0A46     		mov	r2, r1
 1492              	.LVL129:
 1493              		.loc 1 713 13 view .LVU440
 1494 0006 0146     		mov	r1, r0
 1495              	.LVL130:
 1496              		.loc 1 713 13 view .LVU441
 1497 0008 0148     		ldr	r0, .L102
 1498              	.LVL131:
 1499              		.loc 1 713 13 view .LVU442
 1500 000a FFF7FEFF 		bl	xTimerPendFunctionCallFromISR
 1501              	.LVL132:
 714:Middlewares/Third_Party/FreeRTOS/Source/event_groups.c **** 
 715:Middlewares/Third_Party/FreeRTOS/Source/event_groups.c **** 		return xReturn;
 1502              		.loc 1 715 3 is_stmt 1 view .LVU443
 716:Middlewares/Third_Party/FreeRTOS/Source/event_groups.c **** 	}
 1503              		.loc 1 716 2 is_stmt 0 view .LVU444
 1504 000e 08BD     		pop	{r3, pc}
 1505              	.L103:
 1506              		.align	2
 1507              	.L102:
 1508 0010 00000000 		.word	vEventGroupSetBitsCallback
 1509              		.cfi_endproc
 1510              	.LFE16:
 1512              		.section	.text.uxEventGroupGetNumber,"ax",%progbits
 1513              		.align	1
 1514              		.global	uxEventGroupGetNumber
 1515              		.syntax unified
 1516              		.thumb
 1517              		.thumb_func
 1519              	uxEventGroupGetNumber:
 1520              	.LVL133:
 1521              	.LFB17:
 717:Middlewares/Third_Party/FreeRTOS/Source/event_groups.c **** 
 718:Middlewares/Third_Party/FreeRTOS/Source/event_groups.c **** #endif
 719:Middlewares/Third_Party/FreeRTOS/Source/event_groups.c **** /*-----------------------------------------------------------*/
 720:Middlewares/Third_Party/FreeRTOS/Source/event_groups.c **** 
 721:Middlewares/Third_Party/FreeRTOS/Source/event_groups.c **** #if (configUSE_TRACE_FACILITY == 1)
 722:Middlewares/Third_Party/FreeRTOS/Source/event_groups.c **** 
 723:Middlewares/Third_Party/FreeRTOS/Source/event_groups.c **** 	UBaseType_t uxEventGroupGetNumber( void* xEventGroup )
 724:Middlewares/Third_Party/FreeRTOS/Source/event_groups.c **** 	{
 1522              		.loc 1 724 2 is_stmt 1 view -0
 1523              		.cfi_startproc
 1524              		@ args = 0, pretend = 0, frame = 0
ARM GAS  C:\Users\kalpe\AppData\Local\Temp\ccf7caZ5.s 			page 51


 1525              		@ frame_needed = 0, uses_anonymous_args = 0
 1526              		@ link register save eliminated.
 725:Middlewares/Third_Party/FreeRTOS/Source/event_groups.c **** 	UBaseType_t xReturn;
 1527              		.loc 1 725 2 view .LVU446
 726:Middlewares/Third_Party/FreeRTOS/Source/event_groups.c **** 	EventGroup_t const *pxEventBits = ( EventGroup_t * ) xEventGroup; /*lint !e9087 !e9079 EventGroupH
 1528              		.loc 1 726 2 view .LVU447
 727:Middlewares/Third_Party/FreeRTOS/Source/event_groups.c **** 
 728:Middlewares/Third_Party/FreeRTOS/Source/event_groups.c **** 		if( xEventGroup == NULL )
 1529              		.loc 1 728 3 view .LVU448
 1530              		.loc 1 728 5 is_stmt 0 view .LVU449
 1531 0000 00B1     		cbz	r0, .L104
 729:Middlewares/Third_Party/FreeRTOS/Source/event_groups.c **** 		{
 730:Middlewares/Third_Party/FreeRTOS/Source/event_groups.c **** 			xReturn = 0;
 731:Middlewares/Third_Party/FreeRTOS/Source/event_groups.c **** 		}
 732:Middlewares/Third_Party/FreeRTOS/Source/event_groups.c **** 		else
 733:Middlewares/Third_Party/FreeRTOS/Source/event_groups.c **** 		{
 734:Middlewares/Third_Party/FreeRTOS/Source/event_groups.c **** 			xReturn = pxEventBits->uxEventGroupNumber;
 1532              		.loc 1 734 4 is_stmt 1 view .LVU450
 1533              		.loc 1 734 12 is_stmt 0 view .LVU451
 1534 0002 8069     		ldr	r0, [r0, #24]
 1535              	.LVL134:
 1536              	.L104:
 735:Middlewares/Third_Party/FreeRTOS/Source/event_groups.c **** 		}
 736:Middlewares/Third_Party/FreeRTOS/Source/event_groups.c **** 
 737:Middlewares/Third_Party/FreeRTOS/Source/event_groups.c **** 		return xReturn;
 738:Middlewares/Third_Party/FreeRTOS/Source/event_groups.c **** 	}
 1537              		.loc 1 738 2 view .LVU452
 1538 0004 7047     		bx	lr
 1539              		.cfi_endproc
 1540              	.LFE17:
 1542              		.section	.text.vEventGroupSetNumber,"ax",%progbits
 1543              		.align	1
 1544              		.global	vEventGroupSetNumber
 1545              		.syntax unified
 1546              		.thumb
 1547              		.thumb_func
 1549              	vEventGroupSetNumber:
 1550              	.LVL135:
 1551              	.LFB18:
 739:Middlewares/Third_Party/FreeRTOS/Source/event_groups.c **** 
 740:Middlewares/Third_Party/FreeRTOS/Source/event_groups.c **** #endif /* configUSE_TRACE_FACILITY */
 741:Middlewares/Third_Party/FreeRTOS/Source/event_groups.c **** /*-----------------------------------------------------------*/
 742:Middlewares/Third_Party/FreeRTOS/Source/event_groups.c **** 
 743:Middlewares/Third_Party/FreeRTOS/Source/event_groups.c **** #if ( configUSE_TRACE_FACILITY == 1 )
 744:Middlewares/Third_Party/FreeRTOS/Source/event_groups.c **** 
 745:Middlewares/Third_Party/FreeRTOS/Source/event_groups.c **** 	void vEventGroupSetNumber( void * xEventGroup, UBaseType_t uxEventGroupNumber )
 746:Middlewares/Third_Party/FreeRTOS/Source/event_groups.c **** 	{
 1552              		.loc 1 746 2 is_stmt 1 view -0
 1553              		.cfi_startproc
 1554              		@ args = 0, pretend = 0, frame = 0
 1555              		@ frame_needed = 0, uses_anonymous_args = 0
 1556              		@ link register save eliminated.
 747:Middlewares/Third_Party/FreeRTOS/Source/event_groups.c **** 		( ( EventGroup_t * ) xEventGroup )->uxEventGroupNumber = uxEventGroupNumber; /*lint !e9087 !e9079
 1557              		.loc 1 747 3 view .LVU454
 1558              		.loc 1 747 58 is_stmt 0 view .LVU455
 1559 0000 8161     		str	r1, [r0, #24]
 748:Middlewares/Third_Party/FreeRTOS/Source/event_groups.c **** 	}
ARM GAS  C:\Users\kalpe\AppData\Local\Temp\ccf7caZ5.s 			page 52


 1560              		.loc 1 748 2 view .LVU456
 1561 0002 7047     		bx	lr
 1562              		.cfi_endproc
 1563              	.LFE18:
 1565              		.text
 1566              	.Letext0:
 1567              		.file 3 "C:/Program Files/Arm/GNU Toolchain mingw-w64-x86_64-arm-none-eabi/lib/gcc/arm-none-eabi/1
 1568              		.file 4 "C:/Program Files/Arm/GNU Toolchain mingw-w64-x86_64-arm-none-eabi/arm-none-eabi/include/m
 1569              		.file 5 "C:/Program Files/Arm/GNU Toolchain mingw-w64-x86_64-arm-none-eabi/arm-none-eabi/include/s
 1570              		.file 6 "Middlewares/Third_Party/FreeRTOS/Source/include/FreeRTOS.h"
 1571              		.file 7 "Middlewares/Third_Party/FreeRTOS/Source/include/list.h"
 1572              		.file 8 "Middlewares/Third_Party/FreeRTOS/Source/include/timers.h"
 1573              		.file 9 "Middlewares/Third_Party/FreeRTOS/Source/include/event_groups.h"
 1574              		.file 10 "Middlewares/Third_Party/FreeRTOS/Source/include/portable.h"
 1575              		.file 11 "Middlewares/Third_Party/FreeRTOS/Source/include/task.h"
ARM GAS  C:\Users\kalpe\AppData\Local\Temp\ccf7caZ5.s 			page 53


DEFINED SYMBOLS
                            *ABS*:00000000 event_groups.c
C:\Users\kalpe\AppData\Local\Temp\ccf7caZ5.s:21     .text.prvTestWaitCondition:00000000 $t
C:\Users\kalpe\AppData\Local\Temp\ccf7caZ5.s:26     .text.prvTestWaitCondition:00000000 prvTestWaitCondition
C:\Users\kalpe\AppData\Local\Temp\ccf7caZ5.s:80     .text.xEventGroupCreateStatic:00000000 $t
C:\Users\kalpe\AppData\Local\Temp\ccf7caZ5.s:86     .text.xEventGroupCreateStatic:00000000 xEventGroupCreateStatic
C:\Users\kalpe\AppData\Local\Temp\ccf7caZ5.s:205    .text.xEventGroupCreate:00000000 $t
C:\Users\kalpe\AppData\Local\Temp\ccf7caZ5.s:211    .text.xEventGroupCreate:00000000 xEventGroupCreate
C:\Users\kalpe\AppData\Local\Temp\ccf7caZ5.s:256    .text.xEventGroupWaitBits:00000000 $t
C:\Users\kalpe\AppData\Local\Temp\ccf7caZ5.s:262    .text.xEventGroupWaitBits:00000000 xEventGroupWaitBits
C:\Users\kalpe\AppData\Local\Temp\ccf7caZ5.s:618    .text.xEventGroupClearBits:00000000 $t
C:\Users\kalpe\AppData\Local\Temp\ccf7caZ5.s:624    .text.xEventGroupClearBits:00000000 xEventGroupClearBits
C:\Users\kalpe\AppData\Local\Temp\ccf7caZ5.s:722    .text.vEventGroupClearBitsCallback:00000000 $t
C:\Users\kalpe\AppData\Local\Temp\ccf7caZ5.s:728    .text.vEventGroupClearBitsCallback:00000000 vEventGroupClearBitsCallback
C:\Users\kalpe\AppData\Local\Temp\ccf7caZ5.s:751    .text.xEventGroupClearBitsFromISR:00000000 $t
C:\Users\kalpe\AppData\Local\Temp\ccf7caZ5.s:757    .text.xEventGroupClearBitsFromISR:00000000 xEventGroupClearBitsFromISR
C:\Users\kalpe\AppData\Local\Temp\ccf7caZ5.s:790    .text.xEventGroupClearBitsFromISR:00000010 $d
C:\Users\kalpe\AppData\Local\Temp\ccf7caZ5.s:795    .text.xEventGroupGetBitsFromISR:00000000 $t
C:\Users\kalpe\AppData\Local\Temp\ccf7caZ5.s:801    .text.xEventGroupGetBitsFromISR:00000000 xEventGroupGetBitsFromISR
C:\Users\kalpe\AppData\Local\Temp\ccf7caZ5.s:862    .text.xEventGroupSetBits:00000000 $t
C:\Users\kalpe\AppData\Local\Temp\ccf7caZ5.s:868    .text.xEventGroupSetBits:00000000 xEventGroupSetBits
C:\Users\kalpe\AppData\Local\Temp\ccf7caZ5.s:1062   .text.xEventGroupSync:00000000 $t
C:\Users\kalpe\AppData\Local\Temp\ccf7caZ5.s:1068   .text.xEventGroupSync:00000000 xEventGroupSync
C:\Users\kalpe\AppData\Local\Temp\ccf7caZ5.s:1345   .text.vEventGroupSetBitsCallback:00000000 $t
C:\Users\kalpe\AppData\Local\Temp\ccf7caZ5.s:1351   .text.vEventGroupSetBitsCallback:00000000 vEventGroupSetBitsCallback
C:\Users\kalpe\AppData\Local\Temp\ccf7caZ5.s:1374   .text.vEventGroupDelete:00000000 $t
C:\Users\kalpe\AppData\Local\Temp\ccf7caZ5.s:1380   .text.vEventGroupDelete:00000000 vEventGroupDelete
C:\Users\kalpe\AppData\Local\Temp\ccf7caZ5.s:1467   .text.xEventGroupSetBitsFromISR:00000000 $t
C:\Users\kalpe\AppData\Local\Temp\ccf7caZ5.s:1473   .text.xEventGroupSetBitsFromISR:00000000 xEventGroupSetBitsFromISR
C:\Users\kalpe\AppData\Local\Temp\ccf7caZ5.s:1508   .text.xEventGroupSetBitsFromISR:00000010 $d
C:\Users\kalpe\AppData\Local\Temp\ccf7caZ5.s:1513   .text.uxEventGroupGetNumber:00000000 $t
C:\Users\kalpe\AppData\Local\Temp\ccf7caZ5.s:1519   .text.uxEventGroupGetNumber:00000000 uxEventGroupGetNumber
C:\Users\kalpe\AppData\Local\Temp\ccf7caZ5.s:1543   .text.vEventGroupSetNumber:00000000 $t
C:\Users\kalpe\AppData\Local\Temp\ccf7caZ5.s:1549   .text.vEventGroupSetNumber:00000000 vEventGroupSetNumber

UNDEFINED SYMBOLS
vListInitialise
pvPortMalloc
xTaskGetSchedulerState
vTaskSuspendAll
xTaskResumeAll
uxTaskResetEventItemValue
vTaskPlaceOnUnorderedEventList
vPortEnterCritical
vPortExitCritical
xTimerPendFunctionCallFromISR
vTaskRemoveFromUnorderedEventList
vPortFree
