ARM GAS  C:\Users\kalpe\AppData\Local\Temp\ccbzGkmY.s 			page 1


   1              		.cpu cortex-m4
   2              		.arch armv7e-m
   3              		.fpu fpv4-sp-d16
   4              		.eabi_attribute 27, 1
   5              		.eabi_attribute 28, 1
   6              		.eabi_attribute 20, 1
   7              		.eabi_attribute 21, 1
   8              		.eabi_attribute 23, 3
   9              		.eabi_attribute 24, 1
  10              		.eabi_attribute 25, 1
  11              		.eabi_attribute 26, 1
  12              		.eabi_attribute 30, 1
  13              		.eabi_attribute 34, 1
  14              		.eabi_attribute 18, 4
  15              		.file	"main.c"
  16              		.text
  17              	.Ltext0:
  18              		.cfi_sections	.debug_frame
  19              		.file 1 "Core/Src/main.c"
  20              		.section	.text.MX_GPIO_Init,"ax",%progbits
  21              		.align	1
  22              		.syntax unified
  23              		.thumb
  24              		.thumb_func
  26              	MX_GPIO_Init:
  27              	.LFB140:
   1:Core/Src/main.c **** /* USER CODE BEGIN Header */
   2:Core/Src/main.c **** /**
   3:Core/Src/main.c ****   ******************************************************************************
   4:Core/Src/main.c ****   * @file           : main.c
   5:Core/Src/main.c ****   * @brief          : Main program body
   6:Core/Src/main.c ****   ******************************************************************************
   7:Core/Src/main.c ****   * @attention
   8:Core/Src/main.c ****   *
   9:Core/Src/main.c ****   * Copyright (c) 2026 STMicroelectronics.
  10:Core/Src/main.c ****   * All rights reserved.
  11:Core/Src/main.c ****   *
  12:Core/Src/main.c ****   * This software is licensed under terms that can be found in the LICENSE file
  13:Core/Src/main.c ****   * in the root directory of this software component.
  14:Core/Src/main.c ****   * If no LICENSE file comes with this software, it is provided AS-IS.
  15:Core/Src/main.c ****   *
  16:Core/Src/main.c ****   ******************************************************************************
  17:Core/Src/main.c ****   */
  18:Core/Src/main.c **** /* USER CODE END Header */
  19:Core/Src/main.c **** /* Includes ------------------------------------------------------------------*/
  20:Core/Src/main.c **** #include "main.h"
  21:Core/Src/main.c **** #include "cmsis_os.h"
  22:Core/Src/main.c **** 
  23:Core/Src/main.c **** /* Private includes ----------------------------------------------------------*/
  24:Core/Src/main.c **** /* USER CODE BEGIN Includes */
  25:Core/Src/main.c **** 
  26:Core/Src/main.c **** /* USER CODE END Includes */
  27:Core/Src/main.c **** 
  28:Core/Src/main.c **** /* Private typedef -----------------------------------------------------------*/
  29:Core/Src/main.c **** /* USER CODE BEGIN PTD */
  30:Core/Src/main.c **** 
  31:Core/Src/main.c **** /* USER CODE END PTD */
ARM GAS  C:\Users\kalpe\AppData\Local\Temp\ccbzGkmY.s 			page 2


  32:Core/Src/main.c **** 
  33:Core/Src/main.c **** /* Private define ------------------------------------------------------------*/
  34:Core/Src/main.c **** /* USER CODE BEGIN PD */
  35:Core/Src/main.c **** 
  36:Core/Src/main.c **** /* USER CODE END PD */
  37:Core/Src/main.c **** 
  38:Core/Src/main.c **** /* Private macro -------------------------------------------------------------*/
  39:Core/Src/main.c **** /* USER CODE BEGIN PM */
  40:Core/Src/main.c **** 
  41:Core/Src/main.c **** /* USER CODE END PM */
  42:Core/Src/main.c **** 
  43:Core/Src/main.c **** /* Private variables ---------------------------------------------------------*/
  44:Core/Src/main.c **** /* Definitions for defaultTask */
  45:Core/Src/main.c **** osThreadId_t defaultTaskHandle;
  46:Core/Src/main.c **** const osThreadAttr_t defaultTask_attributes = {
  47:Core/Src/main.c ****   .name = "defaultTask",
  48:Core/Src/main.c ****   .stack_size = 128 * 4,
  49:Core/Src/main.c ****   .priority = (osPriority_t) osPriorityNormal,
  50:Core/Src/main.c **** };
  51:Core/Src/main.c **** /* USER CODE BEGIN PV */
  52:Core/Src/main.c **** 
  53:Core/Src/main.c **** /* USER CODE END PV */
  54:Core/Src/main.c **** 
  55:Core/Src/main.c **** /* Private function prototypes -----------------------------------------------*/
  56:Core/Src/main.c **** void SystemClock_Config(void);
  57:Core/Src/main.c **** static void MX_GPIO_Init(void);
  58:Core/Src/main.c **** void StartDefaultTask(void *argument);
  59:Core/Src/main.c **** 
  60:Core/Src/main.c **** /* USER CODE BEGIN PFP */
  61:Core/Src/main.c **** 
  62:Core/Src/main.c **** /* USER CODE END PFP */
  63:Core/Src/main.c **** 
  64:Core/Src/main.c **** /* Private user code ---------------------------------------------------------*/
  65:Core/Src/main.c **** /* USER CODE BEGIN 0 */
  66:Core/Src/main.c **** 
  67:Core/Src/main.c **** /* USER CODE END 0 */
  68:Core/Src/main.c **** 
  69:Core/Src/main.c **** /**
  70:Core/Src/main.c ****   * @brief  The application entry point.
  71:Core/Src/main.c ****   * @retval int
  72:Core/Src/main.c ****   */
  73:Core/Src/main.c **** int main(void)
  74:Core/Src/main.c **** {
  75:Core/Src/main.c **** 
  76:Core/Src/main.c ****   /* USER CODE BEGIN 1 */
  77:Core/Src/main.c **** 
  78:Core/Src/main.c ****   /* USER CODE END 1 */
  79:Core/Src/main.c **** 
  80:Core/Src/main.c ****   /* MCU Configuration--------------------------------------------------------*/
  81:Core/Src/main.c **** 
  82:Core/Src/main.c ****   /* Reset of all peripherals, Initializes the Flash interface and the Systick. */
  83:Core/Src/main.c ****   HAL_Init();
  84:Core/Src/main.c **** 
  85:Core/Src/main.c ****   /* USER CODE BEGIN Init */
  86:Core/Src/main.c **** 
  87:Core/Src/main.c ****   /* USER CODE END Init */
  88:Core/Src/main.c **** 
ARM GAS  C:\Users\kalpe\AppData\Local\Temp\ccbzGkmY.s 			page 3


  89:Core/Src/main.c ****   /* Configure the system clock */
  90:Core/Src/main.c ****   SystemClock_Config();
  91:Core/Src/main.c **** 
  92:Core/Src/main.c ****   /* USER CODE BEGIN SysInit */
  93:Core/Src/main.c **** 
  94:Core/Src/main.c ****   /* USER CODE END SysInit */
  95:Core/Src/main.c **** 
  96:Core/Src/main.c ****   /* Initialize all configured peripherals */
  97:Core/Src/main.c ****   MX_GPIO_Init();
  98:Core/Src/main.c ****   /* USER CODE BEGIN 2 */
  99:Core/Src/main.c **** 
 100:Core/Src/main.c ****   /* USER CODE END 2 */
 101:Core/Src/main.c **** 
 102:Core/Src/main.c ****   /* Init scheduler */
 103:Core/Src/main.c ****   osKernelInitialize();
 104:Core/Src/main.c **** 
 105:Core/Src/main.c ****   /* USER CODE BEGIN RTOS_MUTEX */
 106:Core/Src/main.c ****   /* add mutexes, ... */
 107:Core/Src/main.c ****   /* USER CODE END RTOS_MUTEX */
 108:Core/Src/main.c **** 
 109:Core/Src/main.c ****   /* USER CODE BEGIN RTOS_SEMAPHORES */
 110:Core/Src/main.c ****   /* add semaphores, ... */
 111:Core/Src/main.c ****   /* USER CODE END RTOS_SEMAPHORES */
 112:Core/Src/main.c **** 
 113:Core/Src/main.c ****   /* USER CODE BEGIN RTOS_TIMERS */
 114:Core/Src/main.c ****   /* start timers, add new ones, ... */
 115:Core/Src/main.c ****   /* USER CODE END RTOS_TIMERS */
 116:Core/Src/main.c **** 
 117:Core/Src/main.c ****   /* USER CODE BEGIN RTOS_QUEUES */
 118:Core/Src/main.c ****   /* add queues, ... */
 119:Core/Src/main.c ****   /* USER CODE END RTOS_QUEUES */
 120:Core/Src/main.c **** 
 121:Core/Src/main.c ****   /* Create the thread(s) */
 122:Core/Src/main.c ****   /* creation of defaultTask */
 123:Core/Src/main.c ****   defaultTaskHandle = osThreadNew(StartDefaultTask, NULL, &defaultTask_attributes);
 124:Core/Src/main.c **** 
 125:Core/Src/main.c ****   /* USER CODE BEGIN RTOS_THREADS */
 126:Core/Src/main.c ****   /* add threads, ... */
 127:Core/Src/main.c ****   /* USER CODE END RTOS_THREADS */
 128:Core/Src/main.c **** 
 129:Core/Src/main.c ****   /* USER CODE BEGIN RTOS_EVENTS */
 130:Core/Src/main.c ****   /* add events, ... */
 131:Core/Src/main.c ****   /* USER CODE END RTOS_EVENTS */
 132:Core/Src/main.c **** 
 133:Core/Src/main.c ****   /* Start scheduler */
 134:Core/Src/main.c ****   osKernelStart();
 135:Core/Src/main.c **** 
 136:Core/Src/main.c ****   /* We should never get here as control is now taken by the scheduler */
 137:Core/Src/main.c **** 
 138:Core/Src/main.c ****   /* Infinite loop */
 139:Core/Src/main.c ****   /* USER CODE BEGIN WHILE */
 140:Core/Src/main.c ****   while (1)
 141:Core/Src/main.c ****   {
 142:Core/Src/main.c ****     /* USER CODE END WHILE */
 143:Core/Src/main.c **** 
 144:Core/Src/main.c ****     /* USER CODE BEGIN 3 */
 145:Core/Src/main.c ****   }
ARM GAS  C:\Users\kalpe\AppData\Local\Temp\ccbzGkmY.s 			page 4


 146:Core/Src/main.c ****   /* USER CODE END 3 */
 147:Core/Src/main.c **** }
 148:Core/Src/main.c **** 
 149:Core/Src/main.c **** /**
 150:Core/Src/main.c ****   * @brief System Clock Configuration
 151:Core/Src/main.c ****   * @retval None
 152:Core/Src/main.c ****   */
 153:Core/Src/main.c **** void SystemClock_Config(void)
 154:Core/Src/main.c **** {
 155:Core/Src/main.c ****   RCC_OscInitTypeDef RCC_OscInitStruct = {0};
 156:Core/Src/main.c ****   RCC_ClkInitTypeDef RCC_ClkInitStruct = {0};
 157:Core/Src/main.c **** 
 158:Core/Src/main.c ****   /** Configure the main internal regulator output voltage
 159:Core/Src/main.c ****   */
 160:Core/Src/main.c ****   __HAL_RCC_PWR_CLK_ENABLE();
 161:Core/Src/main.c ****   __HAL_PWR_VOLTAGESCALING_CONFIG(PWR_REGULATOR_VOLTAGE_SCALE1);
 162:Core/Src/main.c **** 
 163:Core/Src/main.c ****   /** Initializes the RCC Oscillators according to the specified parameters
 164:Core/Src/main.c ****   * in the RCC_OscInitTypeDef structure.
 165:Core/Src/main.c ****   */
 166:Core/Src/main.c ****   RCC_OscInitStruct.OscillatorType = RCC_OSCILLATORTYPE_HSI;
 167:Core/Src/main.c ****   RCC_OscInitStruct.HSIState = RCC_HSI_ON;
 168:Core/Src/main.c ****   RCC_OscInitStruct.HSICalibrationValue = RCC_HSICALIBRATION_DEFAULT;
 169:Core/Src/main.c ****   RCC_OscInitStruct.PLL.PLLState = RCC_PLL_ON;
 170:Core/Src/main.c ****   RCC_OscInitStruct.PLL.PLLSource = RCC_PLLSOURCE_HSI;
 171:Core/Src/main.c ****   RCC_OscInitStruct.PLL.PLLM = 8;
 172:Core/Src/main.c ****   RCC_OscInitStruct.PLL.PLLN = 50;
 173:Core/Src/main.c ****   RCC_OscInitStruct.PLL.PLLP = RCC_PLLP_DIV4;
 174:Core/Src/main.c ****   RCC_OscInitStruct.PLL.PLLQ = 7;
 175:Core/Src/main.c ****   if (HAL_RCC_OscConfig(&RCC_OscInitStruct) != HAL_OK)
 176:Core/Src/main.c ****   {
 177:Core/Src/main.c ****     Error_Handler();
 178:Core/Src/main.c ****   }
 179:Core/Src/main.c **** 
 180:Core/Src/main.c ****   /** Initializes the CPU, AHB and APB buses clocks
 181:Core/Src/main.c ****   */
 182:Core/Src/main.c ****   RCC_ClkInitStruct.ClockType = RCC_CLOCKTYPE_HCLK|RCC_CLOCKTYPE_SYSCLK
 183:Core/Src/main.c ****                               |RCC_CLOCKTYPE_PCLK1|RCC_CLOCKTYPE_PCLK2;
 184:Core/Src/main.c ****   RCC_ClkInitStruct.SYSCLKSource = RCC_SYSCLKSOURCE_PLLCLK;
 185:Core/Src/main.c ****   RCC_ClkInitStruct.AHBCLKDivider = RCC_SYSCLK_DIV1;
 186:Core/Src/main.c ****   RCC_ClkInitStruct.APB1CLKDivider = RCC_HCLK_DIV4;
 187:Core/Src/main.c ****   RCC_ClkInitStruct.APB2CLKDivider = RCC_HCLK_DIV2;
 188:Core/Src/main.c **** 
 189:Core/Src/main.c ****   if (HAL_RCC_ClockConfig(&RCC_ClkInitStruct, FLASH_LATENCY_0) != HAL_OK)
 190:Core/Src/main.c ****   {
 191:Core/Src/main.c ****     Error_Handler();
 192:Core/Src/main.c ****   }
 193:Core/Src/main.c **** }
 194:Core/Src/main.c **** 
 195:Core/Src/main.c **** /**
 196:Core/Src/main.c ****   * @brief GPIO Initialization Function
 197:Core/Src/main.c ****   * @param None
 198:Core/Src/main.c ****   * @retval None
 199:Core/Src/main.c ****   */
 200:Core/Src/main.c **** static void MX_GPIO_Init(void)
 201:Core/Src/main.c **** {
  28              		.loc 1 201 1 view -0
ARM GAS  C:\Users\kalpe\AppData\Local\Temp\ccbzGkmY.s 			page 5


  29              		.cfi_startproc
  30              		@ args = 0, pretend = 0, frame = 48
  31              		@ frame_needed = 0, uses_anonymous_args = 0
  32 0000 2DE9F04F 		push	{r4, r5, r6, r7, r8, r9, r10, fp, lr}
  33              	.LCFI0:
  34              		.cfi_def_cfa_offset 36
  35              		.cfi_offset 4, -36
  36              		.cfi_offset 5, -32
  37              		.cfi_offset 6, -28
  38              		.cfi_offset 7, -24
  39              		.cfi_offset 8, -20
  40              		.cfi_offset 9, -16
  41              		.cfi_offset 10, -12
  42              		.cfi_offset 11, -8
  43              		.cfi_offset 14, -4
  44 0004 8DB0     		sub	sp, sp, #52
  45              	.LCFI1:
  46              		.cfi_def_cfa_offset 88
 202:Core/Src/main.c ****   GPIO_InitTypeDef GPIO_InitStruct = {0};
  47              		.loc 1 202 3 view .LVU1
  48              		.loc 1 202 20 is_stmt 0 view .LVU2
  49 0006 07AD     		add	r5, sp, #28
  50 0008 0024     		movs	r4, #0
  51 000a 0794     		str	r4, [sp, #28]
  52 000c 6C60     		str	r4, [r5, #4]
  53 000e AC60     		str	r4, [r5, #8]
  54 0010 EC60     		str	r4, [r5, #12]
  55 0012 2C61     		str	r4, [r5, #16]
 203:Core/Src/main.c ****   /* USER CODE BEGIN MX_GPIO_Init_1 */
 204:Core/Src/main.c **** 
 205:Core/Src/main.c ****   /* USER CODE END MX_GPIO_Init_1 */
 206:Core/Src/main.c **** 
 207:Core/Src/main.c ****   /* GPIO Ports Clock Enable */
 208:Core/Src/main.c ****   __HAL_RCC_GPIOE_CLK_ENABLE();
  56              		.loc 1 208 3 is_stmt 1 view .LVU3
  57              	.LBB4:
  58              		.loc 1 208 3 view .LVU4
  59 0014 0194     		str	r4, [sp, #4]
  60              		.loc 1 208 3 view .LVU5
  61 0016 7A4B     		ldr	r3, .L3
  62 0018 1A6B     		ldr	r2, [r3, #48]
  63 001a 42F01002 		orr	r2, r2, #16
  64 001e 1A63     		str	r2, [r3, #48]
  65              		.loc 1 208 3 view .LVU6
  66 0020 1A6B     		ldr	r2, [r3, #48]
  67 0022 02F01002 		and	r2, r2, #16
  68 0026 0192     		str	r2, [sp, #4]
  69              		.loc 1 208 3 view .LVU7
  70 0028 019A     		ldr	r2, [sp, #4]
  71              	.LBE4:
  72              		.loc 1 208 3 view .LVU8
 209:Core/Src/main.c ****   __HAL_RCC_GPIOC_CLK_ENABLE();
  73              		.loc 1 209 3 view .LVU9
  74              	.LBB5:
  75              		.loc 1 209 3 view .LVU10
  76 002a 0294     		str	r4, [sp, #8]
  77              		.loc 1 209 3 view .LVU11
ARM GAS  C:\Users\kalpe\AppData\Local\Temp\ccbzGkmY.s 			page 6


  78 002c 1A6B     		ldr	r2, [r3, #48]
  79 002e 42F00402 		orr	r2, r2, #4
  80 0032 1A63     		str	r2, [r3, #48]
  81              		.loc 1 209 3 view .LVU12
  82 0034 1A6B     		ldr	r2, [r3, #48]
  83 0036 02F00402 		and	r2, r2, #4
  84 003a 0292     		str	r2, [sp, #8]
  85              		.loc 1 209 3 view .LVU13
  86 003c 029A     		ldr	r2, [sp, #8]
  87              	.LBE5:
  88              		.loc 1 209 3 view .LVU14
 210:Core/Src/main.c ****   __HAL_RCC_GPIOH_CLK_ENABLE();
  89              		.loc 1 210 3 view .LVU15
  90              	.LBB6:
  91              		.loc 1 210 3 view .LVU16
  92 003e 0394     		str	r4, [sp, #12]
  93              		.loc 1 210 3 view .LVU17
  94 0040 1A6B     		ldr	r2, [r3, #48]
  95 0042 42F08002 		orr	r2, r2, #128
  96 0046 1A63     		str	r2, [r3, #48]
  97              		.loc 1 210 3 view .LVU18
  98 0048 1A6B     		ldr	r2, [r3, #48]
  99 004a 02F08002 		and	r2, r2, #128
 100 004e 0392     		str	r2, [sp, #12]
 101              		.loc 1 210 3 view .LVU19
 102 0050 039A     		ldr	r2, [sp, #12]
 103              	.LBE6:
 104              		.loc 1 210 3 view .LVU20
 211:Core/Src/main.c ****   __HAL_RCC_GPIOA_CLK_ENABLE();
 105              		.loc 1 211 3 view .LVU21
 106              	.LBB7:
 107              		.loc 1 211 3 view .LVU22
 108 0052 0494     		str	r4, [sp, #16]
 109              		.loc 1 211 3 view .LVU23
 110 0054 1A6B     		ldr	r2, [r3, #48]
 111 0056 42F00102 		orr	r2, r2, #1
 112 005a 1A63     		str	r2, [r3, #48]
 113              		.loc 1 211 3 view .LVU24
 114 005c 1A6B     		ldr	r2, [r3, #48]
 115 005e 02F00102 		and	r2, r2, #1
 116 0062 0492     		str	r2, [sp, #16]
 117              		.loc 1 211 3 view .LVU25
 118 0064 049A     		ldr	r2, [sp, #16]
 119              	.LBE7:
 120              		.loc 1 211 3 view .LVU26
 212:Core/Src/main.c ****   __HAL_RCC_GPIOB_CLK_ENABLE();
 121              		.loc 1 212 3 view .LVU27
 122              	.LBB8:
 123              		.loc 1 212 3 view .LVU28
 124 0066 0594     		str	r4, [sp, #20]
 125              		.loc 1 212 3 view .LVU29
 126 0068 1A6B     		ldr	r2, [r3, #48]
 127 006a 42F00202 		orr	r2, r2, #2
 128 006e 1A63     		str	r2, [r3, #48]
 129              		.loc 1 212 3 view .LVU30
 130 0070 1A6B     		ldr	r2, [r3, #48]
 131 0072 02F00202 		and	r2, r2, #2
ARM GAS  C:\Users\kalpe\AppData\Local\Temp\ccbzGkmY.s 			page 7


 132 0076 0592     		str	r2, [sp, #20]
 133              		.loc 1 212 3 view .LVU31
 134 0078 059A     		ldr	r2, [sp, #20]
 135              	.LBE8:
 136              		.loc 1 212 3 view .LVU32
 213:Core/Src/main.c ****   __HAL_RCC_GPIOD_CLK_ENABLE();
 137              		.loc 1 213 3 view .LVU33
 138              	.LBB9:
 139              		.loc 1 213 3 view .LVU34
 140 007a 0694     		str	r4, [sp, #24]
 141              		.loc 1 213 3 view .LVU35
 142 007c 1A6B     		ldr	r2, [r3, #48]
 143 007e 42F00802 		orr	r2, r2, #8
 144 0082 1A63     		str	r2, [r3, #48]
 145              		.loc 1 213 3 view .LVU36
 146 0084 1B6B     		ldr	r3, [r3, #48]
 147 0086 03F00803 		and	r3, r3, #8
 148 008a 0693     		str	r3, [sp, #24]
 149              		.loc 1 213 3 view .LVU37
 150 008c 069B     		ldr	r3, [sp, #24]
 151              	.LBE9:
 152              		.loc 1 213 3 view .LVU38
 214:Core/Src/main.c **** 
 215:Core/Src/main.c ****   /*Configure GPIO pin Output Level */
 216:Core/Src/main.c ****   HAL_GPIO_WritePin(CS_I2C_SPI_GPIO_Port, CS_I2C_SPI_Pin, GPIO_PIN_RESET);
 153              		.loc 1 216 3 view .LVU39
 154 008e 2246     		mov	r2, r4
 155 0090 0821     		movs	r1, #8
 156 0092 5C48     		ldr	r0, .L3+4
 157 0094 FFF7FEFF 		bl	HAL_GPIO_WritePin
 158              	.LVL0:
 217:Core/Src/main.c **** 
 218:Core/Src/main.c ****   /*Configure GPIO pin Output Level */
 219:Core/Src/main.c ****   HAL_GPIO_WritePin(OTG_FS_PowerSwitchOn_GPIO_Port, OTG_FS_PowerSwitchOn_Pin, GPIO_PIN_SET);
 159              		.loc 1 219 3 view .LVU40
 160 0098 DFF87491 		ldr	r9, .L3+16
 161 009c 0122     		movs	r2, #1
 162 009e 1146     		mov	r1, r2
 163 00a0 4846     		mov	r0, r9
 164 00a2 FFF7FEFF 		bl	HAL_GPIO_WritePin
 165              	.LVL1:
 220:Core/Src/main.c **** 
 221:Core/Src/main.c ****   /*Configure GPIO pin Output Level */
 222:Core/Src/main.c ****   HAL_GPIO_WritePin(GPIOD, LD4_Pin|LD3_Pin|LD5_Pin|LD6_Pin
 166              		.loc 1 222 3 view .LVU41
 167 00a6 DFF86CA1 		ldr	r10, .L3+20
 168 00aa 2246     		mov	r2, r4
 169 00ac 4FF21001 		movw	r1, #61456
 170 00b0 5046     		mov	r0, r10
 171 00b2 FFF7FEFF 		bl	HAL_GPIO_WritePin
 172              	.LVL2:
 223:Core/Src/main.c ****                           |Audio_RST_Pin, GPIO_PIN_RESET);
 224:Core/Src/main.c **** 
 225:Core/Src/main.c ****   /*Configure GPIO pin : CS_I2C_SPI_Pin */
 226:Core/Src/main.c ****   GPIO_InitStruct.Pin = CS_I2C_SPI_Pin;
 173              		.loc 1 226 3 view .LVU42
 174              		.loc 1 226 23 is_stmt 0 view .LVU43
ARM GAS  C:\Users\kalpe\AppData\Local\Temp\ccbzGkmY.s 			page 8


 175 00b6 0826     		movs	r6, #8
 176 00b8 0796     		str	r6, [sp, #28]
 227:Core/Src/main.c ****   GPIO_InitStruct.Mode = GPIO_MODE_OUTPUT_PP;
 177              		.loc 1 227 3 is_stmt 1 view .LVU44
 178              		.loc 1 227 24 is_stmt 0 view .LVU45
 179 00ba 4FF00108 		mov	r8, #1
 180 00be CDF82080 		str	r8, [sp, #32]
 228:Core/Src/main.c ****   GPIO_InitStruct.Pull = GPIO_NOPULL;
 181              		.loc 1 228 3 is_stmt 1 view .LVU46
 182              		.loc 1 228 24 is_stmt 0 view .LVU47
 183 00c2 0994     		str	r4, [sp, #36]
 229:Core/Src/main.c ****   GPIO_InitStruct.Speed = GPIO_SPEED_FREQ_LOW;
 184              		.loc 1 229 3 is_stmt 1 view .LVU48
 185              		.loc 1 229 25 is_stmt 0 view .LVU49
 186 00c4 0A94     		str	r4, [sp, #40]
 230:Core/Src/main.c ****   HAL_GPIO_Init(CS_I2C_SPI_GPIO_Port, &GPIO_InitStruct);
 187              		.loc 1 230 3 is_stmt 1 view .LVU50
 188 00c6 2946     		mov	r1, r5
 189 00c8 4E48     		ldr	r0, .L3+4
 190 00ca FFF7FEFF 		bl	HAL_GPIO_Init
 191              	.LVL3:
 231:Core/Src/main.c **** 
 232:Core/Src/main.c ****   /*Configure GPIO pin : OTG_FS_PowerSwitchOn_Pin */
 233:Core/Src/main.c ****   GPIO_InitStruct.Pin = OTG_FS_PowerSwitchOn_Pin;
 192              		.loc 1 233 3 view .LVU51
 193              		.loc 1 233 23 is_stmt 0 view .LVU52
 194 00ce CDF81C80 		str	r8, [sp, #28]
 234:Core/Src/main.c ****   GPIO_InitStruct.Mode = GPIO_MODE_OUTPUT_PP;
 195              		.loc 1 234 3 is_stmt 1 view .LVU53
 196              		.loc 1 234 24 is_stmt 0 view .LVU54
 197 00d2 CDF82080 		str	r8, [sp, #32]
 235:Core/Src/main.c ****   GPIO_InitStruct.Pull = GPIO_NOPULL;
 198              		.loc 1 235 3 is_stmt 1 view .LVU55
 199              		.loc 1 235 24 is_stmt 0 view .LVU56
 200 00d6 0994     		str	r4, [sp, #36]
 236:Core/Src/main.c ****   GPIO_InitStruct.Speed = GPIO_SPEED_FREQ_LOW;
 201              		.loc 1 236 3 is_stmt 1 view .LVU57
 202              		.loc 1 236 25 is_stmt 0 view .LVU58
 203 00d8 0A94     		str	r4, [sp, #40]
 237:Core/Src/main.c ****   HAL_GPIO_Init(OTG_FS_PowerSwitchOn_GPIO_Port, &GPIO_InitStruct);
 204              		.loc 1 237 3 is_stmt 1 view .LVU59
 205 00da 2946     		mov	r1, r5
 206 00dc 4846     		mov	r0, r9
 207 00de FFF7FEFF 		bl	HAL_GPIO_Init
 208              	.LVL4:
 238:Core/Src/main.c **** 
 239:Core/Src/main.c ****   /*Configure GPIO pin : PDM_OUT_Pin */
 240:Core/Src/main.c ****   GPIO_InitStruct.Pin = PDM_OUT_Pin;
 209              		.loc 1 240 3 view .LVU60
 210              		.loc 1 240 23 is_stmt 0 view .LVU61
 211 00e2 0796     		str	r6, [sp, #28]
 241:Core/Src/main.c ****   GPIO_InitStruct.Mode = GPIO_MODE_AF_PP;
 212              		.loc 1 241 3 is_stmt 1 view .LVU62
 213              		.loc 1 241 24 is_stmt 0 view .LVU63
 214 00e4 0226     		movs	r6, #2
 215 00e6 0896     		str	r6, [sp, #32]
 242:Core/Src/main.c ****   GPIO_InitStruct.Pull = GPIO_NOPULL;
ARM GAS  C:\Users\kalpe\AppData\Local\Temp\ccbzGkmY.s 			page 9


 216              		.loc 1 242 3 is_stmt 1 view .LVU64
 217              		.loc 1 242 24 is_stmt 0 view .LVU65
 218 00e8 0994     		str	r4, [sp, #36]
 243:Core/Src/main.c ****   GPIO_InitStruct.Speed = GPIO_SPEED_FREQ_LOW;
 219              		.loc 1 243 3 is_stmt 1 view .LVU66
 220              		.loc 1 243 25 is_stmt 0 view .LVU67
 221 00ea 0A94     		str	r4, [sp, #40]
 244:Core/Src/main.c ****   GPIO_InitStruct.Alternate = GPIO_AF5_SPI2;
 222              		.loc 1 244 3 is_stmt 1 view .LVU68
 223              		.loc 1 244 29 is_stmt 0 view .LVU69
 224 00ec 4FF0050B 		mov	fp, #5
 225 00f0 CDF82CB0 		str	fp, [sp, #44]
 245:Core/Src/main.c ****   HAL_GPIO_Init(PDM_OUT_GPIO_Port, &GPIO_InitStruct);
 226              		.loc 1 245 3 is_stmt 1 view .LVU70
 227 00f4 2946     		mov	r1, r5
 228 00f6 4846     		mov	r0, r9
 229 00f8 FFF7FEFF 		bl	HAL_GPIO_Init
 230              	.LVL5:
 246:Core/Src/main.c **** 
 247:Core/Src/main.c ****   /*Configure GPIO pin : B1_Pin */
 248:Core/Src/main.c ****   GPIO_InitStruct.Pin = B1_Pin;
 231              		.loc 1 248 3 view .LVU71
 232              		.loc 1 248 23 is_stmt 0 view .LVU72
 233 00fc CDF81C80 		str	r8, [sp, #28]
 249:Core/Src/main.c ****   GPIO_InitStruct.Mode = GPIO_MODE_IT_RISING;
 234              		.loc 1 249 3 is_stmt 1 view .LVU73
 235              		.loc 1 249 24 is_stmt 0 view .LVU74
 236 0100 4FF48813 		mov	r3, #1114112
 237 0104 0893     		str	r3, [sp, #32]
 250:Core/Src/main.c ****   GPIO_InitStruct.Pull = GPIO_NOPULL;
 238              		.loc 1 250 3 is_stmt 1 view .LVU75
 239              		.loc 1 250 24 is_stmt 0 view .LVU76
 240 0106 0994     		str	r4, [sp, #36]
 251:Core/Src/main.c ****   HAL_GPIO_Init(B1_GPIO_Port, &GPIO_InitStruct);
 241              		.loc 1 251 3 is_stmt 1 view .LVU77
 242 0108 3F4F     		ldr	r7, .L3+8
 243 010a 2946     		mov	r1, r5
 244 010c 3846     		mov	r0, r7
 245 010e FFF7FEFF 		bl	HAL_GPIO_Init
 246              	.LVL6:
 252:Core/Src/main.c **** 
 253:Core/Src/main.c ****   /*Configure GPIO pin : I2S3_WS_Pin */
 254:Core/Src/main.c ****   GPIO_InitStruct.Pin = I2S3_WS_Pin;
 247              		.loc 1 254 3 view .LVU78
 248              		.loc 1 254 23 is_stmt 0 view .LVU79
 249 0112 1023     		movs	r3, #16
 250 0114 0793     		str	r3, [sp, #28]
 255:Core/Src/main.c ****   GPIO_InitStruct.Mode = GPIO_MODE_AF_PP;
 251              		.loc 1 255 3 is_stmt 1 view .LVU80
 252              		.loc 1 255 24 is_stmt 0 view .LVU81
 253 0116 0896     		str	r6, [sp, #32]
 256:Core/Src/main.c ****   GPIO_InitStruct.Pull = GPIO_NOPULL;
 254              		.loc 1 256 3 is_stmt 1 view .LVU82
 255              		.loc 1 256 24 is_stmt 0 view .LVU83
 256 0118 0994     		str	r4, [sp, #36]
 257:Core/Src/main.c ****   GPIO_InitStruct.Speed = GPIO_SPEED_FREQ_LOW;
 257              		.loc 1 257 3 is_stmt 1 view .LVU84
ARM GAS  C:\Users\kalpe\AppData\Local\Temp\ccbzGkmY.s 			page 10


 258              		.loc 1 257 25 is_stmt 0 view .LVU85
 259 011a 0A94     		str	r4, [sp, #40]
 258:Core/Src/main.c ****   GPIO_InitStruct.Alternate = GPIO_AF6_SPI3;
 260              		.loc 1 258 3 is_stmt 1 view .LVU86
 261              		.loc 1 258 29 is_stmt 0 view .LVU87
 262 011c 0623     		movs	r3, #6
 263 011e 0B93     		str	r3, [sp, #44]
 259:Core/Src/main.c ****   HAL_GPIO_Init(I2S3_WS_GPIO_Port, &GPIO_InitStruct);
 264              		.loc 1 259 3 is_stmt 1 view .LVU88
 265 0120 2946     		mov	r1, r5
 266 0122 3846     		mov	r0, r7
 267 0124 FFF7FEFF 		bl	HAL_GPIO_Init
 268              	.LVL7:
 260:Core/Src/main.c **** 
 261:Core/Src/main.c ****   /*Configure GPIO pins : SPI1_SCK_Pin SPI1_MISO_Pin SPI1_MOSI_Pin */
 262:Core/Src/main.c ****   GPIO_InitStruct.Pin = SPI1_SCK_Pin|SPI1_MISO_Pin|SPI1_MOSI_Pin;
 269              		.loc 1 262 3 view .LVU89
 270              		.loc 1 262 23 is_stmt 0 view .LVU90
 271 0128 E023     		movs	r3, #224
 272 012a 0793     		str	r3, [sp, #28]
 263:Core/Src/main.c ****   GPIO_InitStruct.Mode = GPIO_MODE_AF_PP;
 273              		.loc 1 263 3 is_stmt 1 view .LVU91
 274              		.loc 1 263 24 is_stmt 0 view .LVU92
 275 012c 0896     		str	r6, [sp, #32]
 264:Core/Src/main.c ****   GPIO_InitStruct.Pull = GPIO_NOPULL;
 276              		.loc 1 264 3 is_stmt 1 view .LVU93
 277              		.loc 1 264 24 is_stmt 0 view .LVU94
 278 012e 0994     		str	r4, [sp, #36]
 265:Core/Src/main.c ****   GPIO_InitStruct.Speed = GPIO_SPEED_FREQ_LOW;
 279              		.loc 1 265 3 is_stmt 1 view .LVU95
 280              		.loc 1 265 25 is_stmt 0 view .LVU96
 281 0130 0A94     		str	r4, [sp, #40]
 266:Core/Src/main.c ****   GPIO_InitStruct.Alternate = GPIO_AF5_SPI1;
 282              		.loc 1 266 3 is_stmt 1 view .LVU97
 283              		.loc 1 266 29 is_stmt 0 view .LVU98
 284 0132 CDF82CB0 		str	fp, [sp, #44]
 267:Core/Src/main.c ****   HAL_GPIO_Init(GPIOA, &GPIO_InitStruct);
 285              		.loc 1 267 3 is_stmt 1 view .LVU99
 286 0136 2946     		mov	r1, r5
 287 0138 3846     		mov	r0, r7
 288 013a FFF7FEFF 		bl	HAL_GPIO_Init
 289              	.LVL8:
 268:Core/Src/main.c **** 
 269:Core/Src/main.c ****   /*Configure GPIO pin : BOOT1_Pin */
 270:Core/Src/main.c ****   GPIO_InitStruct.Pin = BOOT1_Pin;
 290              		.loc 1 270 3 view .LVU100
 291              		.loc 1 270 23 is_stmt 0 view .LVU101
 292 013e 0422     		movs	r2, #4
 293 0140 0792     		str	r2, [sp, #28]
 271:Core/Src/main.c ****   GPIO_InitStruct.Mode = GPIO_MODE_INPUT;
 294              		.loc 1 271 3 is_stmt 1 view .LVU102
 295              		.loc 1 271 24 is_stmt 0 view .LVU103
 296 0142 0894     		str	r4, [sp, #32]
 272:Core/Src/main.c ****   GPIO_InitStruct.Pull = GPIO_NOPULL;
 297              		.loc 1 272 3 is_stmt 1 view .LVU104
 298              		.loc 1 272 24 is_stmt 0 view .LVU105
 299 0144 0994     		str	r4, [sp, #36]
ARM GAS  C:\Users\kalpe\AppData\Local\Temp\ccbzGkmY.s 			page 11


 273:Core/Src/main.c ****   HAL_GPIO_Init(BOOT1_GPIO_Port, &GPIO_InitStruct);
 300              		.loc 1 273 3 is_stmt 1 view .LVU106
 301 0146 2946     		mov	r1, r5
 302 0148 3048     		ldr	r0, .L3+12
 303 014a FFF7FEFF 		bl	HAL_GPIO_Init
 304              	.LVL9:
 274:Core/Src/main.c **** 
 275:Core/Src/main.c ****   /*Configure GPIO pin : CLK_IN_Pin */
 276:Core/Src/main.c ****   GPIO_InitStruct.Pin = CLK_IN_Pin;
 305              		.loc 1 276 3 view .LVU107
 306              		.loc 1 276 23 is_stmt 0 view .LVU108
 307 014e 4FF48063 		mov	r3, #1024
 308 0152 0793     		str	r3, [sp, #28]
 277:Core/Src/main.c ****   GPIO_InitStruct.Mode = GPIO_MODE_AF_PP;
 309              		.loc 1 277 3 is_stmt 1 view .LVU109
 310              		.loc 1 277 24 is_stmt 0 view .LVU110
 311 0154 0896     		str	r6, [sp, #32]
 278:Core/Src/main.c ****   GPIO_InitStruct.Pull = GPIO_NOPULL;
 312              		.loc 1 278 3 is_stmt 1 view .LVU111
 313              		.loc 1 278 24 is_stmt 0 view .LVU112
 314 0156 0994     		str	r4, [sp, #36]
 279:Core/Src/main.c ****   GPIO_InitStruct.Speed = GPIO_SPEED_FREQ_LOW;
 315              		.loc 1 279 3 is_stmt 1 view .LVU113
 316              		.loc 1 279 25 is_stmt 0 view .LVU114
 317 0158 0A94     		str	r4, [sp, #40]
 280:Core/Src/main.c ****   GPIO_InitStruct.Alternate = GPIO_AF5_SPI2;
 318              		.loc 1 280 3 is_stmt 1 view .LVU115
 319              		.loc 1 280 29 is_stmt 0 view .LVU116
 320 015a CDF82CB0 		str	fp, [sp, #44]
 281:Core/Src/main.c ****   HAL_GPIO_Init(CLK_IN_GPIO_Port, &GPIO_InitStruct);
 321              		.loc 1 281 3 is_stmt 1 view .LVU117
 322 015e 2946     		mov	r1, r5
 323 0160 2A48     		ldr	r0, .L3+12
 324 0162 FFF7FEFF 		bl	HAL_GPIO_Init
 325              	.LVL10:
 282:Core/Src/main.c **** 
 283:Core/Src/main.c ****   /*Configure GPIO pins : LD4_Pin LD3_Pin LD5_Pin LD6_Pin
 284:Core/Src/main.c ****                            Audio_RST_Pin */
 285:Core/Src/main.c ****   GPIO_InitStruct.Pin = LD4_Pin|LD3_Pin|LD5_Pin|LD6_Pin
 326              		.loc 1 285 3 view .LVU118
 327              		.loc 1 285 23 is_stmt 0 view .LVU119
 328 0166 4FF21003 		movw	r3, #61456
 329 016a 0793     		str	r3, [sp, #28]
 286:Core/Src/main.c ****                           |Audio_RST_Pin;
 287:Core/Src/main.c ****   GPIO_InitStruct.Mode = GPIO_MODE_OUTPUT_PP;
 330              		.loc 1 287 3 is_stmt 1 view .LVU120
 331              		.loc 1 287 24 is_stmt 0 view .LVU121
 332 016c CDF82080 		str	r8, [sp, #32]
 288:Core/Src/main.c ****   GPIO_InitStruct.Pull = GPIO_NOPULL;
 333              		.loc 1 288 3 is_stmt 1 view .LVU122
 334              		.loc 1 288 24 is_stmt 0 view .LVU123
 335 0170 0994     		str	r4, [sp, #36]
 289:Core/Src/main.c ****   GPIO_InitStruct.Speed = GPIO_SPEED_FREQ_LOW;
 336              		.loc 1 289 3 is_stmt 1 view .LVU124
 337              		.loc 1 289 25 is_stmt 0 view .LVU125
 338 0172 0A94     		str	r4, [sp, #40]
 290:Core/Src/main.c ****   HAL_GPIO_Init(GPIOD, &GPIO_InitStruct);
ARM GAS  C:\Users\kalpe\AppData\Local\Temp\ccbzGkmY.s 			page 12


 339              		.loc 1 290 3 is_stmt 1 view .LVU126
 340 0174 2946     		mov	r1, r5
 341 0176 5046     		mov	r0, r10
 342 0178 FFF7FEFF 		bl	HAL_GPIO_Init
 343              	.LVL11:
 291:Core/Src/main.c **** 
 292:Core/Src/main.c ****   /*Configure GPIO pins : I2S3_MCK_Pin I2S3_SCK_Pin I2S3_SD_Pin */
 293:Core/Src/main.c ****   GPIO_InitStruct.Pin = I2S3_MCK_Pin|I2S3_SCK_Pin|I2S3_SD_Pin;
 344              		.loc 1 293 3 view .LVU127
 345              		.loc 1 293 23 is_stmt 0 view .LVU128
 346 017c 4FF4A453 		mov	r3, #5248
 347 0180 0793     		str	r3, [sp, #28]
 294:Core/Src/main.c ****   GPIO_InitStruct.Mode = GPIO_MODE_AF_PP;
 348              		.loc 1 294 3 is_stmt 1 view .LVU129
 349              		.loc 1 294 24 is_stmt 0 view .LVU130
 350 0182 0896     		str	r6, [sp, #32]
 295:Core/Src/main.c ****   GPIO_InitStruct.Pull = GPIO_NOPULL;
 351              		.loc 1 295 3 is_stmt 1 view .LVU131
 352              		.loc 1 295 24 is_stmt 0 view .LVU132
 353 0184 0994     		str	r4, [sp, #36]
 296:Core/Src/main.c ****   GPIO_InitStruct.Speed = GPIO_SPEED_FREQ_LOW;
 354              		.loc 1 296 3 is_stmt 1 view .LVU133
 355              		.loc 1 296 25 is_stmt 0 view .LVU134
 356 0186 0A94     		str	r4, [sp, #40]
 297:Core/Src/main.c ****   GPIO_InitStruct.Alternate = GPIO_AF6_SPI3;
 357              		.loc 1 297 3 is_stmt 1 view .LVU135
 358              		.loc 1 297 29 is_stmt 0 view .LVU136
 359 0188 0623     		movs	r3, #6
 360 018a 0B93     		str	r3, [sp, #44]
 298:Core/Src/main.c ****   HAL_GPIO_Init(GPIOC, &GPIO_InitStruct);
 361              		.loc 1 298 3 is_stmt 1 view .LVU137
 362 018c 2946     		mov	r1, r5
 363 018e 4846     		mov	r0, r9
 364 0190 FFF7FEFF 		bl	HAL_GPIO_Init
 365              	.LVL12:
 299:Core/Src/main.c **** 
 300:Core/Src/main.c ****   /*Configure GPIO pin : VBUS_FS_Pin */
 301:Core/Src/main.c ****   GPIO_InitStruct.Pin = VBUS_FS_Pin;
 366              		.loc 1 301 3 view .LVU138
 367              		.loc 1 301 23 is_stmt 0 view .LVU139
 368 0194 4FF40073 		mov	r3, #512
 369 0198 0793     		str	r3, [sp, #28]
 302:Core/Src/main.c ****   GPIO_InitStruct.Mode = GPIO_MODE_INPUT;
 370              		.loc 1 302 3 is_stmt 1 view .LVU140
 371              		.loc 1 302 24 is_stmt 0 view .LVU141
 372 019a 0894     		str	r4, [sp, #32]
 303:Core/Src/main.c ****   GPIO_InitStruct.Pull = GPIO_NOPULL;
 373              		.loc 1 303 3 is_stmt 1 view .LVU142
 374              		.loc 1 303 24 is_stmt 0 view .LVU143
 375 019c 0994     		str	r4, [sp, #36]
 304:Core/Src/main.c ****   HAL_GPIO_Init(VBUS_FS_GPIO_Port, &GPIO_InitStruct);
 376              		.loc 1 304 3 is_stmt 1 view .LVU144
 377 019e 2946     		mov	r1, r5
 378 01a0 3846     		mov	r0, r7
 379 01a2 FFF7FEFF 		bl	HAL_GPIO_Init
 380              	.LVL13:
 305:Core/Src/main.c **** 
ARM GAS  C:\Users\kalpe\AppData\Local\Temp\ccbzGkmY.s 			page 13


 306:Core/Src/main.c ****   /*Configure GPIO pins : OTG_FS_ID_Pin OTG_FS_DM_Pin OTG_FS_DP_Pin */
 307:Core/Src/main.c ****   GPIO_InitStruct.Pin = OTG_FS_ID_Pin|OTG_FS_DM_Pin|OTG_FS_DP_Pin;
 381              		.loc 1 307 3 view .LVU145
 382              		.loc 1 307 23 is_stmt 0 view .LVU146
 383 01a6 4FF4E053 		mov	r3, #7168
 384 01aa 0793     		str	r3, [sp, #28]
 308:Core/Src/main.c ****   GPIO_InitStruct.Mode = GPIO_MODE_AF_PP;
 385              		.loc 1 308 3 is_stmt 1 view .LVU147
 386              		.loc 1 308 24 is_stmt 0 view .LVU148
 387 01ac 0896     		str	r6, [sp, #32]
 309:Core/Src/main.c ****   GPIO_InitStruct.Pull = GPIO_NOPULL;
 388              		.loc 1 309 3 is_stmt 1 view .LVU149
 389              		.loc 1 309 24 is_stmt 0 view .LVU150
 390 01ae 0994     		str	r4, [sp, #36]
 310:Core/Src/main.c ****   GPIO_InitStruct.Speed = GPIO_SPEED_FREQ_LOW;
 391              		.loc 1 310 3 is_stmt 1 view .LVU151
 392              		.loc 1 310 25 is_stmt 0 view .LVU152
 393 01b0 0A94     		str	r4, [sp, #40]
 311:Core/Src/main.c ****   GPIO_InitStruct.Alternate = GPIO_AF10_OTG_FS;
 394              		.loc 1 311 3 is_stmt 1 view .LVU153
 395              		.loc 1 311 29 is_stmt 0 view .LVU154
 396 01b2 0A23     		movs	r3, #10
 397 01b4 0B93     		str	r3, [sp, #44]
 312:Core/Src/main.c ****   HAL_GPIO_Init(GPIOA, &GPIO_InitStruct);
 398              		.loc 1 312 3 is_stmt 1 view .LVU155
 399 01b6 2946     		mov	r1, r5
 400 01b8 3846     		mov	r0, r7
 401 01ba FFF7FEFF 		bl	HAL_GPIO_Init
 402              	.LVL14:
 313:Core/Src/main.c **** 
 314:Core/Src/main.c ****   /*Configure GPIO pin : OTG_FS_OverCurrent_Pin */
 315:Core/Src/main.c ****   GPIO_InitStruct.Pin = OTG_FS_OverCurrent_Pin;
 403              		.loc 1 315 3 view .LVU156
 404              		.loc 1 315 23 is_stmt 0 view .LVU157
 405 01be 2023     		movs	r3, #32
 406 01c0 0793     		str	r3, [sp, #28]
 316:Core/Src/main.c ****   GPIO_InitStruct.Mode = GPIO_MODE_INPUT;
 407              		.loc 1 316 3 is_stmt 1 view .LVU158
 408              		.loc 1 316 24 is_stmt 0 view .LVU159
 409 01c2 0894     		str	r4, [sp, #32]
 317:Core/Src/main.c ****   GPIO_InitStruct.Pull = GPIO_NOPULL;
 410              		.loc 1 317 3 is_stmt 1 view .LVU160
 411              		.loc 1 317 24 is_stmt 0 view .LVU161
 412 01c4 0994     		str	r4, [sp, #36]
 318:Core/Src/main.c ****   HAL_GPIO_Init(OTG_FS_OverCurrent_GPIO_Port, &GPIO_InitStruct);
 413              		.loc 1 318 3 is_stmt 1 view .LVU162
 414 01c6 2946     		mov	r1, r5
 415 01c8 5046     		mov	r0, r10
 416 01ca FFF7FEFF 		bl	HAL_GPIO_Init
 417              	.LVL15:
 319:Core/Src/main.c **** 
 320:Core/Src/main.c ****   /*Configure GPIO pins : Audio_SCL_Pin Audio_SDA_Pin */
 321:Core/Src/main.c ****   GPIO_InitStruct.Pin = Audio_SCL_Pin|Audio_SDA_Pin;
 418              		.loc 1 321 3 view .LVU163
 419              		.loc 1 321 23 is_stmt 0 view .LVU164
 420 01ce 4FF41073 		mov	r3, #576
 421 01d2 0793     		str	r3, [sp, #28]
ARM GAS  C:\Users\kalpe\AppData\Local\Temp\ccbzGkmY.s 			page 14


 322:Core/Src/main.c ****   GPIO_InitStruct.Mode = GPIO_MODE_AF_OD;
 422              		.loc 1 322 3 is_stmt 1 view .LVU165
 423              		.loc 1 322 24 is_stmt 0 view .LVU166
 424 01d4 1223     		movs	r3, #18
 425 01d6 0893     		str	r3, [sp, #32]
 323:Core/Src/main.c ****   GPIO_InitStruct.Pull = GPIO_NOPULL;
 426              		.loc 1 323 3 is_stmt 1 view .LVU167
 427              		.loc 1 323 24 is_stmt 0 view .LVU168
 428 01d8 0994     		str	r4, [sp, #36]
 324:Core/Src/main.c ****   GPIO_InitStruct.Speed = GPIO_SPEED_FREQ_LOW;
 429              		.loc 1 324 3 is_stmt 1 view .LVU169
 430              		.loc 1 324 25 is_stmt 0 view .LVU170
 431 01da 0A94     		str	r4, [sp, #40]
 325:Core/Src/main.c ****   GPIO_InitStruct.Alternate = GPIO_AF4_I2C1;
 432              		.loc 1 325 3 is_stmt 1 view .LVU171
 433              		.loc 1 325 29 is_stmt 0 view .LVU172
 434 01dc 0422     		movs	r2, #4
 435 01de 0B92     		str	r2, [sp, #44]
 326:Core/Src/main.c ****   HAL_GPIO_Init(GPIOB, &GPIO_InitStruct);
 436              		.loc 1 326 3 is_stmt 1 view .LVU173
 437 01e0 2946     		mov	r1, r5
 438 01e2 0A48     		ldr	r0, .L3+12
 439 01e4 FFF7FEFF 		bl	HAL_GPIO_Init
 440              	.LVL16:
 327:Core/Src/main.c **** 
 328:Core/Src/main.c ****   /*Configure GPIO pin : MEMS_INT2_Pin */
 329:Core/Src/main.c ****   GPIO_InitStruct.Pin = MEMS_INT2_Pin;
 441              		.loc 1 329 3 view .LVU174
 442              		.loc 1 329 23 is_stmt 0 view .LVU175
 443 01e8 0796     		str	r6, [sp, #28]
 330:Core/Src/main.c ****   GPIO_InitStruct.Mode = GPIO_MODE_EVT_RISING;
 444              		.loc 1 330 3 is_stmt 1 view .LVU176
 445              		.loc 1 330 24 is_stmt 0 view .LVU177
 446 01ea 4FF49013 		mov	r3, #1179648
 447 01ee 0893     		str	r3, [sp, #32]
 331:Core/Src/main.c ****   GPIO_InitStruct.Pull = GPIO_NOPULL;
 448              		.loc 1 331 3 is_stmt 1 view .LVU178
 449              		.loc 1 331 24 is_stmt 0 view .LVU179
 450 01f0 0994     		str	r4, [sp, #36]
 332:Core/Src/main.c ****   HAL_GPIO_Init(MEMS_INT2_GPIO_Port, &GPIO_InitStruct);
 451              		.loc 1 332 3 is_stmt 1 view .LVU180
 452 01f2 2946     		mov	r1, r5
 453 01f4 0348     		ldr	r0, .L3+4
 454 01f6 FFF7FEFF 		bl	HAL_GPIO_Init
 455              	.LVL17:
 333:Core/Src/main.c **** 
 334:Core/Src/main.c ****   /* USER CODE BEGIN MX_GPIO_Init_2 */
 335:Core/Src/main.c **** 
 336:Core/Src/main.c ****   /* USER CODE END MX_GPIO_Init_2 */
 337:Core/Src/main.c **** }
 456              		.loc 1 337 1 is_stmt 0 view .LVU181
 457 01fa 0DB0     		add	sp, sp, #52
 458              	.LCFI2:
 459              		.cfi_def_cfa_offset 36
 460              		@ sp needed
 461 01fc BDE8F08F 		pop	{r4, r5, r6, r7, r8, r9, r10, fp, pc}
 462              	.L4:
ARM GAS  C:\Users\kalpe\AppData\Local\Temp\ccbzGkmY.s 			page 15


 463              		.align	2
 464              	.L3:
 465 0200 00380240 		.word	1073887232
 466 0204 00100240 		.word	1073876992
 467 0208 00000240 		.word	1073872896
 468 020c 00040240 		.word	1073873920
 469 0210 00080240 		.word	1073874944
 470 0214 000C0240 		.word	1073875968
 471              		.cfi_endproc
 472              	.LFE140:
 474              		.section	.text.StartDefaultTask,"ax",%progbits
 475              		.align	1
 476              		.global	StartDefaultTask
 477              		.syntax unified
 478              		.thumb
 479              		.thumb_func
 481              	StartDefaultTask:
 482              	.LFB141:
 338:Core/Src/main.c **** 
 339:Core/Src/main.c **** /* USER CODE BEGIN 4 */
 340:Core/Src/main.c **** 
 341:Core/Src/main.c **** /* USER CODE END 4 */
 342:Core/Src/main.c **** 
 343:Core/Src/main.c **** /* USER CODE BEGIN Header_StartDefaultTask */
 344:Core/Src/main.c **** /**
 345:Core/Src/main.c ****   * @brief  Function implementing the defaultTask thread.
 346:Core/Src/main.c ****   * @param  argument: Not used
 347:Core/Src/main.c ****   * @retval None
 348:Core/Src/main.c ****   */
 349:Core/Src/main.c **** /* USER CODE END Header_StartDefaultTask */
 350:Core/Src/main.c **** void StartDefaultTask(void *argument)
 351:Core/Src/main.c **** {
 483              		.loc 1 351 1 is_stmt 1 view -0
 484              		.cfi_startproc
 485              		@ Volatile: function does not return.
 486              		@ args = 0, pretend = 0, frame = 0
 487              		@ frame_needed = 0, uses_anonymous_args = 0
 488              	.LVL18:
 489              		.loc 1 351 1 is_stmt 0 view .LVU183
 490 0000 08B5     		push	{r3, lr}
 491              	.LCFI3:
 492              		.cfi_def_cfa_offset 8
 493              		.cfi_offset 3, -8
 494              		.cfi_offset 14, -4
 495              	.LVL19:
 496              	.L6:
 352:Core/Src/main.c ****   /* USER CODE BEGIN 5 */
 353:Core/Src/main.c ****   /* Infinite loop */
 354:Core/Src/main.c ****   for(;;)
 497              		.loc 1 354 3 is_stmt 1 view .LVU184
 355:Core/Src/main.c ****   {
 356:Core/Src/main.c ****     osDelay(1);
 498              		.loc 1 356 5 discriminator 2 view .LVU185
 499 0002 0120     		movs	r0, #1
 500 0004 FFF7FEFF 		bl	osDelay
 501              	.LVL20:
 354:Core/Src/main.c ****   {
ARM GAS  C:\Users\kalpe\AppData\Local\Temp\ccbzGkmY.s 			page 16


 502              		.loc 1 354 3 view .LVU186
 503 0008 FBE7     		b	.L6
 504              		.cfi_endproc
 505              	.LFE141:
 507              		.section	.text.HAL_TIM_PeriodElapsedCallback,"ax",%progbits
 508              		.align	1
 509              		.global	HAL_TIM_PeriodElapsedCallback
 510              		.syntax unified
 511              		.thumb
 512              		.thumb_func
 514              	HAL_TIM_PeriodElapsedCallback:
 515              	.LVL21:
 516              	.LFB142:
 357:Core/Src/main.c ****   }
 358:Core/Src/main.c ****   /* USER CODE END 5 */
 359:Core/Src/main.c **** }
 360:Core/Src/main.c **** 
 361:Core/Src/main.c **** /**
 362:Core/Src/main.c ****   * @brief  Period elapsed callback in non blocking mode
 363:Core/Src/main.c ****   * @note   This function is called  when TIM6 interrupt took place, inside
 364:Core/Src/main.c ****   * HAL_TIM_IRQHandler(). It makes a direct call to HAL_IncTick() to increment
 365:Core/Src/main.c ****   * a global variable "uwTick" used as application time base.
 366:Core/Src/main.c ****   * @param  htim : TIM handle
 367:Core/Src/main.c ****   * @retval None
 368:Core/Src/main.c ****   */
 369:Core/Src/main.c **** void HAL_TIM_PeriodElapsedCallback(TIM_HandleTypeDef *htim)
 370:Core/Src/main.c **** {
 517              		.loc 1 370 1 view -0
 518              		.cfi_startproc
 519              		@ args = 0, pretend = 0, frame = 0
 520              		@ frame_needed = 0, uses_anonymous_args = 0
 521              		.loc 1 370 1 is_stmt 0 view .LVU188
 522 0000 08B5     		push	{r3, lr}
 523              	.LCFI4:
 524              		.cfi_def_cfa_offset 8
 525              		.cfi_offset 3, -8
 526              		.cfi_offset 14, -4
 371:Core/Src/main.c ****   /* USER CODE BEGIN Callback 0 */
 372:Core/Src/main.c **** 
 373:Core/Src/main.c ****   /* USER CODE END Callback 0 */
 374:Core/Src/main.c ****   if (htim->Instance == TIM6)
 527              		.loc 1 374 3 is_stmt 1 view .LVU189
 528              		.loc 1 374 11 is_stmt 0 view .LVU190
 529 0002 0268     		ldr	r2, [r0]
 530              		.loc 1 374 6 view .LVU191
 531 0004 034B     		ldr	r3, .L12
 532 0006 9A42     		cmp	r2, r3
 533 0008 00D0     		beq	.L11
 534              	.LVL22:
 535              	.L8:
 375:Core/Src/main.c ****   {
 376:Core/Src/main.c ****     HAL_IncTick();
 377:Core/Src/main.c ****   }
 378:Core/Src/main.c ****   /* USER CODE BEGIN Callback 1 */
 379:Core/Src/main.c **** 
 380:Core/Src/main.c ****   /* USER CODE END Callback 1 */
 381:Core/Src/main.c **** }
ARM GAS  C:\Users\kalpe\AppData\Local\Temp\ccbzGkmY.s 			page 17


 536              		.loc 1 381 1 view .LVU192
 537 000a 08BD     		pop	{r3, pc}
 538              	.LVL23:
 539              	.L11:
 376:Core/Src/main.c ****   }
 540              		.loc 1 376 5 is_stmt 1 view .LVU193
 541 000c FFF7FEFF 		bl	HAL_IncTick
 542              	.LVL24:
 543              		.loc 1 381 1 is_stmt 0 view .LVU194
 544 0010 FBE7     		b	.L8
 545              	.L13:
 546 0012 00BF     		.align	2
 547              	.L12:
 548 0014 00100040 		.word	1073745920
 549              		.cfi_endproc
 550              	.LFE142:
 552              		.section	.text.Error_Handler,"ax",%progbits
 553              		.align	1
 554              		.global	Error_Handler
 555              		.syntax unified
 556              		.thumb
 557              		.thumb_func
 559              	Error_Handler:
 560              	.LFB143:
 382:Core/Src/main.c **** 
 383:Core/Src/main.c **** /**
 384:Core/Src/main.c ****   * @brief  This function is executed in case of error occurrence.
 385:Core/Src/main.c ****   * @retval None
 386:Core/Src/main.c ****   */
 387:Core/Src/main.c **** void Error_Handler(void)
 388:Core/Src/main.c **** {
 561              		.loc 1 388 1 is_stmt 1 view -0
 562              		.cfi_startproc
 563              		@ Volatile: function does not return.
 564              		@ args = 0, pretend = 0, frame = 0
 565              		@ frame_needed = 0, uses_anonymous_args = 0
 566              		@ link register save eliminated.
 389:Core/Src/main.c ****   /* USER CODE BEGIN Error_Handler_Debug */
 390:Core/Src/main.c ****   /* User can add his own implementation to report the HAL error return state */
 391:Core/Src/main.c ****   __disable_irq();
 567              		.loc 1 391 3 view .LVU196
 568              	.LBB10:
 569              	.LBI10:
 570              		.file 2 "Drivers/CMSIS/Include/cmsis_gcc.h"
   1:Drivers/CMSIS/Include/cmsis_gcc.h **** /**************************************************************************//**
   2:Drivers/CMSIS/Include/cmsis_gcc.h ****  * @file     cmsis_gcc.h
   3:Drivers/CMSIS/Include/cmsis_gcc.h ****  * @brief    CMSIS compiler GCC header file
   4:Drivers/CMSIS/Include/cmsis_gcc.h ****  * @version  V5.4.1
   5:Drivers/CMSIS/Include/cmsis_gcc.h ****  * @date     27. May 2021
   6:Drivers/CMSIS/Include/cmsis_gcc.h ****  ******************************************************************************/
   7:Drivers/CMSIS/Include/cmsis_gcc.h **** /*
   8:Drivers/CMSIS/Include/cmsis_gcc.h ****  * Copyright (c) 2009-2021 Arm Limited. All rights reserved.
   9:Drivers/CMSIS/Include/cmsis_gcc.h ****  *
  10:Drivers/CMSIS/Include/cmsis_gcc.h ****  * SPDX-License-Identifier: Apache-2.0
  11:Drivers/CMSIS/Include/cmsis_gcc.h ****  *
  12:Drivers/CMSIS/Include/cmsis_gcc.h ****  * Licensed under the Apache License, Version 2.0 (the License); you may
  13:Drivers/CMSIS/Include/cmsis_gcc.h ****  * not use this file except in compliance with the License.
ARM GAS  C:\Users\kalpe\AppData\Local\Temp\ccbzGkmY.s 			page 18


  14:Drivers/CMSIS/Include/cmsis_gcc.h ****  * You may obtain a copy of the License at
  15:Drivers/CMSIS/Include/cmsis_gcc.h ****  *
  16:Drivers/CMSIS/Include/cmsis_gcc.h ****  * www.apache.org/licenses/LICENSE-2.0
  17:Drivers/CMSIS/Include/cmsis_gcc.h ****  *
  18:Drivers/CMSIS/Include/cmsis_gcc.h ****  * Unless required by applicable law or agreed to in writing, software
  19:Drivers/CMSIS/Include/cmsis_gcc.h ****  * distributed under the License is distributed on an AS IS BASIS, WITHOUT
  20:Drivers/CMSIS/Include/cmsis_gcc.h ****  * WARRANTIES OR CONDITIONS OF ANY KIND, either express or implied.
  21:Drivers/CMSIS/Include/cmsis_gcc.h ****  * See the License for the specific language governing permissions and
  22:Drivers/CMSIS/Include/cmsis_gcc.h ****  * limitations under the License.
  23:Drivers/CMSIS/Include/cmsis_gcc.h ****  */
  24:Drivers/CMSIS/Include/cmsis_gcc.h **** 
  25:Drivers/CMSIS/Include/cmsis_gcc.h **** #ifndef __CMSIS_GCC_H
  26:Drivers/CMSIS/Include/cmsis_gcc.h **** #define __CMSIS_GCC_H
  27:Drivers/CMSIS/Include/cmsis_gcc.h **** 
  28:Drivers/CMSIS/Include/cmsis_gcc.h **** /* ignore some GCC warnings */
  29:Drivers/CMSIS/Include/cmsis_gcc.h **** #pragma GCC diagnostic push
  30:Drivers/CMSIS/Include/cmsis_gcc.h **** #pragma GCC diagnostic ignored "-Wsign-conversion"
  31:Drivers/CMSIS/Include/cmsis_gcc.h **** #pragma GCC diagnostic ignored "-Wconversion"
  32:Drivers/CMSIS/Include/cmsis_gcc.h **** #pragma GCC diagnostic ignored "-Wunused-parameter"
  33:Drivers/CMSIS/Include/cmsis_gcc.h **** 
  34:Drivers/CMSIS/Include/cmsis_gcc.h **** /* Fallback for __has_builtin */
  35:Drivers/CMSIS/Include/cmsis_gcc.h **** #ifndef __has_builtin
  36:Drivers/CMSIS/Include/cmsis_gcc.h ****   #define __has_builtin(x) (0)
  37:Drivers/CMSIS/Include/cmsis_gcc.h **** #endif
  38:Drivers/CMSIS/Include/cmsis_gcc.h **** 
  39:Drivers/CMSIS/Include/cmsis_gcc.h **** /* CMSIS compiler specific defines */
  40:Drivers/CMSIS/Include/cmsis_gcc.h **** #ifndef   __ASM
  41:Drivers/CMSIS/Include/cmsis_gcc.h ****   #define __ASM                                  __asm
  42:Drivers/CMSIS/Include/cmsis_gcc.h **** #endif
  43:Drivers/CMSIS/Include/cmsis_gcc.h **** #ifndef   __INLINE
  44:Drivers/CMSIS/Include/cmsis_gcc.h ****   #define __INLINE                               inline
  45:Drivers/CMSIS/Include/cmsis_gcc.h **** #endif
  46:Drivers/CMSIS/Include/cmsis_gcc.h **** #ifndef   __STATIC_INLINE
  47:Drivers/CMSIS/Include/cmsis_gcc.h ****   #define __STATIC_INLINE                        static inline
  48:Drivers/CMSIS/Include/cmsis_gcc.h **** #endif
  49:Drivers/CMSIS/Include/cmsis_gcc.h **** #ifndef   __STATIC_FORCEINLINE
  50:Drivers/CMSIS/Include/cmsis_gcc.h ****   #define __STATIC_FORCEINLINE                   __attribute__((always_inline)) static inline
  51:Drivers/CMSIS/Include/cmsis_gcc.h **** #endif
  52:Drivers/CMSIS/Include/cmsis_gcc.h **** #ifndef   __NO_RETURN
  53:Drivers/CMSIS/Include/cmsis_gcc.h ****   #define __NO_RETURN                            __attribute__((__noreturn__))
  54:Drivers/CMSIS/Include/cmsis_gcc.h **** #endif
  55:Drivers/CMSIS/Include/cmsis_gcc.h **** #ifndef   __USED
  56:Drivers/CMSIS/Include/cmsis_gcc.h ****   #define __USED                                 __attribute__((used))
  57:Drivers/CMSIS/Include/cmsis_gcc.h **** #endif
  58:Drivers/CMSIS/Include/cmsis_gcc.h **** #ifndef   __WEAK
  59:Drivers/CMSIS/Include/cmsis_gcc.h ****   #define __WEAK                                 __attribute__((weak))
  60:Drivers/CMSIS/Include/cmsis_gcc.h **** #endif
  61:Drivers/CMSIS/Include/cmsis_gcc.h **** #ifndef   __PACKED
  62:Drivers/CMSIS/Include/cmsis_gcc.h ****   #define __PACKED                               __attribute__((packed, aligned(1)))
  63:Drivers/CMSIS/Include/cmsis_gcc.h **** #endif
  64:Drivers/CMSIS/Include/cmsis_gcc.h **** #ifndef   __PACKED_STRUCT
  65:Drivers/CMSIS/Include/cmsis_gcc.h ****   #define __PACKED_STRUCT                        struct __attribute__((packed, aligned(1)))
  66:Drivers/CMSIS/Include/cmsis_gcc.h **** #endif
  67:Drivers/CMSIS/Include/cmsis_gcc.h **** #ifndef   __PACKED_UNION
  68:Drivers/CMSIS/Include/cmsis_gcc.h ****   #define __PACKED_UNION                         union __attribute__((packed, aligned(1)))
  69:Drivers/CMSIS/Include/cmsis_gcc.h **** #endif
  70:Drivers/CMSIS/Include/cmsis_gcc.h **** #ifndef   __UNALIGNED_UINT32        /* deprecated */
ARM GAS  C:\Users\kalpe\AppData\Local\Temp\ccbzGkmY.s 			page 19


  71:Drivers/CMSIS/Include/cmsis_gcc.h ****   #pragma GCC diagnostic push
  72:Drivers/CMSIS/Include/cmsis_gcc.h ****   #pragma GCC diagnostic ignored "-Wpacked"
  73:Drivers/CMSIS/Include/cmsis_gcc.h ****   #pragma GCC diagnostic ignored "-Wattributes"
  74:Drivers/CMSIS/Include/cmsis_gcc.h ****   struct __attribute__((packed)) T_UINT32 { uint32_t v; };
  75:Drivers/CMSIS/Include/cmsis_gcc.h ****   #pragma GCC diagnostic pop
  76:Drivers/CMSIS/Include/cmsis_gcc.h ****   #define __UNALIGNED_UINT32(x)                  (((struct T_UINT32 *)(x))->v)
  77:Drivers/CMSIS/Include/cmsis_gcc.h **** #endif
  78:Drivers/CMSIS/Include/cmsis_gcc.h **** #ifndef   __UNALIGNED_UINT16_WRITE
  79:Drivers/CMSIS/Include/cmsis_gcc.h ****   #pragma GCC diagnostic push
  80:Drivers/CMSIS/Include/cmsis_gcc.h ****   #pragma GCC diagnostic ignored "-Wpacked"
  81:Drivers/CMSIS/Include/cmsis_gcc.h ****   #pragma GCC diagnostic ignored "-Wattributes"
  82:Drivers/CMSIS/Include/cmsis_gcc.h ****   __PACKED_STRUCT T_UINT16_WRITE { uint16_t v; };
  83:Drivers/CMSIS/Include/cmsis_gcc.h ****   #pragma GCC diagnostic pop
  84:Drivers/CMSIS/Include/cmsis_gcc.h ****   #define __UNALIGNED_UINT16_WRITE(addr, val)    (void)((((struct T_UINT16_WRITE *)(void *)(addr))-
  85:Drivers/CMSIS/Include/cmsis_gcc.h **** #endif
  86:Drivers/CMSIS/Include/cmsis_gcc.h **** #ifndef   __UNALIGNED_UINT16_READ
  87:Drivers/CMSIS/Include/cmsis_gcc.h ****   #pragma GCC diagnostic push
  88:Drivers/CMSIS/Include/cmsis_gcc.h ****   #pragma GCC diagnostic ignored "-Wpacked"
  89:Drivers/CMSIS/Include/cmsis_gcc.h ****   #pragma GCC diagnostic ignored "-Wattributes"
  90:Drivers/CMSIS/Include/cmsis_gcc.h ****   __PACKED_STRUCT T_UINT16_READ { uint16_t v; };
  91:Drivers/CMSIS/Include/cmsis_gcc.h ****   #pragma GCC diagnostic pop
  92:Drivers/CMSIS/Include/cmsis_gcc.h ****   #define __UNALIGNED_UINT16_READ(addr)          (((const struct T_UINT16_READ *)(const void *)(add
  93:Drivers/CMSIS/Include/cmsis_gcc.h **** #endif
  94:Drivers/CMSIS/Include/cmsis_gcc.h **** #ifndef   __UNALIGNED_UINT32_WRITE
  95:Drivers/CMSIS/Include/cmsis_gcc.h ****   #pragma GCC diagnostic push
  96:Drivers/CMSIS/Include/cmsis_gcc.h ****   #pragma GCC diagnostic ignored "-Wpacked"
  97:Drivers/CMSIS/Include/cmsis_gcc.h ****   #pragma GCC diagnostic ignored "-Wattributes"
  98:Drivers/CMSIS/Include/cmsis_gcc.h ****   __PACKED_STRUCT T_UINT32_WRITE { uint32_t v; };
  99:Drivers/CMSIS/Include/cmsis_gcc.h ****   #pragma GCC diagnostic pop
 100:Drivers/CMSIS/Include/cmsis_gcc.h ****   #define __UNALIGNED_UINT32_WRITE(addr, val)    (void)((((struct T_UINT32_WRITE *)(void *)(addr))-
 101:Drivers/CMSIS/Include/cmsis_gcc.h **** #endif
 102:Drivers/CMSIS/Include/cmsis_gcc.h **** #ifndef   __UNALIGNED_UINT32_READ
 103:Drivers/CMSIS/Include/cmsis_gcc.h ****   #pragma GCC diagnostic push
 104:Drivers/CMSIS/Include/cmsis_gcc.h ****   #pragma GCC diagnostic ignored "-Wpacked"
 105:Drivers/CMSIS/Include/cmsis_gcc.h ****   #pragma GCC diagnostic ignored "-Wattributes"
 106:Drivers/CMSIS/Include/cmsis_gcc.h ****   __PACKED_STRUCT T_UINT32_READ { uint32_t v; };
 107:Drivers/CMSIS/Include/cmsis_gcc.h ****   #pragma GCC diagnostic pop
 108:Drivers/CMSIS/Include/cmsis_gcc.h ****   #define __UNALIGNED_UINT32_READ(addr)          (((const struct T_UINT32_READ *)(const void *)(add
 109:Drivers/CMSIS/Include/cmsis_gcc.h **** #endif
 110:Drivers/CMSIS/Include/cmsis_gcc.h **** #ifndef   __ALIGNED
 111:Drivers/CMSIS/Include/cmsis_gcc.h ****   #define __ALIGNED(x)                           __attribute__((aligned(x)))
 112:Drivers/CMSIS/Include/cmsis_gcc.h **** #endif
 113:Drivers/CMSIS/Include/cmsis_gcc.h **** #ifndef   __RESTRICT
 114:Drivers/CMSIS/Include/cmsis_gcc.h ****   #define __RESTRICT                             __restrict
 115:Drivers/CMSIS/Include/cmsis_gcc.h **** #endif
 116:Drivers/CMSIS/Include/cmsis_gcc.h **** #ifndef   __COMPILER_BARRIER
 117:Drivers/CMSIS/Include/cmsis_gcc.h ****   #define __COMPILER_BARRIER()                   __ASM volatile("":::"memory")
 118:Drivers/CMSIS/Include/cmsis_gcc.h **** #endif
 119:Drivers/CMSIS/Include/cmsis_gcc.h **** 
 120:Drivers/CMSIS/Include/cmsis_gcc.h **** /* #########################  Startup and Lowlevel Init  ######################## */
 121:Drivers/CMSIS/Include/cmsis_gcc.h **** 
 122:Drivers/CMSIS/Include/cmsis_gcc.h **** #ifndef __PROGRAM_START
 123:Drivers/CMSIS/Include/cmsis_gcc.h **** 
 124:Drivers/CMSIS/Include/cmsis_gcc.h **** /**
 125:Drivers/CMSIS/Include/cmsis_gcc.h ****   \brief   Initializes data and bss sections
 126:Drivers/CMSIS/Include/cmsis_gcc.h ****   \details This default implementations initialized all data and additional bss
 127:Drivers/CMSIS/Include/cmsis_gcc.h ****            sections relying on .copy.table and .zero.table specified properly
ARM GAS  C:\Users\kalpe\AppData\Local\Temp\ccbzGkmY.s 			page 20


 128:Drivers/CMSIS/Include/cmsis_gcc.h ****            in the used linker script.
 129:Drivers/CMSIS/Include/cmsis_gcc.h **** 
 130:Drivers/CMSIS/Include/cmsis_gcc.h ****  */
 131:Drivers/CMSIS/Include/cmsis_gcc.h **** __STATIC_FORCEINLINE __NO_RETURN void __cmsis_start(void)
 132:Drivers/CMSIS/Include/cmsis_gcc.h **** {
 133:Drivers/CMSIS/Include/cmsis_gcc.h ****   extern void _start(void) __NO_RETURN;
 134:Drivers/CMSIS/Include/cmsis_gcc.h **** 
 135:Drivers/CMSIS/Include/cmsis_gcc.h ****   typedef struct {
 136:Drivers/CMSIS/Include/cmsis_gcc.h ****     uint32_t const* src;
 137:Drivers/CMSIS/Include/cmsis_gcc.h ****     uint32_t* dest;
 138:Drivers/CMSIS/Include/cmsis_gcc.h ****     uint32_t  wlen;
 139:Drivers/CMSIS/Include/cmsis_gcc.h ****   } __copy_table_t;
 140:Drivers/CMSIS/Include/cmsis_gcc.h **** 
 141:Drivers/CMSIS/Include/cmsis_gcc.h ****   typedef struct {
 142:Drivers/CMSIS/Include/cmsis_gcc.h ****     uint32_t* dest;
 143:Drivers/CMSIS/Include/cmsis_gcc.h ****     uint32_t  wlen;
 144:Drivers/CMSIS/Include/cmsis_gcc.h ****   } __zero_table_t;
 145:Drivers/CMSIS/Include/cmsis_gcc.h **** 
 146:Drivers/CMSIS/Include/cmsis_gcc.h ****   extern const __copy_table_t __copy_table_start__;
 147:Drivers/CMSIS/Include/cmsis_gcc.h ****   extern const __copy_table_t __copy_table_end__;
 148:Drivers/CMSIS/Include/cmsis_gcc.h ****   extern const __zero_table_t __zero_table_start__;
 149:Drivers/CMSIS/Include/cmsis_gcc.h ****   extern const __zero_table_t __zero_table_end__;
 150:Drivers/CMSIS/Include/cmsis_gcc.h **** 
 151:Drivers/CMSIS/Include/cmsis_gcc.h ****   for (__copy_table_t const* pTable = &__copy_table_start__; pTable < &__copy_table_end__; ++pTable
 152:Drivers/CMSIS/Include/cmsis_gcc.h ****     for(uint32_t i=0u; i<pTable->wlen; ++i) {
 153:Drivers/CMSIS/Include/cmsis_gcc.h ****       pTable->dest[i] = pTable->src[i];
 154:Drivers/CMSIS/Include/cmsis_gcc.h ****     }
 155:Drivers/CMSIS/Include/cmsis_gcc.h ****   }
 156:Drivers/CMSIS/Include/cmsis_gcc.h **** 
 157:Drivers/CMSIS/Include/cmsis_gcc.h ****   for (__zero_table_t const* pTable = &__zero_table_start__; pTable < &__zero_table_end__; ++pTable
 158:Drivers/CMSIS/Include/cmsis_gcc.h ****     for(uint32_t i=0u; i<pTable->wlen; ++i) {
 159:Drivers/CMSIS/Include/cmsis_gcc.h ****       pTable->dest[i] = 0u;
 160:Drivers/CMSIS/Include/cmsis_gcc.h ****     }
 161:Drivers/CMSIS/Include/cmsis_gcc.h ****   }
 162:Drivers/CMSIS/Include/cmsis_gcc.h **** 
 163:Drivers/CMSIS/Include/cmsis_gcc.h ****   _start();
 164:Drivers/CMSIS/Include/cmsis_gcc.h **** }
 165:Drivers/CMSIS/Include/cmsis_gcc.h **** 
 166:Drivers/CMSIS/Include/cmsis_gcc.h **** #define __PROGRAM_START           __cmsis_start
 167:Drivers/CMSIS/Include/cmsis_gcc.h **** #endif
 168:Drivers/CMSIS/Include/cmsis_gcc.h **** 
 169:Drivers/CMSIS/Include/cmsis_gcc.h **** #ifndef __INITIAL_SP
 170:Drivers/CMSIS/Include/cmsis_gcc.h **** #define __INITIAL_SP              __StackTop
 171:Drivers/CMSIS/Include/cmsis_gcc.h **** #endif
 172:Drivers/CMSIS/Include/cmsis_gcc.h **** 
 173:Drivers/CMSIS/Include/cmsis_gcc.h **** #ifndef __STACK_LIMIT
 174:Drivers/CMSIS/Include/cmsis_gcc.h **** #define __STACK_LIMIT             __StackLimit
 175:Drivers/CMSIS/Include/cmsis_gcc.h **** #endif
 176:Drivers/CMSIS/Include/cmsis_gcc.h **** 
 177:Drivers/CMSIS/Include/cmsis_gcc.h **** #ifndef __VECTOR_TABLE
 178:Drivers/CMSIS/Include/cmsis_gcc.h **** #define __VECTOR_TABLE            __Vectors
 179:Drivers/CMSIS/Include/cmsis_gcc.h **** #endif
 180:Drivers/CMSIS/Include/cmsis_gcc.h **** 
 181:Drivers/CMSIS/Include/cmsis_gcc.h **** #ifndef __VECTOR_TABLE_ATTRIBUTE
 182:Drivers/CMSIS/Include/cmsis_gcc.h **** #define __VECTOR_TABLE_ATTRIBUTE  __attribute__((used, section(".vectors")))
 183:Drivers/CMSIS/Include/cmsis_gcc.h **** #endif
 184:Drivers/CMSIS/Include/cmsis_gcc.h **** 
ARM GAS  C:\Users\kalpe\AppData\Local\Temp\ccbzGkmY.s 			page 21


 185:Drivers/CMSIS/Include/cmsis_gcc.h **** #if defined (__ARM_FEATURE_CMSE) && (__ARM_FEATURE_CMSE == 3U)
 186:Drivers/CMSIS/Include/cmsis_gcc.h **** #ifndef __STACK_SEAL
 187:Drivers/CMSIS/Include/cmsis_gcc.h **** #define __STACK_SEAL              __StackSeal
 188:Drivers/CMSIS/Include/cmsis_gcc.h **** #endif
 189:Drivers/CMSIS/Include/cmsis_gcc.h **** 
 190:Drivers/CMSIS/Include/cmsis_gcc.h **** #ifndef __TZ_STACK_SEAL_SIZE
 191:Drivers/CMSIS/Include/cmsis_gcc.h **** #define __TZ_STACK_SEAL_SIZE      8U
 192:Drivers/CMSIS/Include/cmsis_gcc.h **** #endif
 193:Drivers/CMSIS/Include/cmsis_gcc.h **** 
 194:Drivers/CMSIS/Include/cmsis_gcc.h **** #ifndef __TZ_STACK_SEAL_VALUE
 195:Drivers/CMSIS/Include/cmsis_gcc.h **** #define __TZ_STACK_SEAL_VALUE     0xFEF5EDA5FEF5EDA5ULL
 196:Drivers/CMSIS/Include/cmsis_gcc.h **** #endif
 197:Drivers/CMSIS/Include/cmsis_gcc.h **** 
 198:Drivers/CMSIS/Include/cmsis_gcc.h **** 
 199:Drivers/CMSIS/Include/cmsis_gcc.h **** __STATIC_FORCEINLINE void __TZ_set_STACKSEAL_S (uint32_t* stackTop) {
 200:Drivers/CMSIS/Include/cmsis_gcc.h ****   *((uint64_t *)stackTop) = __TZ_STACK_SEAL_VALUE;
 201:Drivers/CMSIS/Include/cmsis_gcc.h **** }
 202:Drivers/CMSIS/Include/cmsis_gcc.h **** #endif
 203:Drivers/CMSIS/Include/cmsis_gcc.h **** 
 204:Drivers/CMSIS/Include/cmsis_gcc.h **** 
 205:Drivers/CMSIS/Include/cmsis_gcc.h **** /* ##########################  Core Instruction Access  ######################### */
 206:Drivers/CMSIS/Include/cmsis_gcc.h **** /** \defgroup CMSIS_Core_InstructionInterface CMSIS Core Instruction Interface
 207:Drivers/CMSIS/Include/cmsis_gcc.h ****   Access to dedicated instructions
 208:Drivers/CMSIS/Include/cmsis_gcc.h ****   @{
 209:Drivers/CMSIS/Include/cmsis_gcc.h **** */
 210:Drivers/CMSIS/Include/cmsis_gcc.h **** 
 211:Drivers/CMSIS/Include/cmsis_gcc.h **** /* Define macros for porting to both thumb1 and thumb2.
 212:Drivers/CMSIS/Include/cmsis_gcc.h ****  * For thumb1, use low register (r0-r7), specified by constraint "l"
 213:Drivers/CMSIS/Include/cmsis_gcc.h ****  * Otherwise, use general registers, specified by constraint "r" */
 214:Drivers/CMSIS/Include/cmsis_gcc.h **** #if defined (__thumb__) && !defined (__thumb2__)
 215:Drivers/CMSIS/Include/cmsis_gcc.h **** #define __CMSIS_GCC_OUT_REG(r) "=l" (r)
 216:Drivers/CMSIS/Include/cmsis_gcc.h **** #define __CMSIS_GCC_RW_REG(r) "+l" (r)
 217:Drivers/CMSIS/Include/cmsis_gcc.h **** #define __CMSIS_GCC_USE_REG(r) "l" (r)
 218:Drivers/CMSIS/Include/cmsis_gcc.h **** #else
 219:Drivers/CMSIS/Include/cmsis_gcc.h **** #define __CMSIS_GCC_OUT_REG(r) "=r" (r)
 220:Drivers/CMSIS/Include/cmsis_gcc.h **** #define __CMSIS_GCC_RW_REG(r) "+r" (r)
 221:Drivers/CMSIS/Include/cmsis_gcc.h **** #define __CMSIS_GCC_USE_REG(r) "r" (r)
 222:Drivers/CMSIS/Include/cmsis_gcc.h **** #endif
 223:Drivers/CMSIS/Include/cmsis_gcc.h **** 
 224:Drivers/CMSIS/Include/cmsis_gcc.h **** /**
 225:Drivers/CMSIS/Include/cmsis_gcc.h ****   \brief   No Operation
 226:Drivers/CMSIS/Include/cmsis_gcc.h ****   \details No Operation does nothing. This instruction can be used for code alignment purposes.
 227:Drivers/CMSIS/Include/cmsis_gcc.h ****  */
 228:Drivers/CMSIS/Include/cmsis_gcc.h **** #define __NOP()                             __ASM volatile ("nop")
 229:Drivers/CMSIS/Include/cmsis_gcc.h **** 
 230:Drivers/CMSIS/Include/cmsis_gcc.h **** /**
 231:Drivers/CMSIS/Include/cmsis_gcc.h ****   \brief   Wait For Interrupt
 232:Drivers/CMSIS/Include/cmsis_gcc.h ****   \details Wait For Interrupt is a hint instruction that suspends execution until one of a number o
 233:Drivers/CMSIS/Include/cmsis_gcc.h ****  */
 234:Drivers/CMSIS/Include/cmsis_gcc.h **** #define __WFI()                             __ASM volatile ("wfi":::"memory")
 235:Drivers/CMSIS/Include/cmsis_gcc.h **** 
 236:Drivers/CMSIS/Include/cmsis_gcc.h **** 
 237:Drivers/CMSIS/Include/cmsis_gcc.h **** /**
 238:Drivers/CMSIS/Include/cmsis_gcc.h ****   \brief   Wait For Event
 239:Drivers/CMSIS/Include/cmsis_gcc.h ****   \details Wait For Event is a hint instruction that permits the processor to enter
 240:Drivers/CMSIS/Include/cmsis_gcc.h ****            a low-power state until one of a number of events occurs.
 241:Drivers/CMSIS/Include/cmsis_gcc.h ****  */
ARM GAS  C:\Users\kalpe\AppData\Local\Temp\ccbzGkmY.s 			page 22


 242:Drivers/CMSIS/Include/cmsis_gcc.h **** #define __WFE()                             __ASM volatile ("wfe":::"memory")
 243:Drivers/CMSIS/Include/cmsis_gcc.h **** 
 244:Drivers/CMSIS/Include/cmsis_gcc.h **** 
 245:Drivers/CMSIS/Include/cmsis_gcc.h **** /**
 246:Drivers/CMSIS/Include/cmsis_gcc.h ****   \brief   Send Event
 247:Drivers/CMSIS/Include/cmsis_gcc.h ****   \details Send Event is a hint instruction. It causes an event to be signaled to the CPU.
 248:Drivers/CMSIS/Include/cmsis_gcc.h ****  */
 249:Drivers/CMSIS/Include/cmsis_gcc.h **** #define __SEV()                             __ASM volatile ("sev")
 250:Drivers/CMSIS/Include/cmsis_gcc.h **** 
 251:Drivers/CMSIS/Include/cmsis_gcc.h **** 
 252:Drivers/CMSIS/Include/cmsis_gcc.h **** /**
 253:Drivers/CMSIS/Include/cmsis_gcc.h ****   \brief   Instruction Synchronization Barrier
 254:Drivers/CMSIS/Include/cmsis_gcc.h ****   \details Instruction Synchronization Barrier flushes the pipeline in the processor,
 255:Drivers/CMSIS/Include/cmsis_gcc.h ****            so that all instructions following the ISB are fetched from cache or memory,
 256:Drivers/CMSIS/Include/cmsis_gcc.h ****            after the instruction has been completed.
 257:Drivers/CMSIS/Include/cmsis_gcc.h ****  */
 258:Drivers/CMSIS/Include/cmsis_gcc.h **** __STATIC_FORCEINLINE void __ISB(void)
 259:Drivers/CMSIS/Include/cmsis_gcc.h **** {
 260:Drivers/CMSIS/Include/cmsis_gcc.h ****   __ASM volatile ("isb 0xF":::"memory");
 261:Drivers/CMSIS/Include/cmsis_gcc.h **** }
 262:Drivers/CMSIS/Include/cmsis_gcc.h **** 
 263:Drivers/CMSIS/Include/cmsis_gcc.h **** 
 264:Drivers/CMSIS/Include/cmsis_gcc.h **** /**
 265:Drivers/CMSIS/Include/cmsis_gcc.h ****   \brief   Data Synchronization Barrier
 266:Drivers/CMSIS/Include/cmsis_gcc.h ****   \details Acts as a special kind of Data Memory Barrier.
 267:Drivers/CMSIS/Include/cmsis_gcc.h ****            It completes when all explicit memory accesses before this instruction complete.
 268:Drivers/CMSIS/Include/cmsis_gcc.h ****  */
 269:Drivers/CMSIS/Include/cmsis_gcc.h **** __STATIC_FORCEINLINE void __DSB(void)
 270:Drivers/CMSIS/Include/cmsis_gcc.h **** {
 271:Drivers/CMSIS/Include/cmsis_gcc.h ****   __ASM volatile ("dsb 0xF":::"memory");
 272:Drivers/CMSIS/Include/cmsis_gcc.h **** }
 273:Drivers/CMSIS/Include/cmsis_gcc.h **** 
 274:Drivers/CMSIS/Include/cmsis_gcc.h **** 
 275:Drivers/CMSIS/Include/cmsis_gcc.h **** /**
 276:Drivers/CMSIS/Include/cmsis_gcc.h ****   \brief   Data Memory Barrier
 277:Drivers/CMSIS/Include/cmsis_gcc.h ****   \details Ensures the apparent order of the explicit memory operations before
 278:Drivers/CMSIS/Include/cmsis_gcc.h ****            and after the instruction, without ensuring their completion.
 279:Drivers/CMSIS/Include/cmsis_gcc.h ****  */
 280:Drivers/CMSIS/Include/cmsis_gcc.h **** __STATIC_FORCEINLINE void __DMB(void)
 281:Drivers/CMSIS/Include/cmsis_gcc.h **** {
 282:Drivers/CMSIS/Include/cmsis_gcc.h ****   __ASM volatile ("dmb 0xF":::"memory");
 283:Drivers/CMSIS/Include/cmsis_gcc.h **** }
 284:Drivers/CMSIS/Include/cmsis_gcc.h **** 
 285:Drivers/CMSIS/Include/cmsis_gcc.h **** 
 286:Drivers/CMSIS/Include/cmsis_gcc.h **** /**
 287:Drivers/CMSIS/Include/cmsis_gcc.h ****   \brief   Reverse byte order (32 bit)
 288:Drivers/CMSIS/Include/cmsis_gcc.h ****   \details Reverses the byte order in unsigned integer value. For example, 0x12345678 becomes 0x785
 289:Drivers/CMSIS/Include/cmsis_gcc.h ****   \param [in]    value  Value to reverse
 290:Drivers/CMSIS/Include/cmsis_gcc.h ****   \return               Reversed value
 291:Drivers/CMSIS/Include/cmsis_gcc.h ****  */
 292:Drivers/CMSIS/Include/cmsis_gcc.h **** __STATIC_FORCEINLINE uint32_t __REV(uint32_t value)
 293:Drivers/CMSIS/Include/cmsis_gcc.h **** {
 294:Drivers/CMSIS/Include/cmsis_gcc.h **** #if (__GNUC__ > 4) || (__GNUC__ == 4 && __GNUC_MINOR__ >= 5)
 295:Drivers/CMSIS/Include/cmsis_gcc.h ****   return __builtin_bswap32(value);
 296:Drivers/CMSIS/Include/cmsis_gcc.h **** #else
 297:Drivers/CMSIS/Include/cmsis_gcc.h ****   uint32_t result;
 298:Drivers/CMSIS/Include/cmsis_gcc.h **** 
ARM GAS  C:\Users\kalpe\AppData\Local\Temp\ccbzGkmY.s 			page 23


 299:Drivers/CMSIS/Include/cmsis_gcc.h ****   __ASM ("rev %0, %1" : __CMSIS_GCC_OUT_REG (result) : __CMSIS_GCC_USE_REG (value) );
 300:Drivers/CMSIS/Include/cmsis_gcc.h ****   return result;
 301:Drivers/CMSIS/Include/cmsis_gcc.h **** #endif
 302:Drivers/CMSIS/Include/cmsis_gcc.h **** }
 303:Drivers/CMSIS/Include/cmsis_gcc.h **** 
 304:Drivers/CMSIS/Include/cmsis_gcc.h **** 
 305:Drivers/CMSIS/Include/cmsis_gcc.h **** /**
 306:Drivers/CMSIS/Include/cmsis_gcc.h ****   \brief   Reverse byte order (16 bit)
 307:Drivers/CMSIS/Include/cmsis_gcc.h ****   \details Reverses the byte order within each halfword of a word. For example, 0x12345678 becomes 
 308:Drivers/CMSIS/Include/cmsis_gcc.h ****   \param [in]    value  Value to reverse
 309:Drivers/CMSIS/Include/cmsis_gcc.h ****   \return               Reversed value
 310:Drivers/CMSIS/Include/cmsis_gcc.h ****  */
 311:Drivers/CMSIS/Include/cmsis_gcc.h **** __STATIC_FORCEINLINE uint32_t __REV16(uint32_t value)
 312:Drivers/CMSIS/Include/cmsis_gcc.h **** {
 313:Drivers/CMSIS/Include/cmsis_gcc.h ****   uint32_t result;
 314:Drivers/CMSIS/Include/cmsis_gcc.h **** 
 315:Drivers/CMSIS/Include/cmsis_gcc.h ****   __ASM ("rev16 %0, %1" : __CMSIS_GCC_OUT_REG (result) : __CMSIS_GCC_USE_REG (value) );
 316:Drivers/CMSIS/Include/cmsis_gcc.h ****   return result;
 317:Drivers/CMSIS/Include/cmsis_gcc.h **** }
 318:Drivers/CMSIS/Include/cmsis_gcc.h **** 
 319:Drivers/CMSIS/Include/cmsis_gcc.h **** 
 320:Drivers/CMSIS/Include/cmsis_gcc.h **** /**
 321:Drivers/CMSIS/Include/cmsis_gcc.h ****   \brief   Reverse byte order (16 bit)
 322:Drivers/CMSIS/Include/cmsis_gcc.h ****   \details Reverses the byte order in a 16-bit value and returns the signed 16-bit result. For exam
 323:Drivers/CMSIS/Include/cmsis_gcc.h ****   \param [in]    value  Value to reverse
 324:Drivers/CMSIS/Include/cmsis_gcc.h ****   \return               Reversed value
 325:Drivers/CMSIS/Include/cmsis_gcc.h ****  */
 326:Drivers/CMSIS/Include/cmsis_gcc.h **** __STATIC_FORCEINLINE int16_t __REVSH(int16_t value)
 327:Drivers/CMSIS/Include/cmsis_gcc.h **** {
 328:Drivers/CMSIS/Include/cmsis_gcc.h **** #if (__GNUC__ > 4) || (__GNUC__ == 4 && __GNUC_MINOR__ >= 8)
 329:Drivers/CMSIS/Include/cmsis_gcc.h ****   return (int16_t)__builtin_bswap16(value);
 330:Drivers/CMSIS/Include/cmsis_gcc.h **** #else
 331:Drivers/CMSIS/Include/cmsis_gcc.h ****   int16_t result;
 332:Drivers/CMSIS/Include/cmsis_gcc.h **** 
 333:Drivers/CMSIS/Include/cmsis_gcc.h ****   __ASM ("revsh %0, %1" : __CMSIS_GCC_OUT_REG (result) : __CMSIS_GCC_USE_REG (value) );
 334:Drivers/CMSIS/Include/cmsis_gcc.h ****   return result;
 335:Drivers/CMSIS/Include/cmsis_gcc.h **** #endif
 336:Drivers/CMSIS/Include/cmsis_gcc.h **** }
 337:Drivers/CMSIS/Include/cmsis_gcc.h **** 
 338:Drivers/CMSIS/Include/cmsis_gcc.h **** 
 339:Drivers/CMSIS/Include/cmsis_gcc.h **** /**
 340:Drivers/CMSIS/Include/cmsis_gcc.h ****   \brief   Rotate Right in unsigned value (32 bit)
 341:Drivers/CMSIS/Include/cmsis_gcc.h ****   \details Rotate Right (immediate) provides the value of the contents of a register rotated by a v
 342:Drivers/CMSIS/Include/cmsis_gcc.h ****   \param [in]    op1  Value to rotate
 343:Drivers/CMSIS/Include/cmsis_gcc.h ****   \param [in]    op2  Number of Bits to rotate
 344:Drivers/CMSIS/Include/cmsis_gcc.h ****   \return               Rotated value
 345:Drivers/CMSIS/Include/cmsis_gcc.h ****  */
 346:Drivers/CMSIS/Include/cmsis_gcc.h **** __STATIC_FORCEINLINE uint32_t __ROR(uint32_t op1, uint32_t op2)
 347:Drivers/CMSIS/Include/cmsis_gcc.h **** {
 348:Drivers/CMSIS/Include/cmsis_gcc.h ****   op2 %= 32U;
 349:Drivers/CMSIS/Include/cmsis_gcc.h ****   if (op2 == 0U)
 350:Drivers/CMSIS/Include/cmsis_gcc.h ****   {
 351:Drivers/CMSIS/Include/cmsis_gcc.h ****     return op1;
 352:Drivers/CMSIS/Include/cmsis_gcc.h ****   }
 353:Drivers/CMSIS/Include/cmsis_gcc.h ****   return (op1 >> op2) | (op1 << (32U - op2));
 354:Drivers/CMSIS/Include/cmsis_gcc.h **** }
 355:Drivers/CMSIS/Include/cmsis_gcc.h **** 
ARM GAS  C:\Users\kalpe\AppData\Local\Temp\ccbzGkmY.s 			page 24


 356:Drivers/CMSIS/Include/cmsis_gcc.h **** 
 357:Drivers/CMSIS/Include/cmsis_gcc.h **** /**
 358:Drivers/CMSIS/Include/cmsis_gcc.h ****   \brief   Breakpoint
 359:Drivers/CMSIS/Include/cmsis_gcc.h ****   \details Causes the processor to enter Debug state.
 360:Drivers/CMSIS/Include/cmsis_gcc.h ****            Debug tools can use this to investigate system state when the instruction at a particula
 361:Drivers/CMSIS/Include/cmsis_gcc.h ****   \param [in]    value  is ignored by the processor.
 362:Drivers/CMSIS/Include/cmsis_gcc.h ****                  If required, a debugger can use it to store additional information about the break
 363:Drivers/CMSIS/Include/cmsis_gcc.h ****  */
 364:Drivers/CMSIS/Include/cmsis_gcc.h **** #define __BKPT(value)                       __ASM volatile ("bkpt "#value)
 365:Drivers/CMSIS/Include/cmsis_gcc.h **** 
 366:Drivers/CMSIS/Include/cmsis_gcc.h **** 
 367:Drivers/CMSIS/Include/cmsis_gcc.h **** /**
 368:Drivers/CMSIS/Include/cmsis_gcc.h ****   \brief   Reverse bit order of value
 369:Drivers/CMSIS/Include/cmsis_gcc.h ****   \details Reverses the bit order of the given value.
 370:Drivers/CMSIS/Include/cmsis_gcc.h ****   \param [in]    value  Value to reverse
 371:Drivers/CMSIS/Include/cmsis_gcc.h ****   \return               Reversed value
 372:Drivers/CMSIS/Include/cmsis_gcc.h ****  */
 373:Drivers/CMSIS/Include/cmsis_gcc.h **** __STATIC_FORCEINLINE uint32_t __RBIT(uint32_t value)
 374:Drivers/CMSIS/Include/cmsis_gcc.h **** {
 375:Drivers/CMSIS/Include/cmsis_gcc.h ****   uint32_t result;
 376:Drivers/CMSIS/Include/cmsis_gcc.h **** 
 377:Drivers/CMSIS/Include/cmsis_gcc.h **** #if ((defined (__ARM_ARCH_7M__      ) && (__ARM_ARCH_7M__      == 1)) || \
 378:Drivers/CMSIS/Include/cmsis_gcc.h ****      (defined (__ARM_ARCH_7EM__     ) && (__ARM_ARCH_7EM__     == 1)) || \
 379:Drivers/CMSIS/Include/cmsis_gcc.h ****      (defined (__ARM_ARCH_8M_MAIN__ ) && (__ARM_ARCH_8M_MAIN__ == 1))    )
 380:Drivers/CMSIS/Include/cmsis_gcc.h ****    __ASM ("rbit %0, %1" : "=r" (result) : "r" (value) );
 381:Drivers/CMSIS/Include/cmsis_gcc.h **** #else
 382:Drivers/CMSIS/Include/cmsis_gcc.h ****   uint32_t s = (4U /*sizeof(v)*/ * 8U) - 1U; /* extra shift needed at end */
 383:Drivers/CMSIS/Include/cmsis_gcc.h **** 
 384:Drivers/CMSIS/Include/cmsis_gcc.h ****   result = value;                      /* r will be reversed bits of v; first get LSB of v */
 385:Drivers/CMSIS/Include/cmsis_gcc.h ****   for (value >>= 1U; value != 0U; value >>= 1U)
 386:Drivers/CMSIS/Include/cmsis_gcc.h ****   {
 387:Drivers/CMSIS/Include/cmsis_gcc.h ****     result <<= 1U;
 388:Drivers/CMSIS/Include/cmsis_gcc.h ****     result |= value & 1U;
 389:Drivers/CMSIS/Include/cmsis_gcc.h ****     s--;
 390:Drivers/CMSIS/Include/cmsis_gcc.h ****   }
 391:Drivers/CMSIS/Include/cmsis_gcc.h ****   result <<= s;                        /* shift when v's highest bits are zero */
 392:Drivers/CMSIS/Include/cmsis_gcc.h **** #endif
 393:Drivers/CMSIS/Include/cmsis_gcc.h ****   return result;
 394:Drivers/CMSIS/Include/cmsis_gcc.h **** }
 395:Drivers/CMSIS/Include/cmsis_gcc.h **** 
 396:Drivers/CMSIS/Include/cmsis_gcc.h **** 
 397:Drivers/CMSIS/Include/cmsis_gcc.h **** /**
 398:Drivers/CMSIS/Include/cmsis_gcc.h ****   \brief   Count leading zeros
 399:Drivers/CMSIS/Include/cmsis_gcc.h ****   \details Counts the number of leading zeros of a data value.
 400:Drivers/CMSIS/Include/cmsis_gcc.h ****   \param [in]  value  Value to count the leading zeros
 401:Drivers/CMSIS/Include/cmsis_gcc.h ****   \return             number of leading zeros in value
 402:Drivers/CMSIS/Include/cmsis_gcc.h ****  */
 403:Drivers/CMSIS/Include/cmsis_gcc.h **** __STATIC_FORCEINLINE uint8_t __CLZ(uint32_t value)
 404:Drivers/CMSIS/Include/cmsis_gcc.h **** {
 405:Drivers/CMSIS/Include/cmsis_gcc.h ****   /* Even though __builtin_clz produces a CLZ instruction on ARM, formally
 406:Drivers/CMSIS/Include/cmsis_gcc.h ****      __builtin_clz(0) is undefined behaviour, so handle this case specially.
 407:Drivers/CMSIS/Include/cmsis_gcc.h ****      This guarantees ARM-compatible results if happening to compile on a non-ARM
 408:Drivers/CMSIS/Include/cmsis_gcc.h ****      target, and ensures the compiler doesn't decide to activate any
 409:Drivers/CMSIS/Include/cmsis_gcc.h ****      optimisations using the logic "value was passed to __builtin_clz, so it
 410:Drivers/CMSIS/Include/cmsis_gcc.h ****      is non-zero".
 411:Drivers/CMSIS/Include/cmsis_gcc.h ****      ARM GCC 7.3 and possibly earlier will optimise this test away, leaving a
 412:Drivers/CMSIS/Include/cmsis_gcc.h ****      single CLZ instruction.
ARM GAS  C:\Users\kalpe\AppData\Local\Temp\ccbzGkmY.s 			page 25


 413:Drivers/CMSIS/Include/cmsis_gcc.h ****    */
 414:Drivers/CMSIS/Include/cmsis_gcc.h ****   if (value == 0U)
 415:Drivers/CMSIS/Include/cmsis_gcc.h ****   {
 416:Drivers/CMSIS/Include/cmsis_gcc.h ****     return 32U;
 417:Drivers/CMSIS/Include/cmsis_gcc.h ****   }
 418:Drivers/CMSIS/Include/cmsis_gcc.h ****   return __builtin_clz(value);
 419:Drivers/CMSIS/Include/cmsis_gcc.h **** }
 420:Drivers/CMSIS/Include/cmsis_gcc.h **** 
 421:Drivers/CMSIS/Include/cmsis_gcc.h **** 
 422:Drivers/CMSIS/Include/cmsis_gcc.h **** #if ((defined (__ARM_ARCH_7M__      ) && (__ARM_ARCH_7M__      == 1)) || \
 423:Drivers/CMSIS/Include/cmsis_gcc.h ****      (defined (__ARM_ARCH_7EM__     ) && (__ARM_ARCH_7EM__     == 1)) || \
 424:Drivers/CMSIS/Include/cmsis_gcc.h ****      (defined (__ARM_ARCH_8M_MAIN__ ) && (__ARM_ARCH_8M_MAIN__ == 1)) || \
 425:Drivers/CMSIS/Include/cmsis_gcc.h ****      (defined (__ARM_ARCH_8M_BASE__ ) && (__ARM_ARCH_8M_BASE__ == 1))    )
 426:Drivers/CMSIS/Include/cmsis_gcc.h **** /**
 427:Drivers/CMSIS/Include/cmsis_gcc.h ****   \brief   LDR Exclusive (8 bit)
 428:Drivers/CMSIS/Include/cmsis_gcc.h ****   \details Executes a exclusive LDR instruction for 8 bit value.
 429:Drivers/CMSIS/Include/cmsis_gcc.h ****   \param [in]    ptr  Pointer to data
 430:Drivers/CMSIS/Include/cmsis_gcc.h ****   \return             value of type uint8_t at (*ptr)
 431:Drivers/CMSIS/Include/cmsis_gcc.h ****  */
 432:Drivers/CMSIS/Include/cmsis_gcc.h **** __STATIC_FORCEINLINE uint8_t __LDREXB(volatile uint8_t *addr)
 433:Drivers/CMSIS/Include/cmsis_gcc.h **** {
 434:Drivers/CMSIS/Include/cmsis_gcc.h ****     uint32_t result;
 435:Drivers/CMSIS/Include/cmsis_gcc.h **** 
 436:Drivers/CMSIS/Include/cmsis_gcc.h **** #if (__GNUC__ > 4) || (__GNUC__ == 4 && __GNUC_MINOR__ >= 8)
 437:Drivers/CMSIS/Include/cmsis_gcc.h ****    __ASM volatile ("ldrexb %0, %1" : "=r" (result) : "Q" (*addr) );
 438:Drivers/CMSIS/Include/cmsis_gcc.h **** #else
 439:Drivers/CMSIS/Include/cmsis_gcc.h ****     /* Prior to GCC 4.8, "Q" will be expanded to [rx, #0] which is not
 440:Drivers/CMSIS/Include/cmsis_gcc.h ****        accepted by assembler. So has to use following less efficient pattern.
 441:Drivers/CMSIS/Include/cmsis_gcc.h ****     */
 442:Drivers/CMSIS/Include/cmsis_gcc.h ****    __ASM volatile ("ldrexb %0, [%1]" : "=r" (result) : "r" (addr) : "memory" );
 443:Drivers/CMSIS/Include/cmsis_gcc.h **** #endif
 444:Drivers/CMSIS/Include/cmsis_gcc.h ****    return ((uint8_t) result);    /* Add explicit type cast here */
 445:Drivers/CMSIS/Include/cmsis_gcc.h **** }
 446:Drivers/CMSIS/Include/cmsis_gcc.h **** 
 447:Drivers/CMSIS/Include/cmsis_gcc.h **** 
 448:Drivers/CMSIS/Include/cmsis_gcc.h **** /**
 449:Drivers/CMSIS/Include/cmsis_gcc.h ****   \brief   LDR Exclusive (16 bit)
 450:Drivers/CMSIS/Include/cmsis_gcc.h ****   \details Executes a exclusive LDR instruction for 16 bit values.
 451:Drivers/CMSIS/Include/cmsis_gcc.h ****   \param [in]    ptr  Pointer to data
 452:Drivers/CMSIS/Include/cmsis_gcc.h ****   \return        value of type uint16_t at (*ptr)
 453:Drivers/CMSIS/Include/cmsis_gcc.h ****  */
 454:Drivers/CMSIS/Include/cmsis_gcc.h **** __STATIC_FORCEINLINE uint16_t __LDREXH(volatile uint16_t *addr)
 455:Drivers/CMSIS/Include/cmsis_gcc.h **** {
 456:Drivers/CMSIS/Include/cmsis_gcc.h ****     uint32_t result;
 457:Drivers/CMSIS/Include/cmsis_gcc.h **** 
 458:Drivers/CMSIS/Include/cmsis_gcc.h **** #if (__GNUC__ > 4) || (__GNUC__ == 4 && __GNUC_MINOR__ >= 8)
 459:Drivers/CMSIS/Include/cmsis_gcc.h ****    __ASM volatile ("ldrexh %0, %1" : "=r" (result) : "Q" (*addr) );
 460:Drivers/CMSIS/Include/cmsis_gcc.h **** #else
 461:Drivers/CMSIS/Include/cmsis_gcc.h ****     /* Prior to GCC 4.8, "Q" will be expanded to [rx, #0] which is not
 462:Drivers/CMSIS/Include/cmsis_gcc.h ****        accepted by assembler. So has to use following less efficient pattern.
 463:Drivers/CMSIS/Include/cmsis_gcc.h ****     */
 464:Drivers/CMSIS/Include/cmsis_gcc.h ****    __ASM volatile ("ldrexh %0, [%1]" : "=r" (result) : "r" (addr) : "memory" );
 465:Drivers/CMSIS/Include/cmsis_gcc.h **** #endif
 466:Drivers/CMSIS/Include/cmsis_gcc.h ****    return ((uint16_t) result);    /* Add explicit type cast here */
 467:Drivers/CMSIS/Include/cmsis_gcc.h **** }
 468:Drivers/CMSIS/Include/cmsis_gcc.h **** 
 469:Drivers/CMSIS/Include/cmsis_gcc.h **** 
ARM GAS  C:\Users\kalpe\AppData\Local\Temp\ccbzGkmY.s 			page 26


 470:Drivers/CMSIS/Include/cmsis_gcc.h **** /**
 471:Drivers/CMSIS/Include/cmsis_gcc.h ****   \brief   LDR Exclusive (32 bit)
 472:Drivers/CMSIS/Include/cmsis_gcc.h ****   \details Executes a exclusive LDR instruction for 32 bit values.
 473:Drivers/CMSIS/Include/cmsis_gcc.h ****   \param [in]    ptr  Pointer to data
 474:Drivers/CMSIS/Include/cmsis_gcc.h ****   \return        value of type uint32_t at (*ptr)
 475:Drivers/CMSIS/Include/cmsis_gcc.h ****  */
 476:Drivers/CMSIS/Include/cmsis_gcc.h **** __STATIC_FORCEINLINE uint32_t __LDREXW(volatile uint32_t *addr)
 477:Drivers/CMSIS/Include/cmsis_gcc.h **** {
 478:Drivers/CMSIS/Include/cmsis_gcc.h ****     uint32_t result;
 479:Drivers/CMSIS/Include/cmsis_gcc.h **** 
 480:Drivers/CMSIS/Include/cmsis_gcc.h ****    __ASM volatile ("ldrex %0, %1" : "=r" (result) : "Q" (*addr) );
 481:Drivers/CMSIS/Include/cmsis_gcc.h ****    return(result);
 482:Drivers/CMSIS/Include/cmsis_gcc.h **** }
 483:Drivers/CMSIS/Include/cmsis_gcc.h **** 
 484:Drivers/CMSIS/Include/cmsis_gcc.h **** 
 485:Drivers/CMSIS/Include/cmsis_gcc.h **** /**
 486:Drivers/CMSIS/Include/cmsis_gcc.h ****   \brief   STR Exclusive (8 bit)
 487:Drivers/CMSIS/Include/cmsis_gcc.h ****   \details Executes a exclusive STR instruction for 8 bit values.
 488:Drivers/CMSIS/Include/cmsis_gcc.h ****   \param [in]  value  Value to store
 489:Drivers/CMSIS/Include/cmsis_gcc.h ****   \param [in]    ptr  Pointer to location
 490:Drivers/CMSIS/Include/cmsis_gcc.h ****   \return          0  Function succeeded
 491:Drivers/CMSIS/Include/cmsis_gcc.h ****   \return          1  Function failed
 492:Drivers/CMSIS/Include/cmsis_gcc.h ****  */
 493:Drivers/CMSIS/Include/cmsis_gcc.h **** __STATIC_FORCEINLINE uint32_t __STREXB(uint8_t value, volatile uint8_t *addr)
 494:Drivers/CMSIS/Include/cmsis_gcc.h **** {
 495:Drivers/CMSIS/Include/cmsis_gcc.h ****    uint32_t result;
 496:Drivers/CMSIS/Include/cmsis_gcc.h **** 
 497:Drivers/CMSIS/Include/cmsis_gcc.h ****    __ASM volatile ("strexb %0, %2, %1" : "=&r" (result), "=Q" (*addr) : "r" ((uint32_t)value) );
 498:Drivers/CMSIS/Include/cmsis_gcc.h ****    return(result);
 499:Drivers/CMSIS/Include/cmsis_gcc.h **** }
 500:Drivers/CMSIS/Include/cmsis_gcc.h **** 
 501:Drivers/CMSIS/Include/cmsis_gcc.h **** 
 502:Drivers/CMSIS/Include/cmsis_gcc.h **** /**
 503:Drivers/CMSIS/Include/cmsis_gcc.h ****   \brief   STR Exclusive (16 bit)
 504:Drivers/CMSIS/Include/cmsis_gcc.h ****   \details Executes a exclusive STR instruction for 16 bit values.
 505:Drivers/CMSIS/Include/cmsis_gcc.h ****   \param [in]  value  Value to store
 506:Drivers/CMSIS/Include/cmsis_gcc.h ****   \param [in]    ptr  Pointer to location
 507:Drivers/CMSIS/Include/cmsis_gcc.h ****   \return          0  Function succeeded
 508:Drivers/CMSIS/Include/cmsis_gcc.h ****   \return          1  Function failed
 509:Drivers/CMSIS/Include/cmsis_gcc.h ****  */
 510:Drivers/CMSIS/Include/cmsis_gcc.h **** __STATIC_FORCEINLINE uint32_t __STREXH(uint16_t value, volatile uint16_t *addr)
 511:Drivers/CMSIS/Include/cmsis_gcc.h **** {
 512:Drivers/CMSIS/Include/cmsis_gcc.h ****    uint32_t result;
 513:Drivers/CMSIS/Include/cmsis_gcc.h **** 
 514:Drivers/CMSIS/Include/cmsis_gcc.h ****    __ASM volatile ("strexh %0, %2, %1" : "=&r" (result), "=Q" (*addr) : "r" ((uint32_t)value) );
 515:Drivers/CMSIS/Include/cmsis_gcc.h ****    return(result);
 516:Drivers/CMSIS/Include/cmsis_gcc.h **** }
 517:Drivers/CMSIS/Include/cmsis_gcc.h **** 
 518:Drivers/CMSIS/Include/cmsis_gcc.h **** 
 519:Drivers/CMSIS/Include/cmsis_gcc.h **** /**
 520:Drivers/CMSIS/Include/cmsis_gcc.h ****   \brief   STR Exclusive (32 bit)
 521:Drivers/CMSIS/Include/cmsis_gcc.h ****   \details Executes a exclusive STR instruction for 32 bit values.
 522:Drivers/CMSIS/Include/cmsis_gcc.h ****   \param [in]  value  Value to store
 523:Drivers/CMSIS/Include/cmsis_gcc.h ****   \param [in]    ptr  Pointer to location
 524:Drivers/CMSIS/Include/cmsis_gcc.h ****   \return          0  Function succeeded
 525:Drivers/CMSIS/Include/cmsis_gcc.h ****   \return          1  Function failed
 526:Drivers/CMSIS/Include/cmsis_gcc.h ****  */
ARM GAS  C:\Users\kalpe\AppData\Local\Temp\ccbzGkmY.s 			page 27


 527:Drivers/CMSIS/Include/cmsis_gcc.h **** __STATIC_FORCEINLINE uint32_t __STREXW(uint32_t value, volatile uint32_t *addr)
 528:Drivers/CMSIS/Include/cmsis_gcc.h **** {
 529:Drivers/CMSIS/Include/cmsis_gcc.h ****    uint32_t result;
 530:Drivers/CMSIS/Include/cmsis_gcc.h **** 
 531:Drivers/CMSIS/Include/cmsis_gcc.h ****    __ASM volatile ("strex %0, %2, %1" : "=&r" (result), "=Q" (*addr) : "r" (value) );
 532:Drivers/CMSIS/Include/cmsis_gcc.h ****    return(result);
 533:Drivers/CMSIS/Include/cmsis_gcc.h **** }
 534:Drivers/CMSIS/Include/cmsis_gcc.h **** 
 535:Drivers/CMSIS/Include/cmsis_gcc.h **** 
 536:Drivers/CMSIS/Include/cmsis_gcc.h **** /**
 537:Drivers/CMSIS/Include/cmsis_gcc.h ****   \brief   Remove the exclusive lock
 538:Drivers/CMSIS/Include/cmsis_gcc.h ****   \details Removes the exclusive lock which is created by LDREX.
 539:Drivers/CMSIS/Include/cmsis_gcc.h ****  */
 540:Drivers/CMSIS/Include/cmsis_gcc.h **** __STATIC_FORCEINLINE void __CLREX(void)
 541:Drivers/CMSIS/Include/cmsis_gcc.h **** {
 542:Drivers/CMSIS/Include/cmsis_gcc.h ****   __ASM volatile ("clrex" ::: "memory");
 543:Drivers/CMSIS/Include/cmsis_gcc.h **** }
 544:Drivers/CMSIS/Include/cmsis_gcc.h **** 
 545:Drivers/CMSIS/Include/cmsis_gcc.h **** #endif /* ((defined (__ARM_ARCH_7M__      ) && (__ARM_ARCH_7M__      == 1)) || \
 546:Drivers/CMSIS/Include/cmsis_gcc.h ****            (defined (__ARM_ARCH_7EM__     ) && (__ARM_ARCH_7EM__     == 1)) || \
 547:Drivers/CMSIS/Include/cmsis_gcc.h ****            (defined (__ARM_ARCH_8M_MAIN__ ) && (__ARM_ARCH_8M_MAIN__ == 1)) || \
 548:Drivers/CMSIS/Include/cmsis_gcc.h ****            (defined (__ARM_ARCH_8M_BASE__ ) && (__ARM_ARCH_8M_BASE__ == 1))    ) */
 549:Drivers/CMSIS/Include/cmsis_gcc.h **** 
 550:Drivers/CMSIS/Include/cmsis_gcc.h **** 
 551:Drivers/CMSIS/Include/cmsis_gcc.h **** #if ((defined (__ARM_ARCH_7M__      ) && (__ARM_ARCH_7M__      == 1)) || \
 552:Drivers/CMSIS/Include/cmsis_gcc.h ****      (defined (__ARM_ARCH_7EM__     ) && (__ARM_ARCH_7EM__     == 1)) || \
 553:Drivers/CMSIS/Include/cmsis_gcc.h ****      (defined (__ARM_ARCH_8M_MAIN__ ) && (__ARM_ARCH_8M_MAIN__ == 1))    )
 554:Drivers/CMSIS/Include/cmsis_gcc.h **** /**
 555:Drivers/CMSIS/Include/cmsis_gcc.h ****   \brief   Signed Saturate
 556:Drivers/CMSIS/Include/cmsis_gcc.h ****   \details Saturates a signed value.
 557:Drivers/CMSIS/Include/cmsis_gcc.h ****   \param [in]  ARG1  Value to be saturated
 558:Drivers/CMSIS/Include/cmsis_gcc.h ****   \param [in]  ARG2  Bit position to saturate to (1..32)
 559:Drivers/CMSIS/Include/cmsis_gcc.h ****   \return             Saturated value
 560:Drivers/CMSIS/Include/cmsis_gcc.h ****  */
 561:Drivers/CMSIS/Include/cmsis_gcc.h **** #define __SSAT(ARG1, ARG2) \
 562:Drivers/CMSIS/Include/cmsis_gcc.h **** __extension__ \
 563:Drivers/CMSIS/Include/cmsis_gcc.h **** ({                          \
 564:Drivers/CMSIS/Include/cmsis_gcc.h ****   int32_t __RES, __ARG1 = (ARG1); \
 565:Drivers/CMSIS/Include/cmsis_gcc.h ****   __ASM volatile ("ssat %0, %1, %2" : "=r" (__RES) :  "I" (ARG2), "r" (__ARG1) : "cc" ); \
 566:Drivers/CMSIS/Include/cmsis_gcc.h ****   __RES; \
 567:Drivers/CMSIS/Include/cmsis_gcc.h ****  })
 568:Drivers/CMSIS/Include/cmsis_gcc.h **** 
 569:Drivers/CMSIS/Include/cmsis_gcc.h **** 
 570:Drivers/CMSIS/Include/cmsis_gcc.h **** /**
 571:Drivers/CMSIS/Include/cmsis_gcc.h ****   \brief   Unsigned Saturate
 572:Drivers/CMSIS/Include/cmsis_gcc.h ****   \details Saturates an unsigned value.
 573:Drivers/CMSIS/Include/cmsis_gcc.h ****   \param [in]  ARG1  Value to be saturated
 574:Drivers/CMSIS/Include/cmsis_gcc.h ****   \param [in]  ARG2  Bit position to saturate to (0..31)
 575:Drivers/CMSIS/Include/cmsis_gcc.h ****   \return             Saturated value
 576:Drivers/CMSIS/Include/cmsis_gcc.h ****  */
 577:Drivers/CMSIS/Include/cmsis_gcc.h **** #define __USAT(ARG1, ARG2) \
 578:Drivers/CMSIS/Include/cmsis_gcc.h **** __extension__ \
 579:Drivers/CMSIS/Include/cmsis_gcc.h **** ({                          \
 580:Drivers/CMSIS/Include/cmsis_gcc.h ****   uint32_t __RES, __ARG1 = (ARG1); \
 581:Drivers/CMSIS/Include/cmsis_gcc.h ****   __ASM volatile ("usat %0, %1, %2" : "=r" (__RES) :  "I" (ARG2), "r" (__ARG1) : "cc" ); \
 582:Drivers/CMSIS/Include/cmsis_gcc.h ****   __RES; \
 583:Drivers/CMSIS/Include/cmsis_gcc.h ****  })
ARM GAS  C:\Users\kalpe\AppData\Local\Temp\ccbzGkmY.s 			page 28


 584:Drivers/CMSIS/Include/cmsis_gcc.h **** 
 585:Drivers/CMSIS/Include/cmsis_gcc.h **** 
 586:Drivers/CMSIS/Include/cmsis_gcc.h **** /**
 587:Drivers/CMSIS/Include/cmsis_gcc.h ****   \brief   Rotate Right with Extend (32 bit)
 588:Drivers/CMSIS/Include/cmsis_gcc.h ****   \details Moves each bit of a bitstring right by one bit.
 589:Drivers/CMSIS/Include/cmsis_gcc.h ****            The carry input is shifted in at the left end of the bitstring.
 590:Drivers/CMSIS/Include/cmsis_gcc.h ****   \param [in]    value  Value to rotate
 591:Drivers/CMSIS/Include/cmsis_gcc.h ****   \return               Rotated value
 592:Drivers/CMSIS/Include/cmsis_gcc.h ****  */
 593:Drivers/CMSIS/Include/cmsis_gcc.h **** __STATIC_FORCEINLINE uint32_t __RRX(uint32_t value)
 594:Drivers/CMSIS/Include/cmsis_gcc.h **** {
 595:Drivers/CMSIS/Include/cmsis_gcc.h ****   uint32_t result;
 596:Drivers/CMSIS/Include/cmsis_gcc.h **** 
 597:Drivers/CMSIS/Include/cmsis_gcc.h ****   __ASM volatile ("rrx %0, %1" : __CMSIS_GCC_OUT_REG (result) : __CMSIS_GCC_USE_REG (value) );
 598:Drivers/CMSIS/Include/cmsis_gcc.h ****   return(result);
 599:Drivers/CMSIS/Include/cmsis_gcc.h **** }
 600:Drivers/CMSIS/Include/cmsis_gcc.h **** 
 601:Drivers/CMSIS/Include/cmsis_gcc.h **** 
 602:Drivers/CMSIS/Include/cmsis_gcc.h **** /**
 603:Drivers/CMSIS/Include/cmsis_gcc.h ****   \brief   LDRT Unprivileged (8 bit)
 604:Drivers/CMSIS/Include/cmsis_gcc.h ****   \details Executes a Unprivileged LDRT instruction for 8 bit value.
 605:Drivers/CMSIS/Include/cmsis_gcc.h ****   \param [in]    ptr  Pointer to data
 606:Drivers/CMSIS/Include/cmsis_gcc.h ****   \return             value of type uint8_t at (*ptr)
 607:Drivers/CMSIS/Include/cmsis_gcc.h ****  */
 608:Drivers/CMSIS/Include/cmsis_gcc.h **** __STATIC_FORCEINLINE uint8_t __LDRBT(volatile uint8_t *ptr)
 609:Drivers/CMSIS/Include/cmsis_gcc.h **** {
 610:Drivers/CMSIS/Include/cmsis_gcc.h ****     uint32_t result;
 611:Drivers/CMSIS/Include/cmsis_gcc.h **** 
 612:Drivers/CMSIS/Include/cmsis_gcc.h **** #if (__GNUC__ > 4) || (__GNUC__ == 4 && __GNUC_MINOR__ >= 8)
 613:Drivers/CMSIS/Include/cmsis_gcc.h ****    __ASM volatile ("ldrbt %0, %1" : "=r" (result) : "Q" (*ptr) );
 614:Drivers/CMSIS/Include/cmsis_gcc.h **** #else
 615:Drivers/CMSIS/Include/cmsis_gcc.h ****     /* Prior to GCC 4.8, "Q" will be expanded to [rx, #0] which is not
 616:Drivers/CMSIS/Include/cmsis_gcc.h ****        accepted by assembler. So has to use following less efficient pattern.
 617:Drivers/CMSIS/Include/cmsis_gcc.h ****     */
 618:Drivers/CMSIS/Include/cmsis_gcc.h ****    __ASM volatile ("ldrbt %0, [%1]" : "=r" (result) : "r" (ptr) : "memory" );
 619:Drivers/CMSIS/Include/cmsis_gcc.h **** #endif
 620:Drivers/CMSIS/Include/cmsis_gcc.h ****    return ((uint8_t) result);    /* Add explicit type cast here */
 621:Drivers/CMSIS/Include/cmsis_gcc.h **** }
 622:Drivers/CMSIS/Include/cmsis_gcc.h **** 
 623:Drivers/CMSIS/Include/cmsis_gcc.h **** 
 624:Drivers/CMSIS/Include/cmsis_gcc.h **** /**
 625:Drivers/CMSIS/Include/cmsis_gcc.h ****   \brief   LDRT Unprivileged (16 bit)
 626:Drivers/CMSIS/Include/cmsis_gcc.h ****   \details Executes a Unprivileged LDRT instruction for 16 bit values.
 627:Drivers/CMSIS/Include/cmsis_gcc.h ****   \param [in]    ptr  Pointer to data
 628:Drivers/CMSIS/Include/cmsis_gcc.h ****   \return        value of type uint16_t at (*ptr)
 629:Drivers/CMSIS/Include/cmsis_gcc.h ****  */
 630:Drivers/CMSIS/Include/cmsis_gcc.h **** __STATIC_FORCEINLINE uint16_t __LDRHT(volatile uint16_t *ptr)
 631:Drivers/CMSIS/Include/cmsis_gcc.h **** {
 632:Drivers/CMSIS/Include/cmsis_gcc.h ****     uint32_t result;
 633:Drivers/CMSIS/Include/cmsis_gcc.h **** 
 634:Drivers/CMSIS/Include/cmsis_gcc.h **** #if (__GNUC__ > 4) || (__GNUC__ == 4 && __GNUC_MINOR__ >= 8)
 635:Drivers/CMSIS/Include/cmsis_gcc.h ****    __ASM volatile ("ldrht %0, %1" : "=r" (result) : "Q" (*ptr) );
 636:Drivers/CMSIS/Include/cmsis_gcc.h **** #else
 637:Drivers/CMSIS/Include/cmsis_gcc.h ****     /* Prior to GCC 4.8, "Q" will be expanded to [rx, #0] which is not
 638:Drivers/CMSIS/Include/cmsis_gcc.h ****        accepted by assembler. So has to use following less efficient pattern.
 639:Drivers/CMSIS/Include/cmsis_gcc.h ****     */
 640:Drivers/CMSIS/Include/cmsis_gcc.h ****    __ASM volatile ("ldrht %0, [%1]" : "=r" (result) : "r" (ptr) : "memory" );
ARM GAS  C:\Users\kalpe\AppData\Local\Temp\ccbzGkmY.s 			page 29


 641:Drivers/CMSIS/Include/cmsis_gcc.h **** #endif
 642:Drivers/CMSIS/Include/cmsis_gcc.h ****    return ((uint16_t) result);    /* Add explicit type cast here */
 643:Drivers/CMSIS/Include/cmsis_gcc.h **** }
 644:Drivers/CMSIS/Include/cmsis_gcc.h **** 
 645:Drivers/CMSIS/Include/cmsis_gcc.h **** 
 646:Drivers/CMSIS/Include/cmsis_gcc.h **** /**
 647:Drivers/CMSIS/Include/cmsis_gcc.h ****   \brief   LDRT Unprivileged (32 bit)
 648:Drivers/CMSIS/Include/cmsis_gcc.h ****   \details Executes a Unprivileged LDRT instruction for 32 bit values.
 649:Drivers/CMSIS/Include/cmsis_gcc.h ****   \param [in]    ptr  Pointer to data
 650:Drivers/CMSIS/Include/cmsis_gcc.h ****   \return        value of type uint32_t at (*ptr)
 651:Drivers/CMSIS/Include/cmsis_gcc.h ****  */
 652:Drivers/CMSIS/Include/cmsis_gcc.h **** __STATIC_FORCEINLINE uint32_t __LDRT(volatile uint32_t *ptr)
 653:Drivers/CMSIS/Include/cmsis_gcc.h **** {
 654:Drivers/CMSIS/Include/cmsis_gcc.h ****     uint32_t result;
 655:Drivers/CMSIS/Include/cmsis_gcc.h **** 
 656:Drivers/CMSIS/Include/cmsis_gcc.h ****    __ASM volatile ("ldrt %0, %1" : "=r" (result) : "Q" (*ptr) );
 657:Drivers/CMSIS/Include/cmsis_gcc.h ****    return(result);
 658:Drivers/CMSIS/Include/cmsis_gcc.h **** }
 659:Drivers/CMSIS/Include/cmsis_gcc.h **** 
 660:Drivers/CMSIS/Include/cmsis_gcc.h **** 
 661:Drivers/CMSIS/Include/cmsis_gcc.h **** /**
 662:Drivers/CMSIS/Include/cmsis_gcc.h ****   \brief   STRT Unprivileged (8 bit)
 663:Drivers/CMSIS/Include/cmsis_gcc.h ****   \details Executes a Unprivileged STRT instruction for 8 bit values.
 664:Drivers/CMSIS/Include/cmsis_gcc.h ****   \param [in]  value  Value to store
 665:Drivers/CMSIS/Include/cmsis_gcc.h ****   \param [in]    ptr  Pointer to location
 666:Drivers/CMSIS/Include/cmsis_gcc.h ****  */
 667:Drivers/CMSIS/Include/cmsis_gcc.h **** __STATIC_FORCEINLINE void __STRBT(uint8_t value, volatile uint8_t *ptr)
 668:Drivers/CMSIS/Include/cmsis_gcc.h **** {
 669:Drivers/CMSIS/Include/cmsis_gcc.h ****    __ASM volatile ("strbt %1, %0" : "=Q" (*ptr) : "r" ((uint32_t)value) );
 670:Drivers/CMSIS/Include/cmsis_gcc.h **** }
 671:Drivers/CMSIS/Include/cmsis_gcc.h **** 
 672:Drivers/CMSIS/Include/cmsis_gcc.h **** 
 673:Drivers/CMSIS/Include/cmsis_gcc.h **** /**
 674:Drivers/CMSIS/Include/cmsis_gcc.h ****   \brief   STRT Unprivileged (16 bit)
 675:Drivers/CMSIS/Include/cmsis_gcc.h ****   \details Executes a Unprivileged STRT instruction for 16 bit values.
 676:Drivers/CMSIS/Include/cmsis_gcc.h ****   \param [in]  value  Value to store
 677:Drivers/CMSIS/Include/cmsis_gcc.h ****   \param [in]    ptr  Pointer to location
 678:Drivers/CMSIS/Include/cmsis_gcc.h ****  */
 679:Drivers/CMSIS/Include/cmsis_gcc.h **** __STATIC_FORCEINLINE void __STRHT(uint16_t value, volatile uint16_t *ptr)
 680:Drivers/CMSIS/Include/cmsis_gcc.h **** {
 681:Drivers/CMSIS/Include/cmsis_gcc.h ****    __ASM volatile ("strht %1, %0" : "=Q" (*ptr) : "r" ((uint32_t)value) );
 682:Drivers/CMSIS/Include/cmsis_gcc.h **** }
 683:Drivers/CMSIS/Include/cmsis_gcc.h **** 
 684:Drivers/CMSIS/Include/cmsis_gcc.h **** 
 685:Drivers/CMSIS/Include/cmsis_gcc.h **** /**
 686:Drivers/CMSIS/Include/cmsis_gcc.h ****   \brief   STRT Unprivileged (32 bit)
 687:Drivers/CMSIS/Include/cmsis_gcc.h ****   \details Executes a Unprivileged STRT instruction for 32 bit values.
 688:Drivers/CMSIS/Include/cmsis_gcc.h ****   \param [in]  value  Value to store
 689:Drivers/CMSIS/Include/cmsis_gcc.h ****   \param [in]    ptr  Pointer to location
 690:Drivers/CMSIS/Include/cmsis_gcc.h ****  */
 691:Drivers/CMSIS/Include/cmsis_gcc.h **** __STATIC_FORCEINLINE void __STRT(uint32_t value, volatile uint32_t *ptr)
 692:Drivers/CMSIS/Include/cmsis_gcc.h **** {
 693:Drivers/CMSIS/Include/cmsis_gcc.h ****    __ASM volatile ("strt %1, %0" : "=Q" (*ptr) : "r" (value) );
 694:Drivers/CMSIS/Include/cmsis_gcc.h **** }
 695:Drivers/CMSIS/Include/cmsis_gcc.h **** 
 696:Drivers/CMSIS/Include/cmsis_gcc.h **** #else  /* ((defined (__ARM_ARCH_7M__      ) && (__ARM_ARCH_7M__      == 1)) || \
 697:Drivers/CMSIS/Include/cmsis_gcc.h ****            (defined (__ARM_ARCH_7EM__     ) && (__ARM_ARCH_7EM__     == 1)) || \
ARM GAS  C:\Users\kalpe\AppData\Local\Temp\ccbzGkmY.s 			page 30


 698:Drivers/CMSIS/Include/cmsis_gcc.h ****            (defined (__ARM_ARCH_8M_MAIN__ ) && (__ARM_ARCH_8M_MAIN__ == 1))    ) */
 699:Drivers/CMSIS/Include/cmsis_gcc.h **** 
 700:Drivers/CMSIS/Include/cmsis_gcc.h **** /**
 701:Drivers/CMSIS/Include/cmsis_gcc.h ****   \brief   Signed Saturate
 702:Drivers/CMSIS/Include/cmsis_gcc.h ****   \details Saturates a signed value.
 703:Drivers/CMSIS/Include/cmsis_gcc.h ****   \param [in]  value  Value to be saturated
 704:Drivers/CMSIS/Include/cmsis_gcc.h ****   \param [in]    sat  Bit position to saturate to (1..32)
 705:Drivers/CMSIS/Include/cmsis_gcc.h ****   \return             Saturated value
 706:Drivers/CMSIS/Include/cmsis_gcc.h ****  */
 707:Drivers/CMSIS/Include/cmsis_gcc.h **** __STATIC_FORCEINLINE int32_t __SSAT(int32_t val, uint32_t sat)
 708:Drivers/CMSIS/Include/cmsis_gcc.h **** {
 709:Drivers/CMSIS/Include/cmsis_gcc.h ****   if ((sat >= 1U) && (sat <= 32U))
 710:Drivers/CMSIS/Include/cmsis_gcc.h ****   {
 711:Drivers/CMSIS/Include/cmsis_gcc.h ****     const int32_t max = (int32_t)((1U << (sat - 1U)) - 1U);
 712:Drivers/CMSIS/Include/cmsis_gcc.h ****     const int32_t min = -1 - max ;
 713:Drivers/CMSIS/Include/cmsis_gcc.h ****     if (val > max)
 714:Drivers/CMSIS/Include/cmsis_gcc.h ****     {
 715:Drivers/CMSIS/Include/cmsis_gcc.h ****       return max;
 716:Drivers/CMSIS/Include/cmsis_gcc.h ****     }
 717:Drivers/CMSIS/Include/cmsis_gcc.h ****     else if (val < min)
 718:Drivers/CMSIS/Include/cmsis_gcc.h ****     {
 719:Drivers/CMSIS/Include/cmsis_gcc.h ****       return min;
 720:Drivers/CMSIS/Include/cmsis_gcc.h ****     }
 721:Drivers/CMSIS/Include/cmsis_gcc.h ****   }
 722:Drivers/CMSIS/Include/cmsis_gcc.h ****   return val;
 723:Drivers/CMSIS/Include/cmsis_gcc.h **** }
 724:Drivers/CMSIS/Include/cmsis_gcc.h **** 
 725:Drivers/CMSIS/Include/cmsis_gcc.h **** /**
 726:Drivers/CMSIS/Include/cmsis_gcc.h ****   \brief   Unsigned Saturate
 727:Drivers/CMSIS/Include/cmsis_gcc.h ****   \details Saturates an unsigned value.
 728:Drivers/CMSIS/Include/cmsis_gcc.h ****   \param [in]  value  Value to be saturated
 729:Drivers/CMSIS/Include/cmsis_gcc.h ****   \param [in]    sat  Bit position to saturate to (0..31)
 730:Drivers/CMSIS/Include/cmsis_gcc.h ****   \return             Saturated value
 731:Drivers/CMSIS/Include/cmsis_gcc.h ****  */
 732:Drivers/CMSIS/Include/cmsis_gcc.h **** __STATIC_FORCEINLINE uint32_t __USAT(int32_t val, uint32_t sat)
 733:Drivers/CMSIS/Include/cmsis_gcc.h **** {
 734:Drivers/CMSIS/Include/cmsis_gcc.h ****   if (sat <= 31U)
 735:Drivers/CMSIS/Include/cmsis_gcc.h ****   {
 736:Drivers/CMSIS/Include/cmsis_gcc.h ****     const uint32_t max = ((1U << sat) - 1U);
 737:Drivers/CMSIS/Include/cmsis_gcc.h ****     if (val > (int32_t)max)
 738:Drivers/CMSIS/Include/cmsis_gcc.h ****     {
 739:Drivers/CMSIS/Include/cmsis_gcc.h ****       return max;
 740:Drivers/CMSIS/Include/cmsis_gcc.h ****     }
 741:Drivers/CMSIS/Include/cmsis_gcc.h ****     else if (val < 0)
 742:Drivers/CMSIS/Include/cmsis_gcc.h ****     {
 743:Drivers/CMSIS/Include/cmsis_gcc.h ****       return 0U;
 744:Drivers/CMSIS/Include/cmsis_gcc.h ****     }
 745:Drivers/CMSIS/Include/cmsis_gcc.h ****   }
 746:Drivers/CMSIS/Include/cmsis_gcc.h ****   return (uint32_t)val;
 747:Drivers/CMSIS/Include/cmsis_gcc.h **** }
 748:Drivers/CMSIS/Include/cmsis_gcc.h **** 
 749:Drivers/CMSIS/Include/cmsis_gcc.h **** #endif /* ((defined (__ARM_ARCH_7M__      ) && (__ARM_ARCH_7M__      == 1)) || \
 750:Drivers/CMSIS/Include/cmsis_gcc.h ****            (defined (__ARM_ARCH_7EM__     ) && (__ARM_ARCH_7EM__     == 1)) || \
 751:Drivers/CMSIS/Include/cmsis_gcc.h ****            (defined (__ARM_ARCH_8M_MAIN__ ) && (__ARM_ARCH_8M_MAIN__ == 1))    ) */
 752:Drivers/CMSIS/Include/cmsis_gcc.h **** 
 753:Drivers/CMSIS/Include/cmsis_gcc.h **** 
 754:Drivers/CMSIS/Include/cmsis_gcc.h **** #if ((defined (__ARM_ARCH_8M_MAIN__ ) && (__ARM_ARCH_8M_MAIN__ == 1)) || \
ARM GAS  C:\Users\kalpe\AppData\Local\Temp\ccbzGkmY.s 			page 31


 755:Drivers/CMSIS/Include/cmsis_gcc.h ****      (defined (__ARM_ARCH_8M_BASE__ ) && (__ARM_ARCH_8M_BASE__ == 1))    )
 756:Drivers/CMSIS/Include/cmsis_gcc.h **** /**
 757:Drivers/CMSIS/Include/cmsis_gcc.h ****   \brief   Load-Acquire (8 bit)
 758:Drivers/CMSIS/Include/cmsis_gcc.h ****   \details Executes a LDAB instruction for 8 bit value.
 759:Drivers/CMSIS/Include/cmsis_gcc.h ****   \param [in]    ptr  Pointer to data
 760:Drivers/CMSIS/Include/cmsis_gcc.h ****   \return             value of type uint8_t at (*ptr)
 761:Drivers/CMSIS/Include/cmsis_gcc.h ****  */
 762:Drivers/CMSIS/Include/cmsis_gcc.h **** __STATIC_FORCEINLINE uint8_t __LDAB(volatile uint8_t *ptr)
 763:Drivers/CMSIS/Include/cmsis_gcc.h **** {
 764:Drivers/CMSIS/Include/cmsis_gcc.h ****     uint32_t result;
 765:Drivers/CMSIS/Include/cmsis_gcc.h **** 
 766:Drivers/CMSIS/Include/cmsis_gcc.h ****    __ASM volatile ("ldab %0, %1" : "=r" (result) : "Q" (*ptr) : "memory" );
 767:Drivers/CMSIS/Include/cmsis_gcc.h ****    return ((uint8_t) result);
 768:Drivers/CMSIS/Include/cmsis_gcc.h **** }
 769:Drivers/CMSIS/Include/cmsis_gcc.h **** 
 770:Drivers/CMSIS/Include/cmsis_gcc.h **** 
 771:Drivers/CMSIS/Include/cmsis_gcc.h **** /**
 772:Drivers/CMSIS/Include/cmsis_gcc.h ****   \brief   Load-Acquire (16 bit)
 773:Drivers/CMSIS/Include/cmsis_gcc.h ****   \details Executes a LDAH instruction for 16 bit values.
 774:Drivers/CMSIS/Include/cmsis_gcc.h ****   \param [in]    ptr  Pointer to data
 775:Drivers/CMSIS/Include/cmsis_gcc.h ****   \return        value of type uint16_t at (*ptr)
 776:Drivers/CMSIS/Include/cmsis_gcc.h ****  */
 777:Drivers/CMSIS/Include/cmsis_gcc.h **** __STATIC_FORCEINLINE uint16_t __LDAH(volatile uint16_t *ptr)
 778:Drivers/CMSIS/Include/cmsis_gcc.h **** {
 779:Drivers/CMSIS/Include/cmsis_gcc.h ****     uint32_t result;
 780:Drivers/CMSIS/Include/cmsis_gcc.h **** 
 781:Drivers/CMSIS/Include/cmsis_gcc.h ****    __ASM volatile ("ldah %0, %1" : "=r" (result) : "Q" (*ptr) : "memory" );
 782:Drivers/CMSIS/Include/cmsis_gcc.h ****    return ((uint16_t) result);
 783:Drivers/CMSIS/Include/cmsis_gcc.h **** }
 784:Drivers/CMSIS/Include/cmsis_gcc.h **** 
 785:Drivers/CMSIS/Include/cmsis_gcc.h **** 
 786:Drivers/CMSIS/Include/cmsis_gcc.h **** /**
 787:Drivers/CMSIS/Include/cmsis_gcc.h ****   \brief   Load-Acquire (32 bit)
 788:Drivers/CMSIS/Include/cmsis_gcc.h ****   \details Executes a LDA instruction for 32 bit values.
 789:Drivers/CMSIS/Include/cmsis_gcc.h ****   \param [in]    ptr  Pointer to data
 790:Drivers/CMSIS/Include/cmsis_gcc.h ****   \return        value of type uint32_t at (*ptr)
 791:Drivers/CMSIS/Include/cmsis_gcc.h ****  */
 792:Drivers/CMSIS/Include/cmsis_gcc.h **** __STATIC_FORCEINLINE uint32_t __LDA(volatile uint32_t *ptr)
 793:Drivers/CMSIS/Include/cmsis_gcc.h **** {
 794:Drivers/CMSIS/Include/cmsis_gcc.h ****     uint32_t result;
 795:Drivers/CMSIS/Include/cmsis_gcc.h **** 
 796:Drivers/CMSIS/Include/cmsis_gcc.h ****    __ASM volatile ("lda %0, %1" : "=r" (result) : "Q" (*ptr) : "memory" );
 797:Drivers/CMSIS/Include/cmsis_gcc.h ****    return(result);
 798:Drivers/CMSIS/Include/cmsis_gcc.h **** }
 799:Drivers/CMSIS/Include/cmsis_gcc.h **** 
 800:Drivers/CMSIS/Include/cmsis_gcc.h **** 
 801:Drivers/CMSIS/Include/cmsis_gcc.h **** /**
 802:Drivers/CMSIS/Include/cmsis_gcc.h ****   \brief   Store-Release (8 bit)
 803:Drivers/CMSIS/Include/cmsis_gcc.h ****   \details Executes a STLB instruction for 8 bit values.
 804:Drivers/CMSIS/Include/cmsis_gcc.h ****   \param [in]  value  Value to store
 805:Drivers/CMSIS/Include/cmsis_gcc.h ****   \param [in]    ptr  Pointer to location
 806:Drivers/CMSIS/Include/cmsis_gcc.h ****  */
 807:Drivers/CMSIS/Include/cmsis_gcc.h **** __STATIC_FORCEINLINE void __STLB(uint8_t value, volatile uint8_t *ptr)
 808:Drivers/CMSIS/Include/cmsis_gcc.h **** {
 809:Drivers/CMSIS/Include/cmsis_gcc.h ****    __ASM volatile ("stlb %1, %0" : "=Q" (*ptr) : "r" ((uint32_t)value) : "memory" );
 810:Drivers/CMSIS/Include/cmsis_gcc.h **** }
 811:Drivers/CMSIS/Include/cmsis_gcc.h **** 
ARM GAS  C:\Users\kalpe\AppData\Local\Temp\ccbzGkmY.s 			page 32


 812:Drivers/CMSIS/Include/cmsis_gcc.h **** 
 813:Drivers/CMSIS/Include/cmsis_gcc.h **** /**
 814:Drivers/CMSIS/Include/cmsis_gcc.h ****   \brief   Store-Release (16 bit)
 815:Drivers/CMSIS/Include/cmsis_gcc.h ****   \details Executes a STLH instruction for 16 bit values.
 816:Drivers/CMSIS/Include/cmsis_gcc.h ****   \param [in]  value  Value to store
 817:Drivers/CMSIS/Include/cmsis_gcc.h ****   \param [in]    ptr  Pointer to location
 818:Drivers/CMSIS/Include/cmsis_gcc.h ****  */
 819:Drivers/CMSIS/Include/cmsis_gcc.h **** __STATIC_FORCEINLINE void __STLH(uint16_t value, volatile uint16_t *ptr)
 820:Drivers/CMSIS/Include/cmsis_gcc.h **** {
 821:Drivers/CMSIS/Include/cmsis_gcc.h ****    __ASM volatile ("stlh %1, %0" : "=Q" (*ptr) : "r" ((uint32_t)value) : "memory" );
 822:Drivers/CMSIS/Include/cmsis_gcc.h **** }
 823:Drivers/CMSIS/Include/cmsis_gcc.h **** 
 824:Drivers/CMSIS/Include/cmsis_gcc.h **** 
 825:Drivers/CMSIS/Include/cmsis_gcc.h **** /**
 826:Drivers/CMSIS/Include/cmsis_gcc.h ****   \brief   Store-Release (32 bit)
 827:Drivers/CMSIS/Include/cmsis_gcc.h ****   \details Executes a STL instruction for 32 bit values.
 828:Drivers/CMSIS/Include/cmsis_gcc.h ****   \param [in]  value  Value to store
 829:Drivers/CMSIS/Include/cmsis_gcc.h ****   \param [in]    ptr  Pointer to location
 830:Drivers/CMSIS/Include/cmsis_gcc.h ****  */
 831:Drivers/CMSIS/Include/cmsis_gcc.h **** __STATIC_FORCEINLINE void __STL(uint32_t value, volatile uint32_t *ptr)
 832:Drivers/CMSIS/Include/cmsis_gcc.h **** {
 833:Drivers/CMSIS/Include/cmsis_gcc.h ****    __ASM volatile ("stl %1, %0" : "=Q" (*ptr) : "r" ((uint32_t)value) : "memory" );
 834:Drivers/CMSIS/Include/cmsis_gcc.h **** }
 835:Drivers/CMSIS/Include/cmsis_gcc.h **** 
 836:Drivers/CMSIS/Include/cmsis_gcc.h **** 
 837:Drivers/CMSIS/Include/cmsis_gcc.h **** /**
 838:Drivers/CMSIS/Include/cmsis_gcc.h ****   \brief   Load-Acquire Exclusive (8 bit)
 839:Drivers/CMSIS/Include/cmsis_gcc.h ****   \details Executes a LDAB exclusive instruction for 8 bit value.
 840:Drivers/CMSIS/Include/cmsis_gcc.h ****   \param [in]    ptr  Pointer to data
 841:Drivers/CMSIS/Include/cmsis_gcc.h ****   \return             value of type uint8_t at (*ptr)
 842:Drivers/CMSIS/Include/cmsis_gcc.h ****  */
 843:Drivers/CMSIS/Include/cmsis_gcc.h **** __STATIC_FORCEINLINE uint8_t __LDAEXB(volatile uint8_t *ptr)
 844:Drivers/CMSIS/Include/cmsis_gcc.h **** {
 845:Drivers/CMSIS/Include/cmsis_gcc.h ****     uint32_t result;
 846:Drivers/CMSIS/Include/cmsis_gcc.h **** 
 847:Drivers/CMSIS/Include/cmsis_gcc.h ****    __ASM volatile ("ldaexb %0, %1" : "=r" (result) : "Q" (*ptr) : "memory" );
 848:Drivers/CMSIS/Include/cmsis_gcc.h ****    return ((uint8_t) result);
 849:Drivers/CMSIS/Include/cmsis_gcc.h **** }
 850:Drivers/CMSIS/Include/cmsis_gcc.h **** 
 851:Drivers/CMSIS/Include/cmsis_gcc.h **** 
 852:Drivers/CMSIS/Include/cmsis_gcc.h **** /**
 853:Drivers/CMSIS/Include/cmsis_gcc.h ****   \brief   Load-Acquire Exclusive (16 bit)
 854:Drivers/CMSIS/Include/cmsis_gcc.h ****   \details Executes a LDAH exclusive instruction for 16 bit values.
 855:Drivers/CMSIS/Include/cmsis_gcc.h ****   \param [in]    ptr  Pointer to data
 856:Drivers/CMSIS/Include/cmsis_gcc.h ****   \return        value of type uint16_t at (*ptr)
 857:Drivers/CMSIS/Include/cmsis_gcc.h ****  */
 858:Drivers/CMSIS/Include/cmsis_gcc.h **** __STATIC_FORCEINLINE uint16_t __LDAEXH(volatile uint16_t *ptr)
 859:Drivers/CMSIS/Include/cmsis_gcc.h **** {
 860:Drivers/CMSIS/Include/cmsis_gcc.h ****     uint32_t result;
 861:Drivers/CMSIS/Include/cmsis_gcc.h **** 
 862:Drivers/CMSIS/Include/cmsis_gcc.h ****    __ASM volatile ("ldaexh %0, %1" : "=r" (result) : "Q" (*ptr) : "memory" );
 863:Drivers/CMSIS/Include/cmsis_gcc.h ****    return ((uint16_t) result);
 864:Drivers/CMSIS/Include/cmsis_gcc.h **** }
 865:Drivers/CMSIS/Include/cmsis_gcc.h **** 
 866:Drivers/CMSIS/Include/cmsis_gcc.h **** 
 867:Drivers/CMSIS/Include/cmsis_gcc.h **** /**
 868:Drivers/CMSIS/Include/cmsis_gcc.h ****   \brief   Load-Acquire Exclusive (32 bit)
ARM GAS  C:\Users\kalpe\AppData\Local\Temp\ccbzGkmY.s 			page 33


 869:Drivers/CMSIS/Include/cmsis_gcc.h ****   \details Executes a LDA exclusive instruction for 32 bit values.
 870:Drivers/CMSIS/Include/cmsis_gcc.h ****   \param [in]    ptr  Pointer to data
 871:Drivers/CMSIS/Include/cmsis_gcc.h ****   \return        value of type uint32_t at (*ptr)
 872:Drivers/CMSIS/Include/cmsis_gcc.h ****  */
 873:Drivers/CMSIS/Include/cmsis_gcc.h **** __STATIC_FORCEINLINE uint32_t __LDAEX(volatile uint32_t *ptr)
 874:Drivers/CMSIS/Include/cmsis_gcc.h **** {
 875:Drivers/CMSIS/Include/cmsis_gcc.h ****     uint32_t result;
 876:Drivers/CMSIS/Include/cmsis_gcc.h **** 
 877:Drivers/CMSIS/Include/cmsis_gcc.h ****    __ASM volatile ("ldaex %0, %1" : "=r" (result) : "Q" (*ptr) : "memory" );
 878:Drivers/CMSIS/Include/cmsis_gcc.h ****    return(result);
 879:Drivers/CMSIS/Include/cmsis_gcc.h **** }
 880:Drivers/CMSIS/Include/cmsis_gcc.h **** 
 881:Drivers/CMSIS/Include/cmsis_gcc.h **** 
 882:Drivers/CMSIS/Include/cmsis_gcc.h **** /**
 883:Drivers/CMSIS/Include/cmsis_gcc.h ****   \brief   Store-Release Exclusive (8 bit)
 884:Drivers/CMSIS/Include/cmsis_gcc.h ****   \details Executes a STLB exclusive instruction for 8 bit values.
 885:Drivers/CMSIS/Include/cmsis_gcc.h ****   \param [in]  value  Value to store
 886:Drivers/CMSIS/Include/cmsis_gcc.h ****   \param [in]    ptr  Pointer to location
 887:Drivers/CMSIS/Include/cmsis_gcc.h ****   \return          0  Function succeeded
 888:Drivers/CMSIS/Include/cmsis_gcc.h ****   \return          1  Function failed
 889:Drivers/CMSIS/Include/cmsis_gcc.h ****  */
 890:Drivers/CMSIS/Include/cmsis_gcc.h **** __STATIC_FORCEINLINE uint32_t __STLEXB(uint8_t value, volatile uint8_t *ptr)
 891:Drivers/CMSIS/Include/cmsis_gcc.h **** {
 892:Drivers/CMSIS/Include/cmsis_gcc.h ****    uint32_t result;
 893:Drivers/CMSIS/Include/cmsis_gcc.h **** 
 894:Drivers/CMSIS/Include/cmsis_gcc.h ****    __ASM volatile ("stlexb %0, %2, %1" : "=&r" (result), "=Q" (*ptr) : "r" ((uint32_t)value) : "mem
 895:Drivers/CMSIS/Include/cmsis_gcc.h ****    return(result);
 896:Drivers/CMSIS/Include/cmsis_gcc.h **** }
 897:Drivers/CMSIS/Include/cmsis_gcc.h **** 
 898:Drivers/CMSIS/Include/cmsis_gcc.h **** 
 899:Drivers/CMSIS/Include/cmsis_gcc.h **** /**
 900:Drivers/CMSIS/Include/cmsis_gcc.h ****   \brief   Store-Release Exclusive (16 bit)
 901:Drivers/CMSIS/Include/cmsis_gcc.h ****   \details Executes a STLH exclusive instruction for 16 bit values.
 902:Drivers/CMSIS/Include/cmsis_gcc.h ****   \param [in]  value  Value to store
 903:Drivers/CMSIS/Include/cmsis_gcc.h ****   \param [in]    ptr  Pointer to location
 904:Drivers/CMSIS/Include/cmsis_gcc.h ****   \return          0  Function succeeded
 905:Drivers/CMSIS/Include/cmsis_gcc.h ****   \return          1  Function failed
 906:Drivers/CMSIS/Include/cmsis_gcc.h ****  */
 907:Drivers/CMSIS/Include/cmsis_gcc.h **** __STATIC_FORCEINLINE uint32_t __STLEXH(uint16_t value, volatile uint16_t *ptr)
 908:Drivers/CMSIS/Include/cmsis_gcc.h **** {
 909:Drivers/CMSIS/Include/cmsis_gcc.h ****    uint32_t result;
 910:Drivers/CMSIS/Include/cmsis_gcc.h **** 
 911:Drivers/CMSIS/Include/cmsis_gcc.h ****    __ASM volatile ("stlexh %0, %2, %1" : "=&r" (result), "=Q" (*ptr) : "r" ((uint32_t)value) : "mem
 912:Drivers/CMSIS/Include/cmsis_gcc.h ****    return(result);
 913:Drivers/CMSIS/Include/cmsis_gcc.h **** }
 914:Drivers/CMSIS/Include/cmsis_gcc.h **** 
 915:Drivers/CMSIS/Include/cmsis_gcc.h **** 
 916:Drivers/CMSIS/Include/cmsis_gcc.h **** /**
 917:Drivers/CMSIS/Include/cmsis_gcc.h ****   \brief   Store-Release Exclusive (32 bit)
 918:Drivers/CMSIS/Include/cmsis_gcc.h ****   \details Executes a STL exclusive instruction for 32 bit values.
 919:Drivers/CMSIS/Include/cmsis_gcc.h ****   \param [in]  value  Value to store
 920:Drivers/CMSIS/Include/cmsis_gcc.h ****   \param [in]    ptr  Pointer to location
 921:Drivers/CMSIS/Include/cmsis_gcc.h ****   \return          0  Function succeeded
 922:Drivers/CMSIS/Include/cmsis_gcc.h ****   \return          1  Function failed
 923:Drivers/CMSIS/Include/cmsis_gcc.h ****  */
 924:Drivers/CMSIS/Include/cmsis_gcc.h **** __STATIC_FORCEINLINE uint32_t __STLEX(uint32_t value, volatile uint32_t *ptr)
 925:Drivers/CMSIS/Include/cmsis_gcc.h **** {
ARM GAS  C:\Users\kalpe\AppData\Local\Temp\ccbzGkmY.s 			page 34


 926:Drivers/CMSIS/Include/cmsis_gcc.h ****    uint32_t result;
 927:Drivers/CMSIS/Include/cmsis_gcc.h **** 
 928:Drivers/CMSIS/Include/cmsis_gcc.h ****    __ASM volatile ("stlex %0, %2, %1" : "=&r" (result), "=Q" (*ptr) : "r" ((uint32_t)value) : "memo
 929:Drivers/CMSIS/Include/cmsis_gcc.h ****    return(result);
 930:Drivers/CMSIS/Include/cmsis_gcc.h **** }
 931:Drivers/CMSIS/Include/cmsis_gcc.h **** 
 932:Drivers/CMSIS/Include/cmsis_gcc.h **** #endif /* ((defined (__ARM_ARCH_8M_MAIN__ ) && (__ARM_ARCH_8M_MAIN__ == 1)) || \
 933:Drivers/CMSIS/Include/cmsis_gcc.h ****            (defined (__ARM_ARCH_8M_BASE__ ) && (__ARM_ARCH_8M_BASE__ == 1))    ) */
 934:Drivers/CMSIS/Include/cmsis_gcc.h **** 
 935:Drivers/CMSIS/Include/cmsis_gcc.h **** /*@}*/ /* end of group CMSIS_Core_InstructionInterface */
 936:Drivers/CMSIS/Include/cmsis_gcc.h **** 
 937:Drivers/CMSIS/Include/cmsis_gcc.h **** 
 938:Drivers/CMSIS/Include/cmsis_gcc.h **** /* ###########################  Core Function Access  ########################### */
 939:Drivers/CMSIS/Include/cmsis_gcc.h **** /** \ingroup  CMSIS_Core_FunctionInterface
 940:Drivers/CMSIS/Include/cmsis_gcc.h ****     \defgroup CMSIS_Core_RegAccFunctions CMSIS Core Register Access Functions
 941:Drivers/CMSIS/Include/cmsis_gcc.h ****   @{
 942:Drivers/CMSIS/Include/cmsis_gcc.h ****  */
 943:Drivers/CMSIS/Include/cmsis_gcc.h **** 
 944:Drivers/CMSIS/Include/cmsis_gcc.h **** /**
 945:Drivers/CMSIS/Include/cmsis_gcc.h ****   \brief   Enable IRQ Interrupts
 946:Drivers/CMSIS/Include/cmsis_gcc.h ****   \details Enables IRQ interrupts by clearing special-purpose register PRIMASK.
 947:Drivers/CMSIS/Include/cmsis_gcc.h ****            Can only be executed in Privileged modes.
 948:Drivers/CMSIS/Include/cmsis_gcc.h ****  */
 949:Drivers/CMSIS/Include/cmsis_gcc.h **** __STATIC_FORCEINLINE void __enable_irq(void)
 950:Drivers/CMSIS/Include/cmsis_gcc.h **** {
 951:Drivers/CMSIS/Include/cmsis_gcc.h ****   __ASM volatile ("cpsie i" : : : "memory");
 952:Drivers/CMSIS/Include/cmsis_gcc.h **** }
 953:Drivers/CMSIS/Include/cmsis_gcc.h **** 
 954:Drivers/CMSIS/Include/cmsis_gcc.h **** 
 955:Drivers/CMSIS/Include/cmsis_gcc.h **** /**
 956:Drivers/CMSIS/Include/cmsis_gcc.h ****   \brief   Disable IRQ Interrupts
 957:Drivers/CMSIS/Include/cmsis_gcc.h ****   \details Disables IRQ interrupts by setting special-purpose register PRIMASK.
 958:Drivers/CMSIS/Include/cmsis_gcc.h ****            Can only be executed in Privileged modes.
 959:Drivers/CMSIS/Include/cmsis_gcc.h ****  */
 960:Drivers/CMSIS/Include/cmsis_gcc.h **** __STATIC_FORCEINLINE void __disable_irq(void)
 571              		.loc 2 960 27 view .LVU197
 572              	.LBB11:
 961:Drivers/CMSIS/Include/cmsis_gcc.h **** {
 962:Drivers/CMSIS/Include/cmsis_gcc.h ****   __ASM volatile ("cpsid i" : : : "memory");
 573              		.loc 2 962 3 view .LVU198
 574              		.syntax unified
 575              	@ 962 "Drivers/CMSIS/Include/cmsis_gcc.h" 1
 576 0000 72B6     		cpsid i
 577              	@ 0 "" 2
 578              		.thumb
 579              		.syntax unified
 580              	.L15:
 581              	.LBE11:
 582              	.LBE10:
 392:Core/Src/main.c ****   while (1)
 583              		.loc 1 392 3 view .LVU199
 393:Core/Src/main.c ****   {
 394:Core/Src/main.c ****   }
 584              		.loc 1 394 3 view .LVU200
 392:Core/Src/main.c ****   while (1)
 585              		.loc 1 392 9 view .LVU201
 586 0002 FEE7     		b	.L15
ARM GAS  C:\Users\kalpe\AppData\Local\Temp\ccbzGkmY.s 			page 35


 587              		.cfi_endproc
 588              	.LFE143:
 590              		.section	.text.SystemClock_Config,"ax",%progbits
 591              		.align	1
 592              		.global	SystemClock_Config
 593              		.syntax unified
 594              		.thumb
 595              		.thumb_func
 597              	SystemClock_Config:
 598              	.LFB139:
 154:Core/Src/main.c ****   RCC_OscInitTypeDef RCC_OscInitStruct = {0};
 599              		.loc 1 154 1 view -0
 600              		.cfi_startproc
 601              		@ args = 0, pretend = 0, frame = 80
 602              		@ frame_needed = 0, uses_anonymous_args = 0
 603 0000 10B5     		push	{r4, lr}
 604              	.LCFI5:
 605              		.cfi_def_cfa_offset 8
 606              		.cfi_offset 4, -8
 607              		.cfi_offset 14, -4
 608 0002 94B0     		sub	sp, sp, #80
 609              	.LCFI6:
 610              		.cfi_def_cfa_offset 88
 155:Core/Src/main.c ****   RCC_ClkInitTypeDef RCC_ClkInitStruct = {0};
 611              		.loc 1 155 3 view .LVU203
 155:Core/Src/main.c ****   RCC_ClkInitTypeDef RCC_ClkInitStruct = {0};
 612              		.loc 1 155 22 is_stmt 0 view .LVU204
 613 0004 08AC     		add	r4, sp, #32
 614 0006 3022     		movs	r2, #48
 615 0008 0021     		movs	r1, #0
 616 000a 2046     		mov	r0, r4
 617 000c FFF7FEFF 		bl	memset
 618              	.LVL25:
 156:Core/Src/main.c **** 
 619              		.loc 1 156 3 is_stmt 1 view .LVU205
 156:Core/Src/main.c **** 
 620              		.loc 1 156 22 is_stmt 0 view .LVU206
 621 0010 0023     		movs	r3, #0
 622 0012 0393     		str	r3, [sp, #12]
 623 0014 0493     		str	r3, [sp, #16]
 624 0016 0593     		str	r3, [sp, #20]
 625 0018 0693     		str	r3, [sp, #24]
 626 001a 0793     		str	r3, [sp, #28]
 160:Core/Src/main.c ****   __HAL_PWR_VOLTAGESCALING_CONFIG(PWR_REGULATOR_VOLTAGE_SCALE1);
 627              		.loc 1 160 3 is_stmt 1 view .LVU207
 628              	.LBB12:
 160:Core/Src/main.c ****   __HAL_PWR_VOLTAGESCALING_CONFIG(PWR_REGULATOR_VOLTAGE_SCALE1);
 629              		.loc 1 160 3 view .LVU208
 630 001c 0193     		str	r3, [sp, #4]
 160:Core/Src/main.c ****   __HAL_PWR_VOLTAGESCALING_CONFIG(PWR_REGULATOR_VOLTAGE_SCALE1);
 631              		.loc 1 160 3 view .LVU209
 632 001e 1F4A     		ldr	r2, .L22
 633 0020 116C     		ldr	r1, [r2, #64]
 634 0022 41F08051 		orr	r1, r1, #268435456
 635 0026 1164     		str	r1, [r2, #64]
 160:Core/Src/main.c ****   __HAL_PWR_VOLTAGESCALING_CONFIG(PWR_REGULATOR_VOLTAGE_SCALE1);
 636              		.loc 1 160 3 view .LVU210
ARM GAS  C:\Users\kalpe\AppData\Local\Temp\ccbzGkmY.s 			page 36


 637 0028 126C     		ldr	r2, [r2, #64]
 638 002a 02F08052 		and	r2, r2, #268435456
 639 002e 0192     		str	r2, [sp, #4]
 160:Core/Src/main.c ****   __HAL_PWR_VOLTAGESCALING_CONFIG(PWR_REGULATOR_VOLTAGE_SCALE1);
 640              		.loc 1 160 3 view .LVU211
 641 0030 019A     		ldr	r2, [sp, #4]
 642              	.LBE12:
 160:Core/Src/main.c ****   __HAL_PWR_VOLTAGESCALING_CONFIG(PWR_REGULATOR_VOLTAGE_SCALE1);
 643              		.loc 1 160 3 view .LVU212
 161:Core/Src/main.c **** 
 644              		.loc 1 161 3 view .LVU213
 645              	.LBB13:
 161:Core/Src/main.c **** 
 646              		.loc 1 161 3 view .LVU214
 647 0032 0293     		str	r3, [sp, #8]
 161:Core/Src/main.c **** 
 648              		.loc 1 161 3 view .LVU215
 649 0034 1A4A     		ldr	r2, .L22+4
 650 0036 1168     		ldr	r1, [r2]
 651 0038 41F48041 		orr	r1, r1, #16384
 652 003c 1160     		str	r1, [r2]
 161:Core/Src/main.c **** 
 653              		.loc 1 161 3 view .LVU216
 654 003e 1268     		ldr	r2, [r2]
 655 0040 02F48042 		and	r2, r2, #16384
 656 0044 0292     		str	r2, [sp, #8]
 161:Core/Src/main.c **** 
 657              		.loc 1 161 3 view .LVU217
 658 0046 029A     		ldr	r2, [sp, #8]
 659              	.LBE13:
 161:Core/Src/main.c **** 
 660              		.loc 1 161 3 view .LVU218
 166:Core/Src/main.c ****   RCC_OscInitStruct.HSIState = RCC_HSI_ON;
 661              		.loc 1 166 3 view .LVU219
 166:Core/Src/main.c ****   RCC_OscInitStruct.HSIState = RCC_HSI_ON;
 662              		.loc 1 166 36 is_stmt 0 view .LVU220
 663 0048 0222     		movs	r2, #2
 664 004a 0892     		str	r2, [sp, #32]
 167:Core/Src/main.c ****   RCC_OscInitStruct.HSICalibrationValue = RCC_HSICALIBRATION_DEFAULT;
 665              		.loc 1 167 3 is_stmt 1 view .LVU221
 167:Core/Src/main.c ****   RCC_OscInitStruct.HSICalibrationValue = RCC_HSICALIBRATION_DEFAULT;
 666              		.loc 1 167 30 is_stmt 0 view .LVU222
 667 004c 0121     		movs	r1, #1
 668 004e 0B91     		str	r1, [sp, #44]
 168:Core/Src/main.c ****   RCC_OscInitStruct.PLL.PLLState = RCC_PLL_ON;
 669              		.loc 1 168 3 is_stmt 1 view .LVU223
 168:Core/Src/main.c ****   RCC_OscInitStruct.PLL.PLLState = RCC_PLL_ON;
 670              		.loc 1 168 41 is_stmt 0 view .LVU224
 671 0050 1021     		movs	r1, #16
 672 0052 0C91     		str	r1, [sp, #48]
 169:Core/Src/main.c ****   RCC_OscInitStruct.PLL.PLLSource = RCC_PLLSOURCE_HSI;
 673              		.loc 1 169 3 is_stmt 1 view .LVU225
 169:Core/Src/main.c ****   RCC_OscInitStruct.PLL.PLLSource = RCC_PLLSOURCE_HSI;
 674              		.loc 1 169 34 is_stmt 0 view .LVU226
 675 0054 0E92     		str	r2, [sp, #56]
 170:Core/Src/main.c ****   RCC_OscInitStruct.PLL.PLLM = 8;
 676              		.loc 1 170 3 is_stmt 1 view .LVU227
ARM GAS  C:\Users\kalpe\AppData\Local\Temp\ccbzGkmY.s 			page 37


 170:Core/Src/main.c ****   RCC_OscInitStruct.PLL.PLLM = 8;
 677              		.loc 1 170 35 is_stmt 0 view .LVU228
 678 0056 0F93     		str	r3, [sp, #60]
 171:Core/Src/main.c ****   RCC_OscInitStruct.PLL.PLLN = 50;
 679              		.loc 1 171 3 is_stmt 1 view .LVU229
 171:Core/Src/main.c ****   RCC_OscInitStruct.PLL.PLLN = 50;
 680              		.loc 1 171 30 is_stmt 0 view .LVU230
 681 0058 0823     		movs	r3, #8
 682 005a 1093     		str	r3, [sp, #64]
 172:Core/Src/main.c ****   RCC_OscInitStruct.PLL.PLLP = RCC_PLLP_DIV4;
 683              		.loc 1 172 3 is_stmt 1 view .LVU231
 172:Core/Src/main.c ****   RCC_OscInitStruct.PLL.PLLP = RCC_PLLP_DIV4;
 684              		.loc 1 172 30 is_stmt 0 view .LVU232
 685 005c 3223     		movs	r3, #50
 686 005e 1193     		str	r3, [sp, #68]
 173:Core/Src/main.c ****   RCC_OscInitStruct.PLL.PLLQ = 7;
 687              		.loc 1 173 3 is_stmt 1 view .LVU233
 173:Core/Src/main.c ****   RCC_OscInitStruct.PLL.PLLQ = 7;
 688              		.loc 1 173 30 is_stmt 0 view .LVU234
 689 0060 0423     		movs	r3, #4
 690 0062 1293     		str	r3, [sp, #72]
 174:Core/Src/main.c ****   if (HAL_RCC_OscConfig(&RCC_OscInitStruct) != HAL_OK)
 691              		.loc 1 174 3 is_stmt 1 view .LVU235
 174:Core/Src/main.c ****   if (HAL_RCC_OscConfig(&RCC_OscInitStruct) != HAL_OK)
 692              		.loc 1 174 30 is_stmt 0 view .LVU236
 693 0064 0723     		movs	r3, #7
 694 0066 1393     		str	r3, [sp, #76]
 175:Core/Src/main.c ****   {
 695              		.loc 1 175 3 is_stmt 1 view .LVU237
 175:Core/Src/main.c ****   {
 696              		.loc 1 175 7 is_stmt 0 view .LVU238
 697 0068 2046     		mov	r0, r4
 698 006a FFF7FEFF 		bl	HAL_RCC_OscConfig
 699              	.LVL26:
 175:Core/Src/main.c ****   {
 700              		.loc 1 175 6 discriminator 1 view .LVU239
 701 006e 88B9     		cbnz	r0, .L20
 182:Core/Src/main.c ****                               |RCC_CLOCKTYPE_PCLK1|RCC_CLOCKTYPE_PCLK2;
 702              		.loc 1 182 3 is_stmt 1 view .LVU240
 182:Core/Src/main.c ****                               |RCC_CLOCKTYPE_PCLK1|RCC_CLOCKTYPE_PCLK2;
 703              		.loc 1 182 31 is_stmt 0 view .LVU241
 704 0070 0F23     		movs	r3, #15
 705 0072 0393     		str	r3, [sp, #12]
 184:Core/Src/main.c ****   RCC_ClkInitStruct.AHBCLKDivider = RCC_SYSCLK_DIV1;
 706              		.loc 1 184 3 is_stmt 1 view .LVU242
 184:Core/Src/main.c ****   RCC_ClkInitStruct.AHBCLKDivider = RCC_SYSCLK_DIV1;
 707              		.loc 1 184 34 is_stmt 0 view .LVU243
 708 0074 0223     		movs	r3, #2
 709 0076 0493     		str	r3, [sp, #16]
 185:Core/Src/main.c ****   RCC_ClkInitStruct.APB1CLKDivider = RCC_HCLK_DIV4;
 710              		.loc 1 185 3 is_stmt 1 view .LVU244
 185:Core/Src/main.c ****   RCC_ClkInitStruct.APB1CLKDivider = RCC_HCLK_DIV4;
 711              		.loc 1 185 35 is_stmt 0 view .LVU245
 712 0078 0146     		mov	r1, r0
 713 007a 0590     		str	r0, [sp, #20]
 186:Core/Src/main.c ****   RCC_ClkInitStruct.APB2CLKDivider = RCC_HCLK_DIV2;
 714              		.loc 1 186 3 is_stmt 1 view .LVU246
ARM GAS  C:\Users\kalpe\AppData\Local\Temp\ccbzGkmY.s 			page 38


 186:Core/Src/main.c ****   RCC_ClkInitStruct.APB2CLKDivider = RCC_HCLK_DIV2;
 715              		.loc 1 186 36 is_stmt 0 view .LVU247
 716 007c 4FF4A053 		mov	r3, #5120
 717 0080 0693     		str	r3, [sp, #24]
 187:Core/Src/main.c **** 
 718              		.loc 1 187 3 is_stmt 1 view .LVU248
 187:Core/Src/main.c **** 
 719              		.loc 1 187 36 is_stmt 0 view .LVU249
 720 0082 4FF48053 		mov	r3, #4096
 721 0086 0793     		str	r3, [sp, #28]
 189:Core/Src/main.c ****   {
 722              		.loc 1 189 3 is_stmt 1 view .LVU250
 189:Core/Src/main.c ****   {
 723              		.loc 1 189 7 is_stmt 0 view .LVU251
 724 0088 03A8     		add	r0, sp, #12
 725 008a FFF7FEFF 		bl	HAL_RCC_ClockConfig
 726              	.LVL27:
 189:Core/Src/main.c ****   {
 727              		.loc 1 189 6 discriminator 1 view .LVU252
 728 008e 18B9     		cbnz	r0, .L21
 193:Core/Src/main.c **** 
 729              		.loc 1 193 1 view .LVU253
 730 0090 14B0     		add	sp, sp, #80
 731              	.LCFI7:
 732              		.cfi_remember_state
 733              		.cfi_def_cfa_offset 8
 734              		@ sp needed
 735 0092 10BD     		pop	{r4, pc}
 736              	.L20:
 737              	.LCFI8:
 738              		.cfi_restore_state
 177:Core/Src/main.c ****   }
 739              		.loc 1 177 5 is_stmt 1 view .LVU254
 740 0094 FFF7FEFF 		bl	Error_Handler
 741              	.LVL28:
 742              	.L21:
 191:Core/Src/main.c ****   }
 743              		.loc 1 191 5 view .LVU255
 744 0098 FFF7FEFF 		bl	Error_Handler
 745              	.LVL29:
 746              	.L23:
 747              		.align	2
 748              	.L22:
 749 009c 00380240 		.word	1073887232
 750 00a0 00700040 		.word	1073770496
 751              		.cfi_endproc
 752              	.LFE139:
 754              		.section	.text.main,"ax",%progbits
 755              		.align	1
 756              		.global	main
 757              		.syntax unified
 758              		.thumb
 759              		.thumb_func
 761              	main:
 762              	.LFB138:
  74:Core/Src/main.c **** 
 763              		.loc 1 74 1 view -0
ARM GAS  C:\Users\kalpe\AppData\Local\Temp\ccbzGkmY.s 			page 39


 764              		.cfi_startproc
 765              		@ Volatile: function does not return.
 766              		@ args = 0, pretend = 0, frame = 0
 767              		@ frame_needed = 0, uses_anonymous_args = 0
 768 0000 08B5     		push	{r3, lr}
 769              	.LCFI9:
 770              		.cfi_def_cfa_offset 8
 771              		.cfi_offset 3, -8
 772              		.cfi_offset 14, -4
  83:Core/Src/main.c **** 
 773              		.loc 1 83 3 view .LVU257
 774 0002 FFF7FEFF 		bl	HAL_Init
 775              	.LVL30:
  90:Core/Src/main.c **** 
 776              		.loc 1 90 3 view .LVU258
 777 0006 FFF7FEFF 		bl	SystemClock_Config
 778              	.LVL31:
  97:Core/Src/main.c ****   /* USER CODE BEGIN 2 */
 779              		.loc 1 97 3 view .LVU259
 780 000a FFF7FEFF 		bl	MX_GPIO_Init
 781              	.LVL32:
 103:Core/Src/main.c **** 
 782              		.loc 1 103 3 view .LVU260
 783 000e FFF7FEFF 		bl	osKernelInitialize
 784              	.LVL33:
 123:Core/Src/main.c **** 
 785              		.loc 1 123 3 view .LVU261
 123:Core/Src/main.c **** 
 786              		.loc 1 123 23 is_stmt 0 view .LVU262
 787 0012 054A     		ldr	r2, .L27
 788 0014 0021     		movs	r1, #0
 789 0016 0548     		ldr	r0, .L27+4
 790 0018 FFF7FEFF 		bl	osThreadNew
 791              	.LVL34:
 123:Core/Src/main.c **** 
 792              		.loc 1 123 21 discriminator 1 view .LVU263
 793 001c 044B     		ldr	r3, .L27+8
 794 001e 1860     		str	r0, [r3]
 134:Core/Src/main.c **** 
 795              		.loc 1 134 3 is_stmt 1 view .LVU264
 796 0020 FFF7FEFF 		bl	osKernelStart
 797              	.LVL35:
 798              	.L25:
 140:Core/Src/main.c ****   {
 799              		.loc 1 140 3 view .LVU265
 145:Core/Src/main.c ****   /* USER CODE END 3 */
 800              		.loc 1 145 3 view .LVU266
 140:Core/Src/main.c ****   {
 801              		.loc 1 140 9 view .LVU267
 802 0024 FEE7     		b	.L25
 803              	.L28:
 804 0026 00BF     		.align	2
 805              	.L27:
 806 0028 00000000 		.word	defaultTask_attributes
 807 002c 00000000 		.word	StartDefaultTask
 808 0030 00000000 		.word	defaultTaskHandle
 809              		.cfi_endproc
ARM GAS  C:\Users\kalpe\AppData\Local\Temp\ccbzGkmY.s 			page 40


 810              	.LFE138:
 812              		.global	defaultTask_attributes
 813              		.section	.rodata.str1.4,"aMS",%progbits,1
 814              		.align	2
 815              	.LC0:
 816 0000 64656661 		.ascii	"defaultTask\000"
 816      756C7454 
 816      61736B00 
 817              		.section	.rodata.defaultTask_attributes,"a"
 818              		.align	2
 821              	defaultTask_attributes:
 822 0000 00000000 		.word	.LC0
 823 0004 00000000 		.space	16
 823      00000000 
 823      00000000 
 823      00000000 
 824 0014 00020000 		.word	512
 825 0018 18000000 		.word	24
 826 001c 00000000 		.space	8
 826      00000000 
 827              		.global	defaultTaskHandle
 828              		.section	.bss.defaultTaskHandle,"aw",%nobits
 829              		.align	2
 832              	defaultTaskHandle:
 833 0000 00000000 		.space	4
 834              		.text
 835              	.Letext0:
 836              		.file 3 "C:/Program Files/Arm/GNU Toolchain mingw-w64-x86_64-arm-none-eabi/arm-none-eabi/include/m
 837              		.file 4 "C:/Program Files/Arm/GNU Toolchain mingw-w64-x86_64-arm-none-eabi/arm-none-eabi/include/s
 838              		.file 5 "Drivers/CMSIS/Device/ST/STM32F4xx/Include/stm32f407xx.h"
 839              		.file 6 "Drivers/STM32F4xx_HAL_Driver/Inc/stm32f4xx_hal_def.h"
 840              		.file 7 "Drivers/STM32F4xx_HAL_Driver/Inc/stm32f4xx_hal_rcc_ex.h"
 841              		.file 8 "Drivers/STM32F4xx_HAL_Driver/Inc/stm32f4xx_hal_rcc.h"
 842              		.file 9 "Drivers/STM32F4xx_HAL_Driver/Inc/stm32f4xx_hal_gpio.h"
 843              		.file 10 "Drivers/STM32F4xx_HAL_Driver/Inc/stm32f4xx_hal_dma.h"
 844              		.file 11 "Drivers/STM32F4xx_HAL_Driver/Inc/stm32f4xx_hal_tim.h"
 845              		.file 12 "Middlewares/Third_Party/FreeRTOS/Source/CMSIS_RTOS_V2/cmsis_os2.h"
 846              		.file 13 "Drivers/STM32F4xx_HAL_Driver/Inc/stm32f4xx_hal.h"
 847              		.file 14 "<built-in>"
ARM GAS  C:\Users\kalpe\AppData\Local\Temp\ccbzGkmY.s 			page 41


DEFINED SYMBOLS
                            *ABS*:00000000 main.c
C:\Users\kalpe\AppData\Local\Temp\ccbzGkmY.s:21     .text.MX_GPIO_Init:00000000 $t
C:\Users\kalpe\AppData\Local\Temp\ccbzGkmY.s:26     .text.MX_GPIO_Init:00000000 MX_GPIO_Init
C:\Users\kalpe\AppData\Local\Temp\ccbzGkmY.s:465    .text.MX_GPIO_Init:00000200 $d
C:\Users\kalpe\AppData\Local\Temp\ccbzGkmY.s:475    .text.StartDefaultTask:00000000 $t
C:\Users\kalpe\AppData\Local\Temp\ccbzGkmY.s:481    .text.StartDefaultTask:00000000 StartDefaultTask
C:\Users\kalpe\AppData\Local\Temp\ccbzGkmY.s:508    .text.HAL_TIM_PeriodElapsedCallback:00000000 $t
C:\Users\kalpe\AppData\Local\Temp\ccbzGkmY.s:514    .text.HAL_TIM_PeriodElapsedCallback:00000000 HAL_TIM_PeriodElapsedCallback
C:\Users\kalpe\AppData\Local\Temp\ccbzGkmY.s:548    .text.HAL_TIM_PeriodElapsedCallback:00000014 $d
C:\Users\kalpe\AppData\Local\Temp\ccbzGkmY.s:553    .text.Error_Handler:00000000 $t
C:\Users\kalpe\AppData\Local\Temp\ccbzGkmY.s:559    .text.Error_Handler:00000000 Error_Handler
C:\Users\kalpe\AppData\Local\Temp\ccbzGkmY.s:591    .text.SystemClock_Config:00000000 $t
C:\Users\kalpe\AppData\Local\Temp\ccbzGkmY.s:597    .text.SystemClock_Config:00000000 SystemClock_Config
C:\Users\kalpe\AppData\Local\Temp\ccbzGkmY.s:749    .text.SystemClock_Config:0000009c $d
C:\Users\kalpe\AppData\Local\Temp\ccbzGkmY.s:755    .text.main:00000000 $t
C:\Users\kalpe\AppData\Local\Temp\ccbzGkmY.s:761    .text.main:00000000 main
C:\Users\kalpe\AppData\Local\Temp\ccbzGkmY.s:806    .text.main:00000028 $d
C:\Users\kalpe\AppData\Local\Temp\ccbzGkmY.s:821    .rodata.defaultTask_attributes:00000000 defaultTask_attributes
C:\Users\kalpe\AppData\Local\Temp\ccbzGkmY.s:832    .bss.defaultTaskHandle:00000000 defaultTaskHandle
C:\Users\kalpe\AppData\Local\Temp\ccbzGkmY.s:814    .rodata.str1.4:00000000 $d
C:\Users\kalpe\AppData\Local\Temp\ccbzGkmY.s:818    .rodata.defaultTask_attributes:00000000 $d
C:\Users\kalpe\AppData\Local\Temp\ccbzGkmY.s:829    .bss.defaultTaskHandle:00000000 $d

UNDEFINED SYMBOLS
HAL_GPIO_WritePin
HAL_GPIO_Init
osDelay
HAL_IncTick
memset
HAL_RCC_OscConfig
HAL_RCC_ClockConfig
HAL_Init
osKernelInitialize
osThreadNew
osKernelStart
