ARM GAS  C:\Users\kalpe\AppData\Local\Temp\ccC8Iu7o.s 			page 1


   1              		.cpu cortex-m4
   2              		.arch armv7e-m
   3              		.fpu fpv4-sp-d16
   4              		.eabi_attribute 27, 1
   5              		.eabi_attribute 28, 1
   6              		.eabi_attribute 20, 1
   7              		.eabi_attribute 21, 1
   8              		.eabi_attribute 23, 3
   9              		.eabi_attribute 24, 1
  10              		.eabi_attribute 25, 1
  11              		.eabi_attribute 26, 1
  12              		.eabi_attribute 30, 1
  13              		.eabi_attribute 34, 1
  14              		.eabi_attribute 18, 4
  15              		.file	"queue.c"
  16              		.text
  17              	.Ltext0:
  18              		.cfi_sections	.debug_frame
  19              		.file 1 "Middlewares/Third_Party/FreeRTOS/Source/queue.c"
  20              		.section	.text.prvGetDisinheritPriorityAfterTimeout,"ax",%progbits
  21              		.align	1
  22              		.syntax unified
  23              		.thumb
  24              		.thumb_func
  26              	prvGetDisinheritPriorityAfterTimeout:
  27              	.LVL0:
  28              	.LFB32:
   1:Middlewares/Third_Party/FreeRTOS/Source/queue.c **** /*
   2:Middlewares/Third_Party/FreeRTOS/Source/queue.c ****  * FreeRTOS Kernel V10.3.1
   3:Middlewares/Third_Party/FreeRTOS/Source/queue.c ****  * Copyright (C) 2020 Amazon.com, Inc. or its affiliates.  All Rights Reserved.
   4:Middlewares/Third_Party/FreeRTOS/Source/queue.c ****  *
   5:Middlewares/Third_Party/FreeRTOS/Source/queue.c ****  * Permission is hereby granted, free of charge, to any person obtaining a copy of
   6:Middlewares/Third_Party/FreeRTOS/Source/queue.c ****  * this software and associated documentation files (the "Software"), to deal in
   7:Middlewares/Third_Party/FreeRTOS/Source/queue.c ****  * the Software without restriction, including without limitation the rights to
   8:Middlewares/Third_Party/FreeRTOS/Source/queue.c ****  * use, copy, modify, merge, publish, distribute, sublicense, and/or sell copies of
   9:Middlewares/Third_Party/FreeRTOS/Source/queue.c ****  * the Software, and to permit persons to whom the Software is furnished to do so,
  10:Middlewares/Third_Party/FreeRTOS/Source/queue.c ****  * subject to the following conditions:
  11:Middlewares/Third_Party/FreeRTOS/Source/queue.c ****  *
  12:Middlewares/Third_Party/FreeRTOS/Source/queue.c ****  * The above copyright notice and this permission notice shall be included in all
  13:Middlewares/Third_Party/FreeRTOS/Source/queue.c ****  * copies or substantial portions of the Software.
  14:Middlewares/Third_Party/FreeRTOS/Source/queue.c ****  *
  15:Middlewares/Third_Party/FreeRTOS/Source/queue.c ****  * THE SOFTWARE IS PROVIDED "AS IS", WITHOUT WARRANTY OF ANY KIND, EXPRESS OR
  16:Middlewares/Third_Party/FreeRTOS/Source/queue.c ****  * IMPLIED, INCLUDING BUT NOT LIMITED TO THE WARRANTIES OF MERCHANTABILITY, FITNESS
  17:Middlewares/Third_Party/FreeRTOS/Source/queue.c ****  * FOR A PARTICULAR PURPOSE AND NONINFRINGEMENT. IN NO EVENT SHALL THE AUTHORS OR
  18:Middlewares/Third_Party/FreeRTOS/Source/queue.c ****  * COPYRIGHT HOLDERS BE LIABLE FOR ANY CLAIM, DAMAGES OR OTHER LIABILITY, WHETHER
  19:Middlewares/Third_Party/FreeRTOS/Source/queue.c ****  * IN AN ACTION OF CONTRACT, TORT OR OTHERWISE, ARISING FROM, OUT OF OR IN
  20:Middlewares/Third_Party/FreeRTOS/Source/queue.c ****  * CONNECTION WITH THE SOFTWARE OR THE USE OR OTHER DEALINGS IN THE SOFTWARE.
  21:Middlewares/Third_Party/FreeRTOS/Source/queue.c ****  *
  22:Middlewares/Third_Party/FreeRTOS/Source/queue.c ****  * http://www.FreeRTOS.org
  23:Middlewares/Third_Party/FreeRTOS/Source/queue.c ****  * http://aws.amazon.com/freertos
  24:Middlewares/Third_Party/FreeRTOS/Source/queue.c ****  *
  25:Middlewares/Third_Party/FreeRTOS/Source/queue.c ****  * 1 tab == 4 spaces!
  26:Middlewares/Third_Party/FreeRTOS/Source/queue.c ****  */
  27:Middlewares/Third_Party/FreeRTOS/Source/queue.c **** 
  28:Middlewares/Third_Party/FreeRTOS/Source/queue.c **** #include <stdlib.h>
  29:Middlewares/Third_Party/FreeRTOS/Source/queue.c **** #include <string.h>
  30:Middlewares/Third_Party/FreeRTOS/Source/queue.c **** 
ARM GAS  C:\Users\kalpe\AppData\Local\Temp\ccC8Iu7o.s 			page 2


  31:Middlewares/Third_Party/FreeRTOS/Source/queue.c **** /* Defining MPU_WRAPPERS_INCLUDED_FROM_API_FILE prevents task.h from redefining
  32:Middlewares/Third_Party/FreeRTOS/Source/queue.c **** all the API functions to use the MPU wrappers.  That should only be done when
  33:Middlewares/Third_Party/FreeRTOS/Source/queue.c **** task.h is included from an application file. */
  34:Middlewares/Third_Party/FreeRTOS/Source/queue.c **** #define MPU_WRAPPERS_INCLUDED_FROM_API_FILE
  35:Middlewares/Third_Party/FreeRTOS/Source/queue.c **** 
  36:Middlewares/Third_Party/FreeRTOS/Source/queue.c **** #include "FreeRTOS.h"
  37:Middlewares/Third_Party/FreeRTOS/Source/queue.c **** #include "task.h"
  38:Middlewares/Third_Party/FreeRTOS/Source/queue.c **** #include "queue.h"
  39:Middlewares/Third_Party/FreeRTOS/Source/queue.c **** 
  40:Middlewares/Third_Party/FreeRTOS/Source/queue.c **** #if ( configUSE_CO_ROUTINES == 1 )
  41:Middlewares/Third_Party/FreeRTOS/Source/queue.c **** 	#include "croutine.h"
  42:Middlewares/Third_Party/FreeRTOS/Source/queue.c **** #endif
  43:Middlewares/Third_Party/FreeRTOS/Source/queue.c **** 
  44:Middlewares/Third_Party/FreeRTOS/Source/queue.c **** /* Lint e9021, e961 and e750 are suppressed as a MISRA exception justified
  45:Middlewares/Third_Party/FreeRTOS/Source/queue.c **** because the MPU ports require MPU_WRAPPERS_INCLUDED_FROM_API_FILE to be defined
  46:Middlewares/Third_Party/FreeRTOS/Source/queue.c **** for the header files above, but not in this file, in order to generate the
  47:Middlewares/Third_Party/FreeRTOS/Source/queue.c **** correct privileged Vs unprivileged linkage and placement. */
  48:Middlewares/Third_Party/FreeRTOS/Source/queue.c **** #undef MPU_WRAPPERS_INCLUDED_FROM_API_FILE /*lint !e961 !e750 !e9021. */
  49:Middlewares/Third_Party/FreeRTOS/Source/queue.c **** 
  50:Middlewares/Third_Party/FreeRTOS/Source/queue.c **** 
  51:Middlewares/Third_Party/FreeRTOS/Source/queue.c **** /* Constants used with the cRxLock and cTxLock structure members. */
  52:Middlewares/Third_Party/FreeRTOS/Source/queue.c **** #define queueUNLOCKED					( ( int8_t ) -1 )
  53:Middlewares/Third_Party/FreeRTOS/Source/queue.c **** #define queueLOCKED_UNMODIFIED			( ( int8_t ) 0 )
  54:Middlewares/Third_Party/FreeRTOS/Source/queue.c **** 
  55:Middlewares/Third_Party/FreeRTOS/Source/queue.c **** /* When the Queue_t structure is used to represent a base queue its pcHead and
  56:Middlewares/Third_Party/FreeRTOS/Source/queue.c **** pcTail members are used as pointers into the queue storage area.  When the
  57:Middlewares/Third_Party/FreeRTOS/Source/queue.c **** Queue_t structure is used to represent a mutex pcHead and pcTail pointers are
  58:Middlewares/Third_Party/FreeRTOS/Source/queue.c **** not necessary, and the pcHead pointer is set to NULL to indicate that the
  59:Middlewares/Third_Party/FreeRTOS/Source/queue.c **** structure instead holds a pointer to the mutex holder (if any).  Map alternative
  60:Middlewares/Third_Party/FreeRTOS/Source/queue.c **** names to the pcHead and structure member to ensure the readability of the code
  61:Middlewares/Third_Party/FreeRTOS/Source/queue.c **** is maintained.  The QueuePointers_t and SemaphoreData_t types are used to form
  62:Middlewares/Third_Party/FreeRTOS/Source/queue.c **** a union as their usage is mutually exclusive dependent on what the queue is
  63:Middlewares/Third_Party/FreeRTOS/Source/queue.c **** being used for. */
  64:Middlewares/Third_Party/FreeRTOS/Source/queue.c **** #define uxQueueType						pcHead
  65:Middlewares/Third_Party/FreeRTOS/Source/queue.c **** #define queueQUEUE_IS_MUTEX				NULL
  66:Middlewares/Third_Party/FreeRTOS/Source/queue.c **** 
  67:Middlewares/Third_Party/FreeRTOS/Source/queue.c **** typedef struct QueuePointers
  68:Middlewares/Third_Party/FreeRTOS/Source/queue.c **** {
  69:Middlewares/Third_Party/FreeRTOS/Source/queue.c **** 	int8_t *pcTail;					/*< Points to the byte at the end of the queue storage area.  Once more byte i
  70:Middlewares/Third_Party/FreeRTOS/Source/queue.c **** 	int8_t *pcReadFrom;				/*< Points to the last place that a queued item was read from when the stru
  71:Middlewares/Third_Party/FreeRTOS/Source/queue.c **** } QueuePointers_t;
  72:Middlewares/Third_Party/FreeRTOS/Source/queue.c **** 
  73:Middlewares/Third_Party/FreeRTOS/Source/queue.c **** typedef struct SemaphoreData
  74:Middlewares/Third_Party/FreeRTOS/Source/queue.c **** {
  75:Middlewares/Third_Party/FreeRTOS/Source/queue.c **** 	TaskHandle_t xMutexHolder;		 /*< The handle of the task that holds the mutex. */
  76:Middlewares/Third_Party/FreeRTOS/Source/queue.c **** 	UBaseType_t uxRecursiveCallCount;/*< Maintains a count of the number of times a recursive mutex ha
  77:Middlewares/Third_Party/FreeRTOS/Source/queue.c **** } SemaphoreData_t;
  78:Middlewares/Third_Party/FreeRTOS/Source/queue.c **** 
  79:Middlewares/Third_Party/FreeRTOS/Source/queue.c **** /* Semaphores do not actually store or copy data, so have an item size of
  80:Middlewares/Third_Party/FreeRTOS/Source/queue.c **** zero. */
  81:Middlewares/Third_Party/FreeRTOS/Source/queue.c **** #define queueSEMAPHORE_QUEUE_ITEM_LENGTH ( ( UBaseType_t ) 0 )
  82:Middlewares/Third_Party/FreeRTOS/Source/queue.c **** #define queueMUTEX_GIVE_BLOCK_TIME		 ( ( TickType_t ) 0U )
  83:Middlewares/Third_Party/FreeRTOS/Source/queue.c **** 
  84:Middlewares/Third_Party/FreeRTOS/Source/queue.c **** #if( configUSE_PREEMPTION == 0 )
  85:Middlewares/Third_Party/FreeRTOS/Source/queue.c **** 	/* If the cooperative scheduler is being used then a yield should not be
  86:Middlewares/Third_Party/FreeRTOS/Source/queue.c **** 	performed just because a higher priority task has been woken. */
  87:Middlewares/Third_Party/FreeRTOS/Source/queue.c **** 	#define queueYIELD_IF_USING_PREEMPTION()
ARM GAS  C:\Users\kalpe\AppData\Local\Temp\ccC8Iu7o.s 			page 3


  88:Middlewares/Third_Party/FreeRTOS/Source/queue.c **** #else
  89:Middlewares/Third_Party/FreeRTOS/Source/queue.c **** 	#define queueYIELD_IF_USING_PREEMPTION() portYIELD_WITHIN_API()
  90:Middlewares/Third_Party/FreeRTOS/Source/queue.c **** #endif
  91:Middlewares/Third_Party/FreeRTOS/Source/queue.c **** 
  92:Middlewares/Third_Party/FreeRTOS/Source/queue.c **** /*
  93:Middlewares/Third_Party/FreeRTOS/Source/queue.c ****  * Definition of the queue used by the scheduler.
  94:Middlewares/Third_Party/FreeRTOS/Source/queue.c ****  * Items are queued by copy, not reference.  See the following link for the
  95:Middlewares/Third_Party/FreeRTOS/Source/queue.c ****  * rationale: https://www.freertos.org/Embedded-RTOS-Queues.html
  96:Middlewares/Third_Party/FreeRTOS/Source/queue.c ****  */
  97:Middlewares/Third_Party/FreeRTOS/Source/queue.c **** typedef struct QueueDefinition 		/* The old naming convention is used to prevent breaking kernel aw
  98:Middlewares/Third_Party/FreeRTOS/Source/queue.c **** {
  99:Middlewares/Third_Party/FreeRTOS/Source/queue.c **** 	int8_t *pcHead;					/*< Points to the beginning of the queue storage area. */
 100:Middlewares/Third_Party/FreeRTOS/Source/queue.c **** 	int8_t *pcWriteTo;				/*< Points to the free next place in the storage area. */
 101:Middlewares/Third_Party/FreeRTOS/Source/queue.c **** 
 102:Middlewares/Third_Party/FreeRTOS/Source/queue.c **** 	union
 103:Middlewares/Third_Party/FreeRTOS/Source/queue.c **** 	{
 104:Middlewares/Third_Party/FreeRTOS/Source/queue.c **** 		QueuePointers_t xQueue;		/*< Data required exclusively when this structure is used as a queue. */
 105:Middlewares/Third_Party/FreeRTOS/Source/queue.c **** 		SemaphoreData_t xSemaphore; /*< Data required exclusively when this structure is used as a semaph
 106:Middlewares/Third_Party/FreeRTOS/Source/queue.c **** 	} u;
 107:Middlewares/Third_Party/FreeRTOS/Source/queue.c **** 
 108:Middlewares/Third_Party/FreeRTOS/Source/queue.c **** 	List_t xTasksWaitingToSend;		/*< List of tasks that are blocked waiting to post onto this queue.  
 109:Middlewares/Third_Party/FreeRTOS/Source/queue.c **** 	List_t xTasksWaitingToReceive;	/*< List of tasks that are blocked waiting to read from this queue.
 110:Middlewares/Third_Party/FreeRTOS/Source/queue.c **** 
 111:Middlewares/Third_Party/FreeRTOS/Source/queue.c **** 	volatile UBaseType_t uxMessagesWaiting;/*< The number of items currently in the queue. */
 112:Middlewares/Third_Party/FreeRTOS/Source/queue.c **** 	UBaseType_t uxLength;			/*< The length of the queue defined as the number of items it will hold, n
 113:Middlewares/Third_Party/FreeRTOS/Source/queue.c **** 	UBaseType_t uxItemSize;			/*< The size of each items that the queue will hold. */
 114:Middlewares/Third_Party/FreeRTOS/Source/queue.c **** 
 115:Middlewares/Third_Party/FreeRTOS/Source/queue.c **** 	volatile int8_t cRxLock;		/*< Stores the number of items received from the queue (removed from the
 116:Middlewares/Third_Party/FreeRTOS/Source/queue.c **** 	volatile int8_t cTxLock;		/*< Stores the number of items transmitted to the queue (added to the qu
 117:Middlewares/Third_Party/FreeRTOS/Source/queue.c **** 
 118:Middlewares/Third_Party/FreeRTOS/Source/queue.c **** 	#if( ( configSUPPORT_STATIC_ALLOCATION == 1 ) && ( configSUPPORT_DYNAMIC_ALLOCATION == 1 ) )
 119:Middlewares/Third_Party/FreeRTOS/Source/queue.c **** 		uint8_t ucStaticallyAllocated;	/*< Set to pdTRUE if the memory used by the queue was statically a
 120:Middlewares/Third_Party/FreeRTOS/Source/queue.c **** 	#endif
 121:Middlewares/Third_Party/FreeRTOS/Source/queue.c **** 
 122:Middlewares/Third_Party/FreeRTOS/Source/queue.c **** 	#if ( configUSE_QUEUE_SETS == 1 )
 123:Middlewares/Third_Party/FreeRTOS/Source/queue.c **** 		struct QueueDefinition *pxQueueSetContainer;
 124:Middlewares/Third_Party/FreeRTOS/Source/queue.c **** 	#endif
 125:Middlewares/Third_Party/FreeRTOS/Source/queue.c **** 
 126:Middlewares/Third_Party/FreeRTOS/Source/queue.c **** 	#if ( configUSE_TRACE_FACILITY == 1 )
 127:Middlewares/Third_Party/FreeRTOS/Source/queue.c **** 		UBaseType_t uxQueueNumber;
 128:Middlewares/Third_Party/FreeRTOS/Source/queue.c **** 		uint8_t ucQueueType;
 129:Middlewares/Third_Party/FreeRTOS/Source/queue.c **** 	#endif
 130:Middlewares/Third_Party/FreeRTOS/Source/queue.c **** 
 131:Middlewares/Third_Party/FreeRTOS/Source/queue.c **** } xQUEUE;
 132:Middlewares/Third_Party/FreeRTOS/Source/queue.c **** 
 133:Middlewares/Third_Party/FreeRTOS/Source/queue.c **** /* The old xQUEUE name is maintained above then typedefed to the new Queue_t
 134:Middlewares/Third_Party/FreeRTOS/Source/queue.c **** name below to enable the use of older kernel aware debuggers. */
 135:Middlewares/Third_Party/FreeRTOS/Source/queue.c **** typedef xQUEUE Queue_t;
 136:Middlewares/Third_Party/FreeRTOS/Source/queue.c **** 
 137:Middlewares/Third_Party/FreeRTOS/Source/queue.c **** /*-----------------------------------------------------------*/
 138:Middlewares/Third_Party/FreeRTOS/Source/queue.c **** 
 139:Middlewares/Third_Party/FreeRTOS/Source/queue.c **** /*
 140:Middlewares/Third_Party/FreeRTOS/Source/queue.c ****  * The queue registry is just a means for kernel aware debuggers to locate
 141:Middlewares/Third_Party/FreeRTOS/Source/queue.c ****  * queue structures.  It has no other purpose so is an optional component.
 142:Middlewares/Third_Party/FreeRTOS/Source/queue.c ****  */
 143:Middlewares/Third_Party/FreeRTOS/Source/queue.c **** #if ( configQUEUE_REGISTRY_SIZE > 0 )
 144:Middlewares/Third_Party/FreeRTOS/Source/queue.c **** 
ARM GAS  C:\Users\kalpe\AppData\Local\Temp\ccC8Iu7o.s 			page 4


 145:Middlewares/Third_Party/FreeRTOS/Source/queue.c **** 	/* The type stored within the queue registry array.  This allows a name
 146:Middlewares/Third_Party/FreeRTOS/Source/queue.c **** 	to be assigned to each queue making kernel aware debugging a little
 147:Middlewares/Third_Party/FreeRTOS/Source/queue.c **** 	more user friendly. */
 148:Middlewares/Third_Party/FreeRTOS/Source/queue.c **** 	typedef struct QUEUE_REGISTRY_ITEM
 149:Middlewares/Third_Party/FreeRTOS/Source/queue.c **** 	{
 150:Middlewares/Third_Party/FreeRTOS/Source/queue.c **** 		const char *pcQueueName; /*lint !e971 Unqualified char types are allowed for strings and single c
 151:Middlewares/Third_Party/FreeRTOS/Source/queue.c **** 		QueueHandle_t xHandle;
 152:Middlewares/Third_Party/FreeRTOS/Source/queue.c **** 	} xQueueRegistryItem;
 153:Middlewares/Third_Party/FreeRTOS/Source/queue.c **** 
 154:Middlewares/Third_Party/FreeRTOS/Source/queue.c **** 	/* The old xQueueRegistryItem name is maintained above then typedefed to the
 155:Middlewares/Third_Party/FreeRTOS/Source/queue.c **** 	new xQueueRegistryItem name below to enable the use of older kernel aware
 156:Middlewares/Third_Party/FreeRTOS/Source/queue.c **** 	debuggers. */
 157:Middlewares/Third_Party/FreeRTOS/Source/queue.c **** 	typedef xQueueRegistryItem QueueRegistryItem_t;
 158:Middlewares/Third_Party/FreeRTOS/Source/queue.c **** 
 159:Middlewares/Third_Party/FreeRTOS/Source/queue.c **** 	/* The queue registry is simply an array of QueueRegistryItem_t structures.
 160:Middlewares/Third_Party/FreeRTOS/Source/queue.c **** 	The pcQueueName member of a structure being NULL is indicative of the
 161:Middlewares/Third_Party/FreeRTOS/Source/queue.c **** 	array position being vacant. */
 162:Middlewares/Third_Party/FreeRTOS/Source/queue.c **** 	PRIVILEGED_DATA QueueRegistryItem_t xQueueRegistry[ configQUEUE_REGISTRY_SIZE ];
 163:Middlewares/Third_Party/FreeRTOS/Source/queue.c **** 
 164:Middlewares/Third_Party/FreeRTOS/Source/queue.c **** #endif /* configQUEUE_REGISTRY_SIZE */
 165:Middlewares/Third_Party/FreeRTOS/Source/queue.c **** 
 166:Middlewares/Third_Party/FreeRTOS/Source/queue.c **** /*
 167:Middlewares/Third_Party/FreeRTOS/Source/queue.c ****  * Unlocks a queue locked by a call to prvLockQueue.  Locking a queue does not
 168:Middlewares/Third_Party/FreeRTOS/Source/queue.c ****  * prevent an ISR from adding or removing items to the queue, but does prevent
 169:Middlewares/Third_Party/FreeRTOS/Source/queue.c ****  * an ISR from removing tasks from the queue event lists.  If an ISR finds a
 170:Middlewares/Third_Party/FreeRTOS/Source/queue.c ****  * queue is locked it will instead increment the appropriate queue lock count
 171:Middlewares/Third_Party/FreeRTOS/Source/queue.c ****  * to indicate that a task may require unblocking.  When the queue in unlocked
 172:Middlewares/Third_Party/FreeRTOS/Source/queue.c ****  * these lock counts are inspected, and the appropriate action taken.
 173:Middlewares/Third_Party/FreeRTOS/Source/queue.c ****  */
 174:Middlewares/Third_Party/FreeRTOS/Source/queue.c **** static void prvUnlockQueue( Queue_t * const pxQueue ) PRIVILEGED_FUNCTION;
 175:Middlewares/Third_Party/FreeRTOS/Source/queue.c **** 
 176:Middlewares/Third_Party/FreeRTOS/Source/queue.c **** /*
 177:Middlewares/Third_Party/FreeRTOS/Source/queue.c ****  * Uses a critical section to determine if there is any data in a queue.
 178:Middlewares/Third_Party/FreeRTOS/Source/queue.c ****  *
 179:Middlewares/Third_Party/FreeRTOS/Source/queue.c ****  * @return pdTRUE if the queue contains no items, otherwise pdFALSE.
 180:Middlewares/Third_Party/FreeRTOS/Source/queue.c ****  */
 181:Middlewares/Third_Party/FreeRTOS/Source/queue.c **** static BaseType_t prvIsQueueEmpty( const Queue_t *pxQueue ) PRIVILEGED_FUNCTION;
 182:Middlewares/Third_Party/FreeRTOS/Source/queue.c **** 
 183:Middlewares/Third_Party/FreeRTOS/Source/queue.c **** /*
 184:Middlewares/Third_Party/FreeRTOS/Source/queue.c ****  * Uses a critical section to determine if there is any space in a queue.
 185:Middlewares/Third_Party/FreeRTOS/Source/queue.c ****  *
 186:Middlewares/Third_Party/FreeRTOS/Source/queue.c ****  * @return pdTRUE if there is no space, otherwise pdFALSE;
 187:Middlewares/Third_Party/FreeRTOS/Source/queue.c ****  */
 188:Middlewares/Third_Party/FreeRTOS/Source/queue.c **** static BaseType_t prvIsQueueFull( const Queue_t *pxQueue ) PRIVILEGED_FUNCTION;
 189:Middlewares/Third_Party/FreeRTOS/Source/queue.c **** 
 190:Middlewares/Third_Party/FreeRTOS/Source/queue.c **** /*
 191:Middlewares/Third_Party/FreeRTOS/Source/queue.c ****  * Copies an item into the queue, either at the front of the queue or the
 192:Middlewares/Third_Party/FreeRTOS/Source/queue.c ****  * back of the queue.
 193:Middlewares/Third_Party/FreeRTOS/Source/queue.c ****  */
 194:Middlewares/Third_Party/FreeRTOS/Source/queue.c **** static BaseType_t prvCopyDataToQueue( Queue_t * const pxQueue, const void *pvItemToQueue, const Bas
 195:Middlewares/Third_Party/FreeRTOS/Source/queue.c **** 
 196:Middlewares/Third_Party/FreeRTOS/Source/queue.c **** /*
 197:Middlewares/Third_Party/FreeRTOS/Source/queue.c ****  * Copies an item out of a queue.
 198:Middlewares/Third_Party/FreeRTOS/Source/queue.c ****  */
 199:Middlewares/Third_Party/FreeRTOS/Source/queue.c **** static void prvCopyDataFromQueue( Queue_t * const pxQueue, void * const pvBuffer ) PRIVILEGED_FUNCT
 200:Middlewares/Third_Party/FreeRTOS/Source/queue.c **** 
 201:Middlewares/Third_Party/FreeRTOS/Source/queue.c **** #if ( configUSE_QUEUE_SETS == 1 )
ARM GAS  C:\Users\kalpe\AppData\Local\Temp\ccC8Iu7o.s 			page 5


 202:Middlewares/Third_Party/FreeRTOS/Source/queue.c **** 	/*
 203:Middlewares/Third_Party/FreeRTOS/Source/queue.c **** 	 * Checks to see if a queue is a member of a queue set, and if so, notifies
 204:Middlewares/Third_Party/FreeRTOS/Source/queue.c **** 	 * the queue set that the queue contains data.
 205:Middlewares/Third_Party/FreeRTOS/Source/queue.c **** 	 */
 206:Middlewares/Third_Party/FreeRTOS/Source/queue.c **** 	static BaseType_t prvNotifyQueueSetContainer( const Queue_t * const pxQueue ) PRIVILEGED_FUNCTION;
 207:Middlewares/Third_Party/FreeRTOS/Source/queue.c **** #endif
 208:Middlewares/Third_Party/FreeRTOS/Source/queue.c **** 
 209:Middlewares/Third_Party/FreeRTOS/Source/queue.c **** /*
 210:Middlewares/Third_Party/FreeRTOS/Source/queue.c ****  * Called after a Queue_t structure has been allocated either statically or
 211:Middlewares/Third_Party/FreeRTOS/Source/queue.c ****  * dynamically to fill in the structure's members.
 212:Middlewares/Third_Party/FreeRTOS/Source/queue.c ****  */
 213:Middlewares/Third_Party/FreeRTOS/Source/queue.c **** static void prvInitialiseNewQueue( const UBaseType_t uxQueueLength, const UBaseType_t uxItemSize, u
 214:Middlewares/Third_Party/FreeRTOS/Source/queue.c **** 
 215:Middlewares/Third_Party/FreeRTOS/Source/queue.c **** /*
 216:Middlewares/Third_Party/FreeRTOS/Source/queue.c ****  * Mutexes are a special type of queue.  When a mutex is created, first the
 217:Middlewares/Third_Party/FreeRTOS/Source/queue.c ****  * queue is created, then prvInitialiseMutex() is called to configure the queue
 218:Middlewares/Third_Party/FreeRTOS/Source/queue.c ****  * as a mutex.
 219:Middlewares/Third_Party/FreeRTOS/Source/queue.c ****  */
 220:Middlewares/Third_Party/FreeRTOS/Source/queue.c **** #if( configUSE_MUTEXES == 1 )
 221:Middlewares/Third_Party/FreeRTOS/Source/queue.c **** 	static void prvInitialiseMutex( Queue_t *pxNewQueue ) PRIVILEGED_FUNCTION;
 222:Middlewares/Third_Party/FreeRTOS/Source/queue.c **** #endif
 223:Middlewares/Third_Party/FreeRTOS/Source/queue.c **** 
 224:Middlewares/Third_Party/FreeRTOS/Source/queue.c **** #if( configUSE_MUTEXES == 1 )
 225:Middlewares/Third_Party/FreeRTOS/Source/queue.c **** 	/*
 226:Middlewares/Third_Party/FreeRTOS/Source/queue.c **** 	 * If a task waiting for a mutex causes the mutex holder to inherit a
 227:Middlewares/Third_Party/FreeRTOS/Source/queue.c **** 	 * priority, but the waiting task times out, then the holder should
 228:Middlewares/Third_Party/FreeRTOS/Source/queue.c **** 	 * disinherit the priority - but only down to the highest priority of any
 229:Middlewares/Third_Party/FreeRTOS/Source/queue.c **** 	 * other tasks that are waiting for the same mutex.  This function returns
 230:Middlewares/Third_Party/FreeRTOS/Source/queue.c **** 	 * that priority.
 231:Middlewares/Third_Party/FreeRTOS/Source/queue.c **** 	 */
 232:Middlewares/Third_Party/FreeRTOS/Source/queue.c **** 	static UBaseType_t prvGetDisinheritPriorityAfterTimeout( const Queue_t * const pxQueue ) PRIVILEGE
 233:Middlewares/Third_Party/FreeRTOS/Source/queue.c **** #endif
 234:Middlewares/Third_Party/FreeRTOS/Source/queue.c **** /*-----------------------------------------------------------*/
 235:Middlewares/Third_Party/FreeRTOS/Source/queue.c **** 
 236:Middlewares/Third_Party/FreeRTOS/Source/queue.c **** /*
 237:Middlewares/Third_Party/FreeRTOS/Source/queue.c ****  * Macro to mark a queue as locked.  Locking a queue prevents an ISR from
 238:Middlewares/Third_Party/FreeRTOS/Source/queue.c ****  * accessing the queue event lists.
 239:Middlewares/Third_Party/FreeRTOS/Source/queue.c ****  */
 240:Middlewares/Third_Party/FreeRTOS/Source/queue.c **** #define prvLockQueue( pxQueue )								\
 241:Middlewares/Third_Party/FreeRTOS/Source/queue.c **** 	taskENTER_CRITICAL();									\
 242:Middlewares/Third_Party/FreeRTOS/Source/queue.c **** 	{														\
 243:Middlewares/Third_Party/FreeRTOS/Source/queue.c **** 		if( ( pxQueue )->cRxLock == queueUNLOCKED )			\
 244:Middlewares/Third_Party/FreeRTOS/Source/queue.c **** 		{													\
 245:Middlewares/Third_Party/FreeRTOS/Source/queue.c **** 			( pxQueue )->cRxLock = queueLOCKED_UNMODIFIED;	\
 246:Middlewares/Third_Party/FreeRTOS/Source/queue.c **** 		}													\
 247:Middlewares/Third_Party/FreeRTOS/Source/queue.c **** 		if( ( pxQueue )->cTxLock == queueUNLOCKED )			\
 248:Middlewares/Third_Party/FreeRTOS/Source/queue.c **** 		{													\
 249:Middlewares/Third_Party/FreeRTOS/Source/queue.c **** 			( pxQueue )->cTxLock = queueLOCKED_UNMODIFIED;	\
 250:Middlewares/Third_Party/FreeRTOS/Source/queue.c **** 		}													\
 251:Middlewares/Third_Party/FreeRTOS/Source/queue.c **** 	}														\
 252:Middlewares/Third_Party/FreeRTOS/Source/queue.c **** 	taskEXIT_CRITICAL()
 253:Middlewares/Third_Party/FreeRTOS/Source/queue.c **** /*-----------------------------------------------------------*/
 254:Middlewares/Third_Party/FreeRTOS/Source/queue.c **** 
 255:Middlewares/Third_Party/FreeRTOS/Source/queue.c **** BaseType_t xQueueGenericReset( QueueHandle_t xQueue, BaseType_t xNewQueue )
 256:Middlewares/Third_Party/FreeRTOS/Source/queue.c **** {
 257:Middlewares/Third_Party/FreeRTOS/Source/queue.c **** Queue_t * const pxQueue = xQueue;
 258:Middlewares/Third_Party/FreeRTOS/Source/queue.c **** 
ARM GAS  C:\Users\kalpe\AppData\Local\Temp\ccC8Iu7o.s 			page 6


 259:Middlewares/Third_Party/FreeRTOS/Source/queue.c **** 	configASSERT( pxQueue );
 260:Middlewares/Third_Party/FreeRTOS/Source/queue.c **** 
 261:Middlewares/Third_Party/FreeRTOS/Source/queue.c **** 	taskENTER_CRITICAL();
 262:Middlewares/Third_Party/FreeRTOS/Source/queue.c **** 	{
 263:Middlewares/Third_Party/FreeRTOS/Source/queue.c **** 		pxQueue->u.xQueue.pcTail = pxQueue->pcHead + ( pxQueue->uxLength * pxQueue->uxItemSize ); /*lint 
 264:Middlewares/Third_Party/FreeRTOS/Source/queue.c **** 		pxQueue->uxMessagesWaiting = ( UBaseType_t ) 0U;
 265:Middlewares/Third_Party/FreeRTOS/Source/queue.c **** 		pxQueue->pcWriteTo = pxQueue->pcHead;
 266:Middlewares/Third_Party/FreeRTOS/Source/queue.c **** 		pxQueue->u.xQueue.pcReadFrom = pxQueue->pcHead + ( ( pxQueue->uxLength - 1U ) * pxQueue->uxItemSi
 267:Middlewares/Third_Party/FreeRTOS/Source/queue.c **** 		pxQueue->cRxLock = queueUNLOCKED;
 268:Middlewares/Third_Party/FreeRTOS/Source/queue.c **** 		pxQueue->cTxLock = queueUNLOCKED;
 269:Middlewares/Third_Party/FreeRTOS/Source/queue.c **** 
 270:Middlewares/Third_Party/FreeRTOS/Source/queue.c **** 		if( xNewQueue == pdFALSE )
 271:Middlewares/Third_Party/FreeRTOS/Source/queue.c **** 		{
 272:Middlewares/Third_Party/FreeRTOS/Source/queue.c **** 			/* If there are tasks blocked waiting to read from the queue, then
 273:Middlewares/Third_Party/FreeRTOS/Source/queue.c **** 			the tasks will remain blocked as after this function exits the queue
 274:Middlewares/Third_Party/FreeRTOS/Source/queue.c **** 			will still be empty.  If there are tasks blocked waiting to write to
 275:Middlewares/Third_Party/FreeRTOS/Source/queue.c **** 			the queue, then one should be unblocked as after this function exits
 276:Middlewares/Third_Party/FreeRTOS/Source/queue.c **** 			it will be possible to write to it. */
 277:Middlewares/Third_Party/FreeRTOS/Source/queue.c **** 			if( listLIST_IS_EMPTY( &( pxQueue->xTasksWaitingToSend ) ) == pdFALSE )
 278:Middlewares/Third_Party/FreeRTOS/Source/queue.c **** 			{
 279:Middlewares/Third_Party/FreeRTOS/Source/queue.c **** 				if( xTaskRemoveFromEventList( &( pxQueue->xTasksWaitingToSend ) ) != pdFALSE )
 280:Middlewares/Third_Party/FreeRTOS/Source/queue.c **** 				{
 281:Middlewares/Third_Party/FreeRTOS/Source/queue.c **** 					queueYIELD_IF_USING_PREEMPTION();
 282:Middlewares/Third_Party/FreeRTOS/Source/queue.c **** 				}
 283:Middlewares/Third_Party/FreeRTOS/Source/queue.c **** 				else
 284:Middlewares/Third_Party/FreeRTOS/Source/queue.c **** 				{
 285:Middlewares/Third_Party/FreeRTOS/Source/queue.c **** 					mtCOVERAGE_TEST_MARKER();
 286:Middlewares/Third_Party/FreeRTOS/Source/queue.c **** 				}
 287:Middlewares/Third_Party/FreeRTOS/Source/queue.c **** 			}
 288:Middlewares/Third_Party/FreeRTOS/Source/queue.c **** 			else
 289:Middlewares/Third_Party/FreeRTOS/Source/queue.c **** 			{
 290:Middlewares/Third_Party/FreeRTOS/Source/queue.c **** 				mtCOVERAGE_TEST_MARKER();
 291:Middlewares/Third_Party/FreeRTOS/Source/queue.c **** 			}
 292:Middlewares/Third_Party/FreeRTOS/Source/queue.c **** 		}
 293:Middlewares/Third_Party/FreeRTOS/Source/queue.c **** 		else
 294:Middlewares/Third_Party/FreeRTOS/Source/queue.c **** 		{
 295:Middlewares/Third_Party/FreeRTOS/Source/queue.c **** 			/* Ensure the event queues start in the correct state. */
 296:Middlewares/Third_Party/FreeRTOS/Source/queue.c **** 			vListInitialise( &( pxQueue->xTasksWaitingToSend ) );
 297:Middlewares/Third_Party/FreeRTOS/Source/queue.c **** 			vListInitialise( &( pxQueue->xTasksWaitingToReceive ) );
 298:Middlewares/Third_Party/FreeRTOS/Source/queue.c **** 		}
 299:Middlewares/Third_Party/FreeRTOS/Source/queue.c **** 	}
 300:Middlewares/Third_Party/FreeRTOS/Source/queue.c **** 	taskEXIT_CRITICAL();
 301:Middlewares/Third_Party/FreeRTOS/Source/queue.c **** 
 302:Middlewares/Third_Party/FreeRTOS/Source/queue.c **** 	/* A value is returned for calling semantic consistency with previous
 303:Middlewares/Third_Party/FreeRTOS/Source/queue.c **** 	versions. */
 304:Middlewares/Third_Party/FreeRTOS/Source/queue.c **** 	return pdPASS;
 305:Middlewares/Third_Party/FreeRTOS/Source/queue.c **** }
 306:Middlewares/Third_Party/FreeRTOS/Source/queue.c **** /*-----------------------------------------------------------*/
 307:Middlewares/Third_Party/FreeRTOS/Source/queue.c **** 
 308:Middlewares/Third_Party/FreeRTOS/Source/queue.c **** #if( configSUPPORT_STATIC_ALLOCATION == 1 )
 309:Middlewares/Third_Party/FreeRTOS/Source/queue.c **** 
 310:Middlewares/Third_Party/FreeRTOS/Source/queue.c **** 	QueueHandle_t xQueueGenericCreateStatic( const UBaseType_t uxQueueLength, const UBaseType_t uxItem
 311:Middlewares/Third_Party/FreeRTOS/Source/queue.c **** 	{
 312:Middlewares/Third_Party/FreeRTOS/Source/queue.c **** 	Queue_t *pxNewQueue;
 313:Middlewares/Third_Party/FreeRTOS/Source/queue.c **** 
 314:Middlewares/Third_Party/FreeRTOS/Source/queue.c **** 		configASSERT( uxQueueLength > ( UBaseType_t ) 0 );
 315:Middlewares/Third_Party/FreeRTOS/Source/queue.c **** 
ARM GAS  C:\Users\kalpe\AppData\Local\Temp\ccC8Iu7o.s 			page 7


 316:Middlewares/Third_Party/FreeRTOS/Source/queue.c **** 		/* The StaticQueue_t structure and the queue storage area must be
 317:Middlewares/Third_Party/FreeRTOS/Source/queue.c **** 		supplied. */
 318:Middlewares/Third_Party/FreeRTOS/Source/queue.c **** 		configASSERT( pxStaticQueue != NULL );
 319:Middlewares/Third_Party/FreeRTOS/Source/queue.c **** 
 320:Middlewares/Third_Party/FreeRTOS/Source/queue.c **** 		/* A queue storage area should be provided if the item size is not 0, and
 321:Middlewares/Third_Party/FreeRTOS/Source/queue.c **** 		should not be provided if the item size is 0. */
 322:Middlewares/Third_Party/FreeRTOS/Source/queue.c **** 		configASSERT( !( ( pucQueueStorage != NULL ) && ( uxItemSize == 0 ) ) );
 323:Middlewares/Third_Party/FreeRTOS/Source/queue.c **** 		configASSERT( !( ( pucQueueStorage == NULL ) && ( uxItemSize != 0 ) ) );
 324:Middlewares/Third_Party/FreeRTOS/Source/queue.c **** 
 325:Middlewares/Third_Party/FreeRTOS/Source/queue.c **** 		#if( configASSERT_DEFINED == 1 )
 326:Middlewares/Third_Party/FreeRTOS/Source/queue.c **** 		{
 327:Middlewares/Third_Party/FreeRTOS/Source/queue.c **** 			/* Sanity check that the size of the structure used to declare a
 328:Middlewares/Third_Party/FreeRTOS/Source/queue.c **** 			variable of type StaticQueue_t or StaticSemaphore_t equals the size of
 329:Middlewares/Third_Party/FreeRTOS/Source/queue.c **** 			the real queue and semaphore structures. */
 330:Middlewares/Third_Party/FreeRTOS/Source/queue.c **** 			volatile size_t xSize = sizeof( StaticQueue_t );
 331:Middlewares/Third_Party/FreeRTOS/Source/queue.c **** 			configASSERT( xSize == sizeof( Queue_t ) );
 332:Middlewares/Third_Party/FreeRTOS/Source/queue.c **** 			( void ) xSize; /* Keeps lint quiet when configASSERT() is not defined. */
 333:Middlewares/Third_Party/FreeRTOS/Source/queue.c **** 		}
 334:Middlewares/Third_Party/FreeRTOS/Source/queue.c **** 		#endif /* configASSERT_DEFINED */
 335:Middlewares/Third_Party/FreeRTOS/Source/queue.c **** 
 336:Middlewares/Third_Party/FreeRTOS/Source/queue.c **** 		/* The address of a statically allocated queue was passed in, use it.
 337:Middlewares/Third_Party/FreeRTOS/Source/queue.c **** 		The address of a statically allocated storage area was also passed in
 338:Middlewares/Third_Party/FreeRTOS/Source/queue.c **** 		but is already set. */
 339:Middlewares/Third_Party/FreeRTOS/Source/queue.c **** 		pxNewQueue = ( Queue_t * ) pxStaticQueue; /*lint !e740 !e9087 Unusual cast is ok as the structure
 340:Middlewares/Third_Party/FreeRTOS/Source/queue.c **** 
 341:Middlewares/Third_Party/FreeRTOS/Source/queue.c **** 		if( pxNewQueue != NULL )
 342:Middlewares/Third_Party/FreeRTOS/Source/queue.c **** 		{
 343:Middlewares/Third_Party/FreeRTOS/Source/queue.c **** 			#if( configSUPPORT_DYNAMIC_ALLOCATION == 1 )
 344:Middlewares/Third_Party/FreeRTOS/Source/queue.c **** 			{
 345:Middlewares/Third_Party/FreeRTOS/Source/queue.c **** 				/* Queues can be allocated wither statically or dynamically, so
 346:Middlewares/Third_Party/FreeRTOS/Source/queue.c **** 				note this queue was allocated statically in case the queue is
 347:Middlewares/Third_Party/FreeRTOS/Source/queue.c **** 				later deleted. */
 348:Middlewares/Third_Party/FreeRTOS/Source/queue.c **** 				pxNewQueue->ucStaticallyAllocated = pdTRUE;
 349:Middlewares/Third_Party/FreeRTOS/Source/queue.c **** 			}
 350:Middlewares/Third_Party/FreeRTOS/Source/queue.c **** 			#endif /* configSUPPORT_DYNAMIC_ALLOCATION */
 351:Middlewares/Third_Party/FreeRTOS/Source/queue.c **** 
 352:Middlewares/Third_Party/FreeRTOS/Source/queue.c **** 			prvInitialiseNewQueue( uxQueueLength, uxItemSize, pucQueueStorage, ucQueueType, pxNewQueue );
 353:Middlewares/Third_Party/FreeRTOS/Source/queue.c **** 		}
 354:Middlewares/Third_Party/FreeRTOS/Source/queue.c **** 		else
 355:Middlewares/Third_Party/FreeRTOS/Source/queue.c **** 		{
 356:Middlewares/Third_Party/FreeRTOS/Source/queue.c **** 			traceQUEUE_CREATE_FAILED( ucQueueType );
 357:Middlewares/Third_Party/FreeRTOS/Source/queue.c **** 			mtCOVERAGE_TEST_MARKER();
 358:Middlewares/Third_Party/FreeRTOS/Source/queue.c **** 		}
 359:Middlewares/Third_Party/FreeRTOS/Source/queue.c **** 
 360:Middlewares/Third_Party/FreeRTOS/Source/queue.c **** 		return pxNewQueue;
 361:Middlewares/Third_Party/FreeRTOS/Source/queue.c **** 	}
 362:Middlewares/Third_Party/FreeRTOS/Source/queue.c **** 
 363:Middlewares/Third_Party/FreeRTOS/Source/queue.c **** #endif /* configSUPPORT_STATIC_ALLOCATION */
 364:Middlewares/Third_Party/FreeRTOS/Source/queue.c **** /*-----------------------------------------------------------*/
 365:Middlewares/Third_Party/FreeRTOS/Source/queue.c **** 
 366:Middlewares/Third_Party/FreeRTOS/Source/queue.c **** #if( configSUPPORT_DYNAMIC_ALLOCATION == 1 )
 367:Middlewares/Third_Party/FreeRTOS/Source/queue.c **** 
 368:Middlewares/Third_Party/FreeRTOS/Source/queue.c **** 	QueueHandle_t xQueueGenericCreate( const UBaseType_t uxQueueLength, const UBaseType_t uxItemSize, 
 369:Middlewares/Third_Party/FreeRTOS/Source/queue.c **** 	{
 370:Middlewares/Third_Party/FreeRTOS/Source/queue.c **** 	Queue_t *pxNewQueue;
 371:Middlewares/Third_Party/FreeRTOS/Source/queue.c **** 	size_t xQueueSizeInBytes;
 372:Middlewares/Third_Party/FreeRTOS/Source/queue.c **** 	uint8_t *pucQueueStorage;
ARM GAS  C:\Users\kalpe\AppData\Local\Temp\ccC8Iu7o.s 			page 8


 373:Middlewares/Third_Party/FreeRTOS/Source/queue.c **** 
 374:Middlewares/Third_Party/FreeRTOS/Source/queue.c **** 		configASSERT( uxQueueLength > ( UBaseType_t ) 0 );
 375:Middlewares/Third_Party/FreeRTOS/Source/queue.c **** 
 376:Middlewares/Third_Party/FreeRTOS/Source/queue.c **** 		/* Allocate enough space to hold the maximum number of items that
 377:Middlewares/Third_Party/FreeRTOS/Source/queue.c **** 		can be in the queue at any time.  It is valid for uxItemSize to be
 378:Middlewares/Third_Party/FreeRTOS/Source/queue.c **** 		zero in the case the queue is used as a semaphore. */
 379:Middlewares/Third_Party/FreeRTOS/Source/queue.c **** 		xQueueSizeInBytes = ( size_t ) ( uxQueueLength * uxItemSize ); /*lint !e961 MISRA exception as th
 380:Middlewares/Third_Party/FreeRTOS/Source/queue.c **** 
 381:Middlewares/Third_Party/FreeRTOS/Source/queue.c **** 		/* Allocate the queue and storage area.  Justification for MISRA
 382:Middlewares/Third_Party/FreeRTOS/Source/queue.c **** 		deviation as follows:  pvPortMalloc() always ensures returned memory
 383:Middlewares/Third_Party/FreeRTOS/Source/queue.c **** 		blocks are aligned per the requirements of the MCU stack.  In this case
 384:Middlewares/Third_Party/FreeRTOS/Source/queue.c **** 		pvPortMalloc() must return a pointer that is guaranteed to meet the
 385:Middlewares/Third_Party/FreeRTOS/Source/queue.c **** 		alignment requirements of the Queue_t structure - which in this case
 386:Middlewares/Third_Party/FreeRTOS/Source/queue.c **** 		is an int8_t *.  Therefore, whenever the stack alignment requirements
 387:Middlewares/Third_Party/FreeRTOS/Source/queue.c **** 		are greater than or equal to the pointer to char requirements the cast
 388:Middlewares/Third_Party/FreeRTOS/Source/queue.c **** 		is safe.  In other cases alignment requirements are not strict (one or
 389:Middlewares/Third_Party/FreeRTOS/Source/queue.c **** 		two bytes). */
 390:Middlewares/Third_Party/FreeRTOS/Source/queue.c **** 		pxNewQueue = ( Queue_t * ) pvPortMalloc( sizeof( Queue_t ) + xQueueSizeInBytes ); /*lint !e9087 !
 391:Middlewares/Third_Party/FreeRTOS/Source/queue.c **** 
 392:Middlewares/Third_Party/FreeRTOS/Source/queue.c **** 		if( pxNewQueue != NULL )
 393:Middlewares/Third_Party/FreeRTOS/Source/queue.c **** 		{
 394:Middlewares/Third_Party/FreeRTOS/Source/queue.c **** 			/* Jump past the queue structure to find the location of the queue
 395:Middlewares/Third_Party/FreeRTOS/Source/queue.c **** 			storage area. */
 396:Middlewares/Third_Party/FreeRTOS/Source/queue.c **** 			pucQueueStorage = ( uint8_t * ) pxNewQueue;
 397:Middlewares/Third_Party/FreeRTOS/Source/queue.c **** 			pucQueueStorage += sizeof( Queue_t ); /*lint !e9016 Pointer arithmetic allowed on char types, es
 398:Middlewares/Third_Party/FreeRTOS/Source/queue.c **** 
 399:Middlewares/Third_Party/FreeRTOS/Source/queue.c **** 			#if( configSUPPORT_STATIC_ALLOCATION == 1 )
 400:Middlewares/Third_Party/FreeRTOS/Source/queue.c **** 			{
 401:Middlewares/Third_Party/FreeRTOS/Source/queue.c **** 				/* Queues can be created either statically or dynamically, so
 402:Middlewares/Third_Party/FreeRTOS/Source/queue.c **** 				note this task was created dynamically in case it is later
 403:Middlewares/Third_Party/FreeRTOS/Source/queue.c **** 				deleted. */
 404:Middlewares/Third_Party/FreeRTOS/Source/queue.c **** 				pxNewQueue->ucStaticallyAllocated = pdFALSE;
 405:Middlewares/Third_Party/FreeRTOS/Source/queue.c **** 			}
 406:Middlewares/Third_Party/FreeRTOS/Source/queue.c **** 			#endif /* configSUPPORT_STATIC_ALLOCATION */
 407:Middlewares/Third_Party/FreeRTOS/Source/queue.c **** 
 408:Middlewares/Third_Party/FreeRTOS/Source/queue.c **** 			prvInitialiseNewQueue( uxQueueLength, uxItemSize, pucQueueStorage, ucQueueType, pxNewQueue );
 409:Middlewares/Third_Party/FreeRTOS/Source/queue.c **** 		}
 410:Middlewares/Third_Party/FreeRTOS/Source/queue.c **** 		else
 411:Middlewares/Third_Party/FreeRTOS/Source/queue.c **** 		{
 412:Middlewares/Third_Party/FreeRTOS/Source/queue.c **** 			traceQUEUE_CREATE_FAILED( ucQueueType );
 413:Middlewares/Third_Party/FreeRTOS/Source/queue.c **** 			mtCOVERAGE_TEST_MARKER();
 414:Middlewares/Third_Party/FreeRTOS/Source/queue.c **** 		}
 415:Middlewares/Third_Party/FreeRTOS/Source/queue.c **** 
 416:Middlewares/Third_Party/FreeRTOS/Source/queue.c **** 		return pxNewQueue;
 417:Middlewares/Third_Party/FreeRTOS/Source/queue.c **** 	}
 418:Middlewares/Third_Party/FreeRTOS/Source/queue.c **** 
 419:Middlewares/Third_Party/FreeRTOS/Source/queue.c **** #endif /* configSUPPORT_STATIC_ALLOCATION */
 420:Middlewares/Third_Party/FreeRTOS/Source/queue.c **** /*-----------------------------------------------------------*/
 421:Middlewares/Third_Party/FreeRTOS/Source/queue.c **** 
 422:Middlewares/Third_Party/FreeRTOS/Source/queue.c **** static void prvInitialiseNewQueue( const UBaseType_t uxQueueLength, const UBaseType_t uxItemSize, u
 423:Middlewares/Third_Party/FreeRTOS/Source/queue.c **** {
 424:Middlewares/Third_Party/FreeRTOS/Source/queue.c **** 	/* Remove compiler warnings about unused parameters should
 425:Middlewares/Third_Party/FreeRTOS/Source/queue.c **** 	configUSE_TRACE_FACILITY not be set to 1. */
 426:Middlewares/Third_Party/FreeRTOS/Source/queue.c **** 	( void ) ucQueueType;
 427:Middlewares/Third_Party/FreeRTOS/Source/queue.c **** 
 428:Middlewares/Third_Party/FreeRTOS/Source/queue.c **** 	if( uxItemSize == ( UBaseType_t ) 0 )
 429:Middlewares/Third_Party/FreeRTOS/Source/queue.c **** 	{
ARM GAS  C:\Users\kalpe\AppData\Local\Temp\ccC8Iu7o.s 			page 9


 430:Middlewares/Third_Party/FreeRTOS/Source/queue.c **** 		/* No RAM was allocated for the queue storage area, but PC head cannot
 431:Middlewares/Third_Party/FreeRTOS/Source/queue.c **** 		be set to NULL because NULL is used as a key to say the queue is used as
 432:Middlewares/Third_Party/FreeRTOS/Source/queue.c **** 		a mutex.  Therefore just set pcHead to point to the queue as a benign
 433:Middlewares/Third_Party/FreeRTOS/Source/queue.c **** 		value that is known to be within the memory map. */
 434:Middlewares/Third_Party/FreeRTOS/Source/queue.c **** 		pxNewQueue->pcHead = ( int8_t * ) pxNewQueue;
 435:Middlewares/Third_Party/FreeRTOS/Source/queue.c **** 	}
 436:Middlewares/Third_Party/FreeRTOS/Source/queue.c **** 	else
 437:Middlewares/Third_Party/FreeRTOS/Source/queue.c **** 	{
 438:Middlewares/Third_Party/FreeRTOS/Source/queue.c **** 		/* Set the head to the start of the queue storage area. */
 439:Middlewares/Third_Party/FreeRTOS/Source/queue.c **** 		pxNewQueue->pcHead = ( int8_t * ) pucQueueStorage;
 440:Middlewares/Third_Party/FreeRTOS/Source/queue.c **** 	}
 441:Middlewares/Third_Party/FreeRTOS/Source/queue.c **** 
 442:Middlewares/Third_Party/FreeRTOS/Source/queue.c **** 	/* Initialise the queue members as described where the queue type is
 443:Middlewares/Third_Party/FreeRTOS/Source/queue.c **** 	defined. */
 444:Middlewares/Third_Party/FreeRTOS/Source/queue.c **** 	pxNewQueue->uxLength = uxQueueLength;
 445:Middlewares/Third_Party/FreeRTOS/Source/queue.c **** 	pxNewQueue->uxItemSize = uxItemSize;
 446:Middlewares/Third_Party/FreeRTOS/Source/queue.c **** 	( void ) xQueueGenericReset( pxNewQueue, pdTRUE );
 447:Middlewares/Third_Party/FreeRTOS/Source/queue.c **** 
 448:Middlewares/Third_Party/FreeRTOS/Source/queue.c **** 	#if ( configUSE_TRACE_FACILITY == 1 )
 449:Middlewares/Third_Party/FreeRTOS/Source/queue.c **** 	{
 450:Middlewares/Third_Party/FreeRTOS/Source/queue.c **** 		pxNewQueue->ucQueueType = ucQueueType;
 451:Middlewares/Third_Party/FreeRTOS/Source/queue.c **** 	}
 452:Middlewares/Third_Party/FreeRTOS/Source/queue.c **** 	#endif /* configUSE_TRACE_FACILITY */
 453:Middlewares/Third_Party/FreeRTOS/Source/queue.c **** 
 454:Middlewares/Third_Party/FreeRTOS/Source/queue.c **** 	#if( configUSE_QUEUE_SETS == 1 )
 455:Middlewares/Third_Party/FreeRTOS/Source/queue.c **** 	{
 456:Middlewares/Third_Party/FreeRTOS/Source/queue.c **** 		pxNewQueue->pxQueueSetContainer = NULL;
 457:Middlewares/Third_Party/FreeRTOS/Source/queue.c **** 	}
 458:Middlewares/Third_Party/FreeRTOS/Source/queue.c **** 	#endif /* configUSE_QUEUE_SETS */
 459:Middlewares/Third_Party/FreeRTOS/Source/queue.c **** 
 460:Middlewares/Third_Party/FreeRTOS/Source/queue.c **** 	traceQUEUE_CREATE( pxNewQueue );
 461:Middlewares/Third_Party/FreeRTOS/Source/queue.c **** }
 462:Middlewares/Third_Party/FreeRTOS/Source/queue.c **** /*-----------------------------------------------------------*/
 463:Middlewares/Third_Party/FreeRTOS/Source/queue.c **** 
 464:Middlewares/Third_Party/FreeRTOS/Source/queue.c **** #if( configUSE_MUTEXES == 1 )
 465:Middlewares/Third_Party/FreeRTOS/Source/queue.c **** 
 466:Middlewares/Third_Party/FreeRTOS/Source/queue.c **** 	static void prvInitialiseMutex( Queue_t *pxNewQueue )
 467:Middlewares/Third_Party/FreeRTOS/Source/queue.c **** 	{
 468:Middlewares/Third_Party/FreeRTOS/Source/queue.c **** 		if( pxNewQueue != NULL )
 469:Middlewares/Third_Party/FreeRTOS/Source/queue.c **** 		{
 470:Middlewares/Third_Party/FreeRTOS/Source/queue.c **** 			/* The queue create function will set all the queue structure members
 471:Middlewares/Third_Party/FreeRTOS/Source/queue.c **** 			correctly for a generic queue, but this function is creating a
 472:Middlewares/Third_Party/FreeRTOS/Source/queue.c **** 			mutex.  Overwrite those members that need to be set differently -
 473:Middlewares/Third_Party/FreeRTOS/Source/queue.c **** 			in particular the information required for priority inheritance. */
 474:Middlewares/Third_Party/FreeRTOS/Source/queue.c **** 			pxNewQueue->u.xSemaphore.xMutexHolder = NULL;
 475:Middlewares/Third_Party/FreeRTOS/Source/queue.c **** 			pxNewQueue->uxQueueType = queueQUEUE_IS_MUTEX;
 476:Middlewares/Third_Party/FreeRTOS/Source/queue.c **** 
 477:Middlewares/Third_Party/FreeRTOS/Source/queue.c **** 			/* In case this is a recursive mutex. */
 478:Middlewares/Third_Party/FreeRTOS/Source/queue.c **** 			pxNewQueue->u.xSemaphore.uxRecursiveCallCount = 0;
 479:Middlewares/Third_Party/FreeRTOS/Source/queue.c **** 
 480:Middlewares/Third_Party/FreeRTOS/Source/queue.c **** 			traceCREATE_MUTEX( pxNewQueue );
 481:Middlewares/Third_Party/FreeRTOS/Source/queue.c **** 
 482:Middlewares/Third_Party/FreeRTOS/Source/queue.c **** 			/* Start with the semaphore in the expected state. */
 483:Middlewares/Third_Party/FreeRTOS/Source/queue.c **** 			( void ) xQueueGenericSend( pxNewQueue, NULL, ( TickType_t ) 0U, queueSEND_TO_BACK );
 484:Middlewares/Third_Party/FreeRTOS/Source/queue.c **** 		}
 485:Middlewares/Third_Party/FreeRTOS/Source/queue.c **** 		else
 486:Middlewares/Third_Party/FreeRTOS/Source/queue.c **** 		{
ARM GAS  C:\Users\kalpe\AppData\Local\Temp\ccC8Iu7o.s 			page 10


 487:Middlewares/Third_Party/FreeRTOS/Source/queue.c **** 			traceCREATE_MUTEX_FAILED();
 488:Middlewares/Third_Party/FreeRTOS/Source/queue.c **** 		}
 489:Middlewares/Third_Party/FreeRTOS/Source/queue.c **** 	}
 490:Middlewares/Third_Party/FreeRTOS/Source/queue.c **** 
 491:Middlewares/Third_Party/FreeRTOS/Source/queue.c **** #endif /* configUSE_MUTEXES */
 492:Middlewares/Third_Party/FreeRTOS/Source/queue.c **** /*-----------------------------------------------------------*/
 493:Middlewares/Third_Party/FreeRTOS/Source/queue.c **** 
 494:Middlewares/Third_Party/FreeRTOS/Source/queue.c **** #if( ( configUSE_MUTEXES == 1 ) && ( configSUPPORT_DYNAMIC_ALLOCATION == 1 ) )
 495:Middlewares/Third_Party/FreeRTOS/Source/queue.c **** 
 496:Middlewares/Third_Party/FreeRTOS/Source/queue.c **** 	QueueHandle_t xQueueCreateMutex( const uint8_t ucQueueType )
 497:Middlewares/Third_Party/FreeRTOS/Source/queue.c **** 	{
 498:Middlewares/Third_Party/FreeRTOS/Source/queue.c **** 	QueueHandle_t xNewQueue;
 499:Middlewares/Third_Party/FreeRTOS/Source/queue.c **** 	const UBaseType_t uxMutexLength = ( UBaseType_t ) 1, uxMutexSize = ( UBaseType_t ) 0;
 500:Middlewares/Third_Party/FreeRTOS/Source/queue.c **** 
 501:Middlewares/Third_Party/FreeRTOS/Source/queue.c **** 		xNewQueue = xQueueGenericCreate( uxMutexLength, uxMutexSize, ucQueueType );
 502:Middlewares/Third_Party/FreeRTOS/Source/queue.c **** 		prvInitialiseMutex( ( Queue_t * ) xNewQueue );
 503:Middlewares/Third_Party/FreeRTOS/Source/queue.c **** 
 504:Middlewares/Third_Party/FreeRTOS/Source/queue.c **** 		return xNewQueue;
 505:Middlewares/Third_Party/FreeRTOS/Source/queue.c **** 	}
 506:Middlewares/Third_Party/FreeRTOS/Source/queue.c **** 
 507:Middlewares/Third_Party/FreeRTOS/Source/queue.c **** #endif /* configUSE_MUTEXES */
 508:Middlewares/Third_Party/FreeRTOS/Source/queue.c **** /*-----------------------------------------------------------*/
 509:Middlewares/Third_Party/FreeRTOS/Source/queue.c **** 
 510:Middlewares/Third_Party/FreeRTOS/Source/queue.c **** #if( ( configUSE_MUTEXES == 1 ) && ( configSUPPORT_STATIC_ALLOCATION == 1 ) )
 511:Middlewares/Third_Party/FreeRTOS/Source/queue.c **** 
 512:Middlewares/Third_Party/FreeRTOS/Source/queue.c **** 	QueueHandle_t xQueueCreateMutexStatic( const uint8_t ucQueueType, StaticQueue_t *pxStaticQueue )
 513:Middlewares/Third_Party/FreeRTOS/Source/queue.c **** 	{
 514:Middlewares/Third_Party/FreeRTOS/Source/queue.c **** 	QueueHandle_t xNewQueue;
 515:Middlewares/Third_Party/FreeRTOS/Source/queue.c **** 	const UBaseType_t uxMutexLength = ( UBaseType_t ) 1, uxMutexSize = ( UBaseType_t ) 0;
 516:Middlewares/Third_Party/FreeRTOS/Source/queue.c **** 
 517:Middlewares/Third_Party/FreeRTOS/Source/queue.c **** 		/* Prevent compiler warnings about unused parameters if
 518:Middlewares/Third_Party/FreeRTOS/Source/queue.c **** 		configUSE_TRACE_FACILITY does not equal 1. */
 519:Middlewares/Third_Party/FreeRTOS/Source/queue.c **** 		( void ) ucQueueType;
 520:Middlewares/Third_Party/FreeRTOS/Source/queue.c **** 
 521:Middlewares/Third_Party/FreeRTOS/Source/queue.c **** 		xNewQueue = xQueueGenericCreateStatic( uxMutexLength, uxMutexSize, NULL, pxStaticQueue, ucQueueTy
 522:Middlewares/Third_Party/FreeRTOS/Source/queue.c **** 		prvInitialiseMutex( ( Queue_t * ) xNewQueue );
 523:Middlewares/Third_Party/FreeRTOS/Source/queue.c **** 
 524:Middlewares/Third_Party/FreeRTOS/Source/queue.c **** 		return xNewQueue;
 525:Middlewares/Third_Party/FreeRTOS/Source/queue.c **** 	}
 526:Middlewares/Third_Party/FreeRTOS/Source/queue.c **** 
 527:Middlewares/Third_Party/FreeRTOS/Source/queue.c **** #endif /* configUSE_MUTEXES */
 528:Middlewares/Third_Party/FreeRTOS/Source/queue.c **** /*-----------------------------------------------------------*/
 529:Middlewares/Third_Party/FreeRTOS/Source/queue.c **** 
 530:Middlewares/Third_Party/FreeRTOS/Source/queue.c **** #if ( ( configUSE_MUTEXES == 1 ) && ( INCLUDE_xSemaphoreGetMutexHolder == 1 ) )
 531:Middlewares/Third_Party/FreeRTOS/Source/queue.c **** 
 532:Middlewares/Third_Party/FreeRTOS/Source/queue.c **** 	TaskHandle_t xQueueGetMutexHolder( QueueHandle_t xSemaphore )
 533:Middlewares/Third_Party/FreeRTOS/Source/queue.c **** 	{
 534:Middlewares/Third_Party/FreeRTOS/Source/queue.c **** 	TaskHandle_t pxReturn;
 535:Middlewares/Third_Party/FreeRTOS/Source/queue.c **** 	Queue_t * const pxSemaphore = ( Queue_t * ) xSemaphore;
 536:Middlewares/Third_Party/FreeRTOS/Source/queue.c **** 
 537:Middlewares/Third_Party/FreeRTOS/Source/queue.c **** 		/* This function is called by xSemaphoreGetMutexHolder(), and should not
 538:Middlewares/Third_Party/FreeRTOS/Source/queue.c **** 		be called directly.  Note:  This is a good way of determining if the
 539:Middlewares/Third_Party/FreeRTOS/Source/queue.c **** 		calling task is the mutex holder, but not a good way of determining the
 540:Middlewares/Third_Party/FreeRTOS/Source/queue.c **** 		identity of the mutex holder, as the holder may change between the
 541:Middlewares/Third_Party/FreeRTOS/Source/queue.c **** 		following critical section exiting and the function returning. */
 542:Middlewares/Third_Party/FreeRTOS/Source/queue.c **** 		taskENTER_CRITICAL();
 543:Middlewares/Third_Party/FreeRTOS/Source/queue.c **** 		{
ARM GAS  C:\Users\kalpe\AppData\Local\Temp\ccC8Iu7o.s 			page 11


 544:Middlewares/Third_Party/FreeRTOS/Source/queue.c **** 			if( pxSemaphore->uxQueueType == queueQUEUE_IS_MUTEX )
 545:Middlewares/Third_Party/FreeRTOS/Source/queue.c **** 			{
 546:Middlewares/Third_Party/FreeRTOS/Source/queue.c **** 				pxReturn = pxSemaphore->u.xSemaphore.xMutexHolder;
 547:Middlewares/Third_Party/FreeRTOS/Source/queue.c **** 			}
 548:Middlewares/Third_Party/FreeRTOS/Source/queue.c **** 			else
 549:Middlewares/Third_Party/FreeRTOS/Source/queue.c **** 			{
 550:Middlewares/Third_Party/FreeRTOS/Source/queue.c **** 				pxReturn = NULL;
 551:Middlewares/Third_Party/FreeRTOS/Source/queue.c **** 			}
 552:Middlewares/Third_Party/FreeRTOS/Source/queue.c **** 		}
 553:Middlewares/Third_Party/FreeRTOS/Source/queue.c **** 		taskEXIT_CRITICAL();
 554:Middlewares/Third_Party/FreeRTOS/Source/queue.c **** 
 555:Middlewares/Third_Party/FreeRTOS/Source/queue.c **** 		return pxReturn;
 556:Middlewares/Third_Party/FreeRTOS/Source/queue.c **** 	} /*lint !e818 xSemaphore cannot be a pointer to const because it is a typedef. */
 557:Middlewares/Third_Party/FreeRTOS/Source/queue.c **** 
 558:Middlewares/Third_Party/FreeRTOS/Source/queue.c **** #endif
 559:Middlewares/Third_Party/FreeRTOS/Source/queue.c **** /*-----------------------------------------------------------*/
 560:Middlewares/Third_Party/FreeRTOS/Source/queue.c **** 
 561:Middlewares/Third_Party/FreeRTOS/Source/queue.c **** #if ( ( configUSE_MUTEXES == 1 ) && ( INCLUDE_xSemaphoreGetMutexHolder == 1 ) )
 562:Middlewares/Third_Party/FreeRTOS/Source/queue.c **** 
 563:Middlewares/Third_Party/FreeRTOS/Source/queue.c **** 	TaskHandle_t xQueueGetMutexHolderFromISR( QueueHandle_t xSemaphore )
 564:Middlewares/Third_Party/FreeRTOS/Source/queue.c **** 	{
 565:Middlewares/Third_Party/FreeRTOS/Source/queue.c **** 	TaskHandle_t pxReturn;
 566:Middlewares/Third_Party/FreeRTOS/Source/queue.c **** 
 567:Middlewares/Third_Party/FreeRTOS/Source/queue.c **** 		configASSERT( xSemaphore );
 568:Middlewares/Third_Party/FreeRTOS/Source/queue.c **** 
 569:Middlewares/Third_Party/FreeRTOS/Source/queue.c **** 		/* Mutexes cannot be used in interrupt service routines, so the mutex
 570:Middlewares/Third_Party/FreeRTOS/Source/queue.c **** 		holder should not change in an ISR, and therefore a critical section is
 571:Middlewares/Third_Party/FreeRTOS/Source/queue.c **** 		not required here. */
 572:Middlewares/Third_Party/FreeRTOS/Source/queue.c **** 		if( ( ( Queue_t * ) xSemaphore )->uxQueueType == queueQUEUE_IS_MUTEX )
 573:Middlewares/Third_Party/FreeRTOS/Source/queue.c **** 		{
 574:Middlewares/Third_Party/FreeRTOS/Source/queue.c **** 			pxReturn = ( ( Queue_t * ) xSemaphore )->u.xSemaphore.xMutexHolder;
 575:Middlewares/Third_Party/FreeRTOS/Source/queue.c **** 		}
 576:Middlewares/Third_Party/FreeRTOS/Source/queue.c **** 		else
 577:Middlewares/Third_Party/FreeRTOS/Source/queue.c **** 		{
 578:Middlewares/Third_Party/FreeRTOS/Source/queue.c **** 			pxReturn = NULL;
 579:Middlewares/Third_Party/FreeRTOS/Source/queue.c **** 		}
 580:Middlewares/Third_Party/FreeRTOS/Source/queue.c **** 
 581:Middlewares/Third_Party/FreeRTOS/Source/queue.c **** 		return pxReturn;
 582:Middlewares/Third_Party/FreeRTOS/Source/queue.c **** 	} /*lint !e818 xSemaphore cannot be a pointer to const because it is a typedef. */
 583:Middlewares/Third_Party/FreeRTOS/Source/queue.c **** 
 584:Middlewares/Third_Party/FreeRTOS/Source/queue.c **** #endif
 585:Middlewares/Third_Party/FreeRTOS/Source/queue.c **** /*-----------------------------------------------------------*/
 586:Middlewares/Third_Party/FreeRTOS/Source/queue.c **** 
 587:Middlewares/Third_Party/FreeRTOS/Source/queue.c **** #if ( configUSE_RECURSIVE_MUTEXES == 1 )
 588:Middlewares/Third_Party/FreeRTOS/Source/queue.c **** 
 589:Middlewares/Third_Party/FreeRTOS/Source/queue.c **** 	BaseType_t xQueueGiveMutexRecursive( QueueHandle_t xMutex )
 590:Middlewares/Third_Party/FreeRTOS/Source/queue.c **** 	{
 591:Middlewares/Third_Party/FreeRTOS/Source/queue.c **** 	BaseType_t xReturn;
 592:Middlewares/Third_Party/FreeRTOS/Source/queue.c **** 	Queue_t * const pxMutex = ( Queue_t * ) xMutex;
 593:Middlewares/Third_Party/FreeRTOS/Source/queue.c **** 
 594:Middlewares/Third_Party/FreeRTOS/Source/queue.c **** 		configASSERT( pxMutex );
 595:Middlewares/Third_Party/FreeRTOS/Source/queue.c **** 
 596:Middlewares/Third_Party/FreeRTOS/Source/queue.c **** 		/* If this is the task that holds the mutex then xMutexHolder will not
 597:Middlewares/Third_Party/FreeRTOS/Source/queue.c **** 		change outside of this task.  If this task does not hold the mutex then
 598:Middlewares/Third_Party/FreeRTOS/Source/queue.c **** 		pxMutexHolder can never coincidentally equal the tasks handle, and as
 599:Middlewares/Third_Party/FreeRTOS/Source/queue.c **** 		this is the only condition we are interested in it does not matter if
 600:Middlewares/Third_Party/FreeRTOS/Source/queue.c **** 		pxMutexHolder is accessed simultaneously by another task.  Therefore no
ARM GAS  C:\Users\kalpe\AppData\Local\Temp\ccC8Iu7o.s 			page 12


 601:Middlewares/Third_Party/FreeRTOS/Source/queue.c **** 		mutual exclusion is required to test the pxMutexHolder variable. */
 602:Middlewares/Third_Party/FreeRTOS/Source/queue.c **** 		if( pxMutex->u.xSemaphore.xMutexHolder == xTaskGetCurrentTaskHandle() )
 603:Middlewares/Third_Party/FreeRTOS/Source/queue.c **** 		{
 604:Middlewares/Third_Party/FreeRTOS/Source/queue.c **** 			traceGIVE_MUTEX_RECURSIVE( pxMutex );
 605:Middlewares/Third_Party/FreeRTOS/Source/queue.c **** 
 606:Middlewares/Third_Party/FreeRTOS/Source/queue.c **** 			/* uxRecursiveCallCount cannot be zero if xMutexHolder is equal to
 607:Middlewares/Third_Party/FreeRTOS/Source/queue.c **** 			the task handle, therefore no underflow check is required.  Also,
 608:Middlewares/Third_Party/FreeRTOS/Source/queue.c **** 			uxRecursiveCallCount is only modified by the mutex holder, and as
 609:Middlewares/Third_Party/FreeRTOS/Source/queue.c **** 			there can only be one, no mutual exclusion is required to modify the
 610:Middlewares/Third_Party/FreeRTOS/Source/queue.c **** 			uxRecursiveCallCount member. */
 611:Middlewares/Third_Party/FreeRTOS/Source/queue.c **** 			( pxMutex->u.xSemaphore.uxRecursiveCallCount )--;
 612:Middlewares/Third_Party/FreeRTOS/Source/queue.c **** 
 613:Middlewares/Third_Party/FreeRTOS/Source/queue.c **** 			/* Has the recursive call count unwound to 0? */
 614:Middlewares/Third_Party/FreeRTOS/Source/queue.c **** 			if( pxMutex->u.xSemaphore.uxRecursiveCallCount == ( UBaseType_t ) 0 )
 615:Middlewares/Third_Party/FreeRTOS/Source/queue.c **** 			{
 616:Middlewares/Third_Party/FreeRTOS/Source/queue.c **** 				/* Return the mutex.  This will automatically unblock any other
 617:Middlewares/Third_Party/FreeRTOS/Source/queue.c **** 				task that might be waiting to access the mutex. */
 618:Middlewares/Third_Party/FreeRTOS/Source/queue.c **** 				( void ) xQueueGenericSend( pxMutex, NULL, queueMUTEX_GIVE_BLOCK_TIME, queueSEND_TO_BACK );
 619:Middlewares/Third_Party/FreeRTOS/Source/queue.c **** 			}
 620:Middlewares/Third_Party/FreeRTOS/Source/queue.c **** 			else
 621:Middlewares/Third_Party/FreeRTOS/Source/queue.c **** 			{
 622:Middlewares/Third_Party/FreeRTOS/Source/queue.c **** 				mtCOVERAGE_TEST_MARKER();
 623:Middlewares/Third_Party/FreeRTOS/Source/queue.c **** 			}
 624:Middlewares/Third_Party/FreeRTOS/Source/queue.c **** 
 625:Middlewares/Third_Party/FreeRTOS/Source/queue.c **** 			xReturn = pdPASS;
 626:Middlewares/Third_Party/FreeRTOS/Source/queue.c **** 		}
 627:Middlewares/Third_Party/FreeRTOS/Source/queue.c **** 		else
 628:Middlewares/Third_Party/FreeRTOS/Source/queue.c **** 		{
 629:Middlewares/Third_Party/FreeRTOS/Source/queue.c **** 			/* The mutex cannot be given because the calling task is not the
 630:Middlewares/Third_Party/FreeRTOS/Source/queue.c **** 			holder. */
 631:Middlewares/Third_Party/FreeRTOS/Source/queue.c **** 			xReturn = pdFAIL;
 632:Middlewares/Third_Party/FreeRTOS/Source/queue.c **** 
 633:Middlewares/Third_Party/FreeRTOS/Source/queue.c **** 			traceGIVE_MUTEX_RECURSIVE_FAILED( pxMutex );
 634:Middlewares/Third_Party/FreeRTOS/Source/queue.c **** 		}
 635:Middlewares/Third_Party/FreeRTOS/Source/queue.c **** 
 636:Middlewares/Third_Party/FreeRTOS/Source/queue.c **** 		return xReturn;
 637:Middlewares/Third_Party/FreeRTOS/Source/queue.c **** 	}
 638:Middlewares/Third_Party/FreeRTOS/Source/queue.c **** 
 639:Middlewares/Third_Party/FreeRTOS/Source/queue.c **** #endif /* configUSE_RECURSIVE_MUTEXES */
 640:Middlewares/Third_Party/FreeRTOS/Source/queue.c **** /*-----------------------------------------------------------*/
 641:Middlewares/Third_Party/FreeRTOS/Source/queue.c **** 
 642:Middlewares/Third_Party/FreeRTOS/Source/queue.c **** #if ( configUSE_RECURSIVE_MUTEXES == 1 )
 643:Middlewares/Third_Party/FreeRTOS/Source/queue.c **** 
 644:Middlewares/Third_Party/FreeRTOS/Source/queue.c **** 	BaseType_t xQueueTakeMutexRecursive( QueueHandle_t xMutex, TickType_t xTicksToWait )
 645:Middlewares/Third_Party/FreeRTOS/Source/queue.c **** 	{
 646:Middlewares/Third_Party/FreeRTOS/Source/queue.c **** 	BaseType_t xReturn;
 647:Middlewares/Third_Party/FreeRTOS/Source/queue.c **** 	Queue_t * const pxMutex = ( Queue_t * ) xMutex;
 648:Middlewares/Third_Party/FreeRTOS/Source/queue.c **** 
 649:Middlewares/Third_Party/FreeRTOS/Source/queue.c **** 		configASSERT( pxMutex );
 650:Middlewares/Third_Party/FreeRTOS/Source/queue.c **** 
 651:Middlewares/Third_Party/FreeRTOS/Source/queue.c **** 		/* Comments regarding mutual exclusion as per those within
 652:Middlewares/Third_Party/FreeRTOS/Source/queue.c **** 		xQueueGiveMutexRecursive(). */
 653:Middlewares/Third_Party/FreeRTOS/Source/queue.c **** 
 654:Middlewares/Third_Party/FreeRTOS/Source/queue.c **** 		traceTAKE_MUTEX_RECURSIVE( pxMutex );
 655:Middlewares/Third_Party/FreeRTOS/Source/queue.c **** 
 656:Middlewares/Third_Party/FreeRTOS/Source/queue.c **** 		if( pxMutex->u.xSemaphore.xMutexHolder == xTaskGetCurrentTaskHandle() )
 657:Middlewares/Third_Party/FreeRTOS/Source/queue.c **** 		{
ARM GAS  C:\Users\kalpe\AppData\Local\Temp\ccC8Iu7o.s 			page 13


 658:Middlewares/Third_Party/FreeRTOS/Source/queue.c **** 			( pxMutex->u.xSemaphore.uxRecursiveCallCount )++;
 659:Middlewares/Third_Party/FreeRTOS/Source/queue.c **** 			xReturn = pdPASS;
 660:Middlewares/Third_Party/FreeRTOS/Source/queue.c **** 		}
 661:Middlewares/Third_Party/FreeRTOS/Source/queue.c **** 		else
 662:Middlewares/Third_Party/FreeRTOS/Source/queue.c **** 		{
 663:Middlewares/Third_Party/FreeRTOS/Source/queue.c **** 			xReturn = xQueueSemaphoreTake( pxMutex, xTicksToWait );
 664:Middlewares/Third_Party/FreeRTOS/Source/queue.c **** 
 665:Middlewares/Third_Party/FreeRTOS/Source/queue.c **** 			/* pdPASS will only be returned if the mutex was successfully
 666:Middlewares/Third_Party/FreeRTOS/Source/queue.c **** 			obtained.  The calling task may have entered the Blocked state
 667:Middlewares/Third_Party/FreeRTOS/Source/queue.c **** 			before reaching here. */
 668:Middlewares/Third_Party/FreeRTOS/Source/queue.c **** 			if( xReturn != pdFAIL )
 669:Middlewares/Third_Party/FreeRTOS/Source/queue.c **** 			{
 670:Middlewares/Third_Party/FreeRTOS/Source/queue.c **** 				( pxMutex->u.xSemaphore.uxRecursiveCallCount )++;
 671:Middlewares/Third_Party/FreeRTOS/Source/queue.c **** 			}
 672:Middlewares/Third_Party/FreeRTOS/Source/queue.c **** 			else
 673:Middlewares/Third_Party/FreeRTOS/Source/queue.c **** 			{
 674:Middlewares/Third_Party/FreeRTOS/Source/queue.c **** 				traceTAKE_MUTEX_RECURSIVE_FAILED( pxMutex );
 675:Middlewares/Third_Party/FreeRTOS/Source/queue.c **** 			}
 676:Middlewares/Third_Party/FreeRTOS/Source/queue.c **** 		}
 677:Middlewares/Third_Party/FreeRTOS/Source/queue.c **** 
 678:Middlewares/Third_Party/FreeRTOS/Source/queue.c **** 		return xReturn;
 679:Middlewares/Third_Party/FreeRTOS/Source/queue.c **** 	}
 680:Middlewares/Third_Party/FreeRTOS/Source/queue.c **** 
 681:Middlewares/Third_Party/FreeRTOS/Source/queue.c **** #endif /* configUSE_RECURSIVE_MUTEXES */
 682:Middlewares/Third_Party/FreeRTOS/Source/queue.c **** /*-----------------------------------------------------------*/
 683:Middlewares/Third_Party/FreeRTOS/Source/queue.c **** 
 684:Middlewares/Third_Party/FreeRTOS/Source/queue.c **** #if( ( configUSE_COUNTING_SEMAPHORES == 1 ) && ( configSUPPORT_STATIC_ALLOCATION == 1 ) )
 685:Middlewares/Third_Party/FreeRTOS/Source/queue.c **** 
 686:Middlewares/Third_Party/FreeRTOS/Source/queue.c **** 	QueueHandle_t xQueueCreateCountingSemaphoreStatic( const UBaseType_t uxMaxCount, const UBaseType_t
 687:Middlewares/Third_Party/FreeRTOS/Source/queue.c **** 	{
 688:Middlewares/Third_Party/FreeRTOS/Source/queue.c **** 	QueueHandle_t xHandle;
 689:Middlewares/Third_Party/FreeRTOS/Source/queue.c **** 
 690:Middlewares/Third_Party/FreeRTOS/Source/queue.c **** 		configASSERT( uxMaxCount != 0 );
 691:Middlewares/Third_Party/FreeRTOS/Source/queue.c **** 		configASSERT( uxInitialCount <= uxMaxCount );
 692:Middlewares/Third_Party/FreeRTOS/Source/queue.c **** 
 693:Middlewares/Third_Party/FreeRTOS/Source/queue.c **** 		xHandle = xQueueGenericCreateStatic( uxMaxCount, queueSEMAPHORE_QUEUE_ITEM_LENGTH, NULL, pxStatic
 694:Middlewares/Third_Party/FreeRTOS/Source/queue.c **** 
 695:Middlewares/Third_Party/FreeRTOS/Source/queue.c **** 		if( xHandle != NULL )
 696:Middlewares/Third_Party/FreeRTOS/Source/queue.c **** 		{
 697:Middlewares/Third_Party/FreeRTOS/Source/queue.c **** 			( ( Queue_t * ) xHandle )->uxMessagesWaiting = uxInitialCount;
 698:Middlewares/Third_Party/FreeRTOS/Source/queue.c **** 
 699:Middlewares/Third_Party/FreeRTOS/Source/queue.c **** 			traceCREATE_COUNTING_SEMAPHORE();
 700:Middlewares/Third_Party/FreeRTOS/Source/queue.c **** 		}
 701:Middlewares/Third_Party/FreeRTOS/Source/queue.c **** 		else
 702:Middlewares/Third_Party/FreeRTOS/Source/queue.c **** 		{
 703:Middlewares/Third_Party/FreeRTOS/Source/queue.c **** 			traceCREATE_COUNTING_SEMAPHORE_FAILED();
 704:Middlewares/Third_Party/FreeRTOS/Source/queue.c **** 		}
 705:Middlewares/Third_Party/FreeRTOS/Source/queue.c **** 
 706:Middlewares/Third_Party/FreeRTOS/Source/queue.c **** 		return xHandle;
 707:Middlewares/Third_Party/FreeRTOS/Source/queue.c **** 	}
 708:Middlewares/Third_Party/FreeRTOS/Source/queue.c **** 
 709:Middlewares/Third_Party/FreeRTOS/Source/queue.c **** #endif /* ( ( configUSE_COUNTING_SEMAPHORES == 1 ) && ( configSUPPORT_DYNAMIC_ALLOCATION == 1 ) ) *
 710:Middlewares/Third_Party/FreeRTOS/Source/queue.c **** /*-----------------------------------------------------------*/
 711:Middlewares/Third_Party/FreeRTOS/Source/queue.c **** 
 712:Middlewares/Third_Party/FreeRTOS/Source/queue.c **** #if( ( configUSE_COUNTING_SEMAPHORES == 1 ) && ( configSUPPORT_DYNAMIC_ALLOCATION == 1 ) )
 713:Middlewares/Third_Party/FreeRTOS/Source/queue.c **** 
 714:Middlewares/Third_Party/FreeRTOS/Source/queue.c **** 	QueueHandle_t xQueueCreateCountingSemaphore( const UBaseType_t uxMaxCount, const UBaseType_t uxIni
ARM GAS  C:\Users\kalpe\AppData\Local\Temp\ccC8Iu7o.s 			page 14


 715:Middlewares/Third_Party/FreeRTOS/Source/queue.c **** 	{
 716:Middlewares/Third_Party/FreeRTOS/Source/queue.c **** 	QueueHandle_t xHandle;
 717:Middlewares/Third_Party/FreeRTOS/Source/queue.c **** 
 718:Middlewares/Third_Party/FreeRTOS/Source/queue.c **** 		configASSERT( uxMaxCount != 0 );
 719:Middlewares/Third_Party/FreeRTOS/Source/queue.c **** 		configASSERT( uxInitialCount <= uxMaxCount );
 720:Middlewares/Third_Party/FreeRTOS/Source/queue.c **** 
 721:Middlewares/Third_Party/FreeRTOS/Source/queue.c **** 		xHandle = xQueueGenericCreate( uxMaxCount, queueSEMAPHORE_QUEUE_ITEM_LENGTH, queueQUEUE_TYPE_COUN
 722:Middlewares/Third_Party/FreeRTOS/Source/queue.c **** 
 723:Middlewares/Third_Party/FreeRTOS/Source/queue.c **** 		if( xHandle != NULL )
 724:Middlewares/Third_Party/FreeRTOS/Source/queue.c **** 		{
 725:Middlewares/Third_Party/FreeRTOS/Source/queue.c **** 			( ( Queue_t * ) xHandle )->uxMessagesWaiting = uxInitialCount;
 726:Middlewares/Third_Party/FreeRTOS/Source/queue.c **** 
 727:Middlewares/Third_Party/FreeRTOS/Source/queue.c **** 			traceCREATE_COUNTING_SEMAPHORE();
 728:Middlewares/Third_Party/FreeRTOS/Source/queue.c **** 		}
 729:Middlewares/Third_Party/FreeRTOS/Source/queue.c **** 		else
 730:Middlewares/Third_Party/FreeRTOS/Source/queue.c **** 		{
 731:Middlewares/Third_Party/FreeRTOS/Source/queue.c **** 			traceCREATE_COUNTING_SEMAPHORE_FAILED();
 732:Middlewares/Third_Party/FreeRTOS/Source/queue.c **** 		}
 733:Middlewares/Third_Party/FreeRTOS/Source/queue.c **** 
 734:Middlewares/Third_Party/FreeRTOS/Source/queue.c **** 		return xHandle;
 735:Middlewares/Third_Party/FreeRTOS/Source/queue.c **** 	}
 736:Middlewares/Third_Party/FreeRTOS/Source/queue.c **** 
 737:Middlewares/Third_Party/FreeRTOS/Source/queue.c **** #endif /* ( ( configUSE_COUNTING_SEMAPHORES == 1 ) && ( configSUPPORT_DYNAMIC_ALLOCATION == 1 ) ) *
 738:Middlewares/Third_Party/FreeRTOS/Source/queue.c **** /*-----------------------------------------------------------*/
 739:Middlewares/Third_Party/FreeRTOS/Source/queue.c **** 
 740:Middlewares/Third_Party/FreeRTOS/Source/queue.c **** BaseType_t xQueueGenericSend( QueueHandle_t xQueue, const void * const pvItemToQueue, TickType_t xT
 741:Middlewares/Third_Party/FreeRTOS/Source/queue.c **** {
 742:Middlewares/Third_Party/FreeRTOS/Source/queue.c **** BaseType_t xEntryTimeSet = pdFALSE, xYieldRequired;
 743:Middlewares/Third_Party/FreeRTOS/Source/queue.c **** TimeOut_t xTimeOut;
 744:Middlewares/Third_Party/FreeRTOS/Source/queue.c **** Queue_t * const pxQueue = xQueue;
 745:Middlewares/Third_Party/FreeRTOS/Source/queue.c **** 
 746:Middlewares/Third_Party/FreeRTOS/Source/queue.c **** 	configASSERT( pxQueue );
 747:Middlewares/Third_Party/FreeRTOS/Source/queue.c **** 	configASSERT( !( ( pvItemToQueue == NULL ) && ( pxQueue->uxItemSize != ( UBaseType_t ) 0U ) ) );
 748:Middlewares/Third_Party/FreeRTOS/Source/queue.c **** 	configASSERT( !( ( xCopyPosition == queueOVERWRITE ) && ( pxQueue->uxLength != 1 ) ) );
 749:Middlewares/Third_Party/FreeRTOS/Source/queue.c **** 	#if ( ( INCLUDE_xTaskGetSchedulerState == 1 ) || ( configUSE_TIMERS == 1 ) )
 750:Middlewares/Third_Party/FreeRTOS/Source/queue.c **** 	{
 751:Middlewares/Third_Party/FreeRTOS/Source/queue.c **** 		configASSERT( !( ( xTaskGetSchedulerState() == taskSCHEDULER_SUSPENDED ) && ( xTicksToWait != 0 )
 752:Middlewares/Third_Party/FreeRTOS/Source/queue.c **** 	}
 753:Middlewares/Third_Party/FreeRTOS/Source/queue.c **** 	#endif
 754:Middlewares/Third_Party/FreeRTOS/Source/queue.c **** 
 755:Middlewares/Third_Party/FreeRTOS/Source/queue.c **** 
 756:Middlewares/Third_Party/FreeRTOS/Source/queue.c **** 	/*lint -save -e904 This function relaxes the coding standard somewhat to
 757:Middlewares/Third_Party/FreeRTOS/Source/queue.c **** 	allow return statements within the function itself.  This is done in the
 758:Middlewares/Third_Party/FreeRTOS/Source/queue.c **** 	interest of execution time efficiency. */
 759:Middlewares/Third_Party/FreeRTOS/Source/queue.c **** 	for( ;; )
 760:Middlewares/Third_Party/FreeRTOS/Source/queue.c **** 	{
 761:Middlewares/Third_Party/FreeRTOS/Source/queue.c **** 		taskENTER_CRITICAL();
 762:Middlewares/Third_Party/FreeRTOS/Source/queue.c **** 		{
 763:Middlewares/Third_Party/FreeRTOS/Source/queue.c **** 			/* Is there room on the queue now?  The running task must be the
 764:Middlewares/Third_Party/FreeRTOS/Source/queue.c **** 			highest priority task wanting to access the queue.  If the head item
 765:Middlewares/Third_Party/FreeRTOS/Source/queue.c **** 			in the queue is to be overwritten then it does not matter if the
 766:Middlewares/Third_Party/FreeRTOS/Source/queue.c **** 			queue is full. */
 767:Middlewares/Third_Party/FreeRTOS/Source/queue.c **** 			if( ( pxQueue->uxMessagesWaiting < pxQueue->uxLength ) || ( xCopyPosition == queueOVERWRITE ) )
 768:Middlewares/Third_Party/FreeRTOS/Source/queue.c **** 			{
 769:Middlewares/Third_Party/FreeRTOS/Source/queue.c **** 				traceQUEUE_SEND( pxQueue );
 770:Middlewares/Third_Party/FreeRTOS/Source/queue.c **** 
 771:Middlewares/Third_Party/FreeRTOS/Source/queue.c **** 				#if ( configUSE_QUEUE_SETS == 1 )
ARM GAS  C:\Users\kalpe\AppData\Local\Temp\ccC8Iu7o.s 			page 15


 772:Middlewares/Third_Party/FreeRTOS/Source/queue.c **** 				{
 773:Middlewares/Third_Party/FreeRTOS/Source/queue.c **** 				const UBaseType_t uxPreviousMessagesWaiting = pxQueue->uxMessagesWaiting;
 774:Middlewares/Third_Party/FreeRTOS/Source/queue.c **** 
 775:Middlewares/Third_Party/FreeRTOS/Source/queue.c **** 					xYieldRequired = prvCopyDataToQueue( pxQueue, pvItemToQueue, xCopyPosition );
 776:Middlewares/Third_Party/FreeRTOS/Source/queue.c **** 
 777:Middlewares/Third_Party/FreeRTOS/Source/queue.c **** 					if( pxQueue->pxQueueSetContainer != NULL )
 778:Middlewares/Third_Party/FreeRTOS/Source/queue.c **** 					{
 779:Middlewares/Third_Party/FreeRTOS/Source/queue.c **** 						if( ( xCopyPosition == queueOVERWRITE ) && ( uxPreviousMessagesWaiting != ( UBaseType_t ) 0 )
 780:Middlewares/Third_Party/FreeRTOS/Source/queue.c **** 						{
 781:Middlewares/Third_Party/FreeRTOS/Source/queue.c **** 							/* Do not notify the queue set as an existing item
 782:Middlewares/Third_Party/FreeRTOS/Source/queue.c **** 							was overwritten in the queue so the number of items
 783:Middlewares/Third_Party/FreeRTOS/Source/queue.c **** 							in the queue has not changed. */
 784:Middlewares/Third_Party/FreeRTOS/Source/queue.c **** 							mtCOVERAGE_TEST_MARKER();
 785:Middlewares/Third_Party/FreeRTOS/Source/queue.c **** 						}
 786:Middlewares/Third_Party/FreeRTOS/Source/queue.c **** 						else if( prvNotifyQueueSetContainer( pxQueue ) != pdFALSE )
 787:Middlewares/Third_Party/FreeRTOS/Source/queue.c **** 						{
 788:Middlewares/Third_Party/FreeRTOS/Source/queue.c **** 							/* The queue is a member of a queue set, and posting
 789:Middlewares/Third_Party/FreeRTOS/Source/queue.c **** 							to the queue set caused a higher priority task to
 790:Middlewares/Third_Party/FreeRTOS/Source/queue.c **** 							unblock. A context switch is required. */
 791:Middlewares/Third_Party/FreeRTOS/Source/queue.c **** 							queueYIELD_IF_USING_PREEMPTION();
 792:Middlewares/Third_Party/FreeRTOS/Source/queue.c **** 						}
 793:Middlewares/Third_Party/FreeRTOS/Source/queue.c **** 						else
 794:Middlewares/Third_Party/FreeRTOS/Source/queue.c **** 						{
 795:Middlewares/Third_Party/FreeRTOS/Source/queue.c **** 							mtCOVERAGE_TEST_MARKER();
 796:Middlewares/Third_Party/FreeRTOS/Source/queue.c **** 						}
 797:Middlewares/Third_Party/FreeRTOS/Source/queue.c **** 					}
 798:Middlewares/Third_Party/FreeRTOS/Source/queue.c **** 					else
 799:Middlewares/Third_Party/FreeRTOS/Source/queue.c **** 					{
 800:Middlewares/Third_Party/FreeRTOS/Source/queue.c **** 						/* If there was a task waiting for data to arrive on the
 801:Middlewares/Third_Party/FreeRTOS/Source/queue.c **** 						queue then unblock it now. */
 802:Middlewares/Third_Party/FreeRTOS/Source/queue.c **** 						if( listLIST_IS_EMPTY( &( pxQueue->xTasksWaitingToReceive ) ) == pdFALSE )
 803:Middlewares/Third_Party/FreeRTOS/Source/queue.c **** 						{
 804:Middlewares/Third_Party/FreeRTOS/Source/queue.c **** 							if( xTaskRemoveFromEventList( &( pxQueue->xTasksWaitingToReceive ) ) != pdFALSE )
 805:Middlewares/Third_Party/FreeRTOS/Source/queue.c **** 							{
 806:Middlewares/Third_Party/FreeRTOS/Source/queue.c **** 								/* The unblocked task has a priority higher than
 807:Middlewares/Third_Party/FreeRTOS/Source/queue.c **** 								our own so yield immediately.  Yes it is ok to
 808:Middlewares/Third_Party/FreeRTOS/Source/queue.c **** 								do this from within the critical section - the
 809:Middlewares/Third_Party/FreeRTOS/Source/queue.c **** 								kernel takes care of that. */
 810:Middlewares/Third_Party/FreeRTOS/Source/queue.c **** 								queueYIELD_IF_USING_PREEMPTION();
 811:Middlewares/Third_Party/FreeRTOS/Source/queue.c **** 							}
 812:Middlewares/Third_Party/FreeRTOS/Source/queue.c **** 							else
 813:Middlewares/Third_Party/FreeRTOS/Source/queue.c **** 							{
 814:Middlewares/Third_Party/FreeRTOS/Source/queue.c **** 								mtCOVERAGE_TEST_MARKER();
 815:Middlewares/Third_Party/FreeRTOS/Source/queue.c **** 							}
 816:Middlewares/Third_Party/FreeRTOS/Source/queue.c **** 						}
 817:Middlewares/Third_Party/FreeRTOS/Source/queue.c **** 						else if( xYieldRequired != pdFALSE )
 818:Middlewares/Third_Party/FreeRTOS/Source/queue.c **** 						{
 819:Middlewares/Third_Party/FreeRTOS/Source/queue.c **** 							/* This path is a special case that will only get
 820:Middlewares/Third_Party/FreeRTOS/Source/queue.c **** 							executed if the task was holding multiple mutexes
 821:Middlewares/Third_Party/FreeRTOS/Source/queue.c **** 							and the mutexes were given back in an order that is
 822:Middlewares/Third_Party/FreeRTOS/Source/queue.c **** 							different to that in which they were taken. */
 823:Middlewares/Third_Party/FreeRTOS/Source/queue.c **** 							queueYIELD_IF_USING_PREEMPTION();
 824:Middlewares/Third_Party/FreeRTOS/Source/queue.c **** 						}
 825:Middlewares/Third_Party/FreeRTOS/Source/queue.c **** 						else
 826:Middlewares/Third_Party/FreeRTOS/Source/queue.c **** 						{
 827:Middlewares/Third_Party/FreeRTOS/Source/queue.c **** 							mtCOVERAGE_TEST_MARKER();
 828:Middlewares/Third_Party/FreeRTOS/Source/queue.c **** 						}
ARM GAS  C:\Users\kalpe\AppData\Local\Temp\ccC8Iu7o.s 			page 16


 829:Middlewares/Third_Party/FreeRTOS/Source/queue.c **** 					}
 830:Middlewares/Third_Party/FreeRTOS/Source/queue.c **** 				}
 831:Middlewares/Third_Party/FreeRTOS/Source/queue.c **** 				#else /* configUSE_QUEUE_SETS */
 832:Middlewares/Third_Party/FreeRTOS/Source/queue.c **** 				{
 833:Middlewares/Third_Party/FreeRTOS/Source/queue.c **** 					xYieldRequired = prvCopyDataToQueue( pxQueue, pvItemToQueue, xCopyPosition );
 834:Middlewares/Third_Party/FreeRTOS/Source/queue.c **** 
 835:Middlewares/Third_Party/FreeRTOS/Source/queue.c **** 					/* If there was a task waiting for data to arrive on the
 836:Middlewares/Third_Party/FreeRTOS/Source/queue.c **** 					queue then unblock it now. */
 837:Middlewares/Third_Party/FreeRTOS/Source/queue.c **** 					if( listLIST_IS_EMPTY( &( pxQueue->xTasksWaitingToReceive ) ) == pdFALSE )
 838:Middlewares/Third_Party/FreeRTOS/Source/queue.c **** 					{
 839:Middlewares/Third_Party/FreeRTOS/Source/queue.c **** 						if( xTaskRemoveFromEventList( &( pxQueue->xTasksWaitingToReceive ) ) != pdFALSE )
 840:Middlewares/Third_Party/FreeRTOS/Source/queue.c **** 						{
 841:Middlewares/Third_Party/FreeRTOS/Source/queue.c **** 							/* The unblocked task has a priority higher than
 842:Middlewares/Third_Party/FreeRTOS/Source/queue.c **** 							our own so yield immediately.  Yes it is ok to do
 843:Middlewares/Third_Party/FreeRTOS/Source/queue.c **** 							this from within the critical section - the kernel
 844:Middlewares/Third_Party/FreeRTOS/Source/queue.c **** 							takes care of that. */
 845:Middlewares/Third_Party/FreeRTOS/Source/queue.c **** 							queueYIELD_IF_USING_PREEMPTION();
 846:Middlewares/Third_Party/FreeRTOS/Source/queue.c **** 						}
 847:Middlewares/Third_Party/FreeRTOS/Source/queue.c **** 						else
 848:Middlewares/Third_Party/FreeRTOS/Source/queue.c **** 						{
 849:Middlewares/Third_Party/FreeRTOS/Source/queue.c **** 							mtCOVERAGE_TEST_MARKER();
 850:Middlewares/Third_Party/FreeRTOS/Source/queue.c **** 						}
 851:Middlewares/Third_Party/FreeRTOS/Source/queue.c **** 					}
 852:Middlewares/Third_Party/FreeRTOS/Source/queue.c **** 					else if( xYieldRequired != pdFALSE )
 853:Middlewares/Third_Party/FreeRTOS/Source/queue.c **** 					{
 854:Middlewares/Third_Party/FreeRTOS/Source/queue.c **** 						/* This path is a special case that will only get
 855:Middlewares/Third_Party/FreeRTOS/Source/queue.c **** 						executed if the task was holding multiple mutexes and
 856:Middlewares/Third_Party/FreeRTOS/Source/queue.c **** 						the mutexes were given back in an order that is
 857:Middlewares/Third_Party/FreeRTOS/Source/queue.c **** 						different to that in which they were taken. */
 858:Middlewares/Third_Party/FreeRTOS/Source/queue.c **** 						queueYIELD_IF_USING_PREEMPTION();
 859:Middlewares/Third_Party/FreeRTOS/Source/queue.c **** 					}
 860:Middlewares/Third_Party/FreeRTOS/Source/queue.c **** 					else
 861:Middlewares/Third_Party/FreeRTOS/Source/queue.c **** 					{
 862:Middlewares/Third_Party/FreeRTOS/Source/queue.c **** 						mtCOVERAGE_TEST_MARKER();
 863:Middlewares/Third_Party/FreeRTOS/Source/queue.c **** 					}
 864:Middlewares/Third_Party/FreeRTOS/Source/queue.c **** 				}
 865:Middlewares/Third_Party/FreeRTOS/Source/queue.c **** 				#endif /* configUSE_QUEUE_SETS */
 866:Middlewares/Third_Party/FreeRTOS/Source/queue.c **** 
 867:Middlewares/Third_Party/FreeRTOS/Source/queue.c **** 				taskEXIT_CRITICAL();
 868:Middlewares/Third_Party/FreeRTOS/Source/queue.c **** 				return pdPASS;
 869:Middlewares/Third_Party/FreeRTOS/Source/queue.c **** 			}
 870:Middlewares/Third_Party/FreeRTOS/Source/queue.c **** 			else
 871:Middlewares/Third_Party/FreeRTOS/Source/queue.c **** 			{
 872:Middlewares/Third_Party/FreeRTOS/Source/queue.c **** 				if( xTicksToWait == ( TickType_t ) 0 )
 873:Middlewares/Third_Party/FreeRTOS/Source/queue.c **** 				{
 874:Middlewares/Third_Party/FreeRTOS/Source/queue.c **** 					/* The queue was full and no block time is specified (or
 875:Middlewares/Third_Party/FreeRTOS/Source/queue.c **** 					the block time has expired) so leave now. */
 876:Middlewares/Third_Party/FreeRTOS/Source/queue.c **** 					taskEXIT_CRITICAL();
 877:Middlewares/Third_Party/FreeRTOS/Source/queue.c **** 
 878:Middlewares/Third_Party/FreeRTOS/Source/queue.c **** 					/* Return to the original privilege level before exiting
 879:Middlewares/Third_Party/FreeRTOS/Source/queue.c **** 					the function. */
 880:Middlewares/Third_Party/FreeRTOS/Source/queue.c **** 					traceQUEUE_SEND_FAILED( pxQueue );
 881:Middlewares/Third_Party/FreeRTOS/Source/queue.c **** 					return errQUEUE_FULL;
 882:Middlewares/Third_Party/FreeRTOS/Source/queue.c **** 				}
 883:Middlewares/Third_Party/FreeRTOS/Source/queue.c **** 				else if( xEntryTimeSet == pdFALSE )
 884:Middlewares/Third_Party/FreeRTOS/Source/queue.c **** 				{
 885:Middlewares/Third_Party/FreeRTOS/Source/queue.c **** 					/* The queue was full and a block time was specified so
ARM GAS  C:\Users\kalpe\AppData\Local\Temp\ccC8Iu7o.s 			page 17


 886:Middlewares/Third_Party/FreeRTOS/Source/queue.c **** 					configure the timeout structure. */
 887:Middlewares/Third_Party/FreeRTOS/Source/queue.c **** 					vTaskInternalSetTimeOutState( &xTimeOut );
 888:Middlewares/Third_Party/FreeRTOS/Source/queue.c **** 					xEntryTimeSet = pdTRUE;
 889:Middlewares/Third_Party/FreeRTOS/Source/queue.c **** 				}
 890:Middlewares/Third_Party/FreeRTOS/Source/queue.c **** 				else
 891:Middlewares/Third_Party/FreeRTOS/Source/queue.c **** 				{
 892:Middlewares/Third_Party/FreeRTOS/Source/queue.c **** 					/* Entry time was already set. */
 893:Middlewares/Third_Party/FreeRTOS/Source/queue.c **** 					mtCOVERAGE_TEST_MARKER();
 894:Middlewares/Third_Party/FreeRTOS/Source/queue.c **** 				}
 895:Middlewares/Third_Party/FreeRTOS/Source/queue.c **** 			}
 896:Middlewares/Third_Party/FreeRTOS/Source/queue.c **** 		}
 897:Middlewares/Third_Party/FreeRTOS/Source/queue.c **** 		taskEXIT_CRITICAL();
 898:Middlewares/Third_Party/FreeRTOS/Source/queue.c **** 
 899:Middlewares/Third_Party/FreeRTOS/Source/queue.c **** 		/* Interrupts and other tasks can send to and receive from the queue
 900:Middlewares/Third_Party/FreeRTOS/Source/queue.c **** 		now the critical section has been exited. */
 901:Middlewares/Third_Party/FreeRTOS/Source/queue.c **** 
 902:Middlewares/Third_Party/FreeRTOS/Source/queue.c **** 		vTaskSuspendAll();
 903:Middlewares/Third_Party/FreeRTOS/Source/queue.c **** 		prvLockQueue( pxQueue );
 904:Middlewares/Third_Party/FreeRTOS/Source/queue.c **** 
 905:Middlewares/Third_Party/FreeRTOS/Source/queue.c **** 		/* Update the timeout state to see if it has expired yet. */
 906:Middlewares/Third_Party/FreeRTOS/Source/queue.c **** 		if( xTaskCheckForTimeOut( &xTimeOut, &xTicksToWait ) == pdFALSE )
 907:Middlewares/Third_Party/FreeRTOS/Source/queue.c **** 		{
 908:Middlewares/Third_Party/FreeRTOS/Source/queue.c **** 			if( prvIsQueueFull( pxQueue ) != pdFALSE )
 909:Middlewares/Third_Party/FreeRTOS/Source/queue.c **** 			{
 910:Middlewares/Third_Party/FreeRTOS/Source/queue.c **** 				traceBLOCKING_ON_QUEUE_SEND( pxQueue );
 911:Middlewares/Third_Party/FreeRTOS/Source/queue.c **** 				vTaskPlaceOnEventList( &( pxQueue->xTasksWaitingToSend ), xTicksToWait );
 912:Middlewares/Third_Party/FreeRTOS/Source/queue.c **** 
 913:Middlewares/Third_Party/FreeRTOS/Source/queue.c **** 				/* Unlocking the queue means queue events can effect the
 914:Middlewares/Third_Party/FreeRTOS/Source/queue.c **** 				event list.  It is possible that interrupts occurring now
 915:Middlewares/Third_Party/FreeRTOS/Source/queue.c **** 				remove this task from the event list again - but as the
 916:Middlewares/Third_Party/FreeRTOS/Source/queue.c **** 				scheduler is suspended the task will go onto the pending
 917:Middlewares/Third_Party/FreeRTOS/Source/queue.c **** 				ready last instead of the actual ready list. */
 918:Middlewares/Third_Party/FreeRTOS/Source/queue.c **** 				prvUnlockQueue( pxQueue );
 919:Middlewares/Third_Party/FreeRTOS/Source/queue.c **** 
 920:Middlewares/Third_Party/FreeRTOS/Source/queue.c **** 				/* Resuming the scheduler will move tasks from the pending
 921:Middlewares/Third_Party/FreeRTOS/Source/queue.c **** 				ready list into the ready list - so it is feasible that this
 922:Middlewares/Third_Party/FreeRTOS/Source/queue.c **** 				task is already in a ready list before it yields - in which
 923:Middlewares/Third_Party/FreeRTOS/Source/queue.c **** 				case the yield will not cause a context switch unless there
 924:Middlewares/Third_Party/FreeRTOS/Source/queue.c **** 				is also a higher priority task in the pending ready list. */
 925:Middlewares/Third_Party/FreeRTOS/Source/queue.c **** 				if( xTaskResumeAll() == pdFALSE )
 926:Middlewares/Third_Party/FreeRTOS/Source/queue.c **** 				{
 927:Middlewares/Third_Party/FreeRTOS/Source/queue.c **** 					portYIELD_WITHIN_API();
 928:Middlewares/Third_Party/FreeRTOS/Source/queue.c **** 				}
 929:Middlewares/Third_Party/FreeRTOS/Source/queue.c **** 			}
 930:Middlewares/Third_Party/FreeRTOS/Source/queue.c **** 			else
 931:Middlewares/Third_Party/FreeRTOS/Source/queue.c **** 			{
 932:Middlewares/Third_Party/FreeRTOS/Source/queue.c **** 				/* Try again. */
 933:Middlewares/Third_Party/FreeRTOS/Source/queue.c **** 				prvUnlockQueue( pxQueue );
 934:Middlewares/Third_Party/FreeRTOS/Source/queue.c **** 				( void ) xTaskResumeAll();
 935:Middlewares/Third_Party/FreeRTOS/Source/queue.c **** 			}
 936:Middlewares/Third_Party/FreeRTOS/Source/queue.c **** 		}
 937:Middlewares/Third_Party/FreeRTOS/Source/queue.c **** 		else
 938:Middlewares/Third_Party/FreeRTOS/Source/queue.c **** 		{
 939:Middlewares/Third_Party/FreeRTOS/Source/queue.c **** 			/* The timeout has expired. */
 940:Middlewares/Third_Party/FreeRTOS/Source/queue.c **** 			prvUnlockQueue( pxQueue );
 941:Middlewares/Third_Party/FreeRTOS/Source/queue.c **** 			( void ) xTaskResumeAll();
 942:Middlewares/Third_Party/FreeRTOS/Source/queue.c **** 
ARM GAS  C:\Users\kalpe\AppData\Local\Temp\ccC8Iu7o.s 			page 18


 943:Middlewares/Third_Party/FreeRTOS/Source/queue.c **** 			traceQUEUE_SEND_FAILED( pxQueue );
 944:Middlewares/Third_Party/FreeRTOS/Source/queue.c **** 			return errQUEUE_FULL;
 945:Middlewares/Third_Party/FreeRTOS/Source/queue.c **** 		}
 946:Middlewares/Third_Party/FreeRTOS/Source/queue.c **** 	} /*lint -restore */
 947:Middlewares/Third_Party/FreeRTOS/Source/queue.c **** }
 948:Middlewares/Third_Party/FreeRTOS/Source/queue.c **** /*-----------------------------------------------------------*/
 949:Middlewares/Third_Party/FreeRTOS/Source/queue.c **** 
 950:Middlewares/Third_Party/FreeRTOS/Source/queue.c **** BaseType_t xQueueGenericSendFromISR( QueueHandle_t xQueue, const void * const pvItemToQueue, BaseTy
 951:Middlewares/Third_Party/FreeRTOS/Source/queue.c **** {
 952:Middlewares/Third_Party/FreeRTOS/Source/queue.c **** BaseType_t xReturn;
 953:Middlewares/Third_Party/FreeRTOS/Source/queue.c **** UBaseType_t uxSavedInterruptStatus;
 954:Middlewares/Third_Party/FreeRTOS/Source/queue.c **** Queue_t * const pxQueue = xQueue;
 955:Middlewares/Third_Party/FreeRTOS/Source/queue.c **** 
 956:Middlewares/Third_Party/FreeRTOS/Source/queue.c **** 	configASSERT( pxQueue );
 957:Middlewares/Third_Party/FreeRTOS/Source/queue.c **** 	configASSERT( !( ( pvItemToQueue == NULL ) && ( pxQueue->uxItemSize != ( UBaseType_t ) 0U ) ) );
 958:Middlewares/Third_Party/FreeRTOS/Source/queue.c **** 	configASSERT( !( ( xCopyPosition == queueOVERWRITE ) && ( pxQueue->uxLength != 1 ) ) );
 959:Middlewares/Third_Party/FreeRTOS/Source/queue.c **** 
 960:Middlewares/Third_Party/FreeRTOS/Source/queue.c **** 	/* RTOS ports that support interrupt nesting have the concept of a maximum
 961:Middlewares/Third_Party/FreeRTOS/Source/queue.c **** 	system call (or maximum API call) interrupt priority.  Interrupts that are
 962:Middlewares/Third_Party/FreeRTOS/Source/queue.c **** 	above the maximum system call priority are kept permanently enabled, even
 963:Middlewares/Third_Party/FreeRTOS/Source/queue.c **** 	when the RTOS kernel is in a critical section, but cannot make any calls to
 964:Middlewares/Third_Party/FreeRTOS/Source/queue.c **** 	FreeRTOS API functions.  If configASSERT() is defined in FreeRTOSConfig.h
 965:Middlewares/Third_Party/FreeRTOS/Source/queue.c **** 	then portASSERT_IF_INTERRUPT_PRIORITY_INVALID() will result in an assertion
 966:Middlewares/Third_Party/FreeRTOS/Source/queue.c **** 	failure if a FreeRTOS API function is called from an interrupt that has been
 967:Middlewares/Third_Party/FreeRTOS/Source/queue.c **** 	assigned a priority above the configured maximum system call priority.
 968:Middlewares/Third_Party/FreeRTOS/Source/queue.c **** 	Only FreeRTOS functions that end in FromISR can be called from interrupts
 969:Middlewares/Third_Party/FreeRTOS/Source/queue.c **** 	that have been assigned a priority at or (logically) below the maximum
 970:Middlewares/Third_Party/FreeRTOS/Source/queue.c **** 	system call	interrupt priority.  FreeRTOS maintains a separate interrupt
 971:Middlewares/Third_Party/FreeRTOS/Source/queue.c **** 	safe API to ensure interrupt entry is as fast and as simple as possible.
 972:Middlewares/Third_Party/FreeRTOS/Source/queue.c **** 	More information (albeit Cortex-M specific) is provided on the following
 973:Middlewares/Third_Party/FreeRTOS/Source/queue.c **** 	link: http://www.freertos.org/RTOS-Cortex-M3-M4.html */
 974:Middlewares/Third_Party/FreeRTOS/Source/queue.c **** 	portASSERT_IF_INTERRUPT_PRIORITY_INVALID();
 975:Middlewares/Third_Party/FreeRTOS/Source/queue.c **** 
 976:Middlewares/Third_Party/FreeRTOS/Source/queue.c **** 	/* Similar to xQueueGenericSend, except without blocking if there is no room
 977:Middlewares/Third_Party/FreeRTOS/Source/queue.c **** 	in the queue.  Also don't directly wake a task that was blocked on a queue
 978:Middlewares/Third_Party/FreeRTOS/Source/queue.c **** 	read, instead return a flag to say whether a context switch is required or
 979:Middlewares/Third_Party/FreeRTOS/Source/queue.c **** 	not (i.e. has a task with a higher priority than us been woken by this
 980:Middlewares/Third_Party/FreeRTOS/Source/queue.c **** 	post). */
 981:Middlewares/Third_Party/FreeRTOS/Source/queue.c **** 	uxSavedInterruptStatus = portSET_INTERRUPT_MASK_FROM_ISR();
 982:Middlewares/Third_Party/FreeRTOS/Source/queue.c **** 	{
 983:Middlewares/Third_Party/FreeRTOS/Source/queue.c **** 		if( ( pxQueue->uxMessagesWaiting < pxQueue->uxLength ) || ( xCopyPosition == queueOVERWRITE ) )
 984:Middlewares/Third_Party/FreeRTOS/Source/queue.c **** 		{
 985:Middlewares/Third_Party/FreeRTOS/Source/queue.c **** 			const int8_t cTxLock = pxQueue->cTxLock;
 986:Middlewares/Third_Party/FreeRTOS/Source/queue.c **** 			const UBaseType_t uxPreviousMessagesWaiting = pxQueue->uxMessagesWaiting;
 987:Middlewares/Third_Party/FreeRTOS/Source/queue.c **** 
 988:Middlewares/Third_Party/FreeRTOS/Source/queue.c **** 			traceQUEUE_SEND_FROM_ISR( pxQueue );
 989:Middlewares/Third_Party/FreeRTOS/Source/queue.c **** 
 990:Middlewares/Third_Party/FreeRTOS/Source/queue.c **** 			/* Semaphores use xQueueGiveFromISR(), so pxQueue will not be a
 991:Middlewares/Third_Party/FreeRTOS/Source/queue.c **** 			semaphore or mutex.  That means prvCopyDataToQueue() cannot result
 992:Middlewares/Third_Party/FreeRTOS/Source/queue.c **** 			in a task disinheriting a priority and prvCopyDataToQueue() can be
 993:Middlewares/Third_Party/FreeRTOS/Source/queue.c **** 			called here even though the disinherit function does not check if
 994:Middlewares/Third_Party/FreeRTOS/Source/queue.c **** 			the scheduler is suspended before accessing the ready lists. */
 995:Middlewares/Third_Party/FreeRTOS/Source/queue.c **** 			( void ) prvCopyDataToQueue( pxQueue, pvItemToQueue, xCopyPosition );
 996:Middlewares/Third_Party/FreeRTOS/Source/queue.c **** 
 997:Middlewares/Third_Party/FreeRTOS/Source/queue.c **** 			/* The event list is not altered if the queue is locked.  This will
 998:Middlewares/Third_Party/FreeRTOS/Source/queue.c **** 			be done when the queue is unlocked later. */
 999:Middlewares/Third_Party/FreeRTOS/Source/queue.c **** 			if( cTxLock == queueUNLOCKED )
ARM GAS  C:\Users\kalpe\AppData\Local\Temp\ccC8Iu7o.s 			page 19


1000:Middlewares/Third_Party/FreeRTOS/Source/queue.c **** 			{
1001:Middlewares/Third_Party/FreeRTOS/Source/queue.c **** 				#if ( configUSE_QUEUE_SETS == 1 )
1002:Middlewares/Third_Party/FreeRTOS/Source/queue.c **** 				{
1003:Middlewares/Third_Party/FreeRTOS/Source/queue.c **** 					if( pxQueue->pxQueueSetContainer != NULL )
1004:Middlewares/Third_Party/FreeRTOS/Source/queue.c **** 					{
1005:Middlewares/Third_Party/FreeRTOS/Source/queue.c **** 						if( ( xCopyPosition == queueOVERWRITE ) && ( uxPreviousMessagesWaiting != ( UBaseType_t ) 0 )
1006:Middlewares/Third_Party/FreeRTOS/Source/queue.c **** 						{
1007:Middlewares/Third_Party/FreeRTOS/Source/queue.c **** 							/* Do not notify the queue set as an existing item
1008:Middlewares/Third_Party/FreeRTOS/Source/queue.c **** 							was overwritten in the queue so the number of items
1009:Middlewares/Third_Party/FreeRTOS/Source/queue.c **** 							in the queue has not changed. */
1010:Middlewares/Third_Party/FreeRTOS/Source/queue.c **** 							mtCOVERAGE_TEST_MARKER();
1011:Middlewares/Third_Party/FreeRTOS/Source/queue.c **** 						}
1012:Middlewares/Third_Party/FreeRTOS/Source/queue.c **** 						else if( prvNotifyQueueSetContainer( pxQueue ) != pdFALSE )
1013:Middlewares/Third_Party/FreeRTOS/Source/queue.c **** 						{
1014:Middlewares/Third_Party/FreeRTOS/Source/queue.c **** 							/* The queue is a member of a queue set, and posting
1015:Middlewares/Third_Party/FreeRTOS/Source/queue.c **** 							to the queue set caused a higher priority task to
1016:Middlewares/Third_Party/FreeRTOS/Source/queue.c **** 							unblock.  A context switch is required. */
1017:Middlewares/Third_Party/FreeRTOS/Source/queue.c **** 							if( pxHigherPriorityTaskWoken != NULL )
1018:Middlewares/Third_Party/FreeRTOS/Source/queue.c **** 							{
1019:Middlewares/Third_Party/FreeRTOS/Source/queue.c **** 								*pxHigherPriorityTaskWoken = pdTRUE;
1020:Middlewares/Third_Party/FreeRTOS/Source/queue.c **** 							}
1021:Middlewares/Third_Party/FreeRTOS/Source/queue.c **** 							else
1022:Middlewares/Third_Party/FreeRTOS/Source/queue.c **** 							{
1023:Middlewares/Third_Party/FreeRTOS/Source/queue.c **** 								mtCOVERAGE_TEST_MARKER();
1024:Middlewares/Third_Party/FreeRTOS/Source/queue.c **** 							}
1025:Middlewares/Third_Party/FreeRTOS/Source/queue.c **** 						}
1026:Middlewares/Third_Party/FreeRTOS/Source/queue.c **** 						else
1027:Middlewares/Third_Party/FreeRTOS/Source/queue.c **** 						{
1028:Middlewares/Third_Party/FreeRTOS/Source/queue.c **** 							mtCOVERAGE_TEST_MARKER();
1029:Middlewares/Third_Party/FreeRTOS/Source/queue.c **** 						}
1030:Middlewares/Third_Party/FreeRTOS/Source/queue.c **** 					}
1031:Middlewares/Third_Party/FreeRTOS/Source/queue.c **** 					else
1032:Middlewares/Third_Party/FreeRTOS/Source/queue.c **** 					{
1033:Middlewares/Third_Party/FreeRTOS/Source/queue.c **** 						if( listLIST_IS_EMPTY( &( pxQueue->xTasksWaitingToReceive ) ) == pdFALSE )
1034:Middlewares/Third_Party/FreeRTOS/Source/queue.c **** 						{
1035:Middlewares/Third_Party/FreeRTOS/Source/queue.c **** 							if( xTaskRemoveFromEventList( &( pxQueue->xTasksWaitingToReceive ) ) != pdFALSE )
1036:Middlewares/Third_Party/FreeRTOS/Source/queue.c **** 							{
1037:Middlewares/Third_Party/FreeRTOS/Source/queue.c **** 								/* The task waiting has a higher priority so
1038:Middlewares/Third_Party/FreeRTOS/Source/queue.c **** 								record that a context switch is required. */
1039:Middlewares/Third_Party/FreeRTOS/Source/queue.c **** 								if( pxHigherPriorityTaskWoken != NULL )
1040:Middlewares/Third_Party/FreeRTOS/Source/queue.c **** 								{
1041:Middlewares/Third_Party/FreeRTOS/Source/queue.c **** 									*pxHigherPriorityTaskWoken = pdTRUE;
1042:Middlewares/Third_Party/FreeRTOS/Source/queue.c **** 								}
1043:Middlewares/Third_Party/FreeRTOS/Source/queue.c **** 								else
1044:Middlewares/Third_Party/FreeRTOS/Source/queue.c **** 								{
1045:Middlewares/Third_Party/FreeRTOS/Source/queue.c **** 									mtCOVERAGE_TEST_MARKER();
1046:Middlewares/Third_Party/FreeRTOS/Source/queue.c **** 								}
1047:Middlewares/Third_Party/FreeRTOS/Source/queue.c **** 							}
1048:Middlewares/Third_Party/FreeRTOS/Source/queue.c **** 							else
1049:Middlewares/Third_Party/FreeRTOS/Source/queue.c **** 							{
1050:Middlewares/Third_Party/FreeRTOS/Source/queue.c **** 								mtCOVERAGE_TEST_MARKER();
1051:Middlewares/Third_Party/FreeRTOS/Source/queue.c **** 							}
1052:Middlewares/Third_Party/FreeRTOS/Source/queue.c **** 						}
1053:Middlewares/Third_Party/FreeRTOS/Source/queue.c **** 						else
1054:Middlewares/Third_Party/FreeRTOS/Source/queue.c **** 						{
1055:Middlewares/Third_Party/FreeRTOS/Source/queue.c **** 							mtCOVERAGE_TEST_MARKER();
1056:Middlewares/Third_Party/FreeRTOS/Source/queue.c **** 						}
ARM GAS  C:\Users\kalpe\AppData\Local\Temp\ccC8Iu7o.s 			page 20


1057:Middlewares/Third_Party/FreeRTOS/Source/queue.c **** 					}
1058:Middlewares/Third_Party/FreeRTOS/Source/queue.c **** 				}
1059:Middlewares/Third_Party/FreeRTOS/Source/queue.c **** 				#else /* configUSE_QUEUE_SETS */
1060:Middlewares/Third_Party/FreeRTOS/Source/queue.c **** 				{
1061:Middlewares/Third_Party/FreeRTOS/Source/queue.c **** 					if( listLIST_IS_EMPTY( &( pxQueue->xTasksWaitingToReceive ) ) == pdFALSE )
1062:Middlewares/Third_Party/FreeRTOS/Source/queue.c **** 					{
1063:Middlewares/Third_Party/FreeRTOS/Source/queue.c **** 						if( xTaskRemoveFromEventList( &( pxQueue->xTasksWaitingToReceive ) ) != pdFALSE )
1064:Middlewares/Third_Party/FreeRTOS/Source/queue.c **** 						{
1065:Middlewares/Third_Party/FreeRTOS/Source/queue.c **** 							/* The task waiting has a higher priority so record that a
1066:Middlewares/Third_Party/FreeRTOS/Source/queue.c **** 							context	switch is required. */
1067:Middlewares/Third_Party/FreeRTOS/Source/queue.c **** 							if( pxHigherPriorityTaskWoken != NULL )
1068:Middlewares/Third_Party/FreeRTOS/Source/queue.c **** 							{
1069:Middlewares/Third_Party/FreeRTOS/Source/queue.c **** 								*pxHigherPriorityTaskWoken = pdTRUE;
1070:Middlewares/Third_Party/FreeRTOS/Source/queue.c **** 							}
1071:Middlewares/Third_Party/FreeRTOS/Source/queue.c **** 							else
1072:Middlewares/Third_Party/FreeRTOS/Source/queue.c **** 							{
1073:Middlewares/Third_Party/FreeRTOS/Source/queue.c **** 								mtCOVERAGE_TEST_MARKER();
1074:Middlewares/Third_Party/FreeRTOS/Source/queue.c **** 							}
1075:Middlewares/Third_Party/FreeRTOS/Source/queue.c **** 						}
1076:Middlewares/Third_Party/FreeRTOS/Source/queue.c **** 						else
1077:Middlewares/Third_Party/FreeRTOS/Source/queue.c **** 						{
1078:Middlewares/Third_Party/FreeRTOS/Source/queue.c **** 							mtCOVERAGE_TEST_MARKER();
1079:Middlewares/Third_Party/FreeRTOS/Source/queue.c **** 						}
1080:Middlewares/Third_Party/FreeRTOS/Source/queue.c **** 					}
1081:Middlewares/Third_Party/FreeRTOS/Source/queue.c **** 					else
1082:Middlewares/Third_Party/FreeRTOS/Source/queue.c **** 					{
1083:Middlewares/Third_Party/FreeRTOS/Source/queue.c **** 						mtCOVERAGE_TEST_MARKER();
1084:Middlewares/Third_Party/FreeRTOS/Source/queue.c **** 					}
1085:Middlewares/Third_Party/FreeRTOS/Source/queue.c **** 					
1086:Middlewares/Third_Party/FreeRTOS/Source/queue.c **** 					/* Not used in this path. */
1087:Middlewares/Third_Party/FreeRTOS/Source/queue.c **** 					( void ) uxPreviousMessagesWaiting;
1088:Middlewares/Third_Party/FreeRTOS/Source/queue.c **** 				}
1089:Middlewares/Third_Party/FreeRTOS/Source/queue.c **** 				#endif /* configUSE_QUEUE_SETS */
1090:Middlewares/Third_Party/FreeRTOS/Source/queue.c **** 			}
1091:Middlewares/Third_Party/FreeRTOS/Source/queue.c **** 			else
1092:Middlewares/Third_Party/FreeRTOS/Source/queue.c **** 			{
1093:Middlewares/Third_Party/FreeRTOS/Source/queue.c **** 				/* Increment the lock count so the task that unlocks the queue
1094:Middlewares/Third_Party/FreeRTOS/Source/queue.c **** 				knows that data was posted while it was locked. */
1095:Middlewares/Third_Party/FreeRTOS/Source/queue.c **** 				pxQueue->cTxLock = ( int8_t ) ( cTxLock + 1 );
1096:Middlewares/Third_Party/FreeRTOS/Source/queue.c **** 			}
1097:Middlewares/Third_Party/FreeRTOS/Source/queue.c **** 
1098:Middlewares/Third_Party/FreeRTOS/Source/queue.c **** 			xReturn = pdPASS;
1099:Middlewares/Third_Party/FreeRTOS/Source/queue.c **** 		}
1100:Middlewares/Third_Party/FreeRTOS/Source/queue.c **** 		else
1101:Middlewares/Third_Party/FreeRTOS/Source/queue.c **** 		{
1102:Middlewares/Third_Party/FreeRTOS/Source/queue.c **** 			traceQUEUE_SEND_FROM_ISR_FAILED( pxQueue );
1103:Middlewares/Third_Party/FreeRTOS/Source/queue.c **** 			xReturn = errQUEUE_FULL;
1104:Middlewares/Third_Party/FreeRTOS/Source/queue.c **** 		}
1105:Middlewares/Third_Party/FreeRTOS/Source/queue.c **** 	}
1106:Middlewares/Third_Party/FreeRTOS/Source/queue.c **** 	portCLEAR_INTERRUPT_MASK_FROM_ISR( uxSavedInterruptStatus );
1107:Middlewares/Third_Party/FreeRTOS/Source/queue.c **** 
1108:Middlewares/Third_Party/FreeRTOS/Source/queue.c **** 	return xReturn;
1109:Middlewares/Third_Party/FreeRTOS/Source/queue.c **** }
1110:Middlewares/Third_Party/FreeRTOS/Source/queue.c **** /*-----------------------------------------------------------*/
1111:Middlewares/Third_Party/FreeRTOS/Source/queue.c **** 
1112:Middlewares/Third_Party/FreeRTOS/Source/queue.c **** BaseType_t xQueueGiveFromISR( QueueHandle_t xQueue, BaseType_t * const pxHigherPriorityTaskWoken )
1113:Middlewares/Third_Party/FreeRTOS/Source/queue.c **** {
ARM GAS  C:\Users\kalpe\AppData\Local\Temp\ccC8Iu7o.s 			page 21


1114:Middlewares/Third_Party/FreeRTOS/Source/queue.c **** BaseType_t xReturn;
1115:Middlewares/Third_Party/FreeRTOS/Source/queue.c **** UBaseType_t uxSavedInterruptStatus;
1116:Middlewares/Third_Party/FreeRTOS/Source/queue.c **** Queue_t * const pxQueue = xQueue;
1117:Middlewares/Third_Party/FreeRTOS/Source/queue.c **** 
1118:Middlewares/Third_Party/FreeRTOS/Source/queue.c **** 	/* Similar to xQueueGenericSendFromISR() but used with semaphores where the
1119:Middlewares/Third_Party/FreeRTOS/Source/queue.c **** 	item size is 0.  Don't directly wake a task that was blocked on a queue
1120:Middlewares/Third_Party/FreeRTOS/Source/queue.c **** 	read, instead return a flag to say whether a context switch is required or
1121:Middlewares/Third_Party/FreeRTOS/Source/queue.c **** 	not (i.e. has a task with a higher priority than us been woken by this
1122:Middlewares/Third_Party/FreeRTOS/Source/queue.c **** 	post). */
1123:Middlewares/Third_Party/FreeRTOS/Source/queue.c **** 
1124:Middlewares/Third_Party/FreeRTOS/Source/queue.c **** 	configASSERT( pxQueue );
1125:Middlewares/Third_Party/FreeRTOS/Source/queue.c **** 
1126:Middlewares/Third_Party/FreeRTOS/Source/queue.c **** 	/* xQueueGenericSendFromISR() should be used instead of xQueueGiveFromISR()
1127:Middlewares/Third_Party/FreeRTOS/Source/queue.c **** 	if the item size is not 0. */
1128:Middlewares/Third_Party/FreeRTOS/Source/queue.c **** 	configASSERT( pxQueue->uxItemSize == 0 );
1129:Middlewares/Third_Party/FreeRTOS/Source/queue.c **** 
1130:Middlewares/Third_Party/FreeRTOS/Source/queue.c **** 	/* Normally a mutex would not be given from an interrupt, especially if
1131:Middlewares/Third_Party/FreeRTOS/Source/queue.c **** 	there is a mutex holder, as priority inheritance makes no sense for an
1132:Middlewares/Third_Party/FreeRTOS/Source/queue.c **** 	interrupts, only tasks. */
1133:Middlewares/Third_Party/FreeRTOS/Source/queue.c **** 	configASSERT( !( ( pxQueue->uxQueueType == queueQUEUE_IS_MUTEX ) && ( pxQueue->u.xSemaphore.xMutex
1134:Middlewares/Third_Party/FreeRTOS/Source/queue.c **** 
1135:Middlewares/Third_Party/FreeRTOS/Source/queue.c **** 	/* RTOS ports that support interrupt nesting have the concept of a maximum
1136:Middlewares/Third_Party/FreeRTOS/Source/queue.c **** 	system call (or maximum API call) interrupt priority.  Interrupts that are
1137:Middlewares/Third_Party/FreeRTOS/Source/queue.c **** 	above the maximum system call priority are kept permanently enabled, even
1138:Middlewares/Third_Party/FreeRTOS/Source/queue.c **** 	when the RTOS kernel is in a critical section, but cannot make any calls to
1139:Middlewares/Third_Party/FreeRTOS/Source/queue.c **** 	FreeRTOS API functions.  If configASSERT() is defined in FreeRTOSConfig.h
1140:Middlewares/Third_Party/FreeRTOS/Source/queue.c **** 	then portASSERT_IF_INTERRUPT_PRIORITY_INVALID() will result in an assertion
1141:Middlewares/Third_Party/FreeRTOS/Source/queue.c **** 	failure if a FreeRTOS API function is called from an interrupt that has been
1142:Middlewares/Third_Party/FreeRTOS/Source/queue.c **** 	assigned a priority above the configured maximum system call priority.
1143:Middlewares/Third_Party/FreeRTOS/Source/queue.c **** 	Only FreeRTOS functions that end in FromISR can be called from interrupts
1144:Middlewares/Third_Party/FreeRTOS/Source/queue.c **** 	that have been assigned a priority at or (logically) below the maximum
1145:Middlewares/Third_Party/FreeRTOS/Source/queue.c **** 	system call	interrupt priority.  FreeRTOS maintains a separate interrupt
1146:Middlewares/Third_Party/FreeRTOS/Source/queue.c **** 	safe API to ensure interrupt entry is as fast and as simple as possible.
1147:Middlewares/Third_Party/FreeRTOS/Source/queue.c **** 	More information (albeit Cortex-M specific) is provided on the following
1148:Middlewares/Third_Party/FreeRTOS/Source/queue.c **** 	link: http://www.freertos.org/RTOS-Cortex-M3-M4.html */
1149:Middlewares/Third_Party/FreeRTOS/Source/queue.c **** 	portASSERT_IF_INTERRUPT_PRIORITY_INVALID();
1150:Middlewares/Third_Party/FreeRTOS/Source/queue.c **** 
1151:Middlewares/Third_Party/FreeRTOS/Source/queue.c **** 	uxSavedInterruptStatus = portSET_INTERRUPT_MASK_FROM_ISR();
1152:Middlewares/Third_Party/FreeRTOS/Source/queue.c **** 	{
1153:Middlewares/Third_Party/FreeRTOS/Source/queue.c **** 		const UBaseType_t uxMessagesWaiting = pxQueue->uxMessagesWaiting;
1154:Middlewares/Third_Party/FreeRTOS/Source/queue.c **** 
1155:Middlewares/Third_Party/FreeRTOS/Source/queue.c **** 		/* When the queue is used to implement a semaphore no data is ever
1156:Middlewares/Third_Party/FreeRTOS/Source/queue.c **** 		moved through the queue but it is still valid to see if the queue 'has
1157:Middlewares/Third_Party/FreeRTOS/Source/queue.c **** 		space'. */
1158:Middlewares/Third_Party/FreeRTOS/Source/queue.c **** 		if( uxMessagesWaiting < pxQueue->uxLength )
1159:Middlewares/Third_Party/FreeRTOS/Source/queue.c **** 		{
1160:Middlewares/Third_Party/FreeRTOS/Source/queue.c **** 			const int8_t cTxLock = pxQueue->cTxLock;
1161:Middlewares/Third_Party/FreeRTOS/Source/queue.c **** 
1162:Middlewares/Third_Party/FreeRTOS/Source/queue.c **** 			traceQUEUE_SEND_FROM_ISR( pxQueue );
1163:Middlewares/Third_Party/FreeRTOS/Source/queue.c **** 
1164:Middlewares/Third_Party/FreeRTOS/Source/queue.c **** 			/* A task can only have an inherited priority if it is a mutex
1165:Middlewares/Third_Party/FreeRTOS/Source/queue.c **** 			holder - and if there is a mutex holder then the mutex cannot be
1166:Middlewares/Third_Party/FreeRTOS/Source/queue.c **** 			given from an ISR.  As this is the ISR version of the function it
1167:Middlewares/Third_Party/FreeRTOS/Source/queue.c **** 			can be assumed there is no mutex holder and no need to determine if
1168:Middlewares/Third_Party/FreeRTOS/Source/queue.c **** 			priority disinheritance is needed.  Simply increase the count of
1169:Middlewares/Third_Party/FreeRTOS/Source/queue.c **** 			messages (semaphores) available. */
1170:Middlewares/Third_Party/FreeRTOS/Source/queue.c **** 			pxQueue->uxMessagesWaiting = uxMessagesWaiting + ( UBaseType_t ) 1;
ARM GAS  C:\Users\kalpe\AppData\Local\Temp\ccC8Iu7o.s 			page 22


1171:Middlewares/Third_Party/FreeRTOS/Source/queue.c **** 
1172:Middlewares/Third_Party/FreeRTOS/Source/queue.c **** 			/* The event list is not altered if the queue is locked.  This will
1173:Middlewares/Third_Party/FreeRTOS/Source/queue.c **** 			be done when the queue is unlocked later. */
1174:Middlewares/Third_Party/FreeRTOS/Source/queue.c **** 			if( cTxLock == queueUNLOCKED )
1175:Middlewares/Third_Party/FreeRTOS/Source/queue.c **** 			{
1176:Middlewares/Third_Party/FreeRTOS/Source/queue.c **** 				#if ( configUSE_QUEUE_SETS == 1 )
1177:Middlewares/Third_Party/FreeRTOS/Source/queue.c **** 				{
1178:Middlewares/Third_Party/FreeRTOS/Source/queue.c **** 					if( pxQueue->pxQueueSetContainer != NULL )
1179:Middlewares/Third_Party/FreeRTOS/Source/queue.c **** 					{
1180:Middlewares/Third_Party/FreeRTOS/Source/queue.c **** 						if( prvNotifyQueueSetContainer( pxQueue ) != pdFALSE )
1181:Middlewares/Third_Party/FreeRTOS/Source/queue.c **** 						{
1182:Middlewares/Third_Party/FreeRTOS/Source/queue.c **** 							/* The semaphore is a member of a queue set, and
1183:Middlewares/Third_Party/FreeRTOS/Source/queue.c **** 							posting	to the queue set caused a higher priority
1184:Middlewares/Third_Party/FreeRTOS/Source/queue.c **** 							task to	unblock.  A context switch is required. */
1185:Middlewares/Third_Party/FreeRTOS/Source/queue.c **** 							if( pxHigherPriorityTaskWoken != NULL )
1186:Middlewares/Third_Party/FreeRTOS/Source/queue.c **** 							{
1187:Middlewares/Third_Party/FreeRTOS/Source/queue.c **** 								*pxHigherPriorityTaskWoken = pdTRUE;
1188:Middlewares/Third_Party/FreeRTOS/Source/queue.c **** 							}
1189:Middlewares/Third_Party/FreeRTOS/Source/queue.c **** 							else
1190:Middlewares/Third_Party/FreeRTOS/Source/queue.c **** 							{
1191:Middlewares/Third_Party/FreeRTOS/Source/queue.c **** 								mtCOVERAGE_TEST_MARKER();
1192:Middlewares/Third_Party/FreeRTOS/Source/queue.c **** 							}
1193:Middlewares/Third_Party/FreeRTOS/Source/queue.c **** 						}
1194:Middlewares/Third_Party/FreeRTOS/Source/queue.c **** 						else
1195:Middlewares/Third_Party/FreeRTOS/Source/queue.c **** 						{
1196:Middlewares/Third_Party/FreeRTOS/Source/queue.c **** 							mtCOVERAGE_TEST_MARKER();
1197:Middlewares/Third_Party/FreeRTOS/Source/queue.c **** 						}
1198:Middlewares/Third_Party/FreeRTOS/Source/queue.c **** 					}
1199:Middlewares/Third_Party/FreeRTOS/Source/queue.c **** 					else
1200:Middlewares/Third_Party/FreeRTOS/Source/queue.c **** 					{
1201:Middlewares/Third_Party/FreeRTOS/Source/queue.c **** 						if( listLIST_IS_EMPTY( &( pxQueue->xTasksWaitingToReceive ) ) == pdFALSE )
1202:Middlewares/Third_Party/FreeRTOS/Source/queue.c **** 						{
1203:Middlewares/Third_Party/FreeRTOS/Source/queue.c **** 							if( xTaskRemoveFromEventList( &( pxQueue->xTasksWaitingToReceive ) ) != pdFALSE )
1204:Middlewares/Third_Party/FreeRTOS/Source/queue.c **** 							{
1205:Middlewares/Third_Party/FreeRTOS/Source/queue.c **** 								/* The task waiting has a higher priority so
1206:Middlewares/Third_Party/FreeRTOS/Source/queue.c **** 								record that a context switch is required. */
1207:Middlewares/Third_Party/FreeRTOS/Source/queue.c **** 								if( pxHigherPriorityTaskWoken != NULL )
1208:Middlewares/Third_Party/FreeRTOS/Source/queue.c **** 								{
1209:Middlewares/Third_Party/FreeRTOS/Source/queue.c **** 									*pxHigherPriorityTaskWoken = pdTRUE;
1210:Middlewares/Third_Party/FreeRTOS/Source/queue.c **** 								}
1211:Middlewares/Third_Party/FreeRTOS/Source/queue.c **** 								else
1212:Middlewares/Third_Party/FreeRTOS/Source/queue.c **** 								{
1213:Middlewares/Third_Party/FreeRTOS/Source/queue.c **** 									mtCOVERAGE_TEST_MARKER();
1214:Middlewares/Third_Party/FreeRTOS/Source/queue.c **** 								}
1215:Middlewares/Third_Party/FreeRTOS/Source/queue.c **** 							}
1216:Middlewares/Third_Party/FreeRTOS/Source/queue.c **** 							else
1217:Middlewares/Third_Party/FreeRTOS/Source/queue.c **** 							{
1218:Middlewares/Third_Party/FreeRTOS/Source/queue.c **** 								mtCOVERAGE_TEST_MARKER();
1219:Middlewares/Third_Party/FreeRTOS/Source/queue.c **** 							}
1220:Middlewares/Third_Party/FreeRTOS/Source/queue.c **** 						}
1221:Middlewares/Third_Party/FreeRTOS/Source/queue.c **** 						else
1222:Middlewares/Third_Party/FreeRTOS/Source/queue.c **** 						{
1223:Middlewares/Third_Party/FreeRTOS/Source/queue.c **** 							mtCOVERAGE_TEST_MARKER();
1224:Middlewares/Third_Party/FreeRTOS/Source/queue.c **** 						}
1225:Middlewares/Third_Party/FreeRTOS/Source/queue.c **** 					}
1226:Middlewares/Third_Party/FreeRTOS/Source/queue.c **** 				}
1227:Middlewares/Third_Party/FreeRTOS/Source/queue.c **** 				#else /* configUSE_QUEUE_SETS */
ARM GAS  C:\Users\kalpe\AppData\Local\Temp\ccC8Iu7o.s 			page 23


1228:Middlewares/Third_Party/FreeRTOS/Source/queue.c **** 				{
1229:Middlewares/Third_Party/FreeRTOS/Source/queue.c **** 					if( listLIST_IS_EMPTY( &( pxQueue->xTasksWaitingToReceive ) ) == pdFALSE )
1230:Middlewares/Third_Party/FreeRTOS/Source/queue.c **** 					{
1231:Middlewares/Third_Party/FreeRTOS/Source/queue.c **** 						if( xTaskRemoveFromEventList( &( pxQueue->xTasksWaitingToReceive ) ) != pdFALSE )
1232:Middlewares/Third_Party/FreeRTOS/Source/queue.c **** 						{
1233:Middlewares/Third_Party/FreeRTOS/Source/queue.c **** 							/* The task waiting has a higher priority so record that a
1234:Middlewares/Third_Party/FreeRTOS/Source/queue.c **** 							context	switch is required. */
1235:Middlewares/Third_Party/FreeRTOS/Source/queue.c **** 							if( pxHigherPriorityTaskWoken != NULL )
1236:Middlewares/Third_Party/FreeRTOS/Source/queue.c **** 							{
1237:Middlewares/Third_Party/FreeRTOS/Source/queue.c **** 								*pxHigherPriorityTaskWoken = pdTRUE;
1238:Middlewares/Third_Party/FreeRTOS/Source/queue.c **** 							}
1239:Middlewares/Third_Party/FreeRTOS/Source/queue.c **** 							else
1240:Middlewares/Third_Party/FreeRTOS/Source/queue.c **** 							{
1241:Middlewares/Third_Party/FreeRTOS/Source/queue.c **** 								mtCOVERAGE_TEST_MARKER();
1242:Middlewares/Third_Party/FreeRTOS/Source/queue.c **** 							}
1243:Middlewares/Third_Party/FreeRTOS/Source/queue.c **** 						}
1244:Middlewares/Third_Party/FreeRTOS/Source/queue.c **** 						else
1245:Middlewares/Third_Party/FreeRTOS/Source/queue.c **** 						{
1246:Middlewares/Third_Party/FreeRTOS/Source/queue.c **** 							mtCOVERAGE_TEST_MARKER();
1247:Middlewares/Third_Party/FreeRTOS/Source/queue.c **** 						}
1248:Middlewares/Third_Party/FreeRTOS/Source/queue.c **** 					}
1249:Middlewares/Third_Party/FreeRTOS/Source/queue.c **** 					else
1250:Middlewares/Third_Party/FreeRTOS/Source/queue.c **** 					{
1251:Middlewares/Third_Party/FreeRTOS/Source/queue.c **** 						mtCOVERAGE_TEST_MARKER();
1252:Middlewares/Third_Party/FreeRTOS/Source/queue.c **** 					}
1253:Middlewares/Third_Party/FreeRTOS/Source/queue.c **** 				}
1254:Middlewares/Third_Party/FreeRTOS/Source/queue.c **** 				#endif /* configUSE_QUEUE_SETS */
1255:Middlewares/Third_Party/FreeRTOS/Source/queue.c **** 			}
1256:Middlewares/Third_Party/FreeRTOS/Source/queue.c **** 			else
1257:Middlewares/Third_Party/FreeRTOS/Source/queue.c **** 			{
1258:Middlewares/Third_Party/FreeRTOS/Source/queue.c **** 				/* Increment the lock count so the task that unlocks the queue
1259:Middlewares/Third_Party/FreeRTOS/Source/queue.c **** 				knows that data was posted while it was locked. */
1260:Middlewares/Third_Party/FreeRTOS/Source/queue.c **** 				pxQueue->cTxLock = ( int8_t ) ( cTxLock + 1 );
1261:Middlewares/Third_Party/FreeRTOS/Source/queue.c **** 			}
1262:Middlewares/Third_Party/FreeRTOS/Source/queue.c **** 
1263:Middlewares/Third_Party/FreeRTOS/Source/queue.c **** 			xReturn = pdPASS;
1264:Middlewares/Third_Party/FreeRTOS/Source/queue.c **** 		}
1265:Middlewares/Third_Party/FreeRTOS/Source/queue.c **** 		else
1266:Middlewares/Third_Party/FreeRTOS/Source/queue.c **** 		{
1267:Middlewares/Third_Party/FreeRTOS/Source/queue.c **** 			traceQUEUE_SEND_FROM_ISR_FAILED( pxQueue );
1268:Middlewares/Third_Party/FreeRTOS/Source/queue.c **** 			xReturn = errQUEUE_FULL;
1269:Middlewares/Third_Party/FreeRTOS/Source/queue.c **** 		}
1270:Middlewares/Third_Party/FreeRTOS/Source/queue.c **** 	}
1271:Middlewares/Third_Party/FreeRTOS/Source/queue.c **** 	portCLEAR_INTERRUPT_MASK_FROM_ISR( uxSavedInterruptStatus );
1272:Middlewares/Third_Party/FreeRTOS/Source/queue.c **** 
1273:Middlewares/Third_Party/FreeRTOS/Source/queue.c **** 	return xReturn;
1274:Middlewares/Third_Party/FreeRTOS/Source/queue.c **** }
1275:Middlewares/Third_Party/FreeRTOS/Source/queue.c **** /*-----------------------------------------------------------*/
1276:Middlewares/Third_Party/FreeRTOS/Source/queue.c **** 
1277:Middlewares/Third_Party/FreeRTOS/Source/queue.c **** BaseType_t xQueueReceive( QueueHandle_t xQueue, void * const pvBuffer, TickType_t xTicksToWait )
1278:Middlewares/Third_Party/FreeRTOS/Source/queue.c **** {
1279:Middlewares/Third_Party/FreeRTOS/Source/queue.c **** BaseType_t xEntryTimeSet = pdFALSE;
1280:Middlewares/Third_Party/FreeRTOS/Source/queue.c **** TimeOut_t xTimeOut;
1281:Middlewares/Third_Party/FreeRTOS/Source/queue.c **** Queue_t * const pxQueue = xQueue;
1282:Middlewares/Third_Party/FreeRTOS/Source/queue.c **** 
1283:Middlewares/Third_Party/FreeRTOS/Source/queue.c **** 	/* Check the pointer is not NULL. */
1284:Middlewares/Third_Party/FreeRTOS/Source/queue.c **** 	configASSERT( ( pxQueue ) );
ARM GAS  C:\Users\kalpe\AppData\Local\Temp\ccC8Iu7o.s 			page 24


1285:Middlewares/Third_Party/FreeRTOS/Source/queue.c **** 
1286:Middlewares/Third_Party/FreeRTOS/Source/queue.c **** 	/* The buffer into which data is received can only be NULL if the data size
1287:Middlewares/Third_Party/FreeRTOS/Source/queue.c **** 	is zero (so no data is copied into the buffer. */
1288:Middlewares/Third_Party/FreeRTOS/Source/queue.c **** 	configASSERT( !( ( ( pvBuffer ) == NULL ) && ( ( pxQueue )->uxItemSize != ( UBaseType_t ) 0U ) ) )
1289:Middlewares/Third_Party/FreeRTOS/Source/queue.c **** 
1290:Middlewares/Third_Party/FreeRTOS/Source/queue.c **** 	/* Cannot block if the scheduler is suspended. */
1291:Middlewares/Third_Party/FreeRTOS/Source/queue.c **** 	#if ( ( INCLUDE_xTaskGetSchedulerState == 1 ) || ( configUSE_TIMERS == 1 ) )
1292:Middlewares/Third_Party/FreeRTOS/Source/queue.c **** 	{
1293:Middlewares/Third_Party/FreeRTOS/Source/queue.c **** 		configASSERT( !( ( xTaskGetSchedulerState() == taskSCHEDULER_SUSPENDED ) && ( xTicksToWait != 0 )
1294:Middlewares/Third_Party/FreeRTOS/Source/queue.c **** 	}
1295:Middlewares/Third_Party/FreeRTOS/Source/queue.c **** 	#endif
1296:Middlewares/Third_Party/FreeRTOS/Source/queue.c **** 
1297:Middlewares/Third_Party/FreeRTOS/Source/queue.c **** 
1298:Middlewares/Third_Party/FreeRTOS/Source/queue.c **** 	/*lint -save -e904  This function relaxes the coding standard somewhat to
1299:Middlewares/Third_Party/FreeRTOS/Source/queue.c **** 	allow return statements within the function itself.  This is done in the
1300:Middlewares/Third_Party/FreeRTOS/Source/queue.c **** 	interest of execution time efficiency. */
1301:Middlewares/Third_Party/FreeRTOS/Source/queue.c **** 	for( ;; )
1302:Middlewares/Third_Party/FreeRTOS/Source/queue.c **** 	{
1303:Middlewares/Third_Party/FreeRTOS/Source/queue.c **** 		taskENTER_CRITICAL();
1304:Middlewares/Third_Party/FreeRTOS/Source/queue.c **** 		{
1305:Middlewares/Third_Party/FreeRTOS/Source/queue.c **** 			const UBaseType_t uxMessagesWaiting = pxQueue->uxMessagesWaiting;
1306:Middlewares/Third_Party/FreeRTOS/Source/queue.c **** 
1307:Middlewares/Third_Party/FreeRTOS/Source/queue.c **** 			/* Is there data in the queue now?  To be running the calling task
1308:Middlewares/Third_Party/FreeRTOS/Source/queue.c **** 			must be the highest priority task wanting to access the queue. */
1309:Middlewares/Third_Party/FreeRTOS/Source/queue.c **** 			if( uxMessagesWaiting > ( UBaseType_t ) 0 )
1310:Middlewares/Third_Party/FreeRTOS/Source/queue.c **** 			{
1311:Middlewares/Third_Party/FreeRTOS/Source/queue.c **** 				/* Data available, remove one item. */
1312:Middlewares/Third_Party/FreeRTOS/Source/queue.c **** 				prvCopyDataFromQueue( pxQueue, pvBuffer );
1313:Middlewares/Third_Party/FreeRTOS/Source/queue.c **** 				traceQUEUE_RECEIVE( pxQueue );
1314:Middlewares/Third_Party/FreeRTOS/Source/queue.c **** 				pxQueue->uxMessagesWaiting = uxMessagesWaiting - ( UBaseType_t ) 1;
1315:Middlewares/Third_Party/FreeRTOS/Source/queue.c **** 
1316:Middlewares/Third_Party/FreeRTOS/Source/queue.c **** 				/* There is now space in the queue, were any tasks waiting to
1317:Middlewares/Third_Party/FreeRTOS/Source/queue.c **** 				post to the queue?  If so, unblock the highest priority waiting
1318:Middlewares/Third_Party/FreeRTOS/Source/queue.c **** 				task. */
1319:Middlewares/Third_Party/FreeRTOS/Source/queue.c **** 				if( listLIST_IS_EMPTY( &( pxQueue->xTasksWaitingToSend ) ) == pdFALSE )
1320:Middlewares/Third_Party/FreeRTOS/Source/queue.c **** 				{
1321:Middlewares/Third_Party/FreeRTOS/Source/queue.c **** 					if( xTaskRemoveFromEventList( &( pxQueue->xTasksWaitingToSend ) ) != pdFALSE )
1322:Middlewares/Third_Party/FreeRTOS/Source/queue.c **** 					{
1323:Middlewares/Third_Party/FreeRTOS/Source/queue.c **** 						queueYIELD_IF_USING_PREEMPTION();
1324:Middlewares/Third_Party/FreeRTOS/Source/queue.c **** 					}
1325:Middlewares/Third_Party/FreeRTOS/Source/queue.c **** 					else
1326:Middlewares/Third_Party/FreeRTOS/Source/queue.c **** 					{
1327:Middlewares/Third_Party/FreeRTOS/Source/queue.c **** 						mtCOVERAGE_TEST_MARKER();
1328:Middlewares/Third_Party/FreeRTOS/Source/queue.c **** 					}
1329:Middlewares/Third_Party/FreeRTOS/Source/queue.c **** 				}
1330:Middlewares/Third_Party/FreeRTOS/Source/queue.c **** 				else
1331:Middlewares/Third_Party/FreeRTOS/Source/queue.c **** 				{
1332:Middlewares/Third_Party/FreeRTOS/Source/queue.c **** 					mtCOVERAGE_TEST_MARKER();
1333:Middlewares/Third_Party/FreeRTOS/Source/queue.c **** 				}
1334:Middlewares/Third_Party/FreeRTOS/Source/queue.c **** 
1335:Middlewares/Third_Party/FreeRTOS/Source/queue.c **** 				taskEXIT_CRITICAL();
1336:Middlewares/Third_Party/FreeRTOS/Source/queue.c **** 				return pdPASS;
1337:Middlewares/Third_Party/FreeRTOS/Source/queue.c **** 			}
1338:Middlewares/Third_Party/FreeRTOS/Source/queue.c **** 			else
1339:Middlewares/Third_Party/FreeRTOS/Source/queue.c **** 			{
1340:Middlewares/Third_Party/FreeRTOS/Source/queue.c **** 				if( xTicksToWait == ( TickType_t ) 0 )
1341:Middlewares/Third_Party/FreeRTOS/Source/queue.c **** 				{
ARM GAS  C:\Users\kalpe\AppData\Local\Temp\ccC8Iu7o.s 			page 25


1342:Middlewares/Third_Party/FreeRTOS/Source/queue.c **** 					/* The queue was empty and no block time is specified (or
1343:Middlewares/Third_Party/FreeRTOS/Source/queue.c **** 					the block time has expired) so leave now. */
1344:Middlewares/Third_Party/FreeRTOS/Source/queue.c **** 					taskEXIT_CRITICAL();
1345:Middlewares/Third_Party/FreeRTOS/Source/queue.c **** 					traceQUEUE_RECEIVE_FAILED( pxQueue );
1346:Middlewares/Third_Party/FreeRTOS/Source/queue.c **** 					return errQUEUE_EMPTY;
1347:Middlewares/Third_Party/FreeRTOS/Source/queue.c **** 				}
1348:Middlewares/Third_Party/FreeRTOS/Source/queue.c **** 				else if( xEntryTimeSet == pdFALSE )
1349:Middlewares/Third_Party/FreeRTOS/Source/queue.c **** 				{
1350:Middlewares/Third_Party/FreeRTOS/Source/queue.c **** 					/* The queue was empty and a block time was specified so
1351:Middlewares/Third_Party/FreeRTOS/Source/queue.c **** 					configure the timeout structure. */
1352:Middlewares/Third_Party/FreeRTOS/Source/queue.c **** 					vTaskInternalSetTimeOutState( &xTimeOut );
1353:Middlewares/Third_Party/FreeRTOS/Source/queue.c **** 					xEntryTimeSet = pdTRUE;
1354:Middlewares/Third_Party/FreeRTOS/Source/queue.c **** 				}
1355:Middlewares/Third_Party/FreeRTOS/Source/queue.c **** 				else
1356:Middlewares/Third_Party/FreeRTOS/Source/queue.c **** 				{
1357:Middlewares/Third_Party/FreeRTOS/Source/queue.c **** 					/* Entry time was already set. */
1358:Middlewares/Third_Party/FreeRTOS/Source/queue.c **** 					mtCOVERAGE_TEST_MARKER();
1359:Middlewares/Third_Party/FreeRTOS/Source/queue.c **** 				}
1360:Middlewares/Third_Party/FreeRTOS/Source/queue.c **** 			}
1361:Middlewares/Third_Party/FreeRTOS/Source/queue.c **** 		}
1362:Middlewares/Third_Party/FreeRTOS/Source/queue.c **** 		taskEXIT_CRITICAL();
1363:Middlewares/Third_Party/FreeRTOS/Source/queue.c **** 
1364:Middlewares/Third_Party/FreeRTOS/Source/queue.c **** 		/* Interrupts and other tasks can send to and receive from the queue
1365:Middlewares/Third_Party/FreeRTOS/Source/queue.c **** 		now the critical section has been exited. */
1366:Middlewares/Third_Party/FreeRTOS/Source/queue.c **** 
1367:Middlewares/Third_Party/FreeRTOS/Source/queue.c **** 		vTaskSuspendAll();
1368:Middlewares/Third_Party/FreeRTOS/Source/queue.c **** 		prvLockQueue( pxQueue );
1369:Middlewares/Third_Party/FreeRTOS/Source/queue.c **** 
1370:Middlewares/Third_Party/FreeRTOS/Source/queue.c **** 		/* Update the timeout state to see if it has expired yet. */
1371:Middlewares/Third_Party/FreeRTOS/Source/queue.c **** 		if( xTaskCheckForTimeOut( &xTimeOut, &xTicksToWait ) == pdFALSE )
1372:Middlewares/Third_Party/FreeRTOS/Source/queue.c **** 		{
1373:Middlewares/Third_Party/FreeRTOS/Source/queue.c **** 			/* The timeout has not expired.  If the queue is still empty place
1374:Middlewares/Third_Party/FreeRTOS/Source/queue.c **** 			the task on the list of tasks waiting to receive from the queue. */
1375:Middlewares/Third_Party/FreeRTOS/Source/queue.c **** 			if( prvIsQueueEmpty( pxQueue ) != pdFALSE )
1376:Middlewares/Third_Party/FreeRTOS/Source/queue.c **** 			{
1377:Middlewares/Third_Party/FreeRTOS/Source/queue.c **** 				traceBLOCKING_ON_QUEUE_RECEIVE( pxQueue );
1378:Middlewares/Third_Party/FreeRTOS/Source/queue.c **** 				vTaskPlaceOnEventList( &( pxQueue->xTasksWaitingToReceive ), xTicksToWait );
1379:Middlewares/Third_Party/FreeRTOS/Source/queue.c **** 				prvUnlockQueue( pxQueue );
1380:Middlewares/Third_Party/FreeRTOS/Source/queue.c **** 				if( xTaskResumeAll() == pdFALSE )
1381:Middlewares/Third_Party/FreeRTOS/Source/queue.c **** 				{
1382:Middlewares/Third_Party/FreeRTOS/Source/queue.c **** 					portYIELD_WITHIN_API();
1383:Middlewares/Third_Party/FreeRTOS/Source/queue.c **** 				}
1384:Middlewares/Third_Party/FreeRTOS/Source/queue.c **** 				else
1385:Middlewares/Third_Party/FreeRTOS/Source/queue.c **** 				{
1386:Middlewares/Third_Party/FreeRTOS/Source/queue.c **** 					mtCOVERAGE_TEST_MARKER();
1387:Middlewares/Third_Party/FreeRTOS/Source/queue.c **** 				}
1388:Middlewares/Third_Party/FreeRTOS/Source/queue.c **** 			}
1389:Middlewares/Third_Party/FreeRTOS/Source/queue.c **** 			else
1390:Middlewares/Third_Party/FreeRTOS/Source/queue.c **** 			{
1391:Middlewares/Third_Party/FreeRTOS/Source/queue.c **** 				/* The queue contains data again.  Loop back to try and read the
1392:Middlewares/Third_Party/FreeRTOS/Source/queue.c **** 				data. */
1393:Middlewares/Third_Party/FreeRTOS/Source/queue.c **** 				prvUnlockQueue( pxQueue );
1394:Middlewares/Third_Party/FreeRTOS/Source/queue.c **** 				( void ) xTaskResumeAll();
1395:Middlewares/Third_Party/FreeRTOS/Source/queue.c **** 			}
1396:Middlewares/Third_Party/FreeRTOS/Source/queue.c **** 		}
1397:Middlewares/Third_Party/FreeRTOS/Source/queue.c **** 		else
1398:Middlewares/Third_Party/FreeRTOS/Source/queue.c **** 		{
ARM GAS  C:\Users\kalpe\AppData\Local\Temp\ccC8Iu7o.s 			page 26


1399:Middlewares/Third_Party/FreeRTOS/Source/queue.c **** 			/* Timed out.  If there is no data in the queue exit, otherwise loop
1400:Middlewares/Third_Party/FreeRTOS/Source/queue.c **** 			back and attempt to read the data. */
1401:Middlewares/Third_Party/FreeRTOS/Source/queue.c **** 			prvUnlockQueue( pxQueue );
1402:Middlewares/Third_Party/FreeRTOS/Source/queue.c **** 			( void ) xTaskResumeAll();
1403:Middlewares/Third_Party/FreeRTOS/Source/queue.c **** 
1404:Middlewares/Third_Party/FreeRTOS/Source/queue.c **** 			if( prvIsQueueEmpty( pxQueue ) != pdFALSE )
1405:Middlewares/Third_Party/FreeRTOS/Source/queue.c **** 			{
1406:Middlewares/Third_Party/FreeRTOS/Source/queue.c **** 				traceQUEUE_RECEIVE_FAILED( pxQueue );
1407:Middlewares/Third_Party/FreeRTOS/Source/queue.c **** 				return errQUEUE_EMPTY;
1408:Middlewares/Third_Party/FreeRTOS/Source/queue.c **** 			}
1409:Middlewares/Third_Party/FreeRTOS/Source/queue.c **** 			else
1410:Middlewares/Third_Party/FreeRTOS/Source/queue.c **** 			{
1411:Middlewares/Third_Party/FreeRTOS/Source/queue.c **** 				mtCOVERAGE_TEST_MARKER();
1412:Middlewares/Third_Party/FreeRTOS/Source/queue.c **** 			}
1413:Middlewares/Third_Party/FreeRTOS/Source/queue.c **** 		}
1414:Middlewares/Third_Party/FreeRTOS/Source/queue.c **** 	} /*lint -restore */
1415:Middlewares/Third_Party/FreeRTOS/Source/queue.c **** }
1416:Middlewares/Third_Party/FreeRTOS/Source/queue.c **** /*-----------------------------------------------------------*/
1417:Middlewares/Third_Party/FreeRTOS/Source/queue.c **** 
1418:Middlewares/Third_Party/FreeRTOS/Source/queue.c **** BaseType_t xQueueSemaphoreTake( QueueHandle_t xQueue, TickType_t xTicksToWait )
1419:Middlewares/Third_Party/FreeRTOS/Source/queue.c **** {
1420:Middlewares/Third_Party/FreeRTOS/Source/queue.c **** BaseType_t xEntryTimeSet = pdFALSE;
1421:Middlewares/Third_Party/FreeRTOS/Source/queue.c **** TimeOut_t xTimeOut;
1422:Middlewares/Third_Party/FreeRTOS/Source/queue.c **** Queue_t * const pxQueue = xQueue;
1423:Middlewares/Third_Party/FreeRTOS/Source/queue.c **** 
1424:Middlewares/Third_Party/FreeRTOS/Source/queue.c **** #if( configUSE_MUTEXES == 1 )
1425:Middlewares/Third_Party/FreeRTOS/Source/queue.c **** 	BaseType_t xInheritanceOccurred = pdFALSE;
1426:Middlewares/Third_Party/FreeRTOS/Source/queue.c **** #endif
1427:Middlewares/Third_Party/FreeRTOS/Source/queue.c **** 
1428:Middlewares/Third_Party/FreeRTOS/Source/queue.c **** 	/* Check the queue pointer is not NULL. */
1429:Middlewares/Third_Party/FreeRTOS/Source/queue.c **** 	configASSERT( ( pxQueue ) );
1430:Middlewares/Third_Party/FreeRTOS/Source/queue.c **** 
1431:Middlewares/Third_Party/FreeRTOS/Source/queue.c **** 	/* Check this really is a semaphore, in which case the item size will be
1432:Middlewares/Third_Party/FreeRTOS/Source/queue.c **** 	0. */
1433:Middlewares/Third_Party/FreeRTOS/Source/queue.c **** 	configASSERT( pxQueue->uxItemSize == 0 );
1434:Middlewares/Third_Party/FreeRTOS/Source/queue.c **** 
1435:Middlewares/Third_Party/FreeRTOS/Source/queue.c **** 	/* Cannot block if the scheduler is suspended. */
1436:Middlewares/Third_Party/FreeRTOS/Source/queue.c **** 	#if ( ( INCLUDE_xTaskGetSchedulerState == 1 ) || ( configUSE_TIMERS == 1 ) )
1437:Middlewares/Third_Party/FreeRTOS/Source/queue.c **** 	{
1438:Middlewares/Third_Party/FreeRTOS/Source/queue.c **** 		configASSERT( !( ( xTaskGetSchedulerState() == taskSCHEDULER_SUSPENDED ) && ( xTicksToWait != 0 )
1439:Middlewares/Third_Party/FreeRTOS/Source/queue.c **** 	}
1440:Middlewares/Third_Party/FreeRTOS/Source/queue.c **** 	#endif
1441:Middlewares/Third_Party/FreeRTOS/Source/queue.c **** 
1442:Middlewares/Third_Party/FreeRTOS/Source/queue.c **** 
1443:Middlewares/Third_Party/FreeRTOS/Source/queue.c **** 	/*lint -save -e904 This function relaxes the coding standard somewhat to allow return
1444:Middlewares/Third_Party/FreeRTOS/Source/queue.c **** 	statements within the function itself.  This is done in the interest
1445:Middlewares/Third_Party/FreeRTOS/Source/queue.c **** 	of execution time efficiency. */
1446:Middlewares/Third_Party/FreeRTOS/Source/queue.c **** 	for( ;; )
1447:Middlewares/Third_Party/FreeRTOS/Source/queue.c **** 	{
1448:Middlewares/Third_Party/FreeRTOS/Source/queue.c **** 		taskENTER_CRITICAL();
1449:Middlewares/Third_Party/FreeRTOS/Source/queue.c **** 		{
1450:Middlewares/Third_Party/FreeRTOS/Source/queue.c **** 			/* Semaphores are queues with an item size of 0, and where the
1451:Middlewares/Third_Party/FreeRTOS/Source/queue.c **** 			number of messages in the queue is the semaphore's count value. */
1452:Middlewares/Third_Party/FreeRTOS/Source/queue.c **** 			const UBaseType_t uxSemaphoreCount = pxQueue->uxMessagesWaiting;
1453:Middlewares/Third_Party/FreeRTOS/Source/queue.c **** 
1454:Middlewares/Third_Party/FreeRTOS/Source/queue.c **** 			/* Is there data in the queue now?  To be running the calling task
1455:Middlewares/Third_Party/FreeRTOS/Source/queue.c **** 			must be the highest priority task wanting to access the queue. */
ARM GAS  C:\Users\kalpe\AppData\Local\Temp\ccC8Iu7o.s 			page 27


1456:Middlewares/Third_Party/FreeRTOS/Source/queue.c **** 			if( uxSemaphoreCount > ( UBaseType_t ) 0 )
1457:Middlewares/Third_Party/FreeRTOS/Source/queue.c **** 			{
1458:Middlewares/Third_Party/FreeRTOS/Source/queue.c **** 				traceQUEUE_RECEIVE( pxQueue );
1459:Middlewares/Third_Party/FreeRTOS/Source/queue.c **** 
1460:Middlewares/Third_Party/FreeRTOS/Source/queue.c **** 				/* Semaphores are queues with a data size of zero and where the
1461:Middlewares/Third_Party/FreeRTOS/Source/queue.c **** 				messages waiting is the semaphore's count.  Reduce the count. */
1462:Middlewares/Third_Party/FreeRTOS/Source/queue.c **** 				pxQueue->uxMessagesWaiting = uxSemaphoreCount - ( UBaseType_t ) 1;
1463:Middlewares/Third_Party/FreeRTOS/Source/queue.c **** 
1464:Middlewares/Third_Party/FreeRTOS/Source/queue.c **** 				#if ( configUSE_MUTEXES == 1 )
1465:Middlewares/Third_Party/FreeRTOS/Source/queue.c **** 				{
1466:Middlewares/Third_Party/FreeRTOS/Source/queue.c **** 					if( pxQueue->uxQueueType == queueQUEUE_IS_MUTEX )
1467:Middlewares/Third_Party/FreeRTOS/Source/queue.c **** 					{
1468:Middlewares/Third_Party/FreeRTOS/Source/queue.c **** 						/* Record the information required to implement
1469:Middlewares/Third_Party/FreeRTOS/Source/queue.c **** 						priority inheritance should it become necessary. */
1470:Middlewares/Third_Party/FreeRTOS/Source/queue.c **** 						pxQueue->u.xSemaphore.xMutexHolder = pvTaskIncrementMutexHeldCount();
1471:Middlewares/Third_Party/FreeRTOS/Source/queue.c **** 					}
1472:Middlewares/Third_Party/FreeRTOS/Source/queue.c **** 					else
1473:Middlewares/Third_Party/FreeRTOS/Source/queue.c **** 					{
1474:Middlewares/Third_Party/FreeRTOS/Source/queue.c **** 						mtCOVERAGE_TEST_MARKER();
1475:Middlewares/Third_Party/FreeRTOS/Source/queue.c **** 					}
1476:Middlewares/Third_Party/FreeRTOS/Source/queue.c **** 				}
1477:Middlewares/Third_Party/FreeRTOS/Source/queue.c **** 				#endif /* configUSE_MUTEXES */
1478:Middlewares/Third_Party/FreeRTOS/Source/queue.c **** 
1479:Middlewares/Third_Party/FreeRTOS/Source/queue.c **** 				/* Check to see if other tasks are blocked waiting to give the
1480:Middlewares/Third_Party/FreeRTOS/Source/queue.c **** 				semaphore, and if so, unblock the highest priority such task. */
1481:Middlewares/Third_Party/FreeRTOS/Source/queue.c **** 				if( listLIST_IS_EMPTY( &( pxQueue->xTasksWaitingToSend ) ) == pdFALSE )
1482:Middlewares/Third_Party/FreeRTOS/Source/queue.c **** 				{
1483:Middlewares/Third_Party/FreeRTOS/Source/queue.c **** 					if( xTaskRemoveFromEventList( &( pxQueue->xTasksWaitingToSend ) ) != pdFALSE )
1484:Middlewares/Third_Party/FreeRTOS/Source/queue.c **** 					{
1485:Middlewares/Third_Party/FreeRTOS/Source/queue.c **** 						queueYIELD_IF_USING_PREEMPTION();
1486:Middlewares/Third_Party/FreeRTOS/Source/queue.c **** 					}
1487:Middlewares/Third_Party/FreeRTOS/Source/queue.c **** 					else
1488:Middlewares/Third_Party/FreeRTOS/Source/queue.c **** 					{
1489:Middlewares/Third_Party/FreeRTOS/Source/queue.c **** 						mtCOVERAGE_TEST_MARKER();
1490:Middlewares/Third_Party/FreeRTOS/Source/queue.c **** 					}
1491:Middlewares/Third_Party/FreeRTOS/Source/queue.c **** 				}
1492:Middlewares/Third_Party/FreeRTOS/Source/queue.c **** 				else
1493:Middlewares/Third_Party/FreeRTOS/Source/queue.c **** 				{
1494:Middlewares/Third_Party/FreeRTOS/Source/queue.c **** 					mtCOVERAGE_TEST_MARKER();
1495:Middlewares/Third_Party/FreeRTOS/Source/queue.c **** 				}
1496:Middlewares/Third_Party/FreeRTOS/Source/queue.c **** 
1497:Middlewares/Third_Party/FreeRTOS/Source/queue.c **** 				taskEXIT_CRITICAL();
1498:Middlewares/Third_Party/FreeRTOS/Source/queue.c **** 				return pdPASS;
1499:Middlewares/Third_Party/FreeRTOS/Source/queue.c **** 			}
1500:Middlewares/Third_Party/FreeRTOS/Source/queue.c **** 			else
1501:Middlewares/Third_Party/FreeRTOS/Source/queue.c **** 			{
1502:Middlewares/Third_Party/FreeRTOS/Source/queue.c **** 				if( xTicksToWait == ( TickType_t ) 0 )
1503:Middlewares/Third_Party/FreeRTOS/Source/queue.c **** 				{
1504:Middlewares/Third_Party/FreeRTOS/Source/queue.c **** 					/* For inheritance to have occurred there must have been an
1505:Middlewares/Third_Party/FreeRTOS/Source/queue.c **** 					initial timeout, and an adjusted timeout cannot become 0, as
1506:Middlewares/Third_Party/FreeRTOS/Source/queue.c **** 					if it were 0 the function would have exited. */
1507:Middlewares/Third_Party/FreeRTOS/Source/queue.c **** 					#if( configUSE_MUTEXES == 1 )
1508:Middlewares/Third_Party/FreeRTOS/Source/queue.c **** 					{
1509:Middlewares/Third_Party/FreeRTOS/Source/queue.c **** 						configASSERT( xInheritanceOccurred == pdFALSE );
1510:Middlewares/Third_Party/FreeRTOS/Source/queue.c **** 					}
1511:Middlewares/Third_Party/FreeRTOS/Source/queue.c **** 					#endif /* configUSE_MUTEXES */
1512:Middlewares/Third_Party/FreeRTOS/Source/queue.c **** 
ARM GAS  C:\Users\kalpe\AppData\Local\Temp\ccC8Iu7o.s 			page 28


1513:Middlewares/Third_Party/FreeRTOS/Source/queue.c **** 					/* The semaphore count was 0 and no block time is specified
1514:Middlewares/Third_Party/FreeRTOS/Source/queue.c **** 					(or the block time has expired) so exit now. */
1515:Middlewares/Third_Party/FreeRTOS/Source/queue.c **** 					taskEXIT_CRITICAL();
1516:Middlewares/Third_Party/FreeRTOS/Source/queue.c **** 					traceQUEUE_RECEIVE_FAILED( pxQueue );
1517:Middlewares/Third_Party/FreeRTOS/Source/queue.c **** 					return errQUEUE_EMPTY;
1518:Middlewares/Third_Party/FreeRTOS/Source/queue.c **** 				}
1519:Middlewares/Third_Party/FreeRTOS/Source/queue.c **** 				else if( xEntryTimeSet == pdFALSE )
1520:Middlewares/Third_Party/FreeRTOS/Source/queue.c **** 				{
1521:Middlewares/Third_Party/FreeRTOS/Source/queue.c **** 					/* The semaphore count was 0 and a block time was specified
1522:Middlewares/Third_Party/FreeRTOS/Source/queue.c **** 					so configure the timeout structure ready to block. */
1523:Middlewares/Third_Party/FreeRTOS/Source/queue.c **** 					vTaskInternalSetTimeOutState( &xTimeOut );
1524:Middlewares/Third_Party/FreeRTOS/Source/queue.c **** 					xEntryTimeSet = pdTRUE;
1525:Middlewares/Third_Party/FreeRTOS/Source/queue.c **** 				}
1526:Middlewares/Third_Party/FreeRTOS/Source/queue.c **** 				else
1527:Middlewares/Third_Party/FreeRTOS/Source/queue.c **** 				{
1528:Middlewares/Third_Party/FreeRTOS/Source/queue.c **** 					/* Entry time was already set. */
1529:Middlewares/Third_Party/FreeRTOS/Source/queue.c **** 					mtCOVERAGE_TEST_MARKER();
1530:Middlewares/Third_Party/FreeRTOS/Source/queue.c **** 				}
1531:Middlewares/Third_Party/FreeRTOS/Source/queue.c **** 			}
1532:Middlewares/Third_Party/FreeRTOS/Source/queue.c **** 		}
1533:Middlewares/Third_Party/FreeRTOS/Source/queue.c **** 		taskEXIT_CRITICAL();
1534:Middlewares/Third_Party/FreeRTOS/Source/queue.c **** 
1535:Middlewares/Third_Party/FreeRTOS/Source/queue.c **** 		/* Interrupts and other tasks can give to and take from the semaphore
1536:Middlewares/Third_Party/FreeRTOS/Source/queue.c **** 		now the critical section has been exited. */
1537:Middlewares/Third_Party/FreeRTOS/Source/queue.c **** 
1538:Middlewares/Third_Party/FreeRTOS/Source/queue.c **** 		vTaskSuspendAll();
1539:Middlewares/Third_Party/FreeRTOS/Source/queue.c **** 		prvLockQueue( pxQueue );
1540:Middlewares/Third_Party/FreeRTOS/Source/queue.c **** 
1541:Middlewares/Third_Party/FreeRTOS/Source/queue.c **** 		/* Update the timeout state to see if it has expired yet. */
1542:Middlewares/Third_Party/FreeRTOS/Source/queue.c **** 		if( xTaskCheckForTimeOut( &xTimeOut, &xTicksToWait ) == pdFALSE )
1543:Middlewares/Third_Party/FreeRTOS/Source/queue.c **** 		{
1544:Middlewares/Third_Party/FreeRTOS/Source/queue.c **** 			/* A block time is specified and not expired.  If the semaphore
1545:Middlewares/Third_Party/FreeRTOS/Source/queue.c **** 			count is 0 then enter the Blocked state to wait for a semaphore to
1546:Middlewares/Third_Party/FreeRTOS/Source/queue.c **** 			become available.  As semaphores are implemented with queues the
1547:Middlewares/Third_Party/FreeRTOS/Source/queue.c **** 			queue being empty is equivalent to the semaphore count being 0. */
1548:Middlewares/Third_Party/FreeRTOS/Source/queue.c **** 			if( prvIsQueueEmpty( pxQueue ) != pdFALSE )
1549:Middlewares/Third_Party/FreeRTOS/Source/queue.c **** 			{
1550:Middlewares/Third_Party/FreeRTOS/Source/queue.c **** 				traceBLOCKING_ON_QUEUE_RECEIVE( pxQueue );
1551:Middlewares/Third_Party/FreeRTOS/Source/queue.c **** 
1552:Middlewares/Third_Party/FreeRTOS/Source/queue.c **** 				#if ( configUSE_MUTEXES == 1 )
1553:Middlewares/Third_Party/FreeRTOS/Source/queue.c **** 				{
1554:Middlewares/Third_Party/FreeRTOS/Source/queue.c **** 					if( pxQueue->uxQueueType == queueQUEUE_IS_MUTEX )
1555:Middlewares/Third_Party/FreeRTOS/Source/queue.c **** 					{
1556:Middlewares/Third_Party/FreeRTOS/Source/queue.c **** 						taskENTER_CRITICAL();
1557:Middlewares/Third_Party/FreeRTOS/Source/queue.c **** 						{
1558:Middlewares/Third_Party/FreeRTOS/Source/queue.c **** 							xInheritanceOccurred = xTaskPriorityInherit( pxQueue->u.xSemaphore.xMutexHolder );
1559:Middlewares/Third_Party/FreeRTOS/Source/queue.c **** 						}
1560:Middlewares/Third_Party/FreeRTOS/Source/queue.c **** 						taskEXIT_CRITICAL();
1561:Middlewares/Third_Party/FreeRTOS/Source/queue.c **** 					}
1562:Middlewares/Third_Party/FreeRTOS/Source/queue.c **** 					else
1563:Middlewares/Third_Party/FreeRTOS/Source/queue.c **** 					{
1564:Middlewares/Third_Party/FreeRTOS/Source/queue.c **** 						mtCOVERAGE_TEST_MARKER();
1565:Middlewares/Third_Party/FreeRTOS/Source/queue.c **** 					}
1566:Middlewares/Third_Party/FreeRTOS/Source/queue.c **** 				}
1567:Middlewares/Third_Party/FreeRTOS/Source/queue.c **** 				#endif
1568:Middlewares/Third_Party/FreeRTOS/Source/queue.c **** 
1569:Middlewares/Third_Party/FreeRTOS/Source/queue.c **** 				vTaskPlaceOnEventList( &( pxQueue->xTasksWaitingToReceive ), xTicksToWait );
ARM GAS  C:\Users\kalpe\AppData\Local\Temp\ccC8Iu7o.s 			page 29


1570:Middlewares/Third_Party/FreeRTOS/Source/queue.c **** 				prvUnlockQueue( pxQueue );
1571:Middlewares/Third_Party/FreeRTOS/Source/queue.c **** 				if( xTaskResumeAll() == pdFALSE )
1572:Middlewares/Third_Party/FreeRTOS/Source/queue.c **** 				{
1573:Middlewares/Third_Party/FreeRTOS/Source/queue.c **** 					portYIELD_WITHIN_API();
1574:Middlewares/Third_Party/FreeRTOS/Source/queue.c **** 				}
1575:Middlewares/Third_Party/FreeRTOS/Source/queue.c **** 				else
1576:Middlewares/Third_Party/FreeRTOS/Source/queue.c **** 				{
1577:Middlewares/Third_Party/FreeRTOS/Source/queue.c **** 					mtCOVERAGE_TEST_MARKER();
1578:Middlewares/Third_Party/FreeRTOS/Source/queue.c **** 				}
1579:Middlewares/Third_Party/FreeRTOS/Source/queue.c **** 			}
1580:Middlewares/Third_Party/FreeRTOS/Source/queue.c **** 			else
1581:Middlewares/Third_Party/FreeRTOS/Source/queue.c **** 			{
1582:Middlewares/Third_Party/FreeRTOS/Source/queue.c **** 				/* There was no timeout and the semaphore count was not 0, so
1583:Middlewares/Third_Party/FreeRTOS/Source/queue.c **** 				attempt to take the semaphore again. */
1584:Middlewares/Third_Party/FreeRTOS/Source/queue.c **** 				prvUnlockQueue( pxQueue );
1585:Middlewares/Third_Party/FreeRTOS/Source/queue.c **** 				( void ) xTaskResumeAll();
1586:Middlewares/Third_Party/FreeRTOS/Source/queue.c **** 			}
1587:Middlewares/Third_Party/FreeRTOS/Source/queue.c **** 		}
1588:Middlewares/Third_Party/FreeRTOS/Source/queue.c **** 		else
1589:Middlewares/Third_Party/FreeRTOS/Source/queue.c **** 		{
1590:Middlewares/Third_Party/FreeRTOS/Source/queue.c **** 			/* Timed out. */
1591:Middlewares/Third_Party/FreeRTOS/Source/queue.c **** 			prvUnlockQueue( pxQueue );
1592:Middlewares/Third_Party/FreeRTOS/Source/queue.c **** 			( void ) xTaskResumeAll();
1593:Middlewares/Third_Party/FreeRTOS/Source/queue.c **** 
1594:Middlewares/Third_Party/FreeRTOS/Source/queue.c **** 			/* If the semaphore count is 0 exit now as the timeout has
1595:Middlewares/Third_Party/FreeRTOS/Source/queue.c **** 			expired.  Otherwise return to attempt to take the semaphore that is
1596:Middlewares/Third_Party/FreeRTOS/Source/queue.c **** 			known to be available.  As semaphores are implemented by queues the
1597:Middlewares/Third_Party/FreeRTOS/Source/queue.c **** 			queue being empty is equivalent to the semaphore count being 0. */
1598:Middlewares/Third_Party/FreeRTOS/Source/queue.c **** 			if( prvIsQueueEmpty( pxQueue ) != pdFALSE )
1599:Middlewares/Third_Party/FreeRTOS/Source/queue.c **** 			{
1600:Middlewares/Third_Party/FreeRTOS/Source/queue.c **** 				#if ( configUSE_MUTEXES == 1 )
1601:Middlewares/Third_Party/FreeRTOS/Source/queue.c **** 				{
1602:Middlewares/Third_Party/FreeRTOS/Source/queue.c **** 					/* xInheritanceOccurred could only have be set if
1603:Middlewares/Third_Party/FreeRTOS/Source/queue.c **** 					pxQueue->uxQueueType == queueQUEUE_IS_MUTEX so no need to
1604:Middlewares/Third_Party/FreeRTOS/Source/queue.c **** 					test the mutex type again to check it is actually a mutex. */
1605:Middlewares/Third_Party/FreeRTOS/Source/queue.c **** 					if( xInheritanceOccurred != pdFALSE )
1606:Middlewares/Third_Party/FreeRTOS/Source/queue.c **** 					{
1607:Middlewares/Third_Party/FreeRTOS/Source/queue.c **** 						taskENTER_CRITICAL();
1608:Middlewares/Third_Party/FreeRTOS/Source/queue.c **** 						{
1609:Middlewares/Third_Party/FreeRTOS/Source/queue.c **** 							UBaseType_t uxHighestWaitingPriority;
1610:Middlewares/Third_Party/FreeRTOS/Source/queue.c **** 
1611:Middlewares/Third_Party/FreeRTOS/Source/queue.c **** 							/* This task blocking on the mutex caused another
1612:Middlewares/Third_Party/FreeRTOS/Source/queue.c **** 							task to inherit this task's priority.  Now this task
1613:Middlewares/Third_Party/FreeRTOS/Source/queue.c **** 							has timed out the priority should be disinherited
1614:Middlewares/Third_Party/FreeRTOS/Source/queue.c **** 							again, but only as low as the next highest priority
1615:Middlewares/Third_Party/FreeRTOS/Source/queue.c **** 							task that is waiting for the same mutex. */
1616:Middlewares/Third_Party/FreeRTOS/Source/queue.c **** 							uxHighestWaitingPriority = prvGetDisinheritPriorityAfterTimeout( pxQueue );
1617:Middlewares/Third_Party/FreeRTOS/Source/queue.c **** 							vTaskPriorityDisinheritAfterTimeout( pxQueue->u.xSemaphore.xMutexHolder, uxHighestWaitingPri
1618:Middlewares/Third_Party/FreeRTOS/Source/queue.c **** 						}
1619:Middlewares/Third_Party/FreeRTOS/Source/queue.c **** 						taskEXIT_CRITICAL();
1620:Middlewares/Third_Party/FreeRTOS/Source/queue.c **** 					}
1621:Middlewares/Third_Party/FreeRTOS/Source/queue.c **** 				}
1622:Middlewares/Third_Party/FreeRTOS/Source/queue.c **** 				#endif /* configUSE_MUTEXES */
1623:Middlewares/Third_Party/FreeRTOS/Source/queue.c **** 
1624:Middlewares/Third_Party/FreeRTOS/Source/queue.c **** 				traceQUEUE_RECEIVE_FAILED( pxQueue );
1625:Middlewares/Third_Party/FreeRTOS/Source/queue.c **** 				return errQUEUE_EMPTY;
1626:Middlewares/Third_Party/FreeRTOS/Source/queue.c **** 			}
ARM GAS  C:\Users\kalpe\AppData\Local\Temp\ccC8Iu7o.s 			page 30


1627:Middlewares/Third_Party/FreeRTOS/Source/queue.c **** 			else
1628:Middlewares/Third_Party/FreeRTOS/Source/queue.c **** 			{
1629:Middlewares/Third_Party/FreeRTOS/Source/queue.c **** 				mtCOVERAGE_TEST_MARKER();
1630:Middlewares/Third_Party/FreeRTOS/Source/queue.c **** 			}
1631:Middlewares/Third_Party/FreeRTOS/Source/queue.c **** 		}
1632:Middlewares/Third_Party/FreeRTOS/Source/queue.c **** 	} /*lint -restore */
1633:Middlewares/Third_Party/FreeRTOS/Source/queue.c **** }
1634:Middlewares/Third_Party/FreeRTOS/Source/queue.c **** /*-----------------------------------------------------------*/
1635:Middlewares/Third_Party/FreeRTOS/Source/queue.c **** 
1636:Middlewares/Third_Party/FreeRTOS/Source/queue.c **** BaseType_t xQueuePeek( QueueHandle_t xQueue, void * const pvBuffer, TickType_t xTicksToWait )
1637:Middlewares/Third_Party/FreeRTOS/Source/queue.c **** {
1638:Middlewares/Third_Party/FreeRTOS/Source/queue.c **** BaseType_t xEntryTimeSet = pdFALSE;
1639:Middlewares/Third_Party/FreeRTOS/Source/queue.c **** TimeOut_t xTimeOut;
1640:Middlewares/Third_Party/FreeRTOS/Source/queue.c **** int8_t *pcOriginalReadPosition;
1641:Middlewares/Third_Party/FreeRTOS/Source/queue.c **** Queue_t * const pxQueue = xQueue;
1642:Middlewares/Third_Party/FreeRTOS/Source/queue.c **** 
1643:Middlewares/Third_Party/FreeRTOS/Source/queue.c **** 	/* Check the pointer is not NULL. */
1644:Middlewares/Third_Party/FreeRTOS/Source/queue.c **** 	configASSERT( ( pxQueue ) );
1645:Middlewares/Third_Party/FreeRTOS/Source/queue.c **** 
1646:Middlewares/Third_Party/FreeRTOS/Source/queue.c **** 	/* The buffer into which data is received can only be NULL if the data size
1647:Middlewares/Third_Party/FreeRTOS/Source/queue.c **** 	is zero (so no data is copied into the buffer. */
1648:Middlewares/Third_Party/FreeRTOS/Source/queue.c **** 	configASSERT( !( ( ( pvBuffer ) == NULL ) && ( ( pxQueue )->uxItemSize != ( UBaseType_t ) 0U ) ) )
1649:Middlewares/Third_Party/FreeRTOS/Source/queue.c **** 
1650:Middlewares/Third_Party/FreeRTOS/Source/queue.c **** 	/* Cannot block if the scheduler is suspended. */
1651:Middlewares/Third_Party/FreeRTOS/Source/queue.c **** 	#if ( ( INCLUDE_xTaskGetSchedulerState == 1 ) || ( configUSE_TIMERS == 1 ) )
1652:Middlewares/Third_Party/FreeRTOS/Source/queue.c **** 	{
1653:Middlewares/Third_Party/FreeRTOS/Source/queue.c **** 		configASSERT( !( ( xTaskGetSchedulerState() == taskSCHEDULER_SUSPENDED ) && ( xTicksToWait != 0 )
1654:Middlewares/Third_Party/FreeRTOS/Source/queue.c **** 	}
1655:Middlewares/Third_Party/FreeRTOS/Source/queue.c **** 	#endif
1656:Middlewares/Third_Party/FreeRTOS/Source/queue.c **** 
1657:Middlewares/Third_Party/FreeRTOS/Source/queue.c **** 
1658:Middlewares/Third_Party/FreeRTOS/Source/queue.c **** 	/*lint -save -e904  This function relaxes the coding standard somewhat to
1659:Middlewares/Third_Party/FreeRTOS/Source/queue.c **** 	allow return statements within the function itself.  This is done in the
1660:Middlewares/Third_Party/FreeRTOS/Source/queue.c **** 	interest of execution time efficiency. */
1661:Middlewares/Third_Party/FreeRTOS/Source/queue.c **** 	for( ;; )
1662:Middlewares/Third_Party/FreeRTOS/Source/queue.c **** 	{
1663:Middlewares/Third_Party/FreeRTOS/Source/queue.c **** 		taskENTER_CRITICAL();
1664:Middlewares/Third_Party/FreeRTOS/Source/queue.c **** 		{
1665:Middlewares/Third_Party/FreeRTOS/Source/queue.c **** 			const UBaseType_t uxMessagesWaiting = pxQueue->uxMessagesWaiting;
1666:Middlewares/Third_Party/FreeRTOS/Source/queue.c **** 
1667:Middlewares/Third_Party/FreeRTOS/Source/queue.c **** 			/* Is there data in the queue now?  To be running the calling task
1668:Middlewares/Third_Party/FreeRTOS/Source/queue.c **** 			must be the highest priority task wanting to access the queue. */
1669:Middlewares/Third_Party/FreeRTOS/Source/queue.c **** 			if( uxMessagesWaiting > ( UBaseType_t ) 0 )
1670:Middlewares/Third_Party/FreeRTOS/Source/queue.c **** 			{
1671:Middlewares/Third_Party/FreeRTOS/Source/queue.c **** 				/* Remember the read position so it can be reset after the data
1672:Middlewares/Third_Party/FreeRTOS/Source/queue.c **** 				is read from the queue as this function is only peeking the
1673:Middlewares/Third_Party/FreeRTOS/Source/queue.c **** 				data, not removing it. */
1674:Middlewares/Third_Party/FreeRTOS/Source/queue.c **** 				pcOriginalReadPosition = pxQueue->u.xQueue.pcReadFrom;
1675:Middlewares/Third_Party/FreeRTOS/Source/queue.c **** 
1676:Middlewares/Third_Party/FreeRTOS/Source/queue.c **** 				prvCopyDataFromQueue( pxQueue, pvBuffer );
1677:Middlewares/Third_Party/FreeRTOS/Source/queue.c **** 				traceQUEUE_PEEK( pxQueue );
1678:Middlewares/Third_Party/FreeRTOS/Source/queue.c **** 
1679:Middlewares/Third_Party/FreeRTOS/Source/queue.c **** 				/* The data is not being removed, so reset the read pointer. */
1680:Middlewares/Third_Party/FreeRTOS/Source/queue.c **** 				pxQueue->u.xQueue.pcReadFrom = pcOriginalReadPosition;
1681:Middlewares/Third_Party/FreeRTOS/Source/queue.c **** 
1682:Middlewares/Third_Party/FreeRTOS/Source/queue.c **** 				/* The data is being left in the queue, so see if there are
1683:Middlewares/Third_Party/FreeRTOS/Source/queue.c **** 				any other tasks waiting for the data. */
ARM GAS  C:\Users\kalpe\AppData\Local\Temp\ccC8Iu7o.s 			page 31


1684:Middlewares/Third_Party/FreeRTOS/Source/queue.c **** 				if( listLIST_IS_EMPTY( &( pxQueue->xTasksWaitingToReceive ) ) == pdFALSE )
1685:Middlewares/Third_Party/FreeRTOS/Source/queue.c **** 				{
1686:Middlewares/Third_Party/FreeRTOS/Source/queue.c **** 					if( xTaskRemoveFromEventList( &( pxQueue->xTasksWaitingToReceive ) ) != pdFALSE )
1687:Middlewares/Third_Party/FreeRTOS/Source/queue.c **** 					{
1688:Middlewares/Third_Party/FreeRTOS/Source/queue.c **** 						/* The task waiting has a higher priority than this task. */
1689:Middlewares/Third_Party/FreeRTOS/Source/queue.c **** 						queueYIELD_IF_USING_PREEMPTION();
1690:Middlewares/Third_Party/FreeRTOS/Source/queue.c **** 					}
1691:Middlewares/Third_Party/FreeRTOS/Source/queue.c **** 					else
1692:Middlewares/Third_Party/FreeRTOS/Source/queue.c **** 					{
1693:Middlewares/Third_Party/FreeRTOS/Source/queue.c **** 						mtCOVERAGE_TEST_MARKER();
1694:Middlewares/Third_Party/FreeRTOS/Source/queue.c **** 					}
1695:Middlewares/Third_Party/FreeRTOS/Source/queue.c **** 				}
1696:Middlewares/Third_Party/FreeRTOS/Source/queue.c **** 				else
1697:Middlewares/Third_Party/FreeRTOS/Source/queue.c **** 				{
1698:Middlewares/Third_Party/FreeRTOS/Source/queue.c **** 					mtCOVERAGE_TEST_MARKER();
1699:Middlewares/Third_Party/FreeRTOS/Source/queue.c **** 				}
1700:Middlewares/Third_Party/FreeRTOS/Source/queue.c **** 
1701:Middlewares/Third_Party/FreeRTOS/Source/queue.c **** 				taskEXIT_CRITICAL();
1702:Middlewares/Third_Party/FreeRTOS/Source/queue.c **** 				return pdPASS;
1703:Middlewares/Third_Party/FreeRTOS/Source/queue.c **** 			}
1704:Middlewares/Third_Party/FreeRTOS/Source/queue.c **** 			else
1705:Middlewares/Third_Party/FreeRTOS/Source/queue.c **** 			{
1706:Middlewares/Third_Party/FreeRTOS/Source/queue.c **** 				if( xTicksToWait == ( TickType_t ) 0 )
1707:Middlewares/Third_Party/FreeRTOS/Source/queue.c **** 				{
1708:Middlewares/Third_Party/FreeRTOS/Source/queue.c **** 					/* The queue was empty and no block time is specified (or
1709:Middlewares/Third_Party/FreeRTOS/Source/queue.c **** 					the block time has expired) so leave now. */
1710:Middlewares/Third_Party/FreeRTOS/Source/queue.c **** 					taskEXIT_CRITICAL();
1711:Middlewares/Third_Party/FreeRTOS/Source/queue.c **** 					traceQUEUE_PEEK_FAILED( pxQueue );
1712:Middlewares/Third_Party/FreeRTOS/Source/queue.c **** 					return errQUEUE_EMPTY;
1713:Middlewares/Third_Party/FreeRTOS/Source/queue.c **** 				}
1714:Middlewares/Third_Party/FreeRTOS/Source/queue.c **** 				else if( xEntryTimeSet == pdFALSE )
1715:Middlewares/Third_Party/FreeRTOS/Source/queue.c **** 				{
1716:Middlewares/Third_Party/FreeRTOS/Source/queue.c **** 					/* The queue was empty and a block time was specified so
1717:Middlewares/Third_Party/FreeRTOS/Source/queue.c **** 					configure the timeout structure ready to enter the blocked
1718:Middlewares/Third_Party/FreeRTOS/Source/queue.c **** 					state. */
1719:Middlewares/Third_Party/FreeRTOS/Source/queue.c **** 					vTaskInternalSetTimeOutState( &xTimeOut );
1720:Middlewares/Third_Party/FreeRTOS/Source/queue.c **** 					xEntryTimeSet = pdTRUE;
1721:Middlewares/Third_Party/FreeRTOS/Source/queue.c **** 				}
1722:Middlewares/Third_Party/FreeRTOS/Source/queue.c **** 				else
1723:Middlewares/Third_Party/FreeRTOS/Source/queue.c **** 				{
1724:Middlewares/Third_Party/FreeRTOS/Source/queue.c **** 					/* Entry time was already set. */
1725:Middlewares/Third_Party/FreeRTOS/Source/queue.c **** 					mtCOVERAGE_TEST_MARKER();
1726:Middlewares/Third_Party/FreeRTOS/Source/queue.c **** 				}
1727:Middlewares/Third_Party/FreeRTOS/Source/queue.c **** 			}
1728:Middlewares/Third_Party/FreeRTOS/Source/queue.c **** 		}
1729:Middlewares/Third_Party/FreeRTOS/Source/queue.c **** 		taskEXIT_CRITICAL();
1730:Middlewares/Third_Party/FreeRTOS/Source/queue.c **** 
1731:Middlewares/Third_Party/FreeRTOS/Source/queue.c **** 		/* Interrupts and other tasks can send to and receive from the queue
1732:Middlewares/Third_Party/FreeRTOS/Source/queue.c **** 		now the critical section has been exited. */
1733:Middlewares/Third_Party/FreeRTOS/Source/queue.c **** 
1734:Middlewares/Third_Party/FreeRTOS/Source/queue.c **** 		vTaskSuspendAll();
1735:Middlewares/Third_Party/FreeRTOS/Source/queue.c **** 		prvLockQueue( pxQueue );
1736:Middlewares/Third_Party/FreeRTOS/Source/queue.c **** 
1737:Middlewares/Third_Party/FreeRTOS/Source/queue.c **** 		/* Update the timeout state to see if it has expired yet. */
1738:Middlewares/Third_Party/FreeRTOS/Source/queue.c **** 		if( xTaskCheckForTimeOut( &xTimeOut, &xTicksToWait ) == pdFALSE )
1739:Middlewares/Third_Party/FreeRTOS/Source/queue.c **** 		{
1740:Middlewares/Third_Party/FreeRTOS/Source/queue.c **** 			/* Timeout has not expired yet, check to see if there is data in the
ARM GAS  C:\Users\kalpe\AppData\Local\Temp\ccC8Iu7o.s 			page 32


1741:Middlewares/Third_Party/FreeRTOS/Source/queue.c **** 			queue now, and if not enter the Blocked state to wait for data. */
1742:Middlewares/Third_Party/FreeRTOS/Source/queue.c **** 			if( prvIsQueueEmpty( pxQueue ) != pdFALSE )
1743:Middlewares/Third_Party/FreeRTOS/Source/queue.c **** 			{
1744:Middlewares/Third_Party/FreeRTOS/Source/queue.c **** 				traceBLOCKING_ON_QUEUE_PEEK( pxQueue );
1745:Middlewares/Third_Party/FreeRTOS/Source/queue.c **** 				vTaskPlaceOnEventList( &( pxQueue->xTasksWaitingToReceive ), xTicksToWait );
1746:Middlewares/Third_Party/FreeRTOS/Source/queue.c **** 				prvUnlockQueue( pxQueue );
1747:Middlewares/Third_Party/FreeRTOS/Source/queue.c **** 				if( xTaskResumeAll() == pdFALSE )
1748:Middlewares/Third_Party/FreeRTOS/Source/queue.c **** 				{
1749:Middlewares/Third_Party/FreeRTOS/Source/queue.c **** 					portYIELD_WITHIN_API();
1750:Middlewares/Third_Party/FreeRTOS/Source/queue.c **** 				}
1751:Middlewares/Third_Party/FreeRTOS/Source/queue.c **** 				else
1752:Middlewares/Third_Party/FreeRTOS/Source/queue.c **** 				{
1753:Middlewares/Third_Party/FreeRTOS/Source/queue.c **** 					mtCOVERAGE_TEST_MARKER();
1754:Middlewares/Third_Party/FreeRTOS/Source/queue.c **** 				}
1755:Middlewares/Third_Party/FreeRTOS/Source/queue.c **** 			}
1756:Middlewares/Third_Party/FreeRTOS/Source/queue.c **** 			else
1757:Middlewares/Third_Party/FreeRTOS/Source/queue.c **** 			{
1758:Middlewares/Third_Party/FreeRTOS/Source/queue.c **** 				/* There is data in the queue now, so don't enter the blocked
1759:Middlewares/Third_Party/FreeRTOS/Source/queue.c **** 				state, instead return to try and obtain the data. */
1760:Middlewares/Third_Party/FreeRTOS/Source/queue.c **** 				prvUnlockQueue( pxQueue );
1761:Middlewares/Third_Party/FreeRTOS/Source/queue.c **** 				( void ) xTaskResumeAll();
1762:Middlewares/Third_Party/FreeRTOS/Source/queue.c **** 			}
1763:Middlewares/Third_Party/FreeRTOS/Source/queue.c **** 		}
1764:Middlewares/Third_Party/FreeRTOS/Source/queue.c **** 		else
1765:Middlewares/Third_Party/FreeRTOS/Source/queue.c **** 		{
1766:Middlewares/Third_Party/FreeRTOS/Source/queue.c **** 			/* The timeout has expired.  If there is still no data in the queue
1767:Middlewares/Third_Party/FreeRTOS/Source/queue.c **** 			exit, otherwise go back and try to read the data again. */
1768:Middlewares/Third_Party/FreeRTOS/Source/queue.c **** 			prvUnlockQueue( pxQueue );
1769:Middlewares/Third_Party/FreeRTOS/Source/queue.c **** 			( void ) xTaskResumeAll();
1770:Middlewares/Third_Party/FreeRTOS/Source/queue.c **** 
1771:Middlewares/Third_Party/FreeRTOS/Source/queue.c **** 			if( prvIsQueueEmpty( pxQueue ) != pdFALSE )
1772:Middlewares/Third_Party/FreeRTOS/Source/queue.c **** 			{
1773:Middlewares/Third_Party/FreeRTOS/Source/queue.c **** 				traceQUEUE_PEEK_FAILED( pxQueue );
1774:Middlewares/Third_Party/FreeRTOS/Source/queue.c **** 				return errQUEUE_EMPTY;
1775:Middlewares/Third_Party/FreeRTOS/Source/queue.c **** 			}
1776:Middlewares/Third_Party/FreeRTOS/Source/queue.c **** 			else
1777:Middlewares/Third_Party/FreeRTOS/Source/queue.c **** 			{
1778:Middlewares/Third_Party/FreeRTOS/Source/queue.c **** 				mtCOVERAGE_TEST_MARKER();
1779:Middlewares/Third_Party/FreeRTOS/Source/queue.c **** 			}
1780:Middlewares/Third_Party/FreeRTOS/Source/queue.c **** 		}
1781:Middlewares/Third_Party/FreeRTOS/Source/queue.c **** 	} /*lint -restore */
1782:Middlewares/Third_Party/FreeRTOS/Source/queue.c **** }
1783:Middlewares/Third_Party/FreeRTOS/Source/queue.c **** /*-----------------------------------------------------------*/
1784:Middlewares/Third_Party/FreeRTOS/Source/queue.c **** 
1785:Middlewares/Third_Party/FreeRTOS/Source/queue.c **** BaseType_t xQueueReceiveFromISR( QueueHandle_t xQueue, void * const pvBuffer, BaseType_t * const px
1786:Middlewares/Third_Party/FreeRTOS/Source/queue.c **** {
1787:Middlewares/Third_Party/FreeRTOS/Source/queue.c **** BaseType_t xReturn;
1788:Middlewares/Third_Party/FreeRTOS/Source/queue.c **** UBaseType_t uxSavedInterruptStatus;
1789:Middlewares/Third_Party/FreeRTOS/Source/queue.c **** Queue_t * const pxQueue = xQueue;
1790:Middlewares/Third_Party/FreeRTOS/Source/queue.c **** 
1791:Middlewares/Third_Party/FreeRTOS/Source/queue.c **** 	configASSERT( pxQueue );
1792:Middlewares/Third_Party/FreeRTOS/Source/queue.c **** 	configASSERT( !( ( pvBuffer == NULL ) && ( pxQueue->uxItemSize != ( UBaseType_t ) 0U ) ) );
1793:Middlewares/Third_Party/FreeRTOS/Source/queue.c **** 
1794:Middlewares/Third_Party/FreeRTOS/Source/queue.c **** 	/* RTOS ports that support interrupt nesting have the concept of a maximum
1795:Middlewares/Third_Party/FreeRTOS/Source/queue.c **** 	system call (or maximum API call) interrupt priority.  Interrupts that are
1796:Middlewares/Third_Party/FreeRTOS/Source/queue.c **** 	above the maximum system call priority are kept permanently enabled, even
1797:Middlewares/Third_Party/FreeRTOS/Source/queue.c **** 	when the RTOS kernel is in a critical section, but cannot make any calls to
ARM GAS  C:\Users\kalpe\AppData\Local\Temp\ccC8Iu7o.s 			page 33


1798:Middlewares/Third_Party/FreeRTOS/Source/queue.c **** 	FreeRTOS API functions.  If configASSERT() is defined in FreeRTOSConfig.h
1799:Middlewares/Third_Party/FreeRTOS/Source/queue.c **** 	then portASSERT_IF_INTERRUPT_PRIORITY_INVALID() will result in an assertion
1800:Middlewares/Third_Party/FreeRTOS/Source/queue.c **** 	failure if a FreeRTOS API function is called from an interrupt that has been
1801:Middlewares/Third_Party/FreeRTOS/Source/queue.c **** 	assigned a priority above the configured maximum system call priority.
1802:Middlewares/Third_Party/FreeRTOS/Source/queue.c **** 	Only FreeRTOS functions that end in FromISR can be called from interrupts
1803:Middlewares/Third_Party/FreeRTOS/Source/queue.c **** 	that have been assigned a priority at or (logically) below the maximum
1804:Middlewares/Third_Party/FreeRTOS/Source/queue.c **** 	system call	interrupt priority.  FreeRTOS maintains a separate interrupt
1805:Middlewares/Third_Party/FreeRTOS/Source/queue.c **** 	safe API to ensure interrupt entry is as fast and as simple as possible.
1806:Middlewares/Third_Party/FreeRTOS/Source/queue.c **** 	More information (albeit Cortex-M specific) is provided on the following
1807:Middlewares/Third_Party/FreeRTOS/Source/queue.c **** 	link: http://www.freertos.org/RTOS-Cortex-M3-M4.html */
1808:Middlewares/Third_Party/FreeRTOS/Source/queue.c **** 	portASSERT_IF_INTERRUPT_PRIORITY_INVALID();
1809:Middlewares/Third_Party/FreeRTOS/Source/queue.c **** 
1810:Middlewares/Third_Party/FreeRTOS/Source/queue.c **** 	uxSavedInterruptStatus = portSET_INTERRUPT_MASK_FROM_ISR();
1811:Middlewares/Third_Party/FreeRTOS/Source/queue.c **** 	{
1812:Middlewares/Third_Party/FreeRTOS/Source/queue.c **** 		const UBaseType_t uxMessagesWaiting = pxQueue->uxMessagesWaiting;
1813:Middlewares/Third_Party/FreeRTOS/Source/queue.c **** 
1814:Middlewares/Third_Party/FreeRTOS/Source/queue.c **** 		/* Cannot block in an ISR, so check there is data available. */
1815:Middlewares/Third_Party/FreeRTOS/Source/queue.c **** 		if( uxMessagesWaiting > ( UBaseType_t ) 0 )
1816:Middlewares/Third_Party/FreeRTOS/Source/queue.c **** 		{
1817:Middlewares/Third_Party/FreeRTOS/Source/queue.c **** 			const int8_t cRxLock = pxQueue->cRxLock;
1818:Middlewares/Third_Party/FreeRTOS/Source/queue.c **** 
1819:Middlewares/Third_Party/FreeRTOS/Source/queue.c **** 			traceQUEUE_RECEIVE_FROM_ISR( pxQueue );
1820:Middlewares/Third_Party/FreeRTOS/Source/queue.c **** 
1821:Middlewares/Third_Party/FreeRTOS/Source/queue.c **** 			prvCopyDataFromQueue( pxQueue, pvBuffer );
1822:Middlewares/Third_Party/FreeRTOS/Source/queue.c **** 			pxQueue->uxMessagesWaiting = uxMessagesWaiting - ( UBaseType_t ) 1;
1823:Middlewares/Third_Party/FreeRTOS/Source/queue.c **** 
1824:Middlewares/Third_Party/FreeRTOS/Source/queue.c **** 			/* If the queue is locked the event list will not be modified.
1825:Middlewares/Third_Party/FreeRTOS/Source/queue.c **** 			Instead update the lock count so the task that unlocks the queue
1826:Middlewares/Third_Party/FreeRTOS/Source/queue.c **** 			will know that an ISR has removed data while the queue was
1827:Middlewares/Third_Party/FreeRTOS/Source/queue.c **** 			locked. */
1828:Middlewares/Third_Party/FreeRTOS/Source/queue.c **** 			if( cRxLock == queueUNLOCKED )
1829:Middlewares/Third_Party/FreeRTOS/Source/queue.c **** 			{
1830:Middlewares/Third_Party/FreeRTOS/Source/queue.c **** 				if( listLIST_IS_EMPTY( &( pxQueue->xTasksWaitingToSend ) ) == pdFALSE )
1831:Middlewares/Third_Party/FreeRTOS/Source/queue.c **** 				{
1832:Middlewares/Third_Party/FreeRTOS/Source/queue.c **** 					if( xTaskRemoveFromEventList( &( pxQueue->xTasksWaitingToSend ) ) != pdFALSE )
1833:Middlewares/Third_Party/FreeRTOS/Source/queue.c **** 					{
1834:Middlewares/Third_Party/FreeRTOS/Source/queue.c **** 						/* The task waiting has a higher priority than us so
1835:Middlewares/Third_Party/FreeRTOS/Source/queue.c **** 						force a context switch. */
1836:Middlewares/Third_Party/FreeRTOS/Source/queue.c **** 						if( pxHigherPriorityTaskWoken != NULL )
1837:Middlewares/Third_Party/FreeRTOS/Source/queue.c **** 						{
1838:Middlewares/Third_Party/FreeRTOS/Source/queue.c **** 							*pxHigherPriorityTaskWoken = pdTRUE;
1839:Middlewares/Third_Party/FreeRTOS/Source/queue.c **** 						}
1840:Middlewares/Third_Party/FreeRTOS/Source/queue.c **** 						else
1841:Middlewares/Third_Party/FreeRTOS/Source/queue.c **** 						{
1842:Middlewares/Third_Party/FreeRTOS/Source/queue.c **** 							mtCOVERAGE_TEST_MARKER();
1843:Middlewares/Third_Party/FreeRTOS/Source/queue.c **** 						}
1844:Middlewares/Third_Party/FreeRTOS/Source/queue.c **** 					}
1845:Middlewares/Third_Party/FreeRTOS/Source/queue.c **** 					else
1846:Middlewares/Third_Party/FreeRTOS/Source/queue.c **** 					{
1847:Middlewares/Third_Party/FreeRTOS/Source/queue.c **** 						mtCOVERAGE_TEST_MARKER();
1848:Middlewares/Third_Party/FreeRTOS/Source/queue.c **** 					}
1849:Middlewares/Third_Party/FreeRTOS/Source/queue.c **** 				}
1850:Middlewares/Third_Party/FreeRTOS/Source/queue.c **** 				else
1851:Middlewares/Third_Party/FreeRTOS/Source/queue.c **** 				{
1852:Middlewares/Third_Party/FreeRTOS/Source/queue.c **** 					mtCOVERAGE_TEST_MARKER();
1853:Middlewares/Third_Party/FreeRTOS/Source/queue.c **** 				}
1854:Middlewares/Third_Party/FreeRTOS/Source/queue.c **** 			}
ARM GAS  C:\Users\kalpe\AppData\Local\Temp\ccC8Iu7o.s 			page 34


1855:Middlewares/Third_Party/FreeRTOS/Source/queue.c **** 			else
1856:Middlewares/Third_Party/FreeRTOS/Source/queue.c **** 			{
1857:Middlewares/Third_Party/FreeRTOS/Source/queue.c **** 				/* Increment the lock count so the task that unlocks the queue
1858:Middlewares/Third_Party/FreeRTOS/Source/queue.c **** 				knows that data was removed while it was locked. */
1859:Middlewares/Third_Party/FreeRTOS/Source/queue.c **** 				pxQueue->cRxLock = ( int8_t ) ( cRxLock + 1 );
1860:Middlewares/Third_Party/FreeRTOS/Source/queue.c **** 			}
1861:Middlewares/Third_Party/FreeRTOS/Source/queue.c **** 
1862:Middlewares/Third_Party/FreeRTOS/Source/queue.c **** 			xReturn = pdPASS;
1863:Middlewares/Third_Party/FreeRTOS/Source/queue.c **** 		}
1864:Middlewares/Third_Party/FreeRTOS/Source/queue.c **** 		else
1865:Middlewares/Third_Party/FreeRTOS/Source/queue.c **** 		{
1866:Middlewares/Third_Party/FreeRTOS/Source/queue.c **** 			xReturn = pdFAIL;
1867:Middlewares/Third_Party/FreeRTOS/Source/queue.c **** 			traceQUEUE_RECEIVE_FROM_ISR_FAILED( pxQueue );
1868:Middlewares/Third_Party/FreeRTOS/Source/queue.c **** 		}
1869:Middlewares/Third_Party/FreeRTOS/Source/queue.c **** 	}
1870:Middlewares/Third_Party/FreeRTOS/Source/queue.c **** 	portCLEAR_INTERRUPT_MASK_FROM_ISR( uxSavedInterruptStatus );
1871:Middlewares/Third_Party/FreeRTOS/Source/queue.c **** 
1872:Middlewares/Third_Party/FreeRTOS/Source/queue.c **** 	return xReturn;
1873:Middlewares/Third_Party/FreeRTOS/Source/queue.c **** }
1874:Middlewares/Third_Party/FreeRTOS/Source/queue.c **** /*-----------------------------------------------------------*/
1875:Middlewares/Third_Party/FreeRTOS/Source/queue.c **** 
1876:Middlewares/Third_Party/FreeRTOS/Source/queue.c **** BaseType_t xQueuePeekFromISR( QueueHandle_t xQueue,  void * const pvBuffer )
1877:Middlewares/Third_Party/FreeRTOS/Source/queue.c **** {
1878:Middlewares/Third_Party/FreeRTOS/Source/queue.c **** BaseType_t xReturn;
1879:Middlewares/Third_Party/FreeRTOS/Source/queue.c **** UBaseType_t uxSavedInterruptStatus;
1880:Middlewares/Third_Party/FreeRTOS/Source/queue.c **** int8_t *pcOriginalReadPosition;
1881:Middlewares/Third_Party/FreeRTOS/Source/queue.c **** Queue_t * const pxQueue = xQueue;
1882:Middlewares/Third_Party/FreeRTOS/Source/queue.c **** 
1883:Middlewares/Third_Party/FreeRTOS/Source/queue.c **** 	configASSERT( pxQueue );
1884:Middlewares/Third_Party/FreeRTOS/Source/queue.c **** 	configASSERT( !( ( pvBuffer == NULL ) && ( pxQueue->uxItemSize != ( UBaseType_t ) 0U ) ) );
1885:Middlewares/Third_Party/FreeRTOS/Source/queue.c **** 	configASSERT( pxQueue->uxItemSize != 0 ); /* Can't peek a semaphore. */
1886:Middlewares/Third_Party/FreeRTOS/Source/queue.c **** 
1887:Middlewares/Third_Party/FreeRTOS/Source/queue.c **** 	/* RTOS ports that support interrupt nesting have the concept of a maximum
1888:Middlewares/Third_Party/FreeRTOS/Source/queue.c **** 	system call (or maximum API call) interrupt priority.  Interrupts that are
1889:Middlewares/Third_Party/FreeRTOS/Source/queue.c **** 	above the maximum system call priority are kept permanently enabled, even
1890:Middlewares/Third_Party/FreeRTOS/Source/queue.c **** 	when the RTOS kernel is in a critical section, but cannot make any calls to
1891:Middlewares/Third_Party/FreeRTOS/Source/queue.c **** 	FreeRTOS API functions.  If configASSERT() is defined in FreeRTOSConfig.h
1892:Middlewares/Third_Party/FreeRTOS/Source/queue.c **** 	then portASSERT_IF_INTERRUPT_PRIORITY_INVALID() will result in an assertion
1893:Middlewares/Third_Party/FreeRTOS/Source/queue.c **** 	failure if a FreeRTOS API function is called from an interrupt that has been
1894:Middlewares/Third_Party/FreeRTOS/Source/queue.c **** 	assigned a priority above the configured maximum system call priority.
1895:Middlewares/Third_Party/FreeRTOS/Source/queue.c **** 	Only FreeRTOS functions that end in FromISR can be called from interrupts
1896:Middlewares/Third_Party/FreeRTOS/Source/queue.c **** 	that have been assigned a priority at or (logically) below the maximum
1897:Middlewares/Third_Party/FreeRTOS/Source/queue.c **** 	system call	interrupt priority.  FreeRTOS maintains a separate interrupt
1898:Middlewares/Third_Party/FreeRTOS/Source/queue.c **** 	safe API to ensure interrupt entry is as fast and as simple as possible.
1899:Middlewares/Third_Party/FreeRTOS/Source/queue.c **** 	More information (albeit Cortex-M specific) is provided on the following
1900:Middlewares/Third_Party/FreeRTOS/Source/queue.c **** 	link: http://www.freertos.org/RTOS-Cortex-M3-M4.html */
1901:Middlewares/Third_Party/FreeRTOS/Source/queue.c **** 	portASSERT_IF_INTERRUPT_PRIORITY_INVALID();
1902:Middlewares/Third_Party/FreeRTOS/Source/queue.c **** 
1903:Middlewares/Third_Party/FreeRTOS/Source/queue.c **** 	uxSavedInterruptStatus = portSET_INTERRUPT_MASK_FROM_ISR();
1904:Middlewares/Third_Party/FreeRTOS/Source/queue.c **** 	{
1905:Middlewares/Third_Party/FreeRTOS/Source/queue.c **** 		/* Cannot block in an ISR, so check there is data available. */
1906:Middlewares/Third_Party/FreeRTOS/Source/queue.c **** 		if( pxQueue->uxMessagesWaiting > ( UBaseType_t ) 0 )
1907:Middlewares/Third_Party/FreeRTOS/Source/queue.c **** 		{
1908:Middlewares/Third_Party/FreeRTOS/Source/queue.c **** 			traceQUEUE_PEEK_FROM_ISR( pxQueue );
1909:Middlewares/Third_Party/FreeRTOS/Source/queue.c **** 
1910:Middlewares/Third_Party/FreeRTOS/Source/queue.c **** 			/* Remember the read position so it can be reset as nothing is
1911:Middlewares/Third_Party/FreeRTOS/Source/queue.c **** 			actually being removed from the queue. */
ARM GAS  C:\Users\kalpe\AppData\Local\Temp\ccC8Iu7o.s 			page 35


1912:Middlewares/Third_Party/FreeRTOS/Source/queue.c **** 			pcOriginalReadPosition = pxQueue->u.xQueue.pcReadFrom;
1913:Middlewares/Third_Party/FreeRTOS/Source/queue.c **** 			prvCopyDataFromQueue( pxQueue, pvBuffer );
1914:Middlewares/Third_Party/FreeRTOS/Source/queue.c **** 			pxQueue->u.xQueue.pcReadFrom = pcOriginalReadPosition;
1915:Middlewares/Third_Party/FreeRTOS/Source/queue.c **** 
1916:Middlewares/Third_Party/FreeRTOS/Source/queue.c **** 			xReturn = pdPASS;
1917:Middlewares/Third_Party/FreeRTOS/Source/queue.c **** 		}
1918:Middlewares/Third_Party/FreeRTOS/Source/queue.c **** 		else
1919:Middlewares/Third_Party/FreeRTOS/Source/queue.c **** 		{
1920:Middlewares/Third_Party/FreeRTOS/Source/queue.c **** 			xReturn = pdFAIL;
1921:Middlewares/Third_Party/FreeRTOS/Source/queue.c **** 			traceQUEUE_PEEK_FROM_ISR_FAILED( pxQueue );
1922:Middlewares/Third_Party/FreeRTOS/Source/queue.c **** 		}
1923:Middlewares/Third_Party/FreeRTOS/Source/queue.c **** 	}
1924:Middlewares/Third_Party/FreeRTOS/Source/queue.c **** 	portCLEAR_INTERRUPT_MASK_FROM_ISR( uxSavedInterruptStatus );
1925:Middlewares/Third_Party/FreeRTOS/Source/queue.c **** 
1926:Middlewares/Third_Party/FreeRTOS/Source/queue.c **** 	return xReturn;
1927:Middlewares/Third_Party/FreeRTOS/Source/queue.c **** }
1928:Middlewares/Third_Party/FreeRTOS/Source/queue.c **** /*-----------------------------------------------------------*/
1929:Middlewares/Third_Party/FreeRTOS/Source/queue.c **** 
1930:Middlewares/Third_Party/FreeRTOS/Source/queue.c **** UBaseType_t uxQueueMessagesWaiting( const QueueHandle_t xQueue )
1931:Middlewares/Third_Party/FreeRTOS/Source/queue.c **** {
1932:Middlewares/Third_Party/FreeRTOS/Source/queue.c **** UBaseType_t uxReturn;
1933:Middlewares/Third_Party/FreeRTOS/Source/queue.c **** 
1934:Middlewares/Third_Party/FreeRTOS/Source/queue.c **** 	configASSERT( xQueue );
1935:Middlewares/Third_Party/FreeRTOS/Source/queue.c **** 
1936:Middlewares/Third_Party/FreeRTOS/Source/queue.c **** 	taskENTER_CRITICAL();
1937:Middlewares/Third_Party/FreeRTOS/Source/queue.c **** 	{
1938:Middlewares/Third_Party/FreeRTOS/Source/queue.c **** 		uxReturn = ( ( Queue_t * ) xQueue )->uxMessagesWaiting;
1939:Middlewares/Third_Party/FreeRTOS/Source/queue.c **** 	}
1940:Middlewares/Third_Party/FreeRTOS/Source/queue.c **** 	taskEXIT_CRITICAL();
1941:Middlewares/Third_Party/FreeRTOS/Source/queue.c **** 
1942:Middlewares/Third_Party/FreeRTOS/Source/queue.c **** 	return uxReturn;
1943:Middlewares/Third_Party/FreeRTOS/Source/queue.c **** } /*lint !e818 Pointer cannot be declared const as xQueue is a typedef not pointer. */
1944:Middlewares/Third_Party/FreeRTOS/Source/queue.c **** /*-----------------------------------------------------------*/
1945:Middlewares/Third_Party/FreeRTOS/Source/queue.c **** 
1946:Middlewares/Third_Party/FreeRTOS/Source/queue.c **** UBaseType_t uxQueueSpacesAvailable( const QueueHandle_t xQueue )
1947:Middlewares/Third_Party/FreeRTOS/Source/queue.c **** {
1948:Middlewares/Third_Party/FreeRTOS/Source/queue.c **** UBaseType_t uxReturn;
1949:Middlewares/Third_Party/FreeRTOS/Source/queue.c **** Queue_t * const pxQueue = xQueue;
1950:Middlewares/Third_Party/FreeRTOS/Source/queue.c **** 
1951:Middlewares/Third_Party/FreeRTOS/Source/queue.c **** 	configASSERT( pxQueue );
1952:Middlewares/Third_Party/FreeRTOS/Source/queue.c **** 
1953:Middlewares/Third_Party/FreeRTOS/Source/queue.c **** 	taskENTER_CRITICAL();
1954:Middlewares/Third_Party/FreeRTOS/Source/queue.c **** 	{
1955:Middlewares/Third_Party/FreeRTOS/Source/queue.c **** 		uxReturn = pxQueue->uxLength - pxQueue->uxMessagesWaiting;
1956:Middlewares/Third_Party/FreeRTOS/Source/queue.c **** 	}
1957:Middlewares/Third_Party/FreeRTOS/Source/queue.c **** 	taskEXIT_CRITICAL();
1958:Middlewares/Third_Party/FreeRTOS/Source/queue.c **** 
1959:Middlewares/Third_Party/FreeRTOS/Source/queue.c **** 	return uxReturn;
1960:Middlewares/Third_Party/FreeRTOS/Source/queue.c **** } /*lint !e818 Pointer cannot be declared const as xQueue is a typedef not pointer. */
1961:Middlewares/Third_Party/FreeRTOS/Source/queue.c **** /*-----------------------------------------------------------*/
1962:Middlewares/Third_Party/FreeRTOS/Source/queue.c **** 
1963:Middlewares/Third_Party/FreeRTOS/Source/queue.c **** UBaseType_t uxQueueMessagesWaitingFromISR( const QueueHandle_t xQueue )
1964:Middlewares/Third_Party/FreeRTOS/Source/queue.c **** {
1965:Middlewares/Third_Party/FreeRTOS/Source/queue.c **** UBaseType_t uxReturn;
1966:Middlewares/Third_Party/FreeRTOS/Source/queue.c **** Queue_t * const pxQueue = xQueue;
1967:Middlewares/Third_Party/FreeRTOS/Source/queue.c **** 
1968:Middlewares/Third_Party/FreeRTOS/Source/queue.c **** 	configASSERT( pxQueue );
ARM GAS  C:\Users\kalpe\AppData\Local\Temp\ccC8Iu7o.s 			page 36


1969:Middlewares/Third_Party/FreeRTOS/Source/queue.c **** 	uxReturn = pxQueue->uxMessagesWaiting;
1970:Middlewares/Third_Party/FreeRTOS/Source/queue.c **** 
1971:Middlewares/Third_Party/FreeRTOS/Source/queue.c **** 	return uxReturn;
1972:Middlewares/Third_Party/FreeRTOS/Source/queue.c **** } /*lint !e818 Pointer cannot be declared const as xQueue is a typedef not pointer. */
1973:Middlewares/Third_Party/FreeRTOS/Source/queue.c **** /*-----------------------------------------------------------*/
1974:Middlewares/Third_Party/FreeRTOS/Source/queue.c **** 
1975:Middlewares/Third_Party/FreeRTOS/Source/queue.c **** void vQueueDelete( QueueHandle_t xQueue )
1976:Middlewares/Third_Party/FreeRTOS/Source/queue.c **** {
1977:Middlewares/Third_Party/FreeRTOS/Source/queue.c **** Queue_t * const pxQueue = xQueue;
1978:Middlewares/Third_Party/FreeRTOS/Source/queue.c **** 
1979:Middlewares/Third_Party/FreeRTOS/Source/queue.c **** 	configASSERT( pxQueue );
1980:Middlewares/Third_Party/FreeRTOS/Source/queue.c **** 	traceQUEUE_DELETE( pxQueue );
1981:Middlewares/Third_Party/FreeRTOS/Source/queue.c **** 
1982:Middlewares/Third_Party/FreeRTOS/Source/queue.c **** 	#if ( configQUEUE_REGISTRY_SIZE > 0 )
1983:Middlewares/Third_Party/FreeRTOS/Source/queue.c **** 	{
1984:Middlewares/Third_Party/FreeRTOS/Source/queue.c **** 		vQueueUnregisterQueue( pxQueue );
1985:Middlewares/Third_Party/FreeRTOS/Source/queue.c **** 	}
1986:Middlewares/Third_Party/FreeRTOS/Source/queue.c **** 	#endif
1987:Middlewares/Third_Party/FreeRTOS/Source/queue.c **** 
1988:Middlewares/Third_Party/FreeRTOS/Source/queue.c **** 	#if( ( configSUPPORT_DYNAMIC_ALLOCATION == 1 ) && ( configSUPPORT_STATIC_ALLOCATION == 0 ) )
1989:Middlewares/Third_Party/FreeRTOS/Source/queue.c **** 	{
1990:Middlewares/Third_Party/FreeRTOS/Source/queue.c **** 		/* The queue can only have been allocated dynamically - free it
1991:Middlewares/Third_Party/FreeRTOS/Source/queue.c **** 		again. */
1992:Middlewares/Third_Party/FreeRTOS/Source/queue.c **** 		vPortFree( pxQueue );
1993:Middlewares/Third_Party/FreeRTOS/Source/queue.c **** 	}
1994:Middlewares/Third_Party/FreeRTOS/Source/queue.c **** 	#elif( ( configSUPPORT_DYNAMIC_ALLOCATION == 1 ) && ( configSUPPORT_STATIC_ALLOCATION == 1 ) )
1995:Middlewares/Third_Party/FreeRTOS/Source/queue.c **** 	{
1996:Middlewares/Third_Party/FreeRTOS/Source/queue.c **** 		/* The queue could have been allocated statically or dynamically, so
1997:Middlewares/Third_Party/FreeRTOS/Source/queue.c **** 		check before attempting to free the memory. */
1998:Middlewares/Third_Party/FreeRTOS/Source/queue.c **** 		if( pxQueue->ucStaticallyAllocated == ( uint8_t ) pdFALSE )
1999:Middlewares/Third_Party/FreeRTOS/Source/queue.c **** 		{
2000:Middlewares/Third_Party/FreeRTOS/Source/queue.c **** 			vPortFree( pxQueue );
2001:Middlewares/Third_Party/FreeRTOS/Source/queue.c **** 		}
2002:Middlewares/Third_Party/FreeRTOS/Source/queue.c **** 		else
2003:Middlewares/Third_Party/FreeRTOS/Source/queue.c **** 		{
2004:Middlewares/Third_Party/FreeRTOS/Source/queue.c **** 			mtCOVERAGE_TEST_MARKER();
2005:Middlewares/Third_Party/FreeRTOS/Source/queue.c **** 		}
2006:Middlewares/Third_Party/FreeRTOS/Source/queue.c **** 	}
2007:Middlewares/Third_Party/FreeRTOS/Source/queue.c **** 	#else
2008:Middlewares/Third_Party/FreeRTOS/Source/queue.c **** 	{
2009:Middlewares/Third_Party/FreeRTOS/Source/queue.c **** 		/* The queue must have been statically allocated, so is not going to be
2010:Middlewares/Third_Party/FreeRTOS/Source/queue.c **** 		deleted.  Avoid compiler warnings about the unused parameter. */
2011:Middlewares/Third_Party/FreeRTOS/Source/queue.c **** 		( void ) pxQueue;
2012:Middlewares/Third_Party/FreeRTOS/Source/queue.c **** 	}
2013:Middlewares/Third_Party/FreeRTOS/Source/queue.c **** 	#endif /* configSUPPORT_DYNAMIC_ALLOCATION */
2014:Middlewares/Third_Party/FreeRTOS/Source/queue.c **** }
2015:Middlewares/Third_Party/FreeRTOS/Source/queue.c **** /*-----------------------------------------------------------*/
2016:Middlewares/Third_Party/FreeRTOS/Source/queue.c **** 
2017:Middlewares/Third_Party/FreeRTOS/Source/queue.c **** #if ( configUSE_TRACE_FACILITY == 1 )
2018:Middlewares/Third_Party/FreeRTOS/Source/queue.c **** 
2019:Middlewares/Third_Party/FreeRTOS/Source/queue.c **** 	UBaseType_t uxQueueGetQueueNumber( QueueHandle_t xQueue )
2020:Middlewares/Third_Party/FreeRTOS/Source/queue.c **** 	{
2021:Middlewares/Third_Party/FreeRTOS/Source/queue.c **** 		return ( ( Queue_t * ) xQueue )->uxQueueNumber;
2022:Middlewares/Third_Party/FreeRTOS/Source/queue.c **** 	}
2023:Middlewares/Third_Party/FreeRTOS/Source/queue.c **** 
2024:Middlewares/Third_Party/FreeRTOS/Source/queue.c **** #endif /* configUSE_TRACE_FACILITY */
2025:Middlewares/Third_Party/FreeRTOS/Source/queue.c **** /*-----------------------------------------------------------*/
ARM GAS  C:\Users\kalpe\AppData\Local\Temp\ccC8Iu7o.s 			page 37


2026:Middlewares/Third_Party/FreeRTOS/Source/queue.c **** 
2027:Middlewares/Third_Party/FreeRTOS/Source/queue.c **** #if ( configUSE_TRACE_FACILITY == 1 )
2028:Middlewares/Third_Party/FreeRTOS/Source/queue.c **** 
2029:Middlewares/Third_Party/FreeRTOS/Source/queue.c **** 	void vQueueSetQueueNumber( QueueHandle_t xQueue, UBaseType_t uxQueueNumber )
2030:Middlewares/Third_Party/FreeRTOS/Source/queue.c **** 	{
2031:Middlewares/Third_Party/FreeRTOS/Source/queue.c **** 		( ( Queue_t * ) xQueue )->uxQueueNumber = uxQueueNumber;
2032:Middlewares/Third_Party/FreeRTOS/Source/queue.c **** 	}
2033:Middlewares/Third_Party/FreeRTOS/Source/queue.c **** 
2034:Middlewares/Third_Party/FreeRTOS/Source/queue.c **** #endif /* configUSE_TRACE_FACILITY */
2035:Middlewares/Third_Party/FreeRTOS/Source/queue.c **** /*-----------------------------------------------------------*/
2036:Middlewares/Third_Party/FreeRTOS/Source/queue.c **** 
2037:Middlewares/Third_Party/FreeRTOS/Source/queue.c **** #if ( configUSE_TRACE_FACILITY == 1 )
2038:Middlewares/Third_Party/FreeRTOS/Source/queue.c **** 
2039:Middlewares/Third_Party/FreeRTOS/Source/queue.c **** 	uint8_t ucQueueGetQueueType( QueueHandle_t xQueue )
2040:Middlewares/Third_Party/FreeRTOS/Source/queue.c **** 	{
2041:Middlewares/Third_Party/FreeRTOS/Source/queue.c **** 		return ( ( Queue_t * ) xQueue )->ucQueueType;
2042:Middlewares/Third_Party/FreeRTOS/Source/queue.c **** 	}
2043:Middlewares/Third_Party/FreeRTOS/Source/queue.c **** 
2044:Middlewares/Third_Party/FreeRTOS/Source/queue.c **** #endif /* configUSE_TRACE_FACILITY */
2045:Middlewares/Third_Party/FreeRTOS/Source/queue.c **** /*-----------------------------------------------------------*/
2046:Middlewares/Third_Party/FreeRTOS/Source/queue.c **** 
2047:Middlewares/Third_Party/FreeRTOS/Source/queue.c **** #if( configUSE_MUTEXES == 1 )
2048:Middlewares/Third_Party/FreeRTOS/Source/queue.c **** 
2049:Middlewares/Third_Party/FreeRTOS/Source/queue.c **** 	static UBaseType_t prvGetDisinheritPriorityAfterTimeout( const Queue_t * const pxQueue )
2050:Middlewares/Third_Party/FreeRTOS/Source/queue.c **** 	{
  29              		.loc 1 2050 2 view -0
  30              		.cfi_startproc
  31              		@ args = 0, pretend = 0, frame = 0
  32              		@ frame_needed = 0, uses_anonymous_args = 0
  33              		@ link register save eliminated.
  34              		.loc 1 2050 2 is_stmt 0 view .LVU1
  35 0000 0346     		mov	r3, r0
2051:Middlewares/Third_Party/FreeRTOS/Source/queue.c **** 	UBaseType_t uxHighestPriorityOfWaitingTasks;
  36              		.loc 1 2051 2 is_stmt 1 view .LVU2
2052:Middlewares/Third_Party/FreeRTOS/Source/queue.c **** 
2053:Middlewares/Third_Party/FreeRTOS/Source/queue.c **** 		/* If a task waiting for a mutex causes the mutex holder to inherit a
2054:Middlewares/Third_Party/FreeRTOS/Source/queue.c **** 		priority, but the waiting task times out, then the holder should
2055:Middlewares/Third_Party/FreeRTOS/Source/queue.c **** 		disinherit the priority - but only down to the highest priority of any
2056:Middlewares/Third_Party/FreeRTOS/Source/queue.c **** 		other tasks that are waiting for the same mutex.  For this purpose,
2057:Middlewares/Third_Party/FreeRTOS/Source/queue.c **** 		return the priority of the highest priority task that is waiting for the
2058:Middlewares/Third_Party/FreeRTOS/Source/queue.c **** 		mutex. */
2059:Middlewares/Third_Party/FreeRTOS/Source/queue.c **** 		if( listCURRENT_LIST_LENGTH( &( pxQueue->xTasksWaitingToReceive ) ) > 0U )
  37              		.loc 1 2059 3 view .LVU3
  38              		.loc 1 2059 7 is_stmt 0 view .LVU4
  39 0002 406A     		ldr	r0, [r0, #36]
  40              	.LVL1:
  41              		.loc 1 2059 5 view .LVU5
  42 0004 18B1     		cbz	r0, .L1
2060:Middlewares/Third_Party/FreeRTOS/Source/queue.c **** 		{
2061:Middlewares/Third_Party/FreeRTOS/Source/queue.c **** 			uxHighestPriorityOfWaitingTasks = ( UBaseType_t ) configMAX_PRIORITIES - ( UBaseType_t ) listGET
  43              		.loc 1 2061 4 is_stmt 1 view .LVU6
  44              		.loc 1 2061 93 is_stmt 0 view .LVU7
  45 0006 1B6B     		ldr	r3, [r3, #48]
  46              	.LVL2:
  47              		.loc 1 2061 93 view .LVU8
  48 0008 1868     		ldr	r0, [r3]
  49              		.loc 1 2061 36 view .LVU9
ARM GAS  C:\Users\kalpe\AppData\Local\Temp\ccC8Iu7o.s 			page 38


  50 000a C0F13800 		rsb	r0, r0, #56
  51              	.LVL3:
2062:Middlewares/Third_Party/FreeRTOS/Source/queue.c **** 		}
2063:Middlewares/Third_Party/FreeRTOS/Source/queue.c **** 		else
2064:Middlewares/Third_Party/FreeRTOS/Source/queue.c **** 		{
2065:Middlewares/Third_Party/FreeRTOS/Source/queue.c **** 			uxHighestPriorityOfWaitingTasks = tskIDLE_PRIORITY;
2066:Middlewares/Third_Party/FreeRTOS/Source/queue.c **** 		}
2067:Middlewares/Third_Party/FreeRTOS/Source/queue.c **** 
2068:Middlewares/Third_Party/FreeRTOS/Source/queue.c **** 		return uxHighestPriorityOfWaitingTasks;
  52              		.loc 1 2068 3 is_stmt 1 view .LVU10
  53              	.L1:
2069:Middlewares/Third_Party/FreeRTOS/Source/queue.c **** 	}
  54              		.loc 1 2069 2 is_stmt 0 view .LVU11
  55 000e 7047     		bx	lr
  56              		.cfi_endproc
  57              	.LFE32:
  59              		.section	.text.prvIsQueueFull,"ax",%progbits
  60              		.align	1
  61              		.syntax unified
  62              		.thumb
  63              		.thumb_func
  65              	prvIsQueueFull:
  66              	.LVL4:
  67              	.LFB38:
2070:Middlewares/Third_Party/FreeRTOS/Source/queue.c **** 
2071:Middlewares/Third_Party/FreeRTOS/Source/queue.c **** #endif /* configUSE_MUTEXES */
2072:Middlewares/Third_Party/FreeRTOS/Source/queue.c **** /*-----------------------------------------------------------*/
2073:Middlewares/Third_Party/FreeRTOS/Source/queue.c **** 
2074:Middlewares/Third_Party/FreeRTOS/Source/queue.c **** static BaseType_t prvCopyDataToQueue( Queue_t * const pxQueue, const void *pvItemToQueue, const Bas
2075:Middlewares/Third_Party/FreeRTOS/Source/queue.c **** {
2076:Middlewares/Third_Party/FreeRTOS/Source/queue.c **** BaseType_t xReturn = pdFALSE;
2077:Middlewares/Third_Party/FreeRTOS/Source/queue.c **** UBaseType_t uxMessagesWaiting;
2078:Middlewares/Third_Party/FreeRTOS/Source/queue.c **** 
2079:Middlewares/Third_Party/FreeRTOS/Source/queue.c **** 	/* This function is called from a critical section. */
2080:Middlewares/Third_Party/FreeRTOS/Source/queue.c **** 
2081:Middlewares/Third_Party/FreeRTOS/Source/queue.c **** 	uxMessagesWaiting = pxQueue->uxMessagesWaiting;
2082:Middlewares/Third_Party/FreeRTOS/Source/queue.c **** 
2083:Middlewares/Third_Party/FreeRTOS/Source/queue.c **** 	if( pxQueue->uxItemSize == ( UBaseType_t ) 0 )
2084:Middlewares/Third_Party/FreeRTOS/Source/queue.c **** 	{
2085:Middlewares/Third_Party/FreeRTOS/Source/queue.c **** 		#if ( configUSE_MUTEXES == 1 )
2086:Middlewares/Third_Party/FreeRTOS/Source/queue.c **** 		{
2087:Middlewares/Third_Party/FreeRTOS/Source/queue.c **** 			if( pxQueue->uxQueueType == queueQUEUE_IS_MUTEX )
2088:Middlewares/Third_Party/FreeRTOS/Source/queue.c **** 			{
2089:Middlewares/Third_Party/FreeRTOS/Source/queue.c **** 				/* The mutex is no longer being held. */
2090:Middlewares/Third_Party/FreeRTOS/Source/queue.c **** 				xReturn = xTaskPriorityDisinherit( pxQueue->u.xSemaphore.xMutexHolder );
2091:Middlewares/Third_Party/FreeRTOS/Source/queue.c **** 				pxQueue->u.xSemaphore.xMutexHolder = NULL;
2092:Middlewares/Third_Party/FreeRTOS/Source/queue.c **** 			}
2093:Middlewares/Third_Party/FreeRTOS/Source/queue.c **** 			else
2094:Middlewares/Third_Party/FreeRTOS/Source/queue.c **** 			{
2095:Middlewares/Third_Party/FreeRTOS/Source/queue.c **** 				mtCOVERAGE_TEST_MARKER();
2096:Middlewares/Third_Party/FreeRTOS/Source/queue.c **** 			}
2097:Middlewares/Third_Party/FreeRTOS/Source/queue.c **** 		}
2098:Middlewares/Third_Party/FreeRTOS/Source/queue.c **** 		#endif /* configUSE_MUTEXES */
2099:Middlewares/Third_Party/FreeRTOS/Source/queue.c **** 	}
2100:Middlewares/Third_Party/FreeRTOS/Source/queue.c **** 	else if( xPosition == queueSEND_TO_BACK )
2101:Middlewares/Third_Party/FreeRTOS/Source/queue.c **** 	{
2102:Middlewares/Third_Party/FreeRTOS/Source/queue.c **** 		( void ) memcpy( ( void * ) pxQueue->pcWriteTo, pvItemToQueue, ( size_t ) pxQueue->uxItemSize ); 
ARM GAS  C:\Users\kalpe\AppData\Local\Temp\ccC8Iu7o.s 			page 39


2103:Middlewares/Third_Party/FreeRTOS/Source/queue.c **** 		pxQueue->pcWriteTo += pxQueue->uxItemSize; /*lint !e9016 Pointer arithmetic on char types ok, esp
2104:Middlewares/Third_Party/FreeRTOS/Source/queue.c **** 		if( pxQueue->pcWriteTo >= pxQueue->u.xQueue.pcTail ) /*lint !e946 MISRA exception justified as co
2105:Middlewares/Third_Party/FreeRTOS/Source/queue.c **** 		{
2106:Middlewares/Third_Party/FreeRTOS/Source/queue.c **** 			pxQueue->pcWriteTo = pxQueue->pcHead;
2107:Middlewares/Third_Party/FreeRTOS/Source/queue.c **** 		}
2108:Middlewares/Third_Party/FreeRTOS/Source/queue.c **** 		else
2109:Middlewares/Third_Party/FreeRTOS/Source/queue.c **** 		{
2110:Middlewares/Third_Party/FreeRTOS/Source/queue.c **** 			mtCOVERAGE_TEST_MARKER();
2111:Middlewares/Third_Party/FreeRTOS/Source/queue.c **** 		}
2112:Middlewares/Third_Party/FreeRTOS/Source/queue.c **** 	}
2113:Middlewares/Third_Party/FreeRTOS/Source/queue.c **** 	else
2114:Middlewares/Third_Party/FreeRTOS/Source/queue.c **** 	{
2115:Middlewares/Third_Party/FreeRTOS/Source/queue.c **** 		( void ) memcpy( ( void * ) pxQueue->u.xQueue.pcReadFrom, pvItemToQueue, ( size_t ) pxQueue->uxIt
2116:Middlewares/Third_Party/FreeRTOS/Source/queue.c **** 		pxQueue->u.xQueue.pcReadFrom -= pxQueue->uxItemSize;
2117:Middlewares/Third_Party/FreeRTOS/Source/queue.c **** 		if( pxQueue->u.xQueue.pcReadFrom < pxQueue->pcHead ) /*lint !e946 MISRA exception justified as co
2118:Middlewares/Third_Party/FreeRTOS/Source/queue.c **** 		{
2119:Middlewares/Third_Party/FreeRTOS/Source/queue.c **** 			pxQueue->u.xQueue.pcReadFrom = ( pxQueue->u.xQueue.pcTail - pxQueue->uxItemSize );
2120:Middlewares/Third_Party/FreeRTOS/Source/queue.c **** 		}
2121:Middlewares/Third_Party/FreeRTOS/Source/queue.c **** 		else
2122:Middlewares/Third_Party/FreeRTOS/Source/queue.c **** 		{
2123:Middlewares/Third_Party/FreeRTOS/Source/queue.c **** 			mtCOVERAGE_TEST_MARKER();
2124:Middlewares/Third_Party/FreeRTOS/Source/queue.c **** 		}
2125:Middlewares/Third_Party/FreeRTOS/Source/queue.c **** 
2126:Middlewares/Third_Party/FreeRTOS/Source/queue.c **** 		if( xPosition == queueOVERWRITE )
2127:Middlewares/Third_Party/FreeRTOS/Source/queue.c **** 		{
2128:Middlewares/Third_Party/FreeRTOS/Source/queue.c **** 			if( uxMessagesWaiting > ( UBaseType_t ) 0 )
2129:Middlewares/Third_Party/FreeRTOS/Source/queue.c **** 			{
2130:Middlewares/Third_Party/FreeRTOS/Source/queue.c **** 				/* An item is not being added but overwritten, so subtract
2131:Middlewares/Third_Party/FreeRTOS/Source/queue.c **** 				one from the recorded number of items in the queue so when
2132:Middlewares/Third_Party/FreeRTOS/Source/queue.c **** 				one is added again below the number of recorded items remains
2133:Middlewares/Third_Party/FreeRTOS/Source/queue.c **** 				correct. */
2134:Middlewares/Third_Party/FreeRTOS/Source/queue.c **** 				--uxMessagesWaiting;
2135:Middlewares/Third_Party/FreeRTOS/Source/queue.c **** 			}
2136:Middlewares/Third_Party/FreeRTOS/Source/queue.c **** 			else
2137:Middlewares/Third_Party/FreeRTOS/Source/queue.c **** 			{
2138:Middlewares/Third_Party/FreeRTOS/Source/queue.c **** 				mtCOVERAGE_TEST_MARKER();
2139:Middlewares/Third_Party/FreeRTOS/Source/queue.c **** 			}
2140:Middlewares/Third_Party/FreeRTOS/Source/queue.c **** 		}
2141:Middlewares/Third_Party/FreeRTOS/Source/queue.c **** 		else
2142:Middlewares/Third_Party/FreeRTOS/Source/queue.c **** 		{
2143:Middlewares/Third_Party/FreeRTOS/Source/queue.c **** 			mtCOVERAGE_TEST_MARKER();
2144:Middlewares/Third_Party/FreeRTOS/Source/queue.c **** 		}
2145:Middlewares/Third_Party/FreeRTOS/Source/queue.c **** 	}
2146:Middlewares/Third_Party/FreeRTOS/Source/queue.c **** 
2147:Middlewares/Third_Party/FreeRTOS/Source/queue.c **** 	pxQueue->uxMessagesWaiting = uxMessagesWaiting + ( UBaseType_t ) 1;
2148:Middlewares/Third_Party/FreeRTOS/Source/queue.c **** 
2149:Middlewares/Third_Party/FreeRTOS/Source/queue.c **** 	return xReturn;
2150:Middlewares/Third_Party/FreeRTOS/Source/queue.c **** }
2151:Middlewares/Third_Party/FreeRTOS/Source/queue.c **** /*-----------------------------------------------------------*/
2152:Middlewares/Third_Party/FreeRTOS/Source/queue.c **** 
2153:Middlewares/Third_Party/FreeRTOS/Source/queue.c **** static void prvCopyDataFromQueue( Queue_t * const pxQueue, void * const pvBuffer )
2154:Middlewares/Third_Party/FreeRTOS/Source/queue.c **** {
2155:Middlewares/Third_Party/FreeRTOS/Source/queue.c **** 	if( pxQueue->uxItemSize != ( UBaseType_t ) 0 )
2156:Middlewares/Third_Party/FreeRTOS/Source/queue.c **** 	{
2157:Middlewares/Third_Party/FreeRTOS/Source/queue.c **** 		pxQueue->u.xQueue.pcReadFrom += pxQueue->uxItemSize; /*lint !e9016 Pointer arithmetic on char typ
2158:Middlewares/Third_Party/FreeRTOS/Source/queue.c **** 		if( pxQueue->u.xQueue.pcReadFrom >= pxQueue->u.xQueue.pcTail ) /*lint !e946 MISRA exception justi
2159:Middlewares/Third_Party/FreeRTOS/Source/queue.c **** 		{
ARM GAS  C:\Users\kalpe\AppData\Local\Temp\ccC8Iu7o.s 			page 40


2160:Middlewares/Third_Party/FreeRTOS/Source/queue.c **** 			pxQueue->u.xQueue.pcReadFrom = pxQueue->pcHead;
2161:Middlewares/Third_Party/FreeRTOS/Source/queue.c **** 		}
2162:Middlewares/Third_Party/FreeRTOS/Source/queue.c **** 		else
2163:Middlewares/Third_Party/FreeRTOS/Source/queue.c **** 		{
2164:Middlewares/Third_Party/FreeRTOS/Source/queue.c **** 			mtCOVERAGE_TEST_MARKER();
2165:Middlewares/Third_Party/FreeRTOS/Source/queue.c **** 		}
2166:Middlewares/Third_Party/FreeRTOS/Source/queue.c **** 		( void ) memcpy( ( void * ) pvBuffer, ( void * ) pxQueue->u.xQueue.pcReadFrom, ( size_t ) pxQueue
2167:Middlewares/Third_Party/FreeRTOS/Source/queue.c **** 	}
2168:Middlewares/Third_Party/FreeRTOS/Source/queue.c **** }
2169:Middlewares/Third_Party/FreeRTOS/Source/queue.c **** /*-----------------------------------------------------------*/
2170:Middlewares/Third_Party/FreeRTOS/Source/queue.c **** 
2171:Middlewares/Third_Party/FreeRTOS/Source/queue.c **** static void prvUnlockQueue( Queue_t * const pxQueue )
2172:Middlewares/Third_Party/FreeRTOS/Source/queue.c **** {
2173:Middlewares/Third_Party/FreeRTOS/Source/queue.c **** 	/* THIS FUNCTION MUST BE CALLED WITH THE SCHEDULER SUSPENDED. */
2174:Middlewares/Third_Party/FreeRTOS/Source/queue.c **** 
2175:Middlewares/Third_Party/FreeRTOS/Source/queue.c **** 	/* The lock counts contains the number of extra data items placed or
2176:Middlewares/Third_Party/FreeRTOS/Source/queue.c **** 	removed from the queue while the queue was locked.  When a queue is
2177:Middlewares/Third_Party/FreeRTOS/Source/queue.c **** 	locked items can be added or removed, but the event lists cannot be
2178:Middlewares/Third_Party/FreeRTOS/Source/queue.c **** 	updated. */
2179:Middlewares/Third_Party/FreeRTOS/Source/queue.c **** 	taskENTER_CRITICAL();
2180:Middlewares/Third_Party/FreeRTOS/Source/queue.c **** 	{
2181:Middlewares/Third_Party/FreeRTOS/Source/queue.c **** 		int8_t cTxLock = pxQueue->cTxLock;
2182:Middlewares/Third_Party/FreeRTOS/Source/queue.c **** 
2183:Middlewares/Third_Party/FreeRTOS/Source/queue.c **** 		/* See if data was added to the queue while it was locked. */
2184:Middlewares/Third_Party/FreeRTOS/Source/queue.c **** 		while( cTxLock > queueLOCKED_UNMODIFIED )
2185:Middlewares/Third_Party/FreeRTOS/Source/queue.c **** 		{
2186:Middlewares/Third_Party/FreeRTOS/Source/queue.c **** 			/* Data was posted while the queue was locked.  Are any tasks
2187:Middlewares/Third_Party/FreeRTOS/Source/queue.c **** 			blocked waiting for data to become available? */
2188:Middlewares/Third_Party/FreeRTOS/Source/queue.c **** 			#if ( configUSE_QUEUE_SETS == 1 )
2189:Middlewares/Third_Party/FreeRTOS/Source/queue.c **** 			{
2190:Middlewares/Third_Party/FreeRTOS/Source/queue.c **** 				if( pxQueue->pxQueueSetContainer != NULL )
2191:Middlewares/Third_Party/FreeRTOS/Source/queue.c **** 				{
2192:Middlewares/Third_Party/FreeRTOS/Source/queue.c **** 					if( prvNotifyQueueSetContainer( pxQueue ) != pdFALSE )
2193:Middlewares/Third_Party/FreeRTOS/Source/queue.c **** 					{
2194:Middlewares/Third_Party/FreeRTOS/Source/queue.c **** 						/* The queue is a member of a queue set, and posting to
2195:Middlewares/Third_Party/FreeRTOS/Source/queue.c **** 						the queue set caused a higher priority task to unblock.
2196:Middlewares/Third_Party/FreeRTOS/Source/queue.c **** 						A context switch is required. */
2197:Middlewares/Third_Party/FreeRTOS/Source/queue.c **** 						vTaskMissedYield();
2198:Middlewares/Third_Party/FreeRTOS/Source/queue.c **** 					}
2199:Middlewares/Third_Party/FreeRTOS/Source/queue.c **** 					else
2200:Middlewares/Third_Party/FreeRTOS/Source/queue.c **** 					{
2201:Middlewares/Third_Party/FreeRTOS/Source/queue.c **** 						mtCOVERAGE_TEST_MARKER();
2202:Middlewares/Third_Party/FreeRTOS/Source/queue.c **** 					}
2203:Middlewares/Third_Party/FreeRTOS/Source/queue.c **** 				}
2204:Middlewares/Third_Party/FreeRTOS/Source/queue.c **** 				else
2205:Middlewares/Third_Party/FreeRTOS/Source/queue.c **** 				{
2206:Middlewares/Third_Party/FreeRTOS/Source/queue.c **** 					/* Tasks that are removed from the event list will get
2207:Middlewares/Third_Party/FreeRTOS/Source/queue.c **** 					added to the pending ready list as the scheduler is still
2208:Middlewares/Third_Party/FreeRTOS/Source/queue.c **** 					suspended. */
2209:Middlewares/Third_Party/FreeRTOS/Source/queue.c **** 					if( listLIST_IS_EMPTY( &( pxQueue->xTasksWaitingToReceive ) ) == pdFALSE )
2210:Middlewares/Third_Party/FreeRTOS/Source/queue.c **** 					{
2211:Middlewares/Third_Party/FreeRTOS/Source/queue.c **** 						if( xTaskRemoveFromEventList( &( pxQueue->xTasksWaitingToReceive ) ) != pdFALSE )
2212:Middlewares/Third_Party/FreeRTOS/Source/queue.c **** 						{
2213:Middlewares/Third_Party/FreeRTOS/Source/queue.c **** 							/* The task waiting has a higher priority so record that a
2214:Middlewares/Third_Party/FreeRTOS/Source/queue.c **** 							context	switch is required. */
2215:Middlewares/Third_Party/FreeRTOS/Source/queue.c **** 							vTaskMissedYield();
2216:Middlewares/Third_Party/FreeRTOS/Source/queue.c **** 						}
ARM GAS  C:\Users\kalpe\AppData\Local\Temp\ccC8Iu7o.s 			page 41


2217:Middlewares/Third_Party/FreeRTOS/Source/queue.c **** 						else
2218:Middlewares/Third_Party/FreeRTOS/Source/queue.c **** 						{
2219:Middlewares/Third_Party/FreeRTOS/Source/queue.c **** 							mtCOVERAGE_TEST_MARKER();
2220:Middlewares/Third_Party/FreeRTOS/Source/queue.c **** 						}
2221:Middlewares/Third_Party/FreeRTOS/Source/queue.c **** 					}
2222:Middlewares/Third_Party/FreeRTOS/Source/queue.c **** 					else
2223:Middlewares/Third_Party/FreeRTOS/Source/queue.c **** 					{
2224:Middlewares/Third_Party/FreeRTOS/Source/queue.c **** 						break;
2225:Middlewares/Third_Party/FreeRTOS/Source/queue.c **** 					}
2226:Middlewares/Third_Party/FreeRTOS/Source/queue.c **** 				}
2227:Middlewares/Third_Party/FreeRTOS/Source/queue.c **** 			}
2228:Middlewares/Third_Party/FreeRTOS/Source/queue.c **** 			#else /* configUSE_QUEUE_SETS */
2229:Middlewares/Third_Party/FreeRTOS/Source/queue.c **** 			{
2230:Middlewares/Third_Party/FreeRTOS/Source/queue.c **** 				/* Tasks that are removed from the event list will get added to
2231:Middlewares/Third_Party/FreeRTOS/Source/queue.c **** 				the pending ready list as the scheduler is still suspended. */
2232:Middlewares/Third_Party/FreeRTOS/Source/queue.c **** 				if( listLIST_IS_EMPTY( &( pxQueue->xTasksWaitingToReceive ) ) == pdFALSE )
2233:Middlewares/Third_Party/FreeRTOS/Source/queue.c **** 				{
2234:Middlewares/Third_Party/FreeRTOS/Source/queue.c **** 					if( xTaskRemoveFromEventList( &( pxQueue->xTasksWaitingToReceive ) ) != pdFALSE )
2235:Middlewares/Third_Party/FreeRTOS/Source/queue.c **** 					{
2236:Middlewares/Third_Party/FreeRTOS/Source/queue.c **** 						/* The task waiting has a higher priority so record that
2237:Middlewares/Third_Party/FreeRTOS/Source/queue.c **** 						a context switch is required. */
2238:Middlewares/Third_Party/FreeRTOS/Source/queue.c **** 						vTaskMissedYield();
2239:Middlewares/Third_Party/FreeRTOS/Source/queue.c **** 					}
2240:Middlewares/Third_Party/FreeRTOS/Source/queue.c **** 					else
2241:Middlewares/Third_Party/FreeRTOS/Source/queue.c **** 					{
2242:Middlewares/Third_Party/FreeRTOS/Source/queue.c **** 						mtCOVERAGE_TEST_MARKER();
2243:Middlewares/Third_Party/FreeRTOS/Source/queue.c **** 					}
2244:Middlewares/Third_Party/FreeRTOS/Source/queue.c **** 				}
2245:Middlewares/Third_Party/FreeRTOS/Source/queue.c **** 				else
2246:Middlewares/Third_Party/FreeRTOS/Source/queue.c **** 				{
2247:Middlewares/Third_Party/FreeRTOS/Source/queue.c **** 					break;
2248:Middlewares/Third_Party/FreeRTOS/Source/queue.c **** 				}
2249:Middlewares/Third_Party/FreeRTOS/Source/queue.c **** 			}
2250:Middlewares/Third_Party/FreeRTOS/Source/queue.c **** 			#endif /* configUSE_QUEUE_SETS */
2251:Middlewares/Third_Party/FreeRTOS/Source/queue.c **** 
2252:Middlewares/Third_Party/FreeRTOS/Source/queue.c **** 			--cTxLock;
2253:Middlewares/Third_Party/FreeRTOS/Source/queue.c **** 		}
2254:Middlewares/Third_Party/FreeRTOS/Source/queue.c **** 
2255:Middlewares/Third_Party/FreeRTOS/Source/queue.c **** 		pxQueue->cTxLock = queueUNLOCKED;
2256:Middlewares/Third_Party/FreeRTOS/Source/queue.c **** 	}
2257:Middlewares/Third_Party/FreeRTOS/Source/queue.c **** 	taskEXIT_CRITICAL();
2258:Middlewares/Third_Party/FreeRTOS/Source/queue.c **** 
2259:Middlewares/Third_Party/FreeRTOS/Source/queue.c **** 	/* Do the same for the Rx lock. */
2260:Middlewares/Third_Party/FreeRTOS/Source/queue.c **** 	taskENTER_CRITICAL();
2261:Middlewares/Third_Party/FreeRTOS/Source/queue.c **** 	{
2262:Middlewares/Third_Party/FreeRTOS/Source/queue.c **** 		int8_t cRxLock = pxQueue->cRxLock;
2263:Middlewares/Third_Party/FreeRTOS/Source/queue.c **** 
2264:Middlewares/Third_Party/FreeRTOS/Source/queue.c **** 		while( cRxLock > queueLOCKED_UNMODIFIED )
2265:Middlewares/Third_Party/FreeRTOS/Source/queue.c **** 		{
2266:Middlewares/Third_Party/FreeRTOS/Source/queue.c **** 			if( listLIST_IS_EMPTY( &( pxQueue->xTasksWaitingToSend ) ) == pdFALSE )
2267:Middlewares/Third_Party/FreeRTOS/Source/queue.c **** 			{
2268:Middlewares/Third_Party/FreeRTOS/Source/queue.c **** 				if( xTaskRemoveFromEventList( &( pxQueue->xTasksWaitingToSend ) ) != pdFALSE )
2269:Middlewares/Third_Party/FreeRTOS/Source/queue.c **** 				{
2270:Middlewares/Third_Party/FreeRTOS/Source/queue.c **** 					vTaskMissedYield();
2271:Middlewares/Third_Party/FreeRTOS/Source/queue.c **** 				}
2272:Middlewares/Third_Party/FreeRTOS/Source/queue.c **** 				else
2273:Middlewares/Third_Party/FreeRTOS/Source/queue.c **** 				{
ARM GAS  C:\Users\kalpe\AppData\Local\Temp\ccC8Iu7o.s 			page 42


2274:Middlewares/Third_Party/FreeRTOS/Source/queue.c **** 					mtCOVERAGE_TEST_MARKER();
2275:Middlewares/Third_Party/FreeRTOS/Source/queue.c **** 				}
2276:Middlewares/Third_Party/FreeRTOS/Source/queue.c **** 
2277:Middlewares/Third_Party/FreeRTOS/Source/queue.c **** 				--cRxLock;
2278:Middlewares/Third_Party/FreeRTOS/Source/queue.c **** 			}
2279:Middlewares/Third_Party/FreeRTOS/Source/queue.c **** 			else
2280:Middlewares/Third_Party/FreeRTOS/Source/queue.c **** 			{
2281:Middlewares/Third_Party/FreeRTOS/Source/queue.c **** 				break;
2282:Middlewares/Third_Party/FreeRTOS/Source/queue.c **** 			}
2283:Middlewares/Third_Party/FreeRTOS/Source/queue.c **** 		}
2284:Middlewares/Third_Party/FreeRTOS/Source/queue.c **** 
2285:Middlewares/Third_Party/FreeRTOS/Source/queue.c **** 		pxQueue->cRxLock = queueUNLOCKED;
2286:Middlewares/Third_Party/FreeRTOS/Source/queue.c **** 	}
2287:Middlewares/Third_Party/FreeRTOS/Source/queue.c **** 	taskEXIT_CRITICAL();
2288:Middlewares/Third_Party/FreeRTOS/Source/queue.c **** }
2289:Middlewares/Third_Party/FreeRTOS/Source/queue.c **** /*-----------------------------------------------------------*/
2290:Middlewares/Third_Party/FreeRTOS/Source/queue.c **** 
2291:Middlewares/Third_Party/FreeRTOS/Source/queue.c **** static BaseType_t prvIsQueueEmpty( const Queue_t *pxQueue )
2292:Middlewares/Third_Party/FreeRTOS/Source/queue.c **** {
2293:Middlewares/Third_Party/FreeRTOS/Source/queue.c **** BaseType_t xReturn;
2294:Middlewares/Third_Party/FreeRTOS/Source/queue.c **** 
2295:Middlewares/Third_Party/FreeRTOS/Source/queue.c **** 	taskENTER_CRITICAL();
2296:Middlewares/Third_Party/FreeRTOS/Source/queue.c **** 	{
2297:Middlewares/Third_Party/FreeRTOS/Source/queue.c **** 		if( pxQueue->uxMessagesWaiting == ( UBaseType_t )  0 )
2298:Middlewares/Third_Party/FreeRTOS/Source/queue.c **** 		{
2299:Middlewares/Third_Party/FreeRTOS/Source/queue.c **** 			xReturn = pdTRUE;
2300:Middlewares/Third_Party/FreeRTOS/Source/queue.c **** 		}
2301:Middlewares/Third_Party/FreeRTOS/Source/queue.c **** 		else
2302:Middlewares/Third_Party/FreeRTOS/Source/queue.c **** 		{
2303:Middlewares/Third_Party/FreeRTOS/Source/queue.c **** 			xReturn = pdFALSE;
2304:Middlewares/Third_Party/FreeRTOS/Source/queue.c **** 		}
2305:Middlewares/Third_Party/FreeRTOS/Source/queue.c **** 	}
2306:Middlewares/Third_Party/FreeRTOS/Source/queue.c **** 	taskEXIT_CRITICAL();
2307:Middlewares/Third_Party/FreeRTOS/Source/queue.c **** 
2308:Middlewares/Third_Party/FreeRTOS/Source/queue.c **** 	return xReturn;
2309:Middlewares/Third_Party/FreeRTOS/Source/queue.c **** }
2310:Middlewares/Third_Party/FreeRTOS/Source/queue.c **** /*-----------------------------------------------------------*/
2311:Middlewares/Third_Party/FreeRTOS/Source/queue.c **** 
2312:Middlewares/Third_Party/FreeRTOS/Source/queue.c **** BaseType_t xQueueIsQueueEmptyFromISR( const QueueHandle_t xQueue )
2313:Middlewares/Third_Party/FreeRTOS/Source/queue.c **** {
2314:Middlewares/Third_Party/FreeRTOS/Source/queue.c **** BaseType_t xReturn;
2315:Middlewares/Third_Party/FreeRTOS/Source/queue.c **** Queue_t * const pxQueue = xQueue;
2316:Middlewares/Third_Party/FreeRTOS/Source/queue.c **** 
2317:Middlewares/Third_Party/FreeRTOS/Source/queue.c **** 	configASSERT( pxQueue );
2318:Middlewares/Third_Party/FreeRTOS/Source/queue.c **** 	if( pxQueue->uxMessagesWaiting == ( UBaseType_t ) 0 )
2319:Middlewares/Third_Party/FreeRTOS/Source/queue.c **** 	{
2320:Middlewares/Third_Party/FreeRTOS/Source/queue.c **** 		xReturn = pdTRUE;
2321:Middlewares/Third_Party/FreeRTOS/Source/queue.c **** 	}
2322:Middlewares/Third_Party/FreeRTOS/Source/queue.c **** 	else
2323:Middlewares/Third_Party/FreeRTOS/Source/queue.c **** 	{
2324:Middlewares/Third_Party/FreeRTOS/Source/queue.c **** 		xReturn = pdFALSE;
2325:Middlewares/Third_Party/FreeRTOS/Source/queue.c **** 	}
2326:Middlewares/Third_Party/FreeRTOS/Source/queue.c **** 
2327:Middlewares/Third_Party/FreeRTOS/Source/queue.c **** 	return xReturn;
2328:Middlewares/Third_Party/FreeRTOS/Source/queue.c **** } /*lint !e818 xQueue could not be pointer to const because it is a typedef. */
2329:Middlewares/Third_Party/FreeRTOS/Source/queue.c **** /*-----------------------------------------------------------*/
2330:Middlewares/Third_Party/FreeRTOS/Source/queue.c **** 
ARM GAS  C:\Users\kalpe\AppData\Local\Temp\ccC8Iu7o.s 			page 43


2331:Middlewares/Third_Party/FreeRTOS/Source/queue.c **** static BaseType_t prvIsQueueFull( const Queue_t *pxQueue )
2332:Middlewares/Third_Party/FreeRTOS/Source/queue.c **** {
  68              		.loc 1 2332 1 is_stmt 1 view -0
  69              		.cfi_startproc
  70              		@ args = 0, pretend = 0, frame = 0
  71              		@ frame_needed = 0, uses_anonymous_args = 0
  72              		.loc 1 2332 1 is_stmt 0 view .LVU13
  73 0000 10B5     		push	{r4, lr}
  74              	.LCFI0:
  75              		.cfi_def_cfa_offset 8
  76              		.cfi_offset 4, -8
  77              		.cfi_offset 14, -4
  78 0002 0446     		mov	r4, r0
2333:Middlewares/Third_Party/FreeRTOS/Source/queue.c **** BaseType_t xReturn;
  79              		.loc 1 2333 1 is_stmt 1 view .LVU14
2334:Middlewares/Third_Party/FreeRTOS/Source/queue.c **** 
2335:Middlewares/Third_Party/FreeRTOS/Source/queue.c **** 	taskENTER_CRITICAL();
  80              		.loc 1 2335 2 view .LVU15
  81 0004 FFF7FEFF 		bl	vPortEnterCritical
  82              	.LVL5:
2336:Middlewares/Third_Party/FreeRTOS/Source/queue.c **** 	{
2337:Middlewares/Third_Party/FreeRTOS/Source/queue.c **** 		if( pxQueue->uxMessagesWaiting == pxQueue->uxLength )
  83              		.loc 1 2337 3 view .LVU16
  84              		.loc 1 2337 14 is_stmt 0 view .LVU17
  85 0008 A26B     		ldr	r2, [r4, #56]
  86              		.loc 1 2337 44 view .LVU18
  87 000a E36B     		ldr	r3, [r4, #60]
  88              		.loc 1 2337 5 view .LVU19
  89 000c 9A42     		cmp	r2, r3
  90 000e 04D0     		beq	.L7
2338:Middlewares/Third_Party/FreeRTOS/Source/queue.c **** 		{
2339:Middlewares/Third_Party/FreeRTOS/Source/queue.c **** 			xReturn = pdTRUE;
2340:Middlewares/Third_Party/FreeRTOS/Source/queue.c **** 		}
2341:Middlewares/Third_Party/FreeRTOS/Source/queue.c **** 		else
2342:Middlewares/Third_Party/FreeRTOS/Source/queue.c **** 		{
2343:Middlewares/Third_Party/FreeRTOS/Source/queue.c **** 			xReturn = pdFALSE;
  91              		.loc 1 2343 12 view .LVU20
  92 0010 0024     		movs	r4, #0
  93              	.LVL6:
  94              	.L4:
2344:Middlewares/Third_Party/FreeRTOS/Source/queue.c **** 		}
2345:Middlewares/Third_Party/FreeRTOS/Source/queue.c **** 	}
2346:Middlewares/Third_Party/FreeRTOS/Source/queue.c **** 	taskEXIT_CRITICAL();
  95              		.loc 1 2346 2 is_stmt 1 view .LVU21
  96 0012 FFF7FEFF 		bl	vPortExitCritical
  97              	.LVL7:
2347:Middlewares/Third_Party/FreeRTOS/Source/queue.c **** 
2348:Middlewares/Third_Party/FreeRTOS/Source/queue.c **** 	return xReturn;
  98              		.loc 1 2348 2 view .LVU22
2349:Middlewares/Third_Party/FreeRTOS/Source/queue.c **** }
  99              		.loc 1 2349 1 is_stmt 0 view .LVU23
 100 0016 2046     		mov	r0, r4
 101 0018 10BD     		pop	{r4, pc}
 102              	.LVL8:
 103              	.L7:
2339:Middlewares/Third_Party/FreeRTOS/Source/queue.c **** 		}
 104              		.loc 1 2339 12 view .LVU24
ARM GAS  C:\Users\kalpe\AppData\Local\Temp\ccC8Iu7o.s 			page 44


 105 001a 0124     		movs	r4, #1
 106              	.LVL9:
2339:Middlewares/Third_Party/FreeRTOS/Source/queue.c **** 		}
 107              		.loc 1 2339 12 view .LVU25
 108 001c F9E7     		b	.L4
 109              		.cfi_endproc
 110              	.LFE38:
 112              		.section	.text.prvIsQueueEmpty,"ax",%progbits
 113              		.align	1
 114              		.syntax unified
 115              		.thumb
 116              		.thumb_func
 118              	prvIsQueueEmpty:
 119              	.LVL10:
 120              	.LFB36:
2292:Middlewares/Third_Party/FreeRTOS/Source/queue.c **** BaseType_t xReturn;
 121              		.loc 1 2292 1 is_stmt 1 view -0
 122              		.cfi_startproc
 123              		@ args = 0, pretend = 0, frame = 0
 124              		@ frame_needed = 0, uses_anonymous_args = 0
2292:Middlewares/Third_Party/FreeRTOS/Source/queue.c **** BaseType_t xReturn;
 125              		.loc 1 2292 1 is_stmt 0 view .LVU27
 126 0000 10B5     		push	{r4, lr}
 127              	.LCFI1:
 128              		.cfi_def_cfa_offset 8
 129              		.cfi_offset 4, -8
 130              		.cfi_offset 14, -4
 131 0002 0446     		mov	r4, r0
2293:Middlewares/Third_Party/FreeRTOS/Source/queue.c **** 
 132              		.loc 1 2293 1 is_stmt 1 view .LVU28
2295:Middlewares/Third_Party/FreeRTOS/Source/queue.c **** 	{
 133              		.loc 1 2295 2 view .LVU29
 134 0004 FFF7FEFF 		bl	vPortEnterCritical
 135              	.LVL11:
2297:Middlewares/Third_Party/FreeRTOS/Source/queue.c **** 		{
 136              		.loc 1 2297 3 view .LVU30
2297:Middlewares/Third_Party/FreeRTOS/Source/queue.c **** 		{
 137              		.loc 1 2297 14 is_stmt 0 view .LVU31
 138 0008 A36B     		ldr	r3, [r4, #56]
2297:Middlewares/Third_Party/FreeRTOS/Source/queue.c **** 		{
 139              		.loc 1 2297 5 view .LVU32
 140 000a 2BB9     		cbnz	r3, .L10
2299:Middlewares/Third_Party/FreeRTOS/Source/queue.c **** 		}
 141              		.loc 1 2299 12 view .LVU33
 142 000c 0123     		movs	r3, #1
 143 000e 1C46     		mov	r4, r3
 144              	.LVL12:
 145              	.L9:
2306:Middlewares/Third_Party/FreeRTOS/Source/queue.c **** 
 146              		.loc 1 2306 2 is_stmt 1 view .LVU34
 147 0010 FFF7FEFF 		bl	vPortExitCritical
 148              	.LVL13:
2308:Middlewares/Third_Party/FreeRTOS/Source/queue.c **** }
 149              		.loc 1 2308 2 view .LVU35
2309:Middlewares/Third_Party/FreeRTOS/Source/queue.c **** /*-----------------------------------------------------------*/
 150              		.loc 1 2309 1 is_stmt 0 view .LVU36
 151 0014 2046     		mov	r0, r4
ARM GAS  C:\Users\kalpe\AppData\Local\Temp\ccC8Iu7o.s 			page 45


 152 0016 10BD     		pop	{r4, pc}
 153              	.LVL14:
 154              	.L10:
2303:Middlewares/Third_Party/FreeRTOS/Source/queue.c **** 		}
 155              		.loc 1 2303 12 view .LVU37
 156 0018 0023     		movs	r3, #0
 157 001a 1C46     		mov	r4, r3
 158              	.LVL15:
2303:Middlewares/Third_Party/FreeRTOS/Source/queue.c **** 		}
 159              		.loc 1 2303 12 view .LVU38
 160 001c F8E7     		b	.L9
 161              		.cfi_endproc
 162              	.LFE36:
 164              		.section	.text.prvCopyDataToQueue,"ax",%progbits
 165              		.align	1
 166              		.syntax unified
 167              		.thumb
 168              		.thumb_func
 170              	prvCopyDataToQueue:
 171              	.LVL16:
 172              	.LFB33:
2075:Middlewares/Third_Party/FreeRTOS/Source/queue.c **** BaseType_t xReturn = pdFALSE;
 173              		.loc 1 2075 1 is_stmt 1 view -0
 174              		.cfi_startproc
 175              		@ args = 0, pretend = 0, frame = 0
 176              		@ frame_needed = 0, uses_anonymous_args = 0
2075:Middlewares/Third_Party/FreeRTOS/Source/queue.c **** BaseType_t xReturn = pdFALSE;
 177              		.loc 1 2075 1 is_stmt 0 view .LVU40
 178 0000 70B5     		push	{r4, r5, r6, lr}
 179              	.LCFI2:
 180              		.cfi_def_cfa_offset 16
 181              		.cfi_offset 4, -16
 182              		.cfi_offset 5, -12
 183              		.cfi_offset 6, -8
 184              		.cfi_offset 14, -4
 185 0002 0446     		mov	r4, r0
 186 0004 1646     		mov	r6, r2
2076:Middlewares/Third_Party/FreeRTOS/Source/queue.c **** UBaseType_t uxMessagesWaiting;
 187              		.loc 1 2076 1 is_stmt 1 view .LVU41
 188              	.LVL17:
2077:Middlewares/Third_Party/FreeRTOS/Source/queue.c **** 
 189              		.loc 1 2077 1 view .LVU42
2081:Middlewares/Third_Party/FreeRTOS/Source/queue.c **** 
 190              		.loc 1 2081 2 view .LVU43
2081:Middlewares/Third_Party/FreeRTOS/Source/queue.c **** 
 191              		.loc 1 2081 20 is_stmt 0 view .LVU44
 192 0006 856B     		ldr	r5, [r0, #56]
 193              	.LVL18:
2083:Middlewares/Third_Party/FreeRTOS/Source/queue.c **** 	{
 194              		.loc 1 2083 2 is_stmt 1 view .LVU45
2083:Middlewares/Third_Party/FreeRTOS/Source/queue.c **** 	{
 195              		.loc 1 2083 13 is_stmt 0 view .LVU46
 196 0008 026C     		ldr	r2, [r0, #64]
 197              	.LVL19:
2083:Middlewares/Third_Party/FreeRTOS/Source/queue.c **** 	{
 198              		.loc 1 2083 4 view .LVU47
 199 000a 5AB9     		cbnz	r2, .L13
ARM GAS  C:\Users\kalpe\AppData\Local\Temp\ccC8Iu7o.s 			page 46


2087:Middlewares/Third_Party/FreeRTOS/Source/queue.c **** 			{
 200              		.loc 1 2087 4 is_stmt 1 view .LVU48
2087:Middlewares/Third_Party/FreeRTOS/Source/queue.c **** 			{
 201              		.loc 1 2087 15 is_stmt 0 view .LVU49
 202 000c 0368     		ldr	r3, [r0]
2087:Middlewares/Third_Party/FreeRTOS/Source/queue.c **** 			{
 203              		.loc 1 2087 6 view .LVU50
 204 000e 1BB1     		cbz	r3, .L22
2076:Middlewares/Third_Party/FreeRTOS/Source/queue.c **** UBaseType_t uxMessagesWaiting;
 205              		.loc 1 2076 12 view .LVU51
 206 0010 0020     		movs	r0, #0
 207              	.LVL20:
 208              	.L14:
2143:Middlewares/Third_Party/FreeRTOS/Source/queue.c **** 		}
 209              		.loc 1 2143 28 is_stmt 1 view .LVU52
2147:Middlewares/Third_Party/FreeRTOS/Source/queue.c **** 
 210              		.loc 1 2147 2 view .LVU53
2147:Middlewares/Third_Party/FreeRTOS/Source/queue.c **** 
 211              		.loc 1 2147 49 is_stmt 0 view .LVU54
 212 0012 0135     		adds	r5, r5, #1
 213              	.LVL21:
2147:Middlewares/Third_Party/FreeRTOS/Source/queue.c **** 
 214              		.loc 1 2147 29 view .LVU55
 215 0014 A563     		str	r5, [r4, #56]
2149:Middlewares/Third_Party/FreeRTOS/Source/queue.c **** }
 216              		.loc 1 2149 2 is_stmt 1 view .LVU56
2150:Middlewares/Third_Party/FreeRTOS/Source/queue.c **** /*-----------------------------------------------------------*/
 217              		.loc 1 2150 1 is_stmt 0 view .LVU57
 218 0016 70BD     		pop	{r4, r5, r6, pc}
 219              	.LVL22:
 220              	.L22:
2090:Middlewares/Third_Party/FreeRTOS/Source/queue.c **** 				pxQueue->u.xSemaphore.xMutexHolder = NULL;
 221              		.loc 1 2090 5 is_stmt 1 view .LVU58
2090:Middlewares/Third_Party/FreeRTOS/Source/queue.c **** 				pxQueue->u.xSemaphore.xMutexHolder = NULL;
 222              		.loc 1 2090 15 is_stmt 0 view .LVU59
 223 0018 8068     		ldr	r0, [r0, #8]
 224              	.LVL23:
2090:Middlewares/Third_Party/FreeRTOS/Source/queue.c **** 				pxQueue->u.xSemaphore.xMutexHolder = NULL;
 225              		.loc 1 2090 15 view .LVU60
 226 001a FFF7FEFF 		bl	xTaskPriorityDisinherit
 227              	.LVL24:
2091:Middlewares/Third_Party/FreeRTOS/Source/queue.c **** 			}
 228              		.loc 1 2091 5 is_stmt 1 view .LVU61
2091:Middlewares/Third_Party/FreeRTOS/Source/queue.c **** 			}
 229              		.loc 1 2091 40 is_stmt 0 view .LVU62
 230 001e 0023     		movs	r3, #0
 231 0020 A360     		str	r3, [r4, #8]
 232 0022 F6E7     		b	.L14
 233              	.LVL25:
 234              	.L13:
2100:Middlewares/Third_Party/FreeRTOS/Source/queue.c **** 	{
 235              		.loc 1 2100 7 is_stmt 1 view .LVU63
2100:Middlewares/Third_Party/FreeRTOS/Source/queue.c **** 	{
 236              		.loc 1 2100 9 is_stmt 0 view .LVU64
 237 0024 6EB9     		cbnz	r6, .L15
2102:Middlewares/Third_Party/FreeRTOS/Source/queue.c **** 		pxQueue->pcWriteTo += pxQueue->uxItemSize; /*lint !e9016 Pointer arithmetic on char types ok, esp
 238              		.loc 1 2102 3 is_stmt 1 view .LVU65
ARM GAS  C:\Users\kalpe\AppData\Local\Temp\ccC8Iu7o.s 			page 47


2102:Middlewares/Third_Party/FreeRTOS/Source/queue.c **** 		pxQueue->pcWriteTo += pxQueue->uxItemSize; /*lint !e9016 Pointer arithmetic on char types ok, esp
 239              		.loc 1 2102 12 is_stmt 0 view .LVU66
 240 0026 4068     		ldr	r0, [r0, #4]
 241              	.LVL26:
2102:Middlewares/Third_Party/FreeRTOS/Source/queue.c **** 		pxQueue->pcWriteTo += pxQueue->uxItemSize; /*lint !e9016 Pointer arithmetic on char types ok, esp
 242              		.loc 1 2102 12 view .LVU67
 243 0028 FFF7FEFF 		bl	memcpy
 244              	.LVL27:
2103:Middlewares/Third_Party/FreeRTOS/Source/queue.c **** 		if( pxQueue->pcWriteTo >= pxQueue->u.xQueue.pcTail ) /*lint !e946 MISRA exception justified as co
 245              		.loc 1 2103 3 is_stmt 1 view .LVU68
2103:Middlewares/Third_Party/FreeRTOS/Source/queue.c **** 		if( pxQueue->pcWriteTo >= pxQueue->u.xQueue.pcTail ) /*lint !e946 MISRA exception justified as co
 246              		.loc 1 2103 10 is_stmt 0 view .LVU69
 247 002c 6368     		ldr	r3, [r4, #4]
2103:Middlewares/Third_Party/FreeRTOS/Source/queue.c **** 		if( pxQueue->pcWriteTo >= pxQueue->u.xQueue.pcTail ) /*lint !e946 MISRA exception justified as co
 248              		.loc 1 2103 32 view .LVU70
 249 002e 226C     		ldr	r2, [r4, #64]
2103:Middlewares/Third_Party/FreeRTOS/Source/queue.c **** 		if( pxQueue->pcWriteTo >= pxQueue->u.xQueue.pcTail ) /*lint !e946 MISRA exception justified as co
 250              		.loc 1 2103 22 view .LVU71
 251 0030 1344     		add	r3, r3, r2
 252 0032 6360     		str	r3, [r4, #4]
2104:Middlewares/Third_Party/FreeRTOS/Source/queue.c **** 		{
 253              		.loc 1 2104 3 is_stmt 1 view .LVU72
2104:Middlewares/Third_Party/FreeRTOS/Source/queue.c **** 		{
 254              		.loc 1 2104 46 is_stmt 0 view .LVU73
 255 0034 A268     		ldr	r2, [r4, #8]
2104:Middlewares/Third_Party/FreeRTOS/Source/queue.c **** 		{
 256              		.loc 1 2104 5 view .LVU74
 257 0036 9342     		cmp	r3, r2
 258 0038 19D3     		bcc	.L18
2106:Middlewares/Third_Party/FreeRTOS/Source/queue.c **** 		}
 259              		.loc 1 2106 4 is_stmt 1 view .LVU75
2106:Middlewares/Third_Party/FreeRTOS/Source/queue.c **** 		}
 260              		.loc 1 2106 32 is_stmt 0 view .LVU76
 261 003a 2368     		ldr	r3, [r4]
2106:Middlewares/Third_Party/FreeRTOS/Source/queue.c **** 		}
 262              		.loc 1 2106 23 view .LVU77
 263 003c 6360     		str	r3, [r4, #4]
2076:Middlewares/Third_Party/FreeRTOS/Source/queue.c **** UBaseType_t uxMessagesWaiting;
 264              		.loc 1 2076 12 view .LVU78
 265 003e 3046     		mov	r0, r6
 266 0040 E7E7     		b	.L14
 267              	.LVL28:
 268              	.L15:
2115:Middlewares/Third_Party/FreeRTOS/Source/queue.c **** 		pxQueue->u.xQueue.pcReadFrom -= pxQueue->uxItemSize;
 269              		.loc 1 2115 3 is_stmt 1 view .LVU79
2115:Middlewares/Third_Party/FreeRTOS/Source/queue.c **** 		pxQueue->u.xQueue.pcReadFrom -= pxQueue->uxItemSize;
 270              		.loc 1 2115 12 is_stmt 0 view .LVU80
 271 0042 C068     		ldr	r0, [r0, #12]
 272              	.LVL29:
2115:Middlewares/Third_Party/FreeRTOS/Source/queue.c **** 		pxQueue->u.xQueue.pcReadFrom -= pxQueue->uxItemSize;
 273              		.loc 1 2115 12 view .LVU81
 274 0044 FFF7FEFF 		bl	memcpy
 275              	.LVL30:
2116:Middlewares/Third_Party/FreeRTOS/Source/queue.c **** 		if( pxQueue->u.xQueue.pcReadFrom < pxQueue->pcHead ) /*lint !e946 MISRA exception justified as co
 276              		.loc 1 2116 3 is_stmt 1 view .LVU82
2116:Middlewares/Third_Party/FreeRTOS/Source/queue.c **** 		if( pxQueue->u.xQueue.pcReadFrom < pxQueue->pcHead ) /*lint !e946 MISRA exception justified as co
 277              		.loc 1 2116 20 is_stmt 0 view .LVU83
ARM GAS  C:\Users\kalpe\AppData\Local\Temp\ccC8Iu7o.s 			page 48


 278 0048 E368     		ldr	r3, [r4, #12]
2116:Middlewares/Third_Party/FreeRTOS/Source/queue.c **** 		if( pxQueue->u.xQueue.pcReadFrom < pxQueue->pcHead ) /*lint !e946 MISRA exception justified as co
 279              		.loc 1 2116 42 view .LVU84
 280 004a 226C     		ldr	r2, [r4, #64]
2116:Middlewares/Third_Party/FreeRTOS/Source/queue.c **** 		if( pxQueue->u.xQueue.pcReadFrom < pxQueue->pcHead ) /*lint !e946 MISRA exception justified as co
 281              		.loc 1 2116 32 view .LVU85
 282 004c 5142     		rsbs	r1, r2, #0
 283 004e 9B1A     		subs	r3, r3, r2
 284 0050 E360     		str	r3, [r4, #12]
2117:Middlewares/Third_Party/FreeRTOS/Source/queue.c **** 		{
 285              		.loc 1 2117 3 is_stmt 1 view .LVU86
2117:Middlewares/Third_Party/FreeRTOS/Source/queue.c **** 		{
 286              		.loc 1 2117 45 is_stmt 0 view .LVU87
 287 0052 2268     		ldr	r2, [r4]
2117:Middlewares/Third_Party/FreeRTOS/Source/queue.c **** 		{
 288              		.loc 1 2117 5 view .LVU88
 289 0054 9342     		cmp	r3, r2
 290 0056 02D2     		bcs	.L16
2119:Middlewares/Third_Party/FreeRTOS/Source/queue.c **** 		}
 291              		.loc 1 2119 4 is_stmt 1 view .LVU89
2119:Middlewares/Third_Party/FreeRTOS/Source/queue.c **** 		}
 292              		.loc 1 2119 54 is_stmt 0 view .LVU90
 293 0058 A368     		ldr	r3, [r4, #8]
2119:Middlewares/Third_Party/FreeRTOS/Source/queue.c **** 		}
 294              		.loc 1 2119 62 view .LVU91
 295 005a 0B44     		add	r3, r3, r1
2119:Middlewares/Third_Party/FreeRTOS/Source/queue.c **** 		}
 296              		.loc 1 2119 33 view .LVU92
 297 005c E360     		str	r3, [r4, #12]
 298              	.L16:
2123:Middlewares/Third_Party/FreeRTOS/Source/queue.c **** 		}
 299              		.loc 1 2123 28 is_stmt 1 view .LVU93
2126:Middlewares/Third_Party/FreeRTOS/Source/queue.c **** 		{
 300              		.loc 1 2126 3 view .LVU94
2126:Middlewares/Third_Party/FreeRTOS/Source/queue.c **** 		{
 301              		.loc 1 2126 5 is_stmt 0 view .LVU95
 302 005e 022E     		cmp	r6, #2
 303 0060 01D0     		beq	.L23
2076:Middlewares/Third_Party/FreeRTOS/Source/queue.c **** UBaseType_t uxMessagesWaiting;
 304              		.loc 1 2076 12 view .LVU96
 305 0062 0020     		movs	r0, #0
 306 0064 D5E7     		b	.L14
 307              	.L23:
2128:Middlewares/Third_Party/FreeRTOS/Source/queue.c **** 			{
 308              		.loc 1 2128 4 is_stmt 1 view .LVU97
2128:Middlewares/Third_Party/FreeRTOS/Source/queue.c **** 			{
 309              		.loc 1 2128 6 is_stmt 0 view .LVU98
 310 0066 25B1     		cbz	r5, .L20
2134:Middlewares/Third_Party/FreeRTOS/Source/queue.c **** 			}
 311              		.loc 1 2134 5 is_stmt 1 view .LVU99
 312 0068 013D     		subs	r5, r5, #1
 313              	.LVL31:
2076:Middlewares/Third_Party/FreeRTOS/Source/queue.c **** UBaseType_t uxMessagesWaiting;
 314              		.loc 1 2076 12 is_stmt 0 view .LVU100
 315 006a 0020     		movs	r0, #0
 316 006c D1E7     		b	.L14
 317              	.L18:
ARM GAS  C:\Users\kalpe\AppData\Local\Temp\ccC8Iu7o.s 			page 49


2076:Middlewares/Third_Party/FreeRTOS/Source/queue.c **** UBaseType_t uxMessagesWaiting;
 318              		.loc 1 2076 12 view .LVU101
 319 006e 3046     		mov	r0, r6
 320 0070 CFE7     		b	.L14
 321              	.L20:
2076:Middlewares/Third_Party/FreeRTOS/Source/queue.c **** UBaseType_t uxMessagesWaiting;
 322              		.loc 1 2076 12 view .LVU102
 323 0072 2846     		mov	r0, r5
 324 0074 CDE7     		b	.L14
 325              		.cfi_endproc
 326              	.LFE33:
 328              		.section	.text.prvCopyDataFromQueue,"ax",%progbits
 329              		.align	1
 330              		.syntax unified
 331              		.thumb
 332              		.thumb_func
 334              	prvCopyDataFromQueue:
 335              	.LVL32:
 336              	.LFB34:
2154:Middlewares/Third_Party/FreeRTOS/Source/queue.c **** 	if( pxQueue->uxItemSize != ( UBaseType_t ) 0 )
 337              		.loc 1 2154 1 is_stmt 1 view -0
 338              		.cfi_startproc
 339              		@ args = 0, pretend = 0, frame = 0
 340              		@ frame_needed = 0, uses_anonymous_args = 0
2154:Middlewares/Third_Party/FreeRTOS/Source/queue.c **** 	if( pxQueue->uxItemSize != ( UBaseType_t ) 0 )
 341              		.loc 1 2154 1 is_stmt 0 view .LVU104
 342 0000 0346     		mov	r3, r0
2155:Middlewares/Third_Party/FreeRTOS/Source/queue.c **** 	{
 343              		.loc 1 2155 2 is_stmt 1 view .LVU105
2155:Middlewares/Third_Party/FreeRTOS/Source/queue.c **** 	{
 344              		.loc 1 2155 13 is_stmt 0 view .LVU106
 345 0002 026C     		ldr	r2, [r0, #64]
2155:Middlewares/Third_Party/FreeRTOS/Source/queue.c **** 	{
 346              		.loc 1 2155 4 view .LVU107
 347 0004 6AB1     		cbz	r2, .L28
2154:Middlewares/Third_Party/FreeRTOS/Source/queue.c **** 	if( pxQueue->uxItemSize != ( UBaseType_t ) 0 )
 348              		.loc 1 2154 1 view .LVU108
 349 0006 10B5     		push	{r4, lr}
 350              	.LCFI3:
 351              		.cfi_def_cfa_offset 8
 352              		.cfi_offset 4, -8
 353              		.cfi_offset 14, -4
 354 0008 0846     		mov	r0, r1
 355              	.LVL33:
2157:Middlewares/Third_Party/FreeRTOS/Source/queue.c **** 		if( pxQueue->u.xQueue.pcReadFrom >= pxQueue->u.xQueue.pcTail ) /*lint !e946 MISRA exception justi
 356              		.loc 1 2157 3 is_stmt 1 view .LVU109
2157:Middlewares/Third_Party/FreeRTOS/Source/queue.c **** 		if( pxQueue->u.xQueue.pcReadFrom >= pxQueue->u.xQueue.pcTail ) /*lint !e946 MISRA exception justi
 357              		.loc 1 2157 20 is_stmt 0 view .LVU110
 358 000a D968     		ldr	r1, [r3, #12]
 359              	.LVL34:
2157:Middlewares/Third_Party/FreeRTOS/Source/queue.c **** 		if( pxQueue->u.xQueue.pcReadFrom >= pxQueue->u.xQueue.pcTail ) /*lint !e946 MISRA exception justi
 360              		.loc 1 2157 32 view .LVU111
 361 000c 1144     		add	r1, r1, r2
 362 000e D960     		str	r1, [r3, #12]
2158:Middlewares/Third_Party/FreeRTOS/Source/queue.c **** 		{
 363              		.loc 1 2158 3 is_stmt 1 view .LVU112
2158:Middlewares/Third_Party/FreeRTOS/Source/queue.c **** 		{
ARM GAS  C:\Users\kalpe\AppData\Local\Temp\ccC8Iu7o.s 			page 50


 364              		.loc 1 2158 5 is_stmt 0 view .LVU113
 365 0010 9C68     		ldr	r4, [r3, #8]
 366 0012 A142     		cmp	r1, r4
 367 0014 01D3     		bcc	.L26
2160:Middlewares/Third_Party/FreeRTOS/Source/queue.c **** 		}
 368              		.loc 1 2160 4 is_stmt 1 view .LVU114
2160:Middlewares/Third_Party/FreeRTOS/Source/queue.c **** 		}
 369              		.loc 1 2160 42 is_stmt 0 view .LVU115
 370 0016 1968     		ldr	r1, [r3]
2160:Middlewares/Third_Party/FreeRTOS/Source/queue.c **** 		}
 371              		.loc 1 2160 33 view .LVU116
 372 0018 D960     		str	r1, [r3, #12]
 373              	.L26:
2164:Middlewares/Third_Party/FreeRTOS/Source/queue.c **** 		}
 374              		.loc 1 2164 28 is_stmt 1 view .LVU117
2166:Middlewares/Third_Party/FreeRTOS/Source/queue.c **** 	}
 375              		.loc 1 2166 3 view .LVU118
2166:Middlewares/Third_Party/FreeRTOS/Source/queue.c **** 	}
 376              		.loc 1 2166 12 is_stmt 0 view .LVU119
 377 001a D968     		ldr	r1, [r3, #12]
 378 001c FFF7FEFF 		bl	memcpy
 379              	.LVL35:
2168:Middlewares/Third_Party/FreeRTOS/Source/queue.c **** /*-----------------------------------------------------------*/
 380              		.loc 1 2168 1 view .LVU120
 381 0020 10BD     		pop	{r4, pc}
 382              	.LVL36:
 383              	.L28:
 384              	.LCFI4:
 385              		.cfi_def_cfa_offset 0
 386              		.cfi_restore 4
 387              		.cfi_restore 14
2168:Middlewares/Third_Party/FreeRTOS/Source/queue.c **** /*-----------------------------------------------------------*/
 388              		.loc 1 2168 1 view .LVU121
 389 0022 7047     		bx	lr
 390              		.cfi_endproc
 391              	.LFE34:
 393              		.section	.text.prvUnlockQueue,"ax",%progbits
 394              		.align	1
 395              		.syntax unified
 396              		.thumb
 397              		.thumb_func
 399              	prvUnlockQueue:
 400              	.LVL37:
 401              	.LFB35:
2172:Middlewares/Third_Party/FreeRTOS/Source/queue.c **** 	/* THIS FUNCTION MUST BE CALLED WITH THE SCHEDULER SUSPENDED. */
 402              		.loc 1 2172 1 is_stmt 1 view -0
 403              		.cfi_startproc
 404              		@ args = 0, pretend = 0, frame = 0
 405              		@ frame_needed = 0, uses_anonymous_args = 0
2172:Middlewares/Third_Party/FreeRTOS/Source/queue.c **** 	/* THIS FUNCTION MUST BE CALLED WITH THE SCHEDULER SUSPENDED. */
 406              		.loc 1 2172 1 is_stmt 0 view .LVU123
 407 0000 38B5     		push	{r3, r4, r5, lr}
 408              	.LCFI5:
 409              		.cfi_def_cfa_offset 16
 410              		.cfi_offset 3, -16
 411              		.cfi_offset 4, -12
 412              		.cfi_offset 5, -8
ARM GAS  C:\Users\kalpe\AppData\Local\Temp\ccC8Iu7o.s 			page 51


 413              		.cfi_offset 14, -4
 414 0002 0546     		mov	r5, r0
2179:Middlewares/Third_Party/FreeRTOS/Source/queue.c **** 	{
 415              		.loc 1 2179 2 is_stmt 1 view .LVU124
 416 0004 FFF7FEFF 		bl	vPortEnterCritical
 417              	.LVL38:
 418              	.LBB118:
2181:Middlewares/Third_Party/FreeRTOS/Source/queue.c **** 
 419              		.loc 1 2181 3 view .LVU125
2181:Middlewares/Third_Party/FreeRTOS/Source/queue.c **** 
 420              		.loc 1 2181 10 is_stmt 0 view .LVU126
 421 0008 95F84540 		ldrb	r4, [r5, #69]	@ zero_extendqisi2
 422 000c 64B2     		sxtb	r4, r4
 423              	.LVL39:
2184:Middlewares/Third_Party/FreeRTOS/Source/queue.c **** 		{
 424              		.loc 1 2184 3 is_stmt 1 view .LVU127
2184:Middlewares/Third_Party/FreeRTOS/Source/queue.c **** 		{
 425              		.loc 1 2184 8 is_stmt 0 view .LVU128
 426 000e 01E0     		b	.L32
 427              	.L34:
2242:Middlewares/Third_Party/FreeRTOS/Source/queue.c **** 					}
 428              		.loc 1 2242 31 is_stmt 1 view .LVU129
2252:Middlewares/Third_Party/FreeRTOS/Source/queue.c **** 		}
 429              		.loc 1 2252 4 view .LVU130
 430 0010 013C     		subs	r4, r4, #1
 431              	.LVL40:
2252:Middlewares/Third_Party/FreeRTOS/Source/queue.c **** 		}
 432              		.loc 1 2252 4 is_stmt 0 view .LVU131
 433 0012 64B2     		sxtb	r4, r4
 434              	.LVL41:
 435              	.L32:
2184:Middlewares/Third_Party/FreeRTOS/Source/queue.c **** 		{
 436              		.loc 1 2184 18 is_stmt 1 view .LVU132
 437 0014 002C     		cmp	r4, #0
 438 0016 0ADD     		ble	.L33
2232:Middlewares/Third_Party/FreeRTOS/Source/queue.c **** 				{
 439              		.loc 1 2232 5 view .LVU133
2232:Middlewares/Third_Party/FreeRTOS/Source/queue.c **** 				{
 440              		.loc 1 2232 9 is_stmt 0 view .LVU134
 441 0018 6B6A     		ldr	r3, [r5, #36]
2232:Middlewares/Third_Party/FreeRTOS/Source/queue.c **** 				{
 442              		.loc 1 2232 7 view .LVU135
 443 001a 43B1     		cbz	r3, .L33
2234:Middlewares/Third_Party/FreeRTOS/Source/queue.c **** 					{
 444              		.loc 1 2234 6 is_stmt 1 view .LVU136
2234:Middlewares/Third_Party/FreeRTOS/Source/queue.c **** 					{
 445              		.loc 1 2234 10 is_stmt 0 view .LVU137
 446 001c 05F12400 		add	r0, r5, #36
 447 0020 FFF7FEFF 		bl	xTaskRemoveFromEventList
 448              	.LVL42:
2234:Middlewares/Third_Party/FreeRTOS/Source/queue.c **** 					{
 449              		.loc 1 2234 8 discriminator 1 view .LVU138
 450 0024 0028     		cmp	r0, #0
 451 0026 F3D0     		beq	.L34
2238:Middlewares/Third_Party/FreeRTOS/Source/queue.c **** 					}
 452              		.loc 1 2238 7 is_stmt 1 view .LVU139
 453 0028 FFF7FEFF 		bl	vTaskMissedYield
ARM GAS  C:\Users\kalpe\AppData\Local\Temp\ccC8Iu7o.s 			page 52


 454              	.LVL43:
 455 002c F0E7     		b	.L34
 456              	.L33:
2255:Middlewares/Third_Party/FreeRTOS/Source/queue.c **** 	}
 457              		.loc 1 2255 3 view .LVU140
2255:Middlewares/Third_Party/FreeRTOS/Source/queue.c **** 	}
 458              		.loc 1 2255 20 is_stmt 0 view .LVU141
 459 002e FF23     		movs	r3, #255
 460 0030 85F84530 		strb	r3, [r5, #69]
 461              	.LBE118:
2257:Middlewares/Third_Party/FreeRTOS/Source/queue.c **** 
 462              		.loc 1 2257 2 is_stmt 1 view .LVU142
 463 0034 FFF7FEFF 		bl	vPortExitCritical
 464              	.LVL44:
2260:Middlewares/Third_Party/FreeRTOS/Source/queue.c **** 	{
 465              		.loc 1 2260 2 view .LVU143
 466 0038 FFF7FEFF 		bl	vPortEnterCritical
 467              	.LVL45:
 468              	.LBB119:
2262:Middlewares/Third_Party/FreeRTOS/Source/queue.c **** 
 469              		.loc 1 2262 3 view .LVU144
2262:Middlewares/Third_Party/FreeRTOS/Source/queue.c **** 
 470              		.loc 1 2262 10 is_stmt 0 view .LVU145
 471 003c 95F84440 		ldrb	r4, [r5, #68]	@ zero_extendqisi2
 472              	.LVL46:
2262:Middlewares/Third_Party/FreeRTOS/Source/queue.c **** 
 473              		.loc 1 2262 10 view .LVU146
 474 0040 64B2     		sxtb	r4, r4
 475              	.LVL47:
2264:Middlewares/Third_Party/FreeRTOS/Source/queue.c **** 		{
 476              		.loc 1 2264 3 is_stmt 1 view .LVU147
2264:Middlewares/Third_Party/FreeRTOS/Source/queue.c **** 		{
 477              		.loc 1 2264 8 is_stmt 0 view .LVU148
 478 0042 01E0     		b	.L36
 479              	.L38:
2274:Middlewares/Third_Party/FreeRTOS/Source/queue.c **** 				}
 480              		.loc 1 2274 30 is_stmt 1 view .LVU149
2277:Middlewares/Third_Party/FreeRTOS/Source/queue.c **** 			}
 481              		.loc 1 2277 5 view .LVU150
 482 0044 013C     		subs	r4, r4, #1
 483              	.LVL48:
2277:Middlewares/Third_Party/FreeRTOS/Source/queue.c **** 			}
 484              		.loc 1 2277 5 is_stmt 0 view .LVU151
 485 0046 64B2     		sxtb	r4, r4
 486              	.LVL49:
 487              	.L36:
2264:Middlewares/Third_Party/FreeRTOS/Source/queue.c **** 		{
 488              		.loc 1 2264 18 is_stmt 1 view .LVU152
 489 0048 002C     		cmp	r4, #0
 490 004a 0ADD     		ble	.L37
2266:Middlewares/Third_Party/FreeRTOS/Source/queue.c **** 			{
 491              		.loc 1 2266 4 view .LVU153
2266:Middlewares/Third_Party/FreeRTOS/Source/queue.c **** 			{
 492              		.loc 1 2266 8 is_stmt 0 view .LVU154
 493 004c 2B69     		ldr	r3, [r5, #16]
2266:Middlewares/Third_Party/FreeRTOS/Source/queue.c **** 			{
 494              		.loc 1 2266 6 view .LVU155
ARM GAS  C:\Users\kalpe\AppData\Local\Temp\ccC8Iu7o.s 			page 53


 495 004e 43B1     		cbz	r3, .L37
2268:Middlewares/Third_Party/FreeRTOS/Source/queue.c **** 				{
 496              		.loc 1 2268 5 is_stmt 1 view .LVU156
2268:Middlewares/Third_Party/FreeRTOS/Source/queue.c **** 				{
 497              		.loc 1 2268 9 is_stmt 0 view .LVU157
 498 0050 05F11000 		add	r0, r5, #16
 499 0054 FFF7FEFF 		bl	xTaskRemoveFromEventList
 500              	.LVL50:
2268:Middlewares/Third_Party/FreeRTOS/Source/queue.c **** 				{
 501              		.loc 1 2268 7 discriminator 1 view .LVU158
 502 0058 0028     		cmp	r0, #0
 503 005a F3D0     		beq	.L38
2270:Middlewares/Third_Party/FreeRTOS/Source/queue.c **** 				}
 504              		.loc 1 2270 6 is_stmt 1 view .LVU159
 505 005c FFF7FEFF 		bl	vTaskMissedYield
 506              	.LVL51:
 507 0060 F0E7     		b	.L38
 508              	.L37:
2285:Middlewares/Third_Party/FreeRTOS/Source/queue.c **** 	}
 509              		.loc 1 2285 3 view .LVU160
2285:Middlewares/Third_Party/FreeRTOS/Source/queue.c **** 	}
 510              		.loc 1 2285 20 is_stmt 0 view .LVU161
 511 0062 FF23     		movs	r3, #255
 512 0064 85F84430 		strb	r3, [r5, #68]
 513              	.LBE119:
2287:Middlewares/Third_Party/FreeRTOS/Source/queue.c **** }
 514              		.loc 1 2287 2 is_stmt 1 view .LVU162
 515 0068 FFF7FEFF 		bl	vPortExitCritical
 516              	.LVL52:
2288:Middlewares/Third_Party/FreeRTOS/Source/queue.c **** /*-----------------------------------------------------------*/
 517              		.loc 1 2288 1 is_stmt 0 view .LVU163
 518 006c 38BD     		pop	{r3, r4, r5, pc}
2288:Middlewares/Third_Party/FreeRTOS/Source/queue.c **** /*-----------------------------------------------------------*/
 519              		.loc 1 2288 1 view .LVU164
 520              		.cfi_endproc
 521              	.LFE35:
 523              		.section	.text.xQueueGenericReset,"ax",%progbits
 524              		.align	1
 525              		.global	xQueueGenericReset
 526              		.syntax unified
 527              		.thumb
 528              		.thumb_func
 530              	xQueueGenericReset:
 531              	.LVL53:
 532              	.LFB4:
 256:Middlewares/Third_Party/FreeRTOS/Source/queue.c **** Queue_t * const pxQueue = xQueue;
 533              		.loc 1 256 1 is_stmt 1 view -0
 534              		.cfi_startproc
 535              		@ args = 0, pretend = 0, frame = 0
 536              		@ frame_needed = 0, uses_anonymous_args = 0
 256:Middlewares/Third_Party/FreeRTOS/Source/queue.c **** Queue_t * const pxQueue = xQueue;
 537              		.loc 1 256 1 is_stmt 0 view .LVU166
 538 0000 38B5     		push	{r3, r4, r5, lr}
 539              	.LCFI6:
 540              		.cfi_def_cfa_offset 16
 541              		.cfi_offset 3, -16
 542              		.cfi_offset 4, -12
ARM GAS  C:\Users\kalpe\AppData\Local\Temp\ccC8Iu7o.s 			page 54


 543              		.cfi_offset 5, -8
 544              		.cfi_offset 14, -4
 257:Middlewares/Third_Party/FreeRTOS/Source/queue.c **** 
 545              		.loc 1 257 1 is_stmt 1 view .LVU167
 546              	.LVL54:
 259:Middlewares/Third_Party/FreeRTOS/Source/queue.c **** 
 547              		.loc 1 259 2 view .LVU168
 548 0002 E0B1     		cbz	r0, .L47
 549 0004 0D46     		mov	r5, r1
 550 0006 0446     		mov	r4, r0
 259:Middlewares/Third_Party/FreeRTOS/Source/queue.c **** 
 551              		.loc 1 259 25 view .LVU169
 261:Middlewares/Third_Party/FreeRTOS/Source/queue.c **** 	{
 552              		.loc 1 261 2 view .LVU170
 553 0008 FFF7FEFF 		bl	vPortEnterCritical
 554              	.LVL55:
 263:Middlewares/Third_Party/FreeRTOS/Source/queue.c **** 		pxQueue->uxMessagesWaiting = ( UBaseType_t ) 0U;
 555              		.loc 1 263 3 view .LVU171
 263:Middlewares/Third_Party/FreeRTOS/Source/queue.c **** 		pxQueue->uxMessagesWaiting = ( UBaseType_t ) 0U;
 556              		.loc 1 263 37 is_stmt 0 view .LVU172
 557 000c 2368     		ldr	r3, [r4]
 263:Middlewares/Third_Party/FreeRTOS/Source/queue.c **** 		pxQueue->uxMessagesWaiting = ( UBaseType_t ) 0U;
 558              		.loc 1 263 57 view .LVU173
 559 000e E26B     		ldr	r2, [r4, #60]
 263:Middlewares/Third_Party/FreeRTOS/Source/queue.c **** 		pxQueue->uxMessagesWaiting = ( UBaseType_t ) 0U;
 560              		.loc 1 263 77 view .LVU174
 561 0010 216C     		ldr	r1, [r4, #64]
 263:Middlewares/Third_Party/FreeRTOS/Source/queue.c **** 		pxQueue->uxMessagesWaiting = ( UBaseType_t ) 0U;
 562              		.loc 1 263 46 view .LVU175
 563 0012 01FB0230 		mla	r0, r1, r2, r3
 263:Middlewares/Third_Party/FreeRTOS/Source/queue.c **** 		pxQueue->uxMessagesWaiting = ( UBaseType_t ) 0U;
 564              		.loc 1 263 28 view .LVU176
 565 0016 A060     		str	r0, [r4, #8]
 264:Middlewares/Third_Party/FreeRTOS/Source/queue.c **** 		pxQueue->pcWriteTo = pxQueue->pcHead;
 566              		.loc 1 264 3 is_stmt 1 view .LVU177
 264:Middlewares/Third_Party/FreeRTOS/Source/queue.c **** 		pxQueue->pcWriteTo = pxQueue->pcHead;
 567              		.loc 1 264 30 is_stmt 0 view .LVU178
 568 0018 0020     		movs	r0, #0
 569 001a A063     		str	r0, [r4, #56]
 265:Middlewares/Third_Party/FreeRTOS/Source/queue.c **** 		pxQueue->u.xQueue.pcReadFrom = pxQueue->pcHead + ( ( pxQueue->uxLength - 1U ) * pxQueue->uxItemSi
 570              		.loc 1 265 3 is_stmt 1 view .LVU179
 265:Middlewares/Third_Party/FreeRTOS/Source/queue.c **** 		pxQueue->u.xQueue.pcReadFrom = pxQueue->pcHead + ( ( pxQueue->uxLength - 1U ) * pxQueue->uxItemSi
 571              		.loc 1 265 22 is_stmt 0 view .LVU180
 572 001c 6360     		str	r3, [r4, #4]
 266:Middlewares/Third_Party/FreeRTOS/Source/queue.c **** 		pxQueue->cRxLock = queueUNLOCKED;
 573              		.loc 1 266 3 is_stmt 1 view .LVU181
 266:Middlewares/Third_Party/FreeRTOS/Source/queue.c **** 		pxQueue->cRxLock = queueUNLOCKED;
 574              		.loc 1 266 74 is_stmt 0 view .LVU182
 575 001e 013A     		subs	r2, r2, #1
 266:Middlewares/Third_Party/FreeRTOS/Source/queue.c **** 		pxQueue->cRxLock = queueUNLOCKED;
 576              		.loc 1 266 50 view .LVU183
 577 0020 02FB0133 		mla	r3, r2, r1, r3
 266:Middlewares/Third_Party/FreeRTOS/Source/queue.c **** 		pxQueue->cRxLock = queueUNLOCKED;
 578              		.loc 1 266 32 view .LVU184
 579 0024 E360     		str	r3, [r4, #12]
 267:Middlewares/Third_Party/FreeRTOS/Source/queue.c **** 		pxQueue->cTxLock = queueUNLOCKED;
 580              		.loc 1 267 3 is_stmt 1 view .LVU185
ARM GAS  C:\Users\kalpe\AppData\Local\Temp\ccC8Iu7o.s 			page 55


 267:Middlewares/Third_Party/FreeRTOS/Source/queue.c **** 		pxQueue->cTxLock = queueUNLOCKED;
 581              		.loc 1 267 20 is_stmt 0 view .LVU186
 582 0026 FF23     		movs	r3, #255
 583 0028 84F84430 		strb	r3, [r4, #68]
 268:Middlewares/Third_Party/FreeRTOS/Source/queue.c **** 
 584              		.loc 1 268 3 is_stmt 1 view .LVU187
 268:Middlewares/Third_Party/FreeRTOS/Source/queue.c **** 
 585              		.loc 1 268 20 is_stmt 0 view .LVU188
 586 002c 84F84530 		strb	r3, [r4, #69]
 270:Middlewares/Third_Party/FreeRTOS/Source/queue.c **** 		{
 587              		.loc 1 270 3 is_stmt 1 view .LVU189
 270:Middlewares/Third_Party/FreeRTOS/Source/queue.c **** 		{
 588              		.loc 1 270 5 is_stmt 0 view .LVU190
 589 0030 FDB9     		cbnz	r5, .L44
 277:Middlewares/Third_Party/FreeRTOS/Source/queue.c **** 			{
 590              		.loc 1 277 4 is_stmt 1 view .LVU191
 277:Middlewares/Third_Party/FreeRTOS/Source/queue.c **** 			{
 591              		.loc 1 277 8 is_stmt 0 view .LVU192
 592 0032 2369     		ldr	r3, [r4, #16]
 277:Middlewares/Third_Party/FreeRTOS/Source/queue.c **** 			{
 593              		.loc 1 277 6 view .LVU193
 594 0034 63B9     		cbnz	r3, .L48
 595              	.L45:
 300:Middlewares/Third_Party/FreeRTOS/Source/queue.c **** 
 596              		.loc 1 300 2 is_stmt 1 view .LVU194
 597 0036 FFF7FEFF 		bl	vPortExitCritical
 598              	.LVL56:
 304:Middlewares/Third_Party/FreeRTOS/Source/queue.c **** }
 599              		.loc 1 304 2 view .LVU195
 305:Middlewares/Third_Party/FreeRTOS/Source/queue.c **** /*-----------------------------------------------------------*/
 600              		.loc 1 305 1 is_stmt 0 view .LVU196
 601 003a 0120     		movs	r0, #1
 602 003c 38BD     		pop	{r3, r4, r5, pc}
 603              	.LVL57:
 604              	.L47:
 259:Middlewares/Third_Party/FreeRTOS/Source/queue.c **** 
 605              		.loc 1 259 2 is_stmt 1 discriminator 1 view .LVU197
 606              	.LBB120:
 607              	.LBI120:
 608              		.file 2 "Middlewares/Third_Party/FreeRTOS/Source/portable/GCC/ARM_CM4F/portmacro.h"
   1:Middlewares/Third_Party/FreeRTOS/Source/portable/GCC/ARM_CM4F/portmacro.h **** /*
   2:Middlewares/Third_Party/FreeRTOS/Source/portable/GCC/ARM_CM4F/portmacro.h ****  * FreeRTOS Kernel V10.3.1
   3:Middlewares/Third_Party/FreeRTOS/Source/portable/GCC/ARM_CM4F/portmacro.h ****  * Copyright (C) 2020 Amazon.com, Inc. or its affiliates.  All Rights Reserved.
   4:Middlewares/Third_Party/FreeRTOS/Source/portable/GCC/ARM_CM4F/portmacro.h ****  *
   5:Middlewares/Third_Party/FreeRTOS/Source/portable/GCC/ARM_CM4F/portmacro.h ****  * Permission is hereby granted, free of charge, to any person obtaining a copy of
   6:Middlewares/Third_Party/FreeRTOS/Source/portable/GCC/ARM_CM4F/portmacro.h ****  * this software and associated documentation files (the "Software"), to deal in
   7:Middlewares/Third_Party/FreeRTOS/Source/portable/GCC/ARM_CM4F/portmacro.h ****  * the Software without restriction, including without limitation the rights to
   8:Middlewares/Third_Party/FreeRTOS/Source/portable/GCC/ARM_CM4F/portmacro.h ****  * use, copy, modify, merge, publish, distribute, sublicense, and/or sell copies of
   9:Middlewares/Third_Party/FreeRTOS/Source/portable/GCC/ARM_CM4F/portmacro.h ****  * the Software, and to permit persons to whom the Software is furnished to do so,
  10:Middlewares/Third_Party/FreeRTOS/Source/portable/GCC/ARM_CM4F/portmacro.h ****  * subject to the following conditions:
  11:Middlewares/Third_Party/FreeRTOS/Source/portable/GCC/ARM_CM4F/portmacro.h ****  *
  12:Middlewares/Third_Party/FreeRTOS/Source/portable/GCC/ARM_CM4F/portmacro.h ****  * The above copyright notice and this permission notice shall be included in all
  13:Middlewares/Third_Party/FreeRTOS/Source/portable/GCC/ARM_CM4F/portmacro.h ****  * copies or substantial portions of the Software.
  14:Middlewares/Third_Party/FreeRTOS/Source/portable/GCC/ARM_CM4F/portmacro.h ****  *
  15:Middlewares/Third_Party/FreeRTOS/Source/portable/GCC/ARM_CM4F/portmacro.h ****  * THE SOFTWARE IS PROVIDED "AS IS", WITHOUT WARRANTY OF ANY KIND, EXPRESS OR
  16:Middlewares/Third_Party/FreeRTOS/Source/portable/GCC/ARM_CM4F/portmacro.h ****  * IMPLIED, INCLUDING BUT NOT LIMITED TO THE WARRANTIES OF MERCHANTABILITY, FITNESS
  17:Middlewares/Third_Party/FreeRTOS/Source/portable/GCC/ARM_CM4F/portmacro.h ****  * FOR A PARTICULAR PURPOSE AND NONINFRINGEMENT. IN NO EVENT SHALL THE AUTHORS OR
ARM GAS  C:\Users\kalpe\AppData\Local\Temp\ccC8Iu7o.s 			page 56


  18:Middlewares/Third_Party/FreeRTOS/Source/portable/GCC/ARM_CM4F/portmacro.h ****  * COPYRIGHT HOLDERS BE LIABLE FOR ANY CLAIM, DAMAGES OR OTHER LIABILITY, WHETHER
  19:Middlewares/Third_Party/FreeRTOS/Source/portable/GCC/ARM_CM4F/portmacro.h ****  * IN AN ACTION OF CONTRACT, TORT OR OTHERWISE, ARISING FROM, OUT OF OR IN
  20:Middlewares/Third_Party/FreeRTOS/Source/portable/GCC/ARM_CM4F/portmacro.h ****  * CONNECTION WITH THE SOFTWARE OR THE USE OR OTHER DEALINGS IN THE SOFTWARE.
  21:Middlewares/Third_Party/FreeRTOS/Source/portable/GCC/ARM_CM4F/portmacro.h ****  *
  22:Middlewares/Third_Party/FreeRTOS/Source/portable/GCC/ARM_CM4F/portmacro.h ****  * http://www.FreeRTOS.org
  23:Middlewares/Third_Party/FreeRTOS/Source/portable/GCC/ARM_CM4F/portmacro.h ****  * http://aws.amazon.com/freertos
  24:Middlewares/Third_Party/FreeRTOS/Source/portable/GCC/ARM_CM4F/portmacro.h ****  *
  25:Middlewares/Third_Party/FreeRTOS/Source/portable/GCC/ARM_CM4F/portmacro.h ****  * 1 tab == 4 spaces!
  26:Middlewares/Third_Party/FreeRTOS/Source/portable/GCC/ARM_CM4F/portmacro.h ****  */
  27:Middlewares/Third_Party/FreeRTOS/Source/portable/GCC/ARM_CM4F/portmacro.h **** 
  28:Middlewares/Third_Party/FreeRTOS/Source/portable/GCC/ARM_CM4F/portmacro.h **** 
  29:Middlewares/Third_Party/FreeRTOS/Source/portable/GCC/ARM_CM4F/portmacro.h **** #ifndef PORTMACRO_H
  30:Middlewares/Third_Party/FreeRTOS/Source/portable/GCC/ARM_CM4F/portmacro.h **** #define PORTMACRO_H
  31:Middlewares/Third_Party/FreeRTOS/Source/portable/GCC/ARM_CM4F/portmacro.h **** 
  32:Middlewares/Third_Party/FreeRTOS/Source/portable/GCC/ARM_CM4F/portmacro.h **** #ifdef __cplusplus
  33:Middlewares/Third_Party/FreeRTOS/Source/portable/GCC/ARM_CM4F/portmacro.h **** extern "C" {
  34:Middlewares/Third_Party/FreeRTOS/Source/portable/GCC/ARM_CM4F/portmacro.h **** #endif
  35:Middlewares/Third_Party/FreeRTOS/Source/portable/GCC/ARM_CM4F/portmacro.h **** 
  36:Middlewares/Third_Party/FreeRTOS/Source/portable/GCC/ARM_CM4F/portmacro.h **** /*-----------------------------------------------------------
  37:Middlewares/Third_Party/FreeRTOS/Source/portable/GCC/ARM_CM4F/portmacro.h ****  * Port specific definitions.
  38:Middlewares/Third_Party/FreeRTOS/Source/portable/GCC/ARM_CM4F/portmacro.h ****  *
  39:Middlewares/Third_Party/FreeRTOS/Source/portable/GCC/ARM_CM4F/portmacro.h ****  * The settings in this file configure FreeRTOS correctly for the
  40:Middlewares/Third_Party/FreeRTOS/Source/portable/GCC/ARM_CM4F/portmacro.h ****  * given hardware and compiler.
  41:Middlewares/Third_Party/FreeRTOS/Source/portable/GCC/ARM_CM4F/portmacro.h ****  *
  42:Middlewares/Third_Party/FreeRTOS/Source/portable/GCC/ARM_CM4F/portmacro.h ****  * These settings should not be altered.
  43:Middlewares/Third_Party/FreeRTOS/Source/portable/GCC/ARM_CM4F/portmacro.h ****  *-----------------------------------------------------------
  44:Middlewares/Third_Party/FreeRTOS/Source/portable/GCC/ARM_CM4F/portmacro.h ****  */
  45:Middlewares/Third_Party/FreeRTOS/Source/portable/GCC/ARM_CM4F/portmacro.h **** 
  46:Middlewares/Third_Party/FreeRTOS/Source/portable/GCC/ARM_CM4F/portmacro.h **** /* Type definitions. */
  47:Middlewares/Third_Party/FreeRTOS/Source/portable/GCC/ARM_CM4F/portmacro.h **** #define portCHAR		char
  48:Middlewares/Third_Party/FreeRTOS/Source/portable/GCC/ARM_CM4F/portmacro.h **** #define portFLOAT		float
  49:Middlewares/Third_Party/FreeRTOS/Source/portable/GCC/ARM_CM4F/portmacro.h **** #define portDOUBLE		double
  50:Middlewares/Third_Party/FreeRTOS/Source/portable/GCC/ARM_CM4F/portmacro.h **** #define portLONG		long
  51:Middlewares/Third_Party/FreeRTOS/Source/portable/GCC/ARM_CM4F/portmacro.h **** #define portSHORT		short
  52:Middlewares/Third_Party/FreeRTOS/Source/portable/GCC/ARM_CM4F/portmacro.h **** #define portSTACK_TYPE	uint32_t
  53:Middlewares/Third_Party/FreeRTOS/Source/portable/GCC/ARM_CM4F/portmacro.h **** #define portBASE_TYPE	long
  54:Middlewares/Third_Party/FreeRTOS/Source/portable/GCC/ARM_CM4F/portmacro.h **** 
  55:Middlewares/Third_Party/FreeRTOS/Source/portable/GCC/ARM_CM4F/portmacro.h **** typedef portSTACK_TYPE StackType_t;
  56:Middlewares/Third_Party/FreeRTOS/Source/portable/GCC/ARM_CM4F/portmacro.h **** typedef long BaseType_t;
  57:Middlewares/Third_Party/FreeRTOS/Source/portable/GCC/ARM_CM4F/portmacro.h **** typedef unsigned long UBaseType_t;
  58:Middlewares/Third_Party/FreeRTOS/Source/portable/GCC/ARM_CM4F/portmacro.h **** 
  59:Middlewares/Third_Party/FreeRTOS/Source/portable/GCC/ARM_CM4F/portmacro.h **** #if( configUSE_16_BIT_TICKS == 1 )
  60:Middlewares/Third_Party/FreeRTOS/Source/portable/GCC/ARM_CM4F/portmacro.h **** 	typedef uint16_t TickType_t;
  61:Middlewares/Third_Party/FreeRTOS/Source/portable/GCC/ARM_CM4F/portmacro.h **** 	#define portMAX_DELAY ( TickType_t ) 0xffff
  62:Middlewares/Third_Party/FreeRTOS/Source/portable/GCC/ARM_CM4F/portmacro.h **** #else
  63:Middlewares/Third_Party/FreeRTOS/Source/portable/GCC/ARM_CM4F/portmacro.h **** 	typedef uint32_t TickType_t;
  64:Middlewares/Third_Party/FreeRTOS/Source/portable/GCC/ARM_CM4F/portmacro.h **** 	#define portMAX_DELAY ( TickType_t ) 0xffffffffUL
  65:Middlewares/Third_Party/FreeRTOS/Source/portable/GCC/ARM_CM4F/portmacro.h **** 
  66:Middlewares/Third_Party/FreeRTOS/Source/portable/GCC/ARM_CM4F/portmacro.h **** 	/* 32-bit tick type on a 32-bit architecture, so reads of the tick count do
  67:Middlewares/Third_Party/FreeRTOS/Source/portable/GCC/ARM_CM4F/portmacro.h **** 	not need to be guarded with a critical section. */
  68:Middlewares/Third_Party/FreeRTOS/Source/portable/GCC/ARM_CM4F/portmacro.h **** 	#define portTICK_TYPE_IS_ATOMIC 1
  69:Middlewares/Third_Party/FreeRTOS/Source/portable/GCC/ARM_CM4F/portmacro.h **** #endif
  70:Middlewares/Third_Party/FreeRTOS/Source/portable/GCC/ARM_CM4F/portmacro.h **** /*-----------------------------------------------------------*/
  71:Middlewares/Third_Party/FreeRTOS/Source/portable/GCC/ARM_CM4F/portmacro.h **** 
  72:Middlewares/Third_Party/FreeRTOS/Source/portable/GCC/ARM_CM4F/portmacro.h **** /* Architecture specifics. */
  73:Middlewares/Third_Party/FreeRTOS/Source/portable/GCC/ARM_CM4F/portmacro.h **** #define portSTACK_GROWTH			( -1 )
  74:Middlewares/Third_Party/FreeRTOS/Source/portable/GCC/ARM_CM4F/portmacro.h **** #define portTICK_PERIOD_MS			( ( TickType_t ) 1000 / configTICK_RATE_HZ )
ARM GAS  C:\Users\kalpe\AppData\Local\Temp\ccC8Iu7o.s 			page 57


  75:Middlewares/Third_Party/FreeRTOS/Source/portable/GCC/ARM_CM4F/portmacro.h **** #define portBYTE_ALIGNMENT			8
  76:Middlewares/Third_Party/FreeRTOS/Source/portable/GCC/ARM_CM4F/portmacro.h **** /*-----------------------------------------------------------*/
  77:Middlewares/Third_Party/FreeRTOS/Source/portable/GCC/ARM_CM4F/portmacro.h **** 
  78:Middlewares/Third_Party/FreeRTOS/Source/portable/GCC/ARM_CM4F/portmacro.h **** /* Scheduler utilities. */
  79:Middlewares/Third_Party/FreeRTOS/Source/portable/GCC/ARM_CM4F/portmacro.h **** #define portYIELD() 															\
  80:Middlewares/Third_Party/FreeRTOS/Source/portable/GCC/ARM_CM4F/portmacro.h **** {																				\
  81:Middlewares/Third_Party/FreeRTOS/Source/portable/GCC/ARM_CM4F/portmacro.h **** 	/* Set a PendSV to request a context switch. */								\
  82:Middlewares/Third_Party/FreeRTOS/Source/portable/GCC/ARM_CM4F/portmacro.h **** 	portNVIC_INT_CTRL_REG = portNVIC_PENDSVSET_BIT;								\
  83:Middlewares/Third_Party/FreeRTOS/Source/portable/GCC/ARM_CM4F/portmacro.h **** 																				\
  84:Middlewares/Third_Party/FreeRTOS/Source/portable/GCC/ARM_CM4F/portmacro.h **** 	/* Barriers are normally not required but do ensure the code is completely	\
  85:Middlewares/Third_Party/FreeRTOS/Source/portable/GCC/ARM_CM4F/portmacro.h **** 	within the specified behaviour for the architecture. */						\
  86:Middlewares/Third_Party/FreeRTOS/Source/portable/GCC/ARM_CM4F/portmacro.h **** 	__asm volatile( "dsb" ::: "memory" );										\
  87:Middlewares/Third_Party/FreeRTOS/Source/portable/GCC/ARM_CM4F/portmacro.h **** 	__asm volatile( "isb" );													\
  88:Middlewares/Third_Party/FreeRTOS/Source/portable/GCC/ARM_CM4F/portmacro.h **** }
  89:Middlewares/Third_Party/FreeRTOS/Source/portable/GCC/ARM_CM4F/portmacro.h **** 
  90:Middlewares/Third_Party/FreeRTOS/Source/portable/GCC/ARM_CM4F/portmacro.h **** #define portNVIC_INT_CTRL_REG		( * ( ( volatile uint32_t * ) 0xe000ed04 ) )
  91:Middlewares/Third_Party/FreeRTOS/Source/portable/GCC/ARM_CM4F/portmacro.h **** #define portNVIC_PENDSVSET_BIT		( 1UL << 28UL )
  92:Middlewares/Third_Party/FreeRTOS/Source/portable/GCC/ARM_CM4F/portmacro.h **** #define portEND_SWITCHING_ISR( xSwitchRequired ) if( xSwitchRequired != pdFALSE ) portYIELD()
  93:Middlewares/Third_Party/FreeRTOS/Source/portable/GCC/ARM_CM4F/portmacro.h **** #define portYIELD_FROM_ISR( x ) portEND_SWITCHING_ISR( x )
  94:Middlewares/Third_Party/FreeRTOS/Source/portable/GCC/ARM_CM4F/portmacro.h **** /*-----------------------------------------------------------*/
  95:Middlewares/Third_Party/FreeRTOS/Source/portable/GCC/ARM_CM4F/portmacro.h **** 
  96:Middlewares/Third_Party/FreeRTOS/Source/portable/GCC/ARM_CM4F/portmacro.h **** /* Critical section management. */
  97:Middlewares/Third_Party/FreeRTOS/Source/portable/GCC/ARM_CM4F/portmacro.h **** extern void vPortEnterCritical( void );
  98:Middlewares/Third_Party/FreeRTOS/Source/portable/GCC/ARM_CM4F/portmacro.h **** extern void vPortExitCritical( void );
  99:Middlewares/Third_Party/FreeRTOS/Source/portable/GCC/ARM_CM4F/portmacro.h **** #define portSET_INTERRUPT_MASK_FROM_ISR()		ulPortRaiseBASEPRI()
 100:Middlewares/Third_Party/FreeRTOS/Source/portable/GCC/ARM_CM4F/portmacro.h **** #define portCLEAR_INTERRUPT_MASK_FROM_ISR(x)	vPortSetBASEPRI(x)
 101:Middlewares/Third_Party/FreeRTOS/Source/portable/GCC/ARM_CM4F/portmacro.h **** #define portDISABLE_INTERRUPTS()				vPortRaiseBASEPRI()
 102:Middlewares/Third_Party/FreeRTOS/Source/portable/GCC/ARM_CM4F/portmacro.h **** #define portENABLE_INTERRUPTS()					vPortSetBASEPRI(0)
 103:Middlewares/Third_Party/FreeRTOS/Source/portable/GCC/ARM_CM4F/portmacro.h **** #define portENTER_CRITICAL()					vPortEnterCritical()
 104:Middlewares/Third_Party/FreeRTOS/Source/portable/GCC/ARM_CM4F/portmacro.h **** #define portEXIT_CRITICAL()						vPortExitCritical()
 105:Middlewares/Third_Party/FreeRTOS/Source/portable/GCC/ARM_CM4F/portmacro.h **** 
 106:Middlewares/Third_Party/FreeRTOS/Source/portable/GCC/ARM_CM4F/portmacro.h **** /*-----------------------------------------------------------*/
 107:Middlewares/Third_Party/FreeRTOS/Source/portable/GCC/ARM_CM4F/portmacro.h **** 
 108:Middlewares/Third_Party/FreeRTOS/Source/portable/GCC/ARM_CM4F/portmacro.h **** /* Task function macros as described on the FreeRTOS.org WEB site.  These are
 109:Middlewares/Third_Party/FreeRTOS/Source/portable/GCC/ARM_CM4F/portmacro.h **** not necessary for to use this port.  They are defined so the common demo files
 110:Middlewares/Third_Party/FreeRTOS/Source/portable/GCC/ARM_CM4F/portmacro.h **** (which build with all the ports) will build. */
 111:Middlewares/Third_Party/FreeRTOS/Source/portable/GCC/ARM_CM4F/portmacro.h **** #define portTASK_FUNCTION_PROTO( vFunction, pvParameters ) void vFunction( void *pvParameters )
 112:Middlewares/Third_Party/FreeRTOS/Source/portable/GCC/ARM_CM4F/portmacro.h **** #define portTASK_FUNCTION( vFunction, pvParameters ) void vFunction( void *pvParameters )
 113:Middlewares/Third_Party/FreeRTOS/Source/portable/GCC/ARM_CM4F/portmacro.h **** /*-----------------------------------------------------------*/
 114:Middlewares/Third_Party/FreeRTOS/Source/portable/GCC/ARM_CM4F/portmacro.h **** 
 115:Middlewares/Third_Party/FreeRTOS/Source/portable/GCC/ARM_CM4F/portmacro.h **** /* Tickless idle/low power functionality. */
 116:Middlewares/Third_Party/FreeRTOS/Source/portable/GCC/ARM_CM4F/portmacro.h **** #ifndef portSUPPRESS_TICKS_AND_SLEEP
 117:Middlewares/Third_Party/FreeRTOS/Source/portable/GCC/ARM_CM4F/portmacro.h **** 	extern void vPortSuppressTicksAndSleep( TickType_t xExpectedIdleTime );
 118:Middlewares/Third_Party/FreeRTOS/Source/portable/GCC/ARM_CM4F/portmacro.h **** 	#define portSUPPRESS_TICKS_AND_SLEEP( xExpectedIdleTime ) vPortSuppressTicksAndSleep( xExpectedIdl
 119:Middlewares/Third_Party/FreeRTOS/Source/portable/GCC/ARM_CM4F/portmacro.h **** #endif
 120:Middlewares/Third_Party/FreeRTOS/Source/portable/GCC/ARM_CM4F/portmacro.h **** /*-----------------------------------------------------------*/
 121:Middlewares/Third_Party/FreeRTOS/Source/portable/GCC/ARM_CM4F/portmacro.h **** 
 122:Middlewares/Third_Party/FreeRTOS/Source/portable/GCC/ARM_CM4F/portmacro.h **** /* Architecture specific optimisations. */
 123:Middlewares/Third_Party/FreeRTOS/Source/portable/GCC/ARM_CM4F/portmacro.h **** #ifndef configUSE_PORT_OPTIMISED_TASK_SELECTION
 124:Middlewares/Third_Party/FreeRTOS/Source/portable/GCC/ARM_CM4F/portmacro.h **** 	#define configUSE_PORT_OPTIMISED_TASK_SELECTION 1
 125:Middlewares/Third_Party/FreeRTOS/Source/portable/GCC/ARM_CM4F/portmacro.h **** #endif
 126:Middlewares/Third_Party/FreeRTOS/Source/portable/GCC/ARM_CM4F/portmacro.h **** 
 127:Middlewares/Third_Party/FreeRTOS/Source/portable/GCC/ARM_CM4F/portmacro.h **** #if configUSE_PORT_OPTIMISED_TASK_SELECTION == 1
 128:Middlewares/Third_Party/FreeRTOS/Source/portable/GCC/ARM_CM4F/portmacro.h **** 
 129:Middlewares/Third_Party/FreeRTOS/Source/portable/GCC/ARM_CM4F/portmacro.h **** 	/* Generic helper function. */
 130:Middlewares/Third_Party/FreeRTOS/Source/portable/GCC/ARM_CM4F/portmacro.h **** 	__attribute__( ( always_inline ) ) static inline uint8_t ucPortCountLeadingZeros( uint32_t ulBitma
 131:Middlewares/Third_Party/FreeRTOS/Source/portable/GCC/ARM_CM4F/portmacro.h **** 	{
ARM GAS  C:\Users\kalpe\AppData\Local\Temp\ccC8Iu7o.s 			page 58


 132:Middlewares/Third_Party/FreeRTOS/Source/portable/GCC/ARM_CM4F/portmacro.h **** 	uint8_t ucReturn;
 133:Middlewares/Third_Party/FreeRTOS/Source/portable/GCC/ARM_CM4F/portmacro.h **** 
 134:Middlewares/Third_Party/FreeRTOS/Source/portable/GCC/ARM_CM4F/portmacro.h **** 		__asm volatile ( "clz %0, %1" : "=r" ( ucReturn ) : "r" ( ulBitmap ) : "memory" );
 135:Middlewares/Third_Party/FreeRTOS/Source/portable/GCC/ARM_CM4F/portmacro.h **** 		return ucReturn;
 136:Middlewares/Third_Party/FreeRTOS/Source/portable/GCC/ARM_CM4F/portmacro.h **** 	}
 137:Middlewares/Third_Party/FreeRTOS/Source/portable/GCC/ARM_CM4F/portmacro.h **** 
 138:Middlewares/Third_Party/FreeRTOS/Source/portable/GCC/ARM_CM4F/portmacro.h **** 	/* Check the configuration. */
 139:Middlewares/Third_Party/FreeRTOS/Source/portable/GCC/ARM_CM4F/portmacro.h **** 	#if( configMAX_PRIORITIES > 32 )
 140:Middlewares/Third_Party/FreeRTOS/Source/portable/GCC/ARM_CM4F/portmacro.h **** 		#error configUSE_PORT_OPTIMISED_TASK_SELECTION can only be set to 1 when configMAX_PRIORITIES is 
 141:Middlewares/Third_Party/FreeRTOS/Source/portable/GCC/ARM_CM4F/portmacro.h **** 	#endif
 142:Middlewares/Third_Party/FreeRTOS/Source/portable/GCC/ARM_CM4F/portmacro.h **** 
 143:Middlewares/Third_Party/FreeRTOS/Source/portable/GCC/ARM_CM4F/portmacro.h **** 	/* Store/clear the ready priorities in a bit map. */
 144:Middlewares/Third_Party/FreeRTOS/Source/portable/GCC/ARM_CM4F/portmacro.h **** 	#define portRECORD_READY_PRIORITY( uxPriority, uxReadyPriorities ) ( uxReadyPriorities ) |= ( 1UL 
 145:Middlewares/Third_Party/FreeRTOS/Source/portable/GCC/ARM_CM4F/portmacro.h **** 	#define portRESET_READY_PRIORITY( uxPriority, uxReadyPriorities ) ( uxReadyPriorities ) &= ~( 1UL 
 146:Middlewares/Third_Party/FreeRTOS/Source/portable/GCC/ARM_CM4F/portmacro.h **** 
 147:Middlewares/Third_Party/FreeRTOS/Source/portable/GCC/ARM_CM4F/portmacro.h **** 	/*-----------------------------------------------------------*/
 148:Middlewares/Third_Party/FreeRTOS/Source/portable/GCC/ARM_CM4F/portmacro.h **** 
 149:Middlewares/Third_Party/FreeRTOS/Source/portable/GCC/ARM_CM4F/portmacro.h **** 	#define portGET_HIGHEST_PRIORITY( uxTopPriority, uxReadyPriorities ) uxTopPriority = ( 31UL - ( ui
 150:Middlewares/Third_Party/FreeRTOS/Source/portable/GCC/ARM_CM4F/portmacro.h **** 
 151:Middlewares/Third_Party/FreeRTOS/Source/portable/GCC/ARM_CM4F/portmacro.h **** #endif /* configUSE_PORT_OPTIMISED_TASK_SELECTION */
 152:Middlewares/Third_Party/FreeRTOS/Source/portable/GCC/ARM_CM4F/portmacro.h **** 
 153:Middlewares/Third_Party/FreeRTOS/Source/portable/GCC/ARM_CM4F/portmacro.h **** /*-----------------------------------------------------------*/
 154:Middlewares/Third_Party/FreeRTOS/Source/portable/GCC/ARM_CM4F/portmacro.h **** 
 155:Middlewares/Third_Party/FreeRTOS/Source/portable/GCC/ARM_CM4F/portmacro.h **** #ifdef configASSERT
 156:Middlewares/Third_Party/FreeRTOS/Source/portable/GCC/ARM_CM4F/portmacro.h **** 	void vPortValidateInterruptPriority( void );
 157:Middlewares/Third_Party/FreeRTOS/Source/portable/GCC/ARM_CM4F/portmacro.h **** 	#define portASSERT_IF_INTERRUPT_PRIORITY_INVALID() 	vPortValidateInterruptPriority()
 158:Middlewares/Third_Party/FreeRTOS/Source/portable/GCC/ARM_CM4F/portmacro.h **** #endif
 159:Middlewares/Third_Party/FreeRTOS/Source/portable/GCC/ARM_CM4F/portmacro.h **** 
 160:Middlewares/Third_Party/FreeRTOS/Source/portable/GCC/ARM_CM4F/portmacro.h **** /* portNOP() is not required by this port. */
 161:Middlewares/Third_Party/FreeRTOS/Source/portable/GCC/ARM_CM4F/portmacro.h **** #define portNOP()
 162:Middlewares/Third_Party/FreeRTOS/Source/portable/GCC/ARM_CM4F/portmacro.h **** 
 163:Middlewares/Third_Party/FreeRTOS/Source/portable/GCC/ARM_CM4F/portmacro.h **** #define portINLINE	__inline
 164:Middlewares/Third_Party/FreeRTOS/Source/portable/GCC/ARM_CM4F/portmacro.h **** 
 165:Middlewares/Third_Party/FreeRTOS/Source/portable/GCC/ARM_CM4F/portmacro.h **** #ifndef portFORCE_INLINE
 166:Middlewares/Third_Party/FreeRTOS/Source/portable/GCC/ARM_CM4F/portmacro.h **** 	#define portFORCE_INLINE inline __attribute__(( always_inline))
 167:Middlewares/Third_Party/FreeRTOS/Source/portable/GCC/ARM_CM4F/portmacro.h **** #endif
 168:Middlewares/Third_Party/FreeRTOS/Source/portable/GCC/ARM_CM4F/portmacro.h **** 
 169:Middlewares/Third_Party/FreeRTOS/Source/portable/GCC/ARM_CM4F/portmacro.h **** portFORCE_INLINE static BaseType_t xPortIsInsideInterrupt( void )
 170:Middlewares/Third_Party/FreeRTOS/Source/portable/GCC/ARM_CM4F/portmacro.h **** {
 171:Middlewares/Third_Party/FreeRTOS/Source/portable/GCC/ARM_CM4F/portmacro.h **** uint32_t ulCurrentInterrupt;
 172:Middlewares/Third_Party/FreeRTOS/Source/portable/GCC/ARM_CM4F/portmacro.h **** BaseType_t xReturn;
 173:Middlewares/Third_Party/FreeRTOS/Source/portable/GCC/ARM_CM4F/portmacro.h **** 
 174:Middlewares/Third_Party/FreeRTOS/Source/portable/GCC/ARM_CM4F/portmacro.h **** 	/* Obtain the number of the currently executing interrupt. */
 175:Middlewares/Third_Party/FreeRTOS/Source/portable/GCC/ARM_CM4F/portmacro.h **** 	__asm volatile( "mrs %0, ipsr" : "=r"( ulCurrentInterrupt ) :: "memory" );
 176:Middlewares/Third_Party/FreeRTOS/Source/portable/GCC/ARM_CM4F/portmacro.h **** 
 177:Middlewares/Third_Party/FreeRTOS/Source/portable/GCC/ARM_CM4F/portmacro.h **** 	if( ulCurrentInterrupt == 0 )
 178:Middlewares/Third_Party/FreeRTOS/Source/portable/GCC/ARM_CM4F/portmacro.h **** 	{
 179:Middlewares/Third_Party/FreeRTOS/Source/portable/GCC/ARM_CM4F/portmacro.h **** 		xReturn = pdFALSE;
 180:Middlewares/Third_Party/FreeRTOS/Source/portable/GCC/ARM_CM4F/portmacro.h **** 	}
 181:Middlewares/Third_Party/FreeRTOS/Source/portable/GCC/ARM_CM4F/portmacro.h **** 	else
 182:Middlewares/Third_Party/FreeRTOS/Source/portable/GCC/ARM_CM4F/portmacro.h **** 	{
 183:Middlewares/Third_Party/FreeRTOS/Source/portable/GCC/ARM_CM4F/portmacro.h **** 		xReturn = pdTRUE;
 184:Middlewares/Third_Party/FreeRTOS/Source/portable/GCC/ARM_CM4F/portmacro.h **** 	}
 185:Middlewares/Third_Party/FreeRTOS/Source/portable/GCC/ARM_CM4F/portmacro.h **** 
 186:Middlewares/Third_Party/FreeRTOS/Source/portable/GCC/ARM_CM4F/portmacro.h **** 	return xReturn;
 187:Middlewares/Third_Party/FreeRTOS/Source/portable/GCC/ARM_CM4F/portmacro.h **** }
 188:Middlewares/Third_Party/FreeRTOS/Source/portable/GCC/ARM_CM4F/portmacro.h **** 
ARM GAS  C:\Users\kalpe\AppData\Local\Temp\ccC8Iu7o.s 			page 59


 189:Middlewares/Third_Party/FreeRTOS/Source/portable/GCC/ARM_CM4F/portmacro.h **** /*-----------------------------------------------------------*/
 190:Middlewares/Third_Party/FreeRTOS/Source/portable/GCC/ARM_CM4F/portmacro.h **** 
 191:Middlewares/Third_Party/FreeRTOS/Source/portable/GCC/ARM_CM4F/portmacro.h **** portFORCE_INLINE static void vPortRaiseBASEPRI( void )
 609              		.loc 2 191 30 view .LVU198
 610              	.LBB121:
 192:Middlewares/Third_Party/FreeRTOS/Source/portable/GCC/ARM_CM4F/portmacro.h **** {
 193:Middlewares/Third_Party/FreeRTOS/Source/portable/GCC/ARM_CM4F/portmacro.h **** uint32_t ulNewBASEPRI;
 611              		.loc 2 193 1 view .LVU199
 194:Middlewares/Third_Party/FreeRTOS/Source/portable/GCC/ARM_CM4F/portmacro.h **** 
 195:Middlewares/Third_Party/FreeRTOS/Source/portable/GCC/ARM_CM4F/portmacro.h **** 	__asm volatile
 612              		.loc 2 195 2 view .LVU200
 613              		.syntax unified
 614              	@ 195 "Middlewares/Third_Party/FreeRTOS/Source/portable/GCC/ARM_CM4F/portmacro.h" 1
 615 003e 4FF05003 			mov r3, #80												
 616 0042 83F31188 		msr basepri, r3											
 617 0046 BFF36F8F 		isb														
 618 004a BFF34F8F 		dsb														
 619              	
 620              	@ 0 "" 2
 621              		.thumb
 622              		.syntax unified
 623              	.L43:
 624              	.LBE121:
 625              	.LBE120:
 259:Middlewares/Third_Party/FreeRTOS/Source/queue.c **** 
 626              		.loc 1 259 2 view .LVU201
 627 004e FEE7     		b	.L43
 628              	.LVL58:
 629              	.L48:
 279:Middlewares/Third_Party/FreeRTOS/Source/queue.c **** 				{
 630              		.loc 1 279 5 view .LVU202
 279:Middlewares/Third_Party/FreeRTOS/Source/queue.c **** 				{
 631              		.loc 1 279 9 is_stmt 0 view .LVU203
 632 0050 04F11000 		add	r0, r4, #16
 633 0054 FFF7FEFF 		bl	xTaskRemoveFromEventList
 634              	.LVL59:
 279:Middlewares/Third_Party/FreeRTOS/Source/queue.c **** 				{
 635              		.loc 1 279 7 discriminator 1 view .LVU204
 636 0058 0028     		cmp	r0, #0
 637 005a ECD0     		beq	.L45
 281:Middlewares/Third_Party/FreeRTOS/Source/queue.c **** 				}
 638              		.loc 1 281 6 is_stmt 1 view .LVU205
 639 005c 4FF0E023 		mov	r3, #-536813568
 640 0060 4FF08052 		mov	r2, #268435456
 641 0064 C3F8042D 		str	r2, [r3, #3332]
 281:Middlewares/Third_Party/FreeRTOS/Source/queue.c **** 				}
 642              		.loc 1 281 6 view .LVU206
 643              		.syntax unified
 644              	@ 281 "Middlewares/Third_Party/FreeRTOS/Source/queue.c" 1
 645 0068 BFF34F8F 		dsb
 646              	@ 0 "" 2
 281:Middlewares/Third_Party/FreeRTOS/Source/queue.c **** 				}
 647              		.loc 1 281 6 view .LVU207
 648              	@ 281 "Middlewares/Third_Party/FreeRTOS/Source/queue.c" 1
 649 006c BFF36F8F 		isb
 650              	@ 0 "" 2
 281:Middlewares/Third_Party/FreeRTOS/Source/queue.c **** 				}
ARM GAS  C:\Users\kalpe\AppData\Local\Temp\ccC8Iu7o.s 			page 60


 651              		.loc 1 281 38 view .LVU208
 652              		.thumb
 653              		.syntax unified
 654 0070 E1E7     		b	.L45
 655              	.L44:
 296:Middlewares/Third_Party/FreeRTOS/Source/queue.c **** 			vListInitialise( &( pxQueue->xTasksWaitingToReceive ) );
 656              		.loc 1 296 4 view .LVU209
 657 0072 04F11000 		add	r0, r4, #16
 658 0076 FFF7FEFF 		bl	vListInitialise
 659              	.LVL60:
 297:Middlewares/Third_Party/FreeRTOS/Source/queue.c **** 		}
 660              		.loc 1 297 4 view .LVU210
 661 007a 04F12400 		add	r0, r4, #36
 662 007e FFF7FEFF 		bl	vListInitialise
 663              	.LVL61:
 664 0082 D8E7     		b	.L45
 665              		.cfi_endproc
 666              	.LFE4:
 668              		.section	.text.prvInitialiseNewQueue,"ax",%progbits
 669              		.align	1
 670              		.syntax unified
 671              		.thumb
 672              		.thumb_func
 674              	prvInitialiseNewQueue:
 675              	.LVL62:
 676              	.LFB7:
 423:Middlewares/Third_Party/FreeRTOS/Source/queue.c **** 	/* Remove compiler warnings about unused parameters should
 677              		.loc 1 423 1 view -0
 678              		.cfi_startproc
 679              		@ args = 4, pretend = 0, frame = 0
 680              		@ frame_needed = 0, uses_anonymous_args = 0
 423:Middlewares/Third_Party/FreeRTOS/Source/queue.c **** 	/* Remove compiler warnings about unused parameters should
 681              		.loc 1 423 1 is_stmt 0 view .LVU212
 682 0000 38B5     		push	{r3, r4, r5, lr}
 683              	.LCFI7:
 684              		.cfi_def_cfa_offset 16
 685              		.cfi_offset 3, -16
 686              		.cfi_offset 4, -12
 687              		.cfi_offset 5, -8
 688              		.cfi_offset 14, -4
 689 0002 1D46     		mov	r5, r3
 690 0004 049C     		ldr	r4, [sp, #16]
 426:Middlewares/Third_Party/FreeRTOS/Source/queue.c **** 
 691              		.loc 1 426 2 is_stmt 1 view .LVU213
 428:Middlewares/Third_Party/FreeRTOS/Source/queue.c **** 	{
 692              		.loc 1 428 2 view .LVU214
 428:Middlewares/Third_Party/FreeRTOS/Source/queue.c **** 	{
 693              		.loc 1 428 4 is_stmt 0 view .LVU215
 694 0006 0B46     		mov	r3, r1
 695              	.LVL63:
 428:Middlewares/Third_Party/FreeRTOS/Source/queue.c **** 	{
 696              		.loc 1 428 4 view .LVU216
 697 0008 49B9     		cbnz	r1, .L50
 434:Middlewares/Third_Party/FreeRTOS/Source/queue.c **** 	}
 698              		.loc 1 434 3 is_stmt 1 view .LVU217
 434:Middlewares/Third_Party/FreeRTOS/Source/queue.c **** 	}
 699              		.loc 1 434 22 is_stmt 0 view .LVU218
ARM GAS  C:\Users\kalpe\AppData\Local\Temp\ccC8Iu7o.s 			page 61


 700 000a 2460     		str	r4, [r4]
 701              	.L51:
 444:Middlewares/Third_Party/FreeRTOS/Source/queue.c **** 	pxNewQueue->uxItemSize = uxItemSize;
 702              		.loc 1 444 2 is_stmt 1 view .LVU219
 444:Middlewares/Third_Party/FreeRTOS/Source/queue.c **** 	pxNewQueue->uxItemSize = uxItemSize;
 703              		.loc 1 444 23 is_stmt 0 view .LVU220
 704 000c E063     		str	r0, [r4, #60]
 445:Middlewares/Third_Party/FreeRTOS/Source/queue.c **** 	( void ) xQueueGenericReset( pxNewQueue, pdTRUE );
 705              		.loc 1 445 2 is_stmt 1 view .LVU221
 445:Middlewares/Third_Party/FreeRTOS/Source/queue.c **** 	( void ) xQueueGenericReset( pxNewQueue, pdTRUE );
 706              		.loc 1 445 25 is_stmt 0 view .LVU222
 707 000e 2364     		str	r3, [r4, #64]
 446:Middlewares/Third_Party/FreeRTOS/Source/queue.c **** 
 708              		.loc 1 446 2 is_stmt 1 view .LVU223
 446:Middlewares/Third_Party/FreeRTOS/Source/queue.c **** 
 709              		.loc 1 446 11 is_stmt 0 view .LVU224
 710 0010 0121     		movs	r1, #1
 711              	.LVL64:
 446:Middlewares/Third_Party/FreeRTOS/Source/queue.c **** 
 712              		.loc 1 446 11 view .LVU225
 713 0012 2046     		mov	r0, r4
 714              	.LVL65:
 446:Middlewares/Third_Party/FreeRTOS/Source/queue.c **** 
 715              		.loc 1 446 11 view .LVU226
 716 0014 FFF7FEFF 		bl	xQueueGenericReset
 717              	.LVL66:
 450:Middlewares/Third_Party/FreeRTOS/Source/queue.c **** 	}
 718              		.loc 1 450 3 is_stmt 1 view .LVU227
 450:Middlewares/Third_Party/FreeRTOS/Source/queue.c **** 	}
 719              		.loc 1 450 27 is_stmt 0 view .LVU228
 720 0018 84F84C50 		strb	r5, [r4, #76]
 460:Middlewares/Third_Party/FreeRTOS/Source/queue.c **** }
 721              		.loc 1 460 33 is_stmt 1 view .LVU229
 461:Middlewares/Third_Party/FreeRTOS/Source/queue.c **** /*-----------------------------------------------------------*/
 722              		.loc 1 461 1 is_stmt 0 view .LVU230
 723 001c 38BD     		pop	{r3, r4, r5, pc}
 724              	.LVL67:
 725              	.L50:
 439:Middlewares/Third_Party/FreeRTOS/Source/queue.c **** 	}
 726              		.loc 1 439 3 is_stmt 1 view .LVU231
 439:Middlewares/Third_Party/FreeRTOS/Source/queue.c **** 	}
 727              		.loc 1 439 22 is_stmt 0 view .LVU232
 728 001e 2260     		str	r2, [r4]
 729 0020 F4E7     		b	.L51
 730              		.cfi_endproc
 731              	.LFE7:
 733              		.section	.text.xQueueGenericCreateStatic,"ax",%progbits
 734              		.align	1
 735              		.global	xQueueGenericCreateStatic
 736              		.syntax unified
 737              		.thumb
 738              		.thumb_func
 740              	xQueueGenericCreateStatic:
 741              	.LVL68:
 742              	.LFB5:
 311:Middlewares/Third_Party/FreeRTOS/Source/queue.c **** 	Queue_t *pxNewQueue;
 743              		.loc 1 311 2 is_stmt 1 view -0
ARM GAS  C:\Users\kalpe\AppData\Local\Temp\ccC8Iu7o.s 			page 62


 744              		.cfi_startproc
 745              		@ args = 4, pretend = 0, frame = 8
 746              		@ frame_needed = 0, uses_anonymous_args = 0
 312:Middlewares/Third_Party/FreeRTOS/Source/queue.c **** 
 747              		.loc 1 312 2 view .LVU234
 314:Middlewares/Third_Party/FreeRTOS/Source/queue.c **** 
 748              		.loc 1 314 3 view .LVU235
 749 0000 40B9     		cbnz	r0, .L54
 314:Middlewares/Third_Party/FreeRTOS/Source/queue.c **** 
 750              		.loc 1 314 3 discriminator 1 view .LVU236
 751              	.LBB122:
 752              	.LBI122:
 191:Middlewares/Third_Party/FreeRTOS/Source/portable/GCC/ARM_CM4F/portmacro.h **** {
 753              		.loc 2 191 30 view .LVU237
 754              	.LBB123:
 193:Middlewares/Third_Party/FreeRTOS/Source/portable/GCC/ARM_CM4F/portmacro.h **** 
 755              		.loc 2 193 1 view .LVU238
 756              		.loc 2 195 2 view .LVU239
 757              		.syntax unified
 758              	@ 195 "Middlewares/Third_Party/FreeRTOS/Source/portable/GCC/ARM_CM4F/portmacro.h" 1
 759 0002 4FF05003 			mov r3, #80												
 760 0006 83F31188 		msr basepri, r3											
 761 000a BFF36F8F 		isb														
 762 000e BFF34F8F 		dsb														
 763              	
 764              	@ 0 "" 2
 765              	.LVL69:
 766              		.thumb
 767              		.syntax unified
 768              	.L55:
 769              		.loc 2 195 2 is_stmt 0 view .LVU240
 770              	.LBE123:
 771              	.LBE122:
 314:Middlewares/Third_Party/FreeRTOS/Source/queue.c **** 
 772              		.loc 1 314 3 is_stmt 1 view .LVU241
 773 0012 FEE7     		b	.L55
 774              	.LVL70:
 775              	.L54:
 311:Middlewares/Third_Party/FreeRTOS/Source/queue.c **** 	Queue_t *pxNewQueue;
 776              		.loc 1 311 2 is_stmt 0 view .LVU242
 777 0014 10B5     		push	{r4, lr}
 778              	.LCFI8:
 779              		.cfi_def_cfa_offset 8
 780              		.cfi_offset 4, -8
 781              		.cfi_offset 14, -4
 782 0016 84B0     		sub	sp, sp, #16
 783              	.LCFI9:
 784              		.cfi_def_cfa_offset 24
 785 0018 1C46     		mov	r4, r3
 786 001a 8446     		mov	ip, r0
 314:Middlewares/Third_Party/FreeRTOS/Source/queue.c **** 
 787              		.loc 1 314 52 is_stmt 1 view .LVU243
 318:Middlewares/Third_Party/FreeRTOS/Source/queue.c **** 
 788              		.loc 1 318 3 view .LVU244
 789 001c 53B1     		cbz	r3, .L66
 318:Middlewares/Third_Party/FreeRTOS/Source/queue.c **** 
 790              		.loc 1 318 40 view .LVU245
ARM GAS  C:\Users\kalpe\AppData\Local\Temp\ccC8Iu7o.s 			page 63


 322:Middlewares/Third_Party/FreeRTOS/Source/queue.c **** 		configASSERT( !( ( pucQueueStorage == NULL ) && ( uxItemSize != 0 ) ) );
 791              		.loc 1 322 3 view .LVU246
 792 001e 92B1     		cbz	r2, .L58
 322:Middlewares/Third_Party/FreeRTOS/Source/queue.c **** 		configASSERT( !( ( pucQueueStorage == NULL ) && ( uxItemSize != 0 ) ) );
 793              		.loc 1 322 3 is_stmt 0 discriminator 2 view .LVU247
 794 0020 89B9     		cbnz	r1, .L58
 322:Middlewares/Third_Party/FreeRTOS/Source/queue.c **** 		configASSERT( !( ( pucQueueStorage == NULL ) && ( uxItemSize != 0 ) ) );
 795              		.loc 1 322 3 is_stmt 1 discriminator 7 view .LVU248
 796              	.LBB124:
 797              	.LBI124:
 191:Middlewares/Third_Party/FreeRTOS/Source/portable/GCC/ARM_CM4F/portmacro.h **** {
 798              		.loc 2 191 30 view .LVU249
 799              	.LBB125:
 193:Middlewares/Third_Party/FreeRTOS/Source/portable/GCC/ARM_CM4F/portmacro.h **** 
 800              		.loc 2 193 1 view .LVU250
 801              		.loc 2 195 2 view .LVU251
 802              		.syntax unified
 803              	@ 195 "Middlewares/Third_Party/FreeRTOS/Source/portable/GCC/ARM_CM4F/portmacro.h" 1
 804 0022 4FF05003 			mov r3, #80												
 805 0026 83F31188 		msr basepri, r3											
 806 002a BFF36F8F 		isb														
 807 002e BFF34F8F 		dsb														
 808              	
 809              	@ 0 "" 2
 810              	.LVL71:
 811              		.thumb
 812              		.syntax unified
 813              	.L59:
 814              		.loc 2 195 2 is_stmt 0 view .LVU252
 815              	.LBE125:
 816              	.LBE124:
 322:Middlewares/Third_Party/FreeRTOS/Source/queue.c **** 		configASSERT( !( ( pucQueueStorage == NULL ) && ( uxItemSize != 0 ) ) );
 817              		.loc 1 322 3 is_stmt 1 view .LVU253
 818 0032 FEE7     		b	.L59
 819              	.LVL72:
 820              	.L66:
 318:Middlewares/Third_Party/FreeRTOS/Source/queue.c **** 
 821              		.loc 1 318 3 discriminator 1 view .LVU254
 822              	.LBB126:
 823              	.LBI126:
 191:Middlewares/Third_Party/FreeRTOS/Source/portable/GCC/ARM_CM4F/portmacro.h **** {
 824              		.loc 2 191 30 view .LVU255
 825              	.LBB127:
 193:Middlewares/Third_Party/FreeRTOS/Source/portable/GCC/ARM_CM4F/portmacro.h **** 
 826              		.loc 2 193 1 view .LVU256
 827              		.loc 2 195 2 view .LVU257
 828              		.syntax unified
 829              	@ 195 "Middlewares/Third_Party/FreeRTOS/Source/portable/GCC/ARM_CM4F/portmacro.h" 1
 830 0034 4FF05003 			mov r3, #80												
 831 0038 83F31188 		msr basepri, r3											
 832 003c BFF36F8F 		isb														
 833 0040 BFF34F8F 		dsb														
 834              	
 835              	@ 0 "" 2
 836              	.LVL73:
 837              		.thumb
 838              		.syntax unified
ARM GAS  C:\Users\kalpe\AppData\Local\Temp\ccC8Iu7o.s 			page 64


 839              	.L57:
 840              		.loc 2 195 2 is_stmt 0 view .LVU258
 841              	.LBE127:
 842              	.LBE126:
 318:Middlewares/Third_Party/FreeRTOS/Source/queue.c **** 
 843              		.loc 1 318 3 is_stmt 1 view .LVU259
 844 0044 FEE7     		b	.L57
 845              	.LVL74:
 846              	.L58:
 322:Middlewares/Third_Party/FreeRTOS/Source/queue.c **** 		configASSERT( !( ( pucQueueStorage == NULL ) && ( uxItemSize != 0 ) ) );
 847              		.loc 1 322 74 view .LVU260
 323:Middlewares/Third_Party/FreeRTOS/Source/queue.c **** 
 848              		.loc 1 323 3 view .LVU261
 849 0046 6AB1     		cbz	r2, .L67
 850              	.L60:
 323:Middlewares/Third_Party/FreeRTOS/Source/queue.c **** 
 851              		.loc 1 323 74 view .LVU262
 852              	.LBB128:
 330:Middlewares/Third_Party/FreeRTOS/Source/queue.c **** 			configASSERT( xSize == sizeof( Queue_t ) );
 853              		.loc 1 330 4 view .LVU263
 330:Middlewares/Third_Party/FreeRTOS/Source/queue.c **** 			configASSERT( xSize == sizeof( Queue_t ) );
 854              		.loc 1 330 20 is_stmt 0 view .LVU264
 855 0048 5023     		movs	r3, #80
 856              	.LVL75:
 330:Middlewares/Third_Party/FreeRTOS/Source/queue.c **** 			configASSERT( xSize == sizeof( Queue_t ) );
 857              		.loc 1 330 20 view .LVU265
 858 004a 0393     		str	r3, [sp, #12]
 331:Middlewares/Third_Party/FreeRTOS/Source/queue.c **** 			( void ) xSize; /* Keeps lint quiet when configASSERT() is not defined. */
 859              		.loc 1 331 4 is_stmt 1 view .LVU266
 860 004c 039B     		ldr	r3, [sp, #12]
 861 004e 502B     		cmp	r3, #80
 862 0050 13D0     		beq	.L62
 331:Middlewares/Third_Party/FreeRTOS/Source/queue.c **** 			( void ) xSize; /* Keeps lint quiet when configASSERT() is not defined. */
 863              		.loc 1 331 4 discriminator 1 view .LVU267
 864              	.LBB129:
 865              	.LBI129:
 191:Middlewares/Third_Party/FreeRTOS/Source/portable/GCC/ARM_CM4F/portmacro.h **** {
 866              		.loc 2 191 30 view .LVU268
 867              	.LBB130:
 193:Middlewares/Third_Party/FreeRTOS/Source/portable/GCC/ARM_CM4F/portmacro.h **** 
 868              		.loc 2 193 1 view .LVU269
 869              		.loc 2 195 2 view .LVU270
 870              		.syntax unified
 871              	@ 195 "Middlewares/Third_Party/FreeRTOS/Source/portable/GCC/ARM_CM4F/portmacro.h" 1
 872 0052 4FF05003 			mov r3, #80												
 873 0056 83F31188 		msr basepri, r3											
 874 005a BFF36F8F 		isb														
 875 005e BFF34F8F 		dsb														
 876              	
 877              	@ 0 "" 2
 878              		.thumb
 879              		.syntax unified
 880              	.L63:
 881              	.LBE130:
 882              	.LBE129:
 331:Middlewares/Third_Party/FreeRTOS/Source/queue.c **** 			( void ) xSize; /* Keeps lint quiet when configASSERT() is not defined. */
 883              		.loc 1 331 4 view .LVU271
ARM GAS  C:\Users\kalpe\AppData\Local\Temp\ccC8Iu7o.s 			page 65


 884 0062 FEE7     		b	.L63
 885              	.LVL76:
 886              	.L67:
 331:Middlewares/Third_Party/FreeRTOS/Source/queue.c **** 			( void ) xSize; /* Keeps lint quiet when configASSERT() is not defined. */
 887              		.loc 1 331 4 is_stmt 0 view .LVU272
 888              	.LBE128:
 323:Middlewares/Third_Party/FreeRTOS/Source/queue.c **** 
 889              		.loc 1 323 3 discriminator 2 view .LVU273
 890 0064 0029     		cmp	r1, #0
 891 0066 EFD0     		beq	.L60
 323:Middlewares/Third_Party/FreeRTOS/Source/queue.c **** 
 892              		.loc 1 323 3 is_stmt 1 discriminator 7 view .LVU274
 893              	.LBB131:
 894              	.LBI131:
 191:Middlewares/Third_Party/FreeRTOS/Source/portable/GCC/ARM_CM4F/portmacro.h **** {
 895              		.loc 2 191 30 view .LVU275
 896              	.LBB132:
 193:Middlewares/Third_Party/FreeRTOS/Source/portable/GCC/ARM_CM4F/portmacro.h **** 
 897              		.loc 2 193 1 view .LVU276
 898              		.loc 2 195 2 view .LVU277
 899              		.syntax unified
 900              	@ 195 "Middlewares/Third_Party/FreeRTOS/Source/portable/GCC/ARM_CM4F/portmacro.h" 1
 901 0068 4FF05003 			mov r3, #80												
 902 006c 83F31188 		msr basepri, r3											
 903 0070 BFF36F8F 		isb														
 904 0074 BFF34F8F 		dsb														
 905              	
 906              	@ 0 "" 2
 907              	.LVL77:
 908              		.thumb
 909              		.syntax unified
 910              	.L61:
 911              		.loc 2 195 2 is_stmt 0 view .LVU278
 912              	.LBE132:
 913              	.LBE131:
 323:Middlewares/Third_Party/FreeRTOS/Source/queue.c **** 
 914              		.loc 1 323 3 is_stmt 1 view .LVU279
 915 0078 FEE7     		b	.L61
 916              	.L62:
 917              	.LBB133:
 331:Middlewares/Third_Party/FreeRTOS/Source/queue.c **** 			( void ) xSize; /* Keeps lint quiet when configASSERT() is not defined. */
 918              		.loc 1 331 46 view .LVU280
 332:Middlewares/Third_Party/FreeRTOS/Source/queue.c **** 		}
 919              		.loc 1 332 4 view .LVU281
 920 007a 039B     		ldr	r3, [sp, #12]
 921              	.LBE133:
 339:Middlewares/Third_Party/FreeRTOS/Source/queue.c **** 
 922              		.loc 1 339 3 view .LVU282
 923              	.LVL78:
 341:Middlewares/Third_Party/FreeRTOS/Source/queue.c **** 		{
 924              		.loc 1 341 3 view .LVU283
 348:Middlewares/Third_Party/FreeRTOS/Source/queue.c **** 			}
 925              		.loc 1 348 5 view .LVU284
 348:Middlewares/Third_Party/FreeRTOS/Source/queue.c **** 			}
 926              		.loc 1 348 39 is_stmt 0 view .LVU285
 927 007c 0123     		movs	r3, #1
 928 007e 84F84630 		strb	r3, [r4, #70]
ARM GAS  C:\Users\kalpe\AppData\Local\Temp\ccC8Iu7o.s 			page 66


 352:Middlewares/Third_Party/FreeRTOS/Source/queue.c **** 		}
 929              		.loc 1 352 4 is_stmt 1 view .LVU286
 930 0082 0094     		str	r4, [sp]
 931 0084 9DF81830 		ldrb	r3, [sp, #24]	@ zero_extendqisi2
 932 0088 6046     		mov	r0, ip
 933              	.LVL79:
 352:Middlewares/Third_Party/FreeRTOS/Source/queue.c **** 		}
 934              		.loc 1 352 4 is_stmt 0 view .LVU287
 935 008a FFF7FEFF 		bl	prvInitialiseNewQueue
 936              	.LVL80:
 356:Middlewares/Third_Party/FreeRTOS/Source/queue.c **** 			mtCOVERAGE_TEST_MARKER();
 937              		.loc 1 356 43 is_stmt 1 view .LVU288
 357:Middlewares/Third_Party/FreeRTOS/Source/queue.c **** 		}
 938              		.loc 1 357 28 view .LVU289
 360:Middlewares/Third_Party/FreeRTOS/Source/queue.c **** 	}
 939              		.loc 1 360 3 view .LVU290
 361:Middlewares/Third_Party/FreeRTOS/Source/queue.c **** 
 940              		.loc 1 361 2 is_stmt 0 view .LVU291
 941 008e 2046     		mov	r0, r4
 942 0090 04B0     		add	sp, sp, #16
 943              	.LCFI10:
 944              		.cfi_def_cfa_offset 8
 945              		@ sp needed
 946 0092 10BD     		pop	{r4, pc}
 361:Middlewares/Third_Party/FreeRTOS/Source/queue.c **** 
 947              		.loc 1 361 2 view .LVU292
 948              		.cfi_endproc
 949              	.LFE5:
 951              		.section	.text.xQueueGenericCreate,"ax",%progbits
 952              		.align	1
 953              		.global	xQueueGenericCreate
 954              		.syntax unified
 955              		.thumb
 956              		.thumb_func
 958              	xQueueGenericCreate:
 959              	.LVL81:
 960              	.LFB6:
 369:Middlewares/Third_Party/FreeRTOS/Source/queue.c **** 	Queue_t *pxNewQueue;
 961              		.loc 1 369 2 is_stmt 1 view -0
 962              		.cfi_startproc
 963              		@ args = 0, pretend = 0, frame = 0
 964              		@ frame_needed = 0, uses_anonymous_args = 0
 370:Middlewares/Third_Party/FreeRTOS/Source/queue.c **** 	size_t xQueueSizeInBytes;
 965              		.loc 1 370 2 view .LVU294
 371:Middlewares/Third_Party/FreeRTOS/Source/queue.c **** 	uint8_t *pucQueueStorage;
 966              		.loc 1 371 2 view .LVU295
 372:Middlewares/Third_Party/FreeRTOS/Source/queue.c **** 
 967              		.loc 1 372 2 view .LVU296
 374:Middlewares/Third_Party/FreeRTOS/Source/queue.c **** 
 968              		.loc 1 374 3 view .LVU297
 969 0000 40B9     		cbnz	r0, .L69
 374:Middlewares/Third_Party/FreeRTOS/Source/queue.c **** 
 970              		.loc 1 374 3 discriminator 1 view .LVU298
 971              	.LBB134:
 972              	.LBI134:
 191:Middlewares/Third_Party/FreeRTOS/Source/portable/GCC/ARM_CM4F/portmacro.h **** {
 973              		.loc 2 191 30 view .LVU299
ARM GAS  C:\Users\kalpe\AppData\Local\Temp\ccC8Iu7o.s 			page 67


 974              	.LBB135:
 193:Middlewares/Third_Party/FreeRTOS/Source/portable/GCC/ARM_CM4F/portmacro.h **** 
 975              		.loc 2 193 1 view .LVU300
 976              		.loc 2 195 2 view .LVU301
 977              		.syntax unified
 978              	@ 195 "Middlewares/Third_Party/FreeRTOS/Source/portable/GCC/ARM_CM4F/portmacro.h" 1
 979 0002 4FF05003 			mov r3, #80												
 980 0006 83F31188 		msr basepri, r3											
 981 000a BFF36F8F 		isb														
 982 000e BFF34F8F 		dsb														
 983              	
 984              	@ 0 "" 2
 985              		.thumb
 986              		.syntax unified
 987              	.L70:
 988              	.LBE135:
 989              	.LBE134:
 374:Middlewares/Third_Party/FreeRTOS/Source/queue.c **** 
 990              		.loc 1 374 3 view .LVU302
 991 0012 FEE7     		b	.L70
 992              	.L69:
 369:Middlewares/Third_Party/FreeRTOS/Source/queue.c **** 	Queue_t *pxNewQueue;
 993              		.loc 1 369 2 is_stmt 0 view .LVU303
 994 0014 F0B5     		push	{r4, r5, r6, r7, lr}
 995              	.LCFI11:
 996              		.cfi_def_cfa_offset 20
 997              		.cfi_offset 4, -20
 998              		.cfi_offset 5, -16
 999              		.cfi_offset 6, -12
 1000              		.cfi_offset 7, -8
 1001              		.cfi_offset 14, -4
 1002 0016 83B0     		sub	sp, sp, #12
 1003              	.LCFI12:
 1004              		.cfi_def_cfa_offset 32
 1005 0018 1646     		mov	r6, r2
 374:Middlewares/Third_Party/FreeRTOS/Source/queue.c **** 
 1006              		.loc 1 374 52 is_stmt 1 view .LVU304
 379:Middlewares/Third_Party/FreeRTOS/Source/queue.c **** 
 1007              		.loc 1 379 3 view .LVU305
 379:Middlewares/Third_Party/FreeRTOS/Source/queue.c **** 
 1008              		.loc 1 379 21 is_stmt 0 view .LVU306
 1009 001a 0446     		mov	r4, r0
 1010 001c 0D46     		mov	r5, r1
 1011 001e 01FB00F0 		mul	r0, r1, r0
 1012              	.LVL82:
 390:Middlewares/Third_Party/FreeRTOS/Source/queue.c **** 
 1013              		.loc 1 390 3 is_stmt 1 view .LVU307
 390:Middlewares/Third_Party/FreeRTOS/Source/queue.c **** 
 1014              		.loc 1 390 30 is_stmt 0 view .LVU308
 1015 0022 5030     		adds	r0, r0, #80
 1016              	.LVL83:
 390:Middlewares/Third_Party/FreeRTOS/Source/queue.c **** 
 1017              		.loc 1 390 30 view .LVU309
 1018 0024 FFF7FEFF 		bl	pvPortMalloc
 1019              	.LVL84:
 392:Middlewares/Third_Party/FreeRTOS/Source/queue.c **** 		{
 1020              		.loc 1 392 3 is_stmt 1 view .LVU310
ARM GAS  C:\Users\kalpe\AppData\Local\Temp\ccC8Iu7o.s 			page 68


 392:Middlewares/Third_Party/FreeRTOS/Source/queue.c **** 		{
 1021              		.loc 1 392 5 is_stmt 0 view .LVU311
 1022 0028 0246     		mov	r2, r0
 1023 002a 0746     		mov	r7, r0
 1024 002c 48B1     		cbz	r0, .L68
 396:Middlewares/Third_Party/FreeRTOS/Source/queue.c **** 			pucQueueStorage += sizeof( Queue_t ); /*lint !e9016 Pointer arithmetic allowed on char types, es
 1025              		.loc 1 396 4 is_stmt 1 view .LVU312
 1026              	.LVL85:
 397:Middlewares/Third_Party/FreeRTOS/Source/queue.c **** 
 1027              		.loc 1 397 4 view .LVU313
 404:Middlewares/Third_Party/FreeRTOS/Source/queue.c **** 			}
 1028              		.loc 1 404 5 view .LVU314
 404:Middlewares/Third_Party/FreeRTOS/Source/queue.c **** 			}
 1029              		.loc 1 404 39 is_stmt 0 view .LVU315
 1030 002e 0023     		movs	r3, #0
 1031 0030 80F84630 		strb	r3, [r0, #70]
 408:Middlewares/Third_Party/FreeRTOS/Source/queue.c **** 		}
 1032              		.loc 1 408 4 is_stmt 1 view .LVU316
 1033 0034 0090     		str	r0, [sp]
 1034 0036 3346     		mov	r3, r6
 1035 0038 5032     		adds	r2, r2, #80
 1036              	.LVL86:
 408:Middlewares/Third_Party/FreeRTOS/Source/queue.c **** 		}
 1037              		.loc 1 408 4 is_stmt 0 view .LVU317
 1038 003a 2946     		mov	r1, r5
 1039 003c 2046     		mov	r0, r4
 1040              	.LVL87:
 408:Middlewares/Third_Party/FreeRTOS/Source/queue.c **** 		}
 1041              		.loc 1 408 4 view .LVU318
 1042 003e FFF7FEFF 		bl	prvInitialiseNewQueue
 1043              	.LVL88:
 412:Middlewares/Third_Party/FreeRTOS/Source/queue.c **** 			mtCOVERAGE_TEST_MARKER();
 1044              		.loc 1 412 43 is_stmt 1 view .LVU319
 413:Middlewares/Third_Party/FreeRTOS/Source/queue.c **** 		}
 1045              		.loc 1 413 28 view .LVU320
 416:Middlewares/Third_Party/FreeRTOS/Source/queue.c **** 	}
 1046              		.loc 1 416 3 view .LVU321
 1047              	.L68:
 417:Middlewares/Third_Party/FreeRTOS/Source/queue.c **** 
 1048              		.loc 1 417 2 is_stmt 0 view .LVU322
 1049 0042 3846     		mov	r0, r7
 1050 0044 03B0     		add	sp, sp, #12
 1051              	.LCFI13:
 1052              		.cfi_def_cfa_offset 20
 1053              		@ sp needed
 1054 0046 F0BD     		pop	{r4, r5, r6, r7, pc}
 417:Middlewares/Third_Party/FreeRTOS/Source/queue.c **** 
 1055              		.loc 1 417 2 view .LVU323
 1056              		.cfi_endproc
 1057              	.LFE6:
 1059              		.section	.text.xQueueGetMutexHolder,"ax",%progbits
 1060              		.align	1
 1061              		.global	xQueueGetMutexHolder
 1062              		.syntax unified
 1063              		.thumb
 1064              		.thumb_func
 1066              	xQueueGetMutexHolder:
ARM GAS  C:\Users\kalpe\AppData\Local\Temp\ccC8Iu7o.s 			page 69


 1067              	.LVL89:
 1068              	.LFB11:
 533:Middlewares/Third_Party/FreeRTOS/Source/queue.c **** 	TaskHandle_t pxReturn;
 1069              		.loc 1 533 2 is_stmt 1 view -0
 1070              		.cfi_startproc
 1071              		@ args = 0, pretend = 0, frame = 0
 1072              		@ frame_needed = 0, uses_anonymous_args = 0
 533:Middlewares/Third_Party/FreeRTOS/Source/queue.c **** 	TaskHandle_t pxReturn;
 1073              		.loc 1 533 2 is_stmt 0 view .LVU325
 1074 0000 10B5     		push	{r4, lr}
 1075              	.LCFI14:
 1076              		.cfi_def_cfa_offset 8
 1077              		.cfi_offset 4, -8
 1078              		.cfi_offset 14, -4
 1079 0002 0446     		mov	r4, r0
 534:Middlewares/Third_Party/FreeRTOS/Source/queue.c **** 	Queue_t * const pxSemaphore = ( Queue_t * ) xSemaphore;
 1080              		.loc 1 534 2 is_stmt 1 view .LVU326
 535:Middlewares/Third_Party/FreeRTOS/Source/queue.c **** 
 1081              		.loc 1 535 2 view .LVU327
 1082              	.LVL90:
 542:Middlewares/Third_Party/FreeRTOS/Source/queue.c **** 		{
 1083              		.loc 1 542 3 view .LVU328
 1084 0004 FFF7FEFF 		bl	vPortEnterCritical
 1085              	.LVL91:
 544:Middlewares/Third_Party/FreeRTOS/Source/queue.c **** 			{
 1086              		.loc 1 544 4 view .LVU329
 544:Middlewares/Third_Party/FreeRTOS/Source/queue.c **** 			{
 1087              		.loc 1 544 19 is_stmt 0 view .LVU330
 1088 0008 2368     		ldr	r3, [r4]
 544:Middlewares/Third_Party/FreeRTOS/Source/queue.c **** 			{
 1089              		.loc 1 544 6 view .LVU331
 1090 000a 23B9     		cbnz	r3, .L76
 546:Middlewares/Third_Party/FreeRTOS/Source/queue.c **** 			}
 1091              		.loc 1 546 5 is_stmt 1 view .LVU332
 546:Middlewares/Third_Party/FreeRTOS/Source/queue.c **** 			}
 1092              		.loc 1 546 14 is_stmt 0 view .LVU333
 1093 000c A468     		ldr	r4, [r4, #8]
 1094              	.LVL92:
 1095              	.L75:
 553:Middlewares/Third_Party/FreeRTOS/Source/queue.c **** 
 1096              		.loc 1 553 3 is_stmt 1 view .LVU334
 1097 000e FFF7FEFF 		bl	vPortExitCritical
 1098              	.LVL93:
 555:Middlewares/Third_Party/FreeRTOS/Source/queue.c **** 	} /*lint !e818 xSemaphore cannot be a pointer to const because it is a typedef. */
 1099              		.loc 1 555 3 view .LVU335
 556:Middlewares/Third_Party/FreeRTOS/Source/queue.c **** 
 1100              		.loc 1 556 2 is_stmt 0 view .LVU336
 1101 0012 2046     		mov	r0, r4
 1102 0014 10BD     		pop	{r4, pc}
 1103              	.LVL94:
 1104              	.L76:
 550:Middlewares/Third_Party/FreeRTOS/Source/queue.c **** 			}
 1105              		.loc 1 550 14 view .LVU337
 1106 0016 0024     		movs	r4, #0
 1107              	.LVL95:
 550:Middlewares/Third_Party/FreeRTOS/Source/queue.c **** 			}
 1108              		.loc 1 550 14 view .LVU338
ARM GAS  C:\Users\kalpe\AppData\Local\Temp\ccC8Iu7o.s 			page 70


 1109 0018 F9E7     		b	.L75
 1110              		.cfi_endproc
 1111              	.LFE11:
 1113              		.section	.text.xQueueGetMutexHolderFromISR,"ax",%progbits
 1114              		.align	1
 1115              		.global	xQueueGetMutexHolderFromISR
 1116              		.syntax unified
 1117              		.thumb
 1118              		.thumb_func
 1120              	xQueueGetMutexHolderFromISR:
 1121              	.LVL96:
 1122              	.LFB12:
 564:Middlewares/Third_Party/FreeRTOS/Source/queue.c **** 	TaskHandle_t pxReturn;
 1123              		.loc 1 564 2 is_stmt 1 view -0
 1124              		.cfi_startproc
 1125              		@ args = 0, pretend = 0, frame = 0
 1126              		@ frame_needed = 0, uses_anonymous_args = 0
 1127              		@ link register save eliminated.
 565:Middlewares/Third_Party/FreeRTOS/Source/queue.c **** 
 1128              		.loc 1 565 2 view .LVU340
 567:Middlewares/Third_Party/FreeRTOS/Source/queue.c **** 
 1129              		.loc 1 567 3 view .LVU341
 1130 0000 18B1     		cbz	r0, .L83
 567:Middlewares/Third_Party/FreeRTOS/Source/queue.c **** 
 1131              		.loc 1 567 29 view .LVU342
 572:Middlewares/Third_Party/FreeRTOS/Source/queue.c **** 		{
 1132              		.loc 1 572 3 view .LVU343
 572:Middlewares/Third_Party/FreeRTOS/Source/queue.c **** 		{
 1133              		.loc 1 572 35 is_stmt 0 view .LVU344
 1134 0002 0268     		ldr	r2, [r0]
 572:Middlewares/Third_Party/FreeRTOS/Source/queue.c **** 		{
 1135              		.loc 1 572 5 view .LVU345
 1136 0004 52B9     		cbnz	r2, .L82
 574:Middlewares/Third_Party/FreeRTOS/Source/queue.c **** 		}
 1137              		.loc 1 574 4 is_stmt 1 view .LVU346
 574:Middlewares/Third_Party/FreeRTOS/Source/queue.c **** 		}
 1138              		.loc 1 574 13 is_stmt 0 view .LVU347
 1139 0006 8068     		ldr	r0, [r0, #8]
 1140              	.LVL97:
 574:Middlewares/Third_Party/FreeRTOS/Source/queue.c **** 		}
 1141              		.loc 1 574 13 view .LVU348
 1142 0008 7047     		bx	lr
 1143              	.LVL98:
 1144              	.L83:
 567:Middlewares/Third_Party/FreeRTOS/Source/queue.c **** 
 1145              		.loc 1 567 3 is_stmt 1 discriminator 1 view .LVU349
 1146              	.LBB136:
 1147              	.LBI136:
 191:Middlewares/Third_Party/FreeRTOS/Source/portable/GCC/ARM_CM4F/portmacro.h **** {
 1148              		.loc 2 191 30 view .LVU350
 1149              	.LBB137:
 193:Middlewares/Third_Party/FreeRTOS/Source/portable/GCC/ARM_CM4F/portmacro.h **** 
 1150              		.loc 2 193 1 view .LVU351
 1151              		.loc 2 195 2 view .LVU352
 1152              		.syntax unified
 1153              	@ 195 "Middlewares/Third_Party/FreeRTOS/Source/portable/GCC/ARM_CM4F/portmacro.h" 1
 1154 000a 4FF05003 			mov r3, #80												
ARM GAS  C:\Users\kalpe\AppData\Local\Temp\ccC8Iu7o.s 			page 71


 1155 000e 83F31188 		msr basepri, r3											
 1156 0012 BFF36F8F 		isb														
 1157 0016 BFF34F8F 		dsb														
 1158              	
 1159              	@ 0 "" 2
 1160              		.thumb
 1161              		.syntax unified
 1162              	.L80:
 1163              	.LBE137:
 1164              	.LBE136:
 567:Middlewares/Third_Party/FreeRTOS/Source/queue.c **** 
 1165              		.loc 1 567 3 view .LVU353
 1166 001a FEE7     		b	.L80
 1167              	.L82:
 578:Middlewares/Third_Party/FreeRTOS/Source/queue.c **** 		}
 1168              		.loc 1 578 13 is_stmt 0 view .LVU354
 1169 001c 0020     		movs	r0, #0
 1170              	.LVL99:
 581:Middlewares/Third_Party/FreeRTOS/Source/queue.c **** 	} /*lint !e818 xSemaphore cannot be a pointer to const because it is a typedef. */
 1171              		.loc 1 581 3 is_stmt 1 view .LVU355
 582:Middlewares/Third_Party/FreeRTOS/Source/queue.c **** 
 1172              		.loc 1 582 2 is_stmt 0 view .LVU356
 1173 001e 7047     		bx	lr
 1174              		.cfi_endproc
 1175              	.LFE12:
 1177              		.section	.text.xQueueCreateCountingSemaphoreStatic,"ax",%progbits
 1178              		.align	1
 1179              		.global	xQueueCreateCountingSemaphoreStatic
 1180              		.syntax unified
 1181              		.thumb
 1182              		.thumb_func
 1184              	xQueueCreateCountingSemaphoreStatic:
 1185              	.LVL100:
 1186              	.LFB15:
 687:Middlewares/Third_Party/FreeRTOS/Source/queue.c **** 	QueueHandle_t xHandle;
 1187              		.loc 1 687 2 is_stmt 1 view -0
 1188              		.cfi_startproc
 1189              		@ args = 0, pretend = 0, frame = 0
 1190              		@ frame_needed = 0, uses_anonymous_args = 0
 688:Middlewares/Third_Party/FreeRTOS/Source/queue.c **** 
 1191              		.loc 1 688 2 view .LVU358
 690:Middlewares/Third_Party/FreeRTOS/Source/queue.c **** 		configASSERT( uxInitialCount <= uxMaxCount );
 1192              		.loc 1 690 3 view .LVU359
 1193 0000 40B9     		cbnz	r0, .L85
 690:Middlewares/Third_Party/FreeRTOS/Source/queue.c **** 		configASSERT( uxInitialCount <= uxMaxCount );
 1194              		.loc 1 690 3 discriminator 1 view .LVU360
 1195              	.LBB138:
 1196              	.LBI138:
 191:Middlewares/Third_Party/FreeRTOS/Source/portable/GCC/ARM_CM4F/portmacro.h **** {
 1197              		.loc 2 191 30 view .LVU361
 1198              	.LBB139:
 193:Middlewares/Third_Party/FreeRTOS/Source/portable/GCC/ARM_CM4F/portmacro.h **** 
 1199              		.loc 2 193 1 view .LVU362
 1200              		.loc 2 195 2 view .LVU363
 1201              		.syntax unified
 1202              	@ 195 "Middlewares/Third_Party/FreeRTOS/Source/portable/GCC/ARM_CM4F/portmacro.h" 1
 1203 0002 4FF05003 			mov r3, #80												
ARM GAS  C:\Users\kalpe\AppData\Local\Temp\ccC8Iu7o.s 			page 72


 1204 0006 83F31188 		msr basepri, r3											
 1205 000a BFF36F8F 		isb														
 1206 000e BFF34F8F 		dsb														
 1207              	
 1208              	@ 0 "" 2
 1209              		.thumb
 1210              		.syntax unified
 1211              	.L86:
 1212              	.LBE139:
 1213              	.LBE138:
 690:Middlewares/Third_Party/FreeRTOS/Source/queue.c **** 		configASSERT( uxInitialCount <= uxMaxCount );
 1214              		.loc 1 690 3 view .LVU364
 1215 0012 FEE7     		b	.L86
 1216              	.L85:
 687:Middlewares/Third_Party/FreeRTOS/Source/queue.c **** 	QueueHandle_t xHandle;
 1217              		.loc 1 687 2 is_stmt 0 view .LVU365
 1218 0014 10B5     		push	{r4, lr}
 1219              	.LCFI15:
 1220              		.cfi_def_cfa_offset 8
 1221              		.cfi_offset 4, -8
 1222              		.cfi_offset 14, -4
 1223 0016 82B0     		sub	sp, sp, #8
 1224              	.LCFI16:
 1225              		.cfi_def_cfa_offset 16
 1226 0018 0C46     		mov	r4, r1
 690:Middlewares/Third_Party/FreeRTOS/Source/queue.c **** 		configASSERT( uxInitialCount <= uxMaxCount );
 1227              		.loc 1 690 34 is_stmt 1 view .LVU366
 691:Middlewares/Third_Party/FreeRTOS/Source/queue.c **** 
 1228              		.loc 1 691 3 view .LVU367
 1229 001a 8842     		cmp	r0, r1
 1230 001c 08D2     		bcs	.L87
 691:Middlewares/Third_Party/FreeRTOS/Source/queue.c **** 
 1231              		.loc 1 691 3 discriminator 1 view .LVU368
 1232              	.LBB140:
 1233              	.LBI140:
 191:Middlewares/Third_Party/FreeRTOS/Source/portable/GCC/ARM_CM4F/portmacro.h **** {
 1234              		.loc 2 191 30 view .LVU369
 1235              	.LBB141:
 193:Middlewares/Third_Party/FreeRTOS/Source/portable/GCC/ARM_CM4F/portmacro.h **** 
 1236              		.loc 2 193 1 view .LVU370
 1237              		.loc 2 195 2 view .LVU371
 1238              		.syntax unified
 1239              	@ 195 "Middlewares/Third_Party/FreeRTOS/Source/portable/GCC/ARM_CM4F/portmacro.h" 1
 1240 001e 4FF05003 			mov r3, #80												
 1241 0022 83F31188 		msr basepri, r3											
 1242 0026 BFF36F8F 		isb														
 1243 002a BFF34F8F 		dsb														
 1244              	
 1245              	@ 0 "" 2
 1246              		.thumb
 1247              		.syntax unified
 1248              	.L88:
 1249              	.LBE141:
 1250              	.LBE140:
 691:Middlewares/Third_Party/FreeRTOS/Source/queue.c **** 
 1251              		.loc 1 691 3 view .LVU372
 1252 002e FEE7     		b	.L88
ARM GAS  C:\Users\kalpe\AppData\Local\Temp\ccC8Iu7o.s 			page 73


 1253              	.L87:
 691:Middlewares/Third_Party/FreeRTOS/Source/queue.c **** 
 1254              		.loc 1 691 47 view .LVU373
 693:Middlewares/Third_Party/FreeRTOS/Source/queue.c **** 
 1255              		.loc 1 693 3 view .LVU374
 693:Middlewares/Third_Party/FreeRTOS/Source/queue.c **** 
 1256              		.loc 1 693 13 is_stmt 0 view .LVU375
 1257 0030 0223     		movs	r3, #2
 1258 0032 0093     		str	r3, [sp]
 1259 0034 1346     		mov	r3, r2
 1260 0036 0022     		movs	r2, #0
 1261              	.LVL101:
 693:Middlewares/Third_Party/FreeRTOS/Source/queue.c **** 
 1262              		.loc 1 693 13 view .LVU376
 1263 0038 1146     		mov	r1, r2
 1264              	.LVL102:
 693:Middlewares/Third_Party/FreeRTOS/Source/queue.c **** 
 1265              		.loc 1 693 13 view .LVU377
 1266 003a FFF7FEFF 		bl	xQueueGenericCreateStatic
 1267              	.LVL103:
 695:Middlewares/Third_Party/FreeRTOS/Source/queue.c **** 		{
 1268              		.loc 1 695 3 is_stmt 1 view .LVU378
 695:Middlewares/Third_Party/FreeRTOS/Source/queue.c **** 		{
 1269              		.loc 1 695 5 is_stmt 0 view .LVU379
 1270 003e 00B1     		cbz	r0, .L84
 697:Middlewares/Third_Party/FreeRTOS/Source/queue.c **** 
 1271              		.loc 1 697 4 is_stmt 1 view .LVU380
 697:Middlewares/Third_Party/FreeRTOS/Source/queue.c **** 
 1272              		.loc 1 697 49 is_stmt 0 view .LVU381
 1273 0040 8463     		str	r4, [r0, #56]
 699:Middlewares/Third_Party/FreeRTOS/Source/queue.c **** 		}
 1274              		.loc 1 699 36 is_stmt 1 view .LVU382
 703:Middlewares/Third_Party/FreeRTOS/Source/queue.c **** 		}
 1275              		.loc 1 703 43 view .LVU383
 706:Middlewares/Third_Party/FreeRTOS/Source/queue.c **** 	}
 1276              		.loc 1 706 3 view .LVU384
 1277              	.L84:
 707:Middlewares/Third_Party/FreeRTOS/Source/queue.c **** 
 1278              		.loc 1 707 2 is_stmt 0 view .LVU385
 1279 0042 02B0     		add	sp, sp, #8
 1280              	.LCFI17:
 1281              		.cfi_def_cfa_offset 8
 1282              		@ sp needed
 1283 0044 10BD     		pop	{r4, pc}
 707:Middlewares/Third_Party/FreeRTOS/Source/queue.c **** 
 1284              		.loc 1 707 2 view .LVU386
 1285              		.cfi_endproc
 1286              	.LFE15:
 1288              		.section	.text.xQueueCreateCountingSemaphore,"ax",%progbits
 1289              		.align	1
 1290              		.global	xQueueCreateCountingSemaphore
 1291              		.syntax unified
 1292              		.thumb
 1293              		.thumb_func
 1295              	xQueueCreateCountingSemaphore:
 1296              	.LVL104:
 1297              	.LFB16:
ARM GAS  C:\Users\kalpe\AppData\Local\Temp\ccC8Iu7o.s 			page 74


 715:Middlewares/Third_Party/FreeRTOS/Source/queue.c **** 	QueueHandle_t xHandle;
 1298              		.loc 1 715 2 is_stmt 1 view -0
 1299              		.cfi_startproc
 1300              		@ args = 0, pretend = 0, frame = 0
 1301              		@ frame_needed = 0, uses_anonymous_args = 0
 716:Middlewares/Third_Party/FreeRTOS/Source/queue.c **** 
 1302              		.loc 1 716 2 view .LVU388
 718:Middlewares/Third_Party/FreeRTOS/Source/queue.c **** 		configASSERT( uxInitialCount <= uxMaxCount );
 1303              		.loc 1 718 3 view .LVU389
 1304 0000 40B9     		cbnz	r0, .L93
 718:Middlewares/Third_Party/FreeRTOS/Source/queue.c **** 		configASSERT( uxInitialCount <= uxMaxCount );
 1305              		.loc 1 718 3 discriminator 1 view .LVU390
 1306              	.LBB142:
 1307              	.LBI142:
 191:Middlewares/Third_Party/FreeRTOS/Source/portable/GCC/ARM_CM4F/portmacro.h **** {
 1308              		.loc 2 191 30 view .LVU391
 1309              	.LBB143:
 193:Middlewares/Third_Party/FreeRTOS/Source/portable/GCC/ARM_CM4F/portmacro.h **** 
 1310              		.loc 2 193 1 view .LVU392
 1311              		.loc 2 195 2 view .LVU393
 1312              		.syntax unified
 1313              	@ 195 "Middlewares/Third_Party/FreeRTOS/Source/portable/GCC/ARM_CM4F/portmacro.h" 1
 1314 0002 4FF05003 			mov r3, #80												
 1315 0006 83F31188 		msr basepri, r3											
 1316 000a BFF36F8F 		isb														
 1317 000e BFF34F8F 		dsb														
 1318              	
 1319              	@ 0 "" 2
 1320              		.thumb
 1321              		.syntax unified
 1322              	.L94:
 1323              	.LBE143:
 1324              	.LBE142:
 718:Middlewares/Third_Party/FreeRTOS/Source/queue.c **** 		configASSERT( uxInitialCount <= uxMaxCount );
 1325              		.loc 1 718 3 view .LVU394
 1326 0012 FEE7     		b	.L94
 1327              	.L93:
 715:Middlewares/Third_Party/FreeRTOS/Source/queue.c **** 	QueueHandle_t xHandle;
 1328              		.loc 1 715 2 is_stmt 0 view .LVU395
 1329 0014 10B5     		push	{r4, lr}
 1330              	.LCFI18:
 1331              		.cfi_def_cfa_offset 8
 1332              		.cfi_offset 4, -8
 1333              		.cfi_offset 14, -4
 1334 0016 0C46     		mov	r4, r1
 718:Middlewares/Third_Party/FreeRTOS/Source/queue.c **** 		configASSERT( uxInitialCount <= uxMaxCount );
 1335              		.loc 1 718 34 is_stmt 1 view .LVU396
 719:Middlewares/Third_Party/FreeRTOS/Source/queue.c **** 
 1336              		.loc 1 719 3 view .LVU397
 1337 0018 8842     		cmp	r0, r1
 1338 001a 08D2     		bcs	.L95
 719:Middlewares/Third_Party/FreeRTOS/Source/queue.c **** 
 1339              		.loc 1 719 3 discriminator 1 view .LVU398
 1340              	.LBB144:
 1341              	.LBI144:
 191:Middlewares/Third_Party/FreeRTOS/Source/portable/GCC/ARM_CM4F/portmacro.h **** {
 1342              		.loc 2 191 30 view .LVU399
ARM GAS  C:\Users\kalpe\AppData\Local\Temp\ccC8Iu7o.s 			page 75


 1343              	.LBB145:
 193:Middlewares/Third_Party/FreeRTOS/Source/portable/GCC/ARM_CM4F/portmacro.h **** 
 1344              		.loc 2 193 1 view .LVU400
 1345              		.loc 2 195 2 view .LVU401
 1346              		.syntax unified
 1347              	@ 195 "Middlewares/Third_Party/FreeRTOS/Source/portable/GCC/ARM_CM4F/portmacro.h" 1
 1348 001c 4FF05003 			mov r3, #80												
 1349 0020 83F31188 		msr basepri, r3											
 1350 0024 BFF36F8F 		isb														
 1351 0028 BFF34F8F 		dsb														
 1352              	
 1353              	@ 0 "" 2
 1354              		.thumb
 1355              		.syntax unified
 1356              	.L96:
 1357              	.LBE145:
 1358              	.LBE144:
 719:Middlewares/Third_Party/FreeRTOS/Source/queue.c **** 
 1359              		.loc 1 719 3 view .LVU402
 1360 002c FEE7     		b	.L96
 1361              	.L95:
 719:Middlewares/Third_Party/FreeRTOS/Source/queue.c **** 
 1362              		.loc 1 719 47 view .LVU403
 721:Middlewares/Third_Party/FreeRTOS/Source/queue.c **** 
 1363              		.loc 1 721 3 view .LVU404
 721:Middlewares/Third_Party/FreeRTOS/Source/queue.c **** 
 1364              		.loc 1 721 13 is_stmt 0 view .LVU405
 1365 002e 0222     		movs	r2, #2
 1366 0030 0021     		movs	r1, #0
 1367              	.LVL105:
 721:Middlewares/Third_Party/FreeRTOS/Source/queue.c **** 
 1368              		.loc 1 721 13 view .LVU406
 1369 0032 FFF7FEFF 		bl	xQueueGenericCreate
 1370              	.LVL106:
 723:Middlewares/Third_Party/FreeRTOS/Source/queue.c **** 		{
 1371              		.loc 1 723 3 is_stmt 1 view .LVU407
 723:Middlewares/Third_Party/FreeRTOS/Source/queue.c **** 		{
 1372              		.loc 1 723 5 is_stmt 0 view .LVU408
 1373 0036 00B1     		cbz	r0, .L92
 725:Middlewares/Third_Party/FreeRTOS/Source/queue.c **** 
 1374              		.loc 1 725 4 is_stmt 1 view .LVU409
 725:Middlewares/Third_Party/FreeRTOS/Source/queue.c **** 
 1375              		.loc 1 725 49 is_stmt 0 view .LVU410
 1376 0038 8463     		str	r4, [r0, #56]
 727:Middlewares/Third_Party/FreeRTOS/Source/queue.c **** 		}
 1377              		.loc 1 727 36 is_stmt 1 view .LVU411
 731:Middlewares/Third_Party/FreeRTOS/Source/queue.c **** 		}
 1378              		.loc 1 731 43 view .LVU412
 734:Middlewares/Third_Party/FreeRTOS/Source/queue.c **** 	}
 1379              		.loc 1 734 3 view .LVU413
 1380              	.L92:
 735:Middlewares/Third_Party/FreeRTOS/Source/queue.c **** 
 1381              		.loc 1 735 2 is_stmt 0 view .LVU414
 1382 003a 10BD     		pop	{r4, pc}
 735:Middlewares/Third_Party/FreeRTOS/Source/queue.c **** 
 1383              		.loc 1 735 2 view .LVU415
 1384              		.cfi_endproc
ARM GAS  C:\Users\kalpe\AppData\Local\Temp\ccC8Iu7o.s 			page 76


 1385              	.LFE16:
 1387              		.section	.text.xQueueGenericSend,"ax",%progbits
 1388              		.align	1
 1389              		.global	xQueueGenericSend
 1390              		.syntax unified
 1391              		.thumb
 1392              		.thumb_func
 1394              	xQueueGenericSend:
 1395              	.LVL107:
 1396              	.LFB17:
 741:Middlewares/Third_Party/FreeRTOS/Source/queue.c **** BaseType_t xEntryTimeSet = pdFALSE, xYieldRequired;
 1397              		.loc 1 741 1 is_stmt 1 view -0
 1398              		.cfi_startproc
 1399              		@ args = 0, pretend = 0, frame = 16
 1400              		@ frame_needed = 0, uses_anonymous_args = 0
 741:Middlewares/Third_Party/FreeRTOS/Source/queue.c **** BaseType_t xEntryTimeSet = pdFALSE, xYieldRequired;
 1401              		.loc 1 741 1 is_stmt 0 view .LVU417
 1402 0000 F0B5     		push	{r4, r5, r6, r7, lr}
 1403              	.LCFI19:
 1404              		.cfi_def_cfa_offset 20
 1405              		.cfi_offset 4, -20
 1406              		.cfi_offset 5, -16
 1407              		.cfi_offset 6, -12
 1408              		.cfi_offset 7, -8
 1409              		.cfi_offset 14, -4
 1410 0002 85B0     		sub	sp, sp, #20
 1411              	.LCFI20:
 1412              		.cfi_def_cfa_offset 40
 1413 0004 0192     		str	r2, [sp, #4]
 742:Middlewares/Third_Party/FreeRTOS/Source/queue.c **** TimeOut_t xTimeOut;
 1414              		.loc 1 742 1 is_stmt 1 view .LVU418
 1415              	.LVL108:
 743:Middlewares/Third_Party/FreeRTOS/Source/queue.c **** Queue_t * const pxQueue = xQueue;
 1416              		.loc 1 743 1 view .LVU419
 744:Middlewares/Third_Party/FreeRTOS/Source/queue.c **** 
 1417              		.loc 1 744 1 view .LVU420
 746:Middlewares/Third_Party/FreeRTOS/Source/queue.c **** 	configASSERT( !( ( pvItemToQueue == NULL ) && ( pxQueue->uxItemSize != ( UBaseType_t ) 0U ) ) );
 1418              		.loc 1 746 2 view .LVU421
 1419 0006 88B1     		cbz	r0, .L124
 1420 0008 0F46     		mov	r7, r1
 1421 000a 1D46     		mov	r5, r3
 1422 000c 0446     		mov	r4, r0
 746:Middlewares/Third_Party/FreeRTOS/Source/queue.c **** 	configASSERT( !( ( pvItemToQueue == NULL ) && ( pxQueue->uxItemSize != ( UBaseType_t ) 0U ) ) );
 1423              		.loc 1 746 25 view .LVU422
 747:Middlewares/Third_Party/FreeRTOS/Source/queue.c **** 	configASSERT( !( ( xCopyPosition == queueOVERWRITE ) && ( pxQueue->uxLength != 1 ) ) );
 1424              		.loc 1 747 2 view .LVU423
 1425 000e B1B1     		cbz	r1, .L125
 1426              	.LVL109:
 1427              	.L103:
 747:Middlewares/Third_Party/FreeRTOS/Source/queue.c **** 	configASSERT( !( ( xCopyPosition == queueOVERWRITE ) && ( pxQueue->uxLength != 1 ) ) );
 1428              		.loc 1 747 97 view .LVU424
 748:Middlewares/Third_Party/FreeRTOS/Source/queue.c **** 	#if ( ( INCLUDE_xTaskGetSchedulerState == 1 ) || ( configUSE_TIMERS == 1 ) )
 1429              		.loc 1 748 2 view .LVU425
 1430 0010 022D     		cmp	r5, #2
 1431 0012 20D1     		bne	.L105
 748:Middlewares/Third_Party/FreeRTOS/Source/queue.c **** 	#if ( ( INCLUDE_xTaskGetSchedulerState == 1 ) || ( configUSE_TIMERS == 1 ) )
 1432              		.loc 1 748 2 is_stmt 0 discriminator 2 view .LVU426
ARM GAS  C:\Users\kalpe\AppData\Local\Temp\ccC8Iu7o.s 			page 77


 1433 0014 E36B     		ldr	r3, [r4, #60]
 1434 0016 012B     		cmp	r3, #1
 1435 0018 1DD0     		beq	.L105
 748:Middlewares/Third_Party/FreeRTOS/Source/queue.c **** 	#if ( ( INCLUDE_xTaskGetSchedulerState == 1 ) || ( configUSE_TIMERS == 1 ) )
 1436              		.loc 1 748 2 is_stmt 1 discriminator 7 view .LVU427
 1437              	.LBB146:
 1438              	.LBI146:
 191:Middlewares/Third_Party/FreeRTOS/Source/portable/GCC/ARM_CM4F/portmacro.h **** {
 1439              		.loc 2 191 30 view .LVU428
 1440              	.LBB147:
 193:Middlewares/Third_Party/FreeRTOS/Source/portable/GCC/ARM_CM4F/portmacro.h **** 
 1441              		.loc 2 193 1 view .LVU429
 1442              		.loc 2 195 2 view .LVU430
 1443              		.syntax unified
 1444              	@ 195 "Middlewares/Third_Party/FreeRTOS/Source/portable/GCC/ARM_CM4F/portmacro.h" 1
 1445 001a 4FF05003 			mov r3, #80												
 1446 001e 83F31188 		msr basepri, r3											
 1447 0022 BFF36F8F 		isb														
 1448 0026 BFF34F8F 		dsb														
 1449              	
 1450              	@ 0 "" 2
 1451              		.thumb
 1452              		.syntax unified
 1453              	.L106:
 1454              	.LBE147:
 1455              	.LBE146:
 748:Middlewares/Third_Party/FreeRTOS/Source/queue.c **** 	#if ( ( INCLUDE_xTaskGetSchedulerState == 1 ) || ( configUSE_TIMERS == 1 ) )
 1456              		.loc 1 748 2 view .LVU431
 1457 002a FEE7     		b	.L106
 1458              	.LVL110:
 1459              	.L124:
 746:Middlewares/Third_Party/FreeRTOS/Source/queue.c **** 	configASSERT( !( ( pvItemToQueue == NULL ) && ( pxQueue->uxItemSize != ( UBaseType_t ) 0U ) ) );
 1460              		.loc 1 746 2 discriminator 1 view .LVU432
 1461              	.LBB148:
 1462              	.LBI148:
 191:Middlewares/Third_Party/FreeRTOS/Source/portable/GCC/ARM_CM4F/portmacro.h **** {
 1463              		.loc 2 191 30 view .LVU433
 1464              	.LBB149:
 193:Middlewares/Third_Party/FreeRTOS/Source/portable/GCC/ARM_CM4F/portmacro.h **** 
 1465              		.loc 2 193 1 view .LVU434
 1466              		.loc 2 195 2 view .LVU435
 1467              		.syntax unified
 1468              	@ 195 "Middlewares/Third_Party/FreeRTOS/Source/portable/GCC/ARM_CM4F/portmacro.h" 1
 1469 002c 4FF05003 			mov r3, #80												
 1470 0030 83F31188 		msr basepri, r3											
 1471 0034 BFF36F8F 		isb														
 1472 0038 BFF34F8F 		dsb														
 1473              	
 1474              	@ 0 "" 2
 1475              	.LVL111:
 1476              		.thumb
 1477              		.syntax unified
 1478              	.L102:
 1479              		.loc 2 195 2 is_stmt 0 view .LVU436
 1480              	.LBE149:
 1481              	.LBE148:
 746:Middlewares/Third_Party/FreeRTOS/Source/queue.c **** 	configASSERT( !( ( pvItemToQueue == NULL ) && ( pxQueue->uxItemSize != ( UBaseType_t ) 0U ) ) );
ARM GAS  C:\Users\kalpe\AppData\Local\Temp\ccC8Iu7o.s 			page 78


 1482              		.loc 1 746 2 is_stmt 1 view .LVU437
 1483 003c FEE7     		b	.L102
 1484              	.LVL112:
 1485              	.L125:
 747:Middlewares/Third_Party/FreeRTOS/Source/queue.c **** 	configASSERT( !( ( xCopyPosition == queueOVERWRITE ) && ( pxQueue->uxLength != 1 ) ) );
 1486              		.loc 1 747 2 is_stmt 0 discriminator 2 view .LVU438
 1487 003e 036C     		ldr	r3, [r0, #64]
 1488              	.LVL113:
 747:Middlewares/Third_Party/FreeRTOS/Source/queue.c **** 	configASSERT( !( ( xCopyPosition == queueOVERWRITE ) && ( pxQueue->uxLength != 1 ) ) );
 1489              		.loc 1 747 2 discriminator 2 view .LVU439
 1490 0040 002B     		cmp	r3, #0
 1491 0042 E5D0     		beq	.L103
 747:Middlewares/Third_Party/FreeRTOS/Source/queue.c **** 	configASSERT( !( ( xCopyPosition == queueOVERWRITE ) && ( pxQueue->uxLength != 1 ) ) );
 1492              		.loc 1 747 2 is_stmt 1 discriminator 7 view .LVU440
 1493              	.LBB150:
 1494              	.LBI150:
 191:Middlewares/Third_Party/FreeRTOS/Source/portable/GCC/ARM_CM4F/portmacro.h **** {
 1495              		.loc 2 191 30 view .LVU441
 1496              	.LBB151:
 193:Middlewares/Third_Party/FreeRTOS/Source/portable/GCC/ARM_CM4F/portmacro.h **** 
 1497              		.loc 2 193 1 view .LVU442
 1498              		.loc 2 195 2 view .LVU443
 1499              		.syntax unified
 1500              	@ 195 "Middlewares/Third_Party/FreeRTOS/Source/portable/GCC/ARM_CM4F/portmacro.h" 1
 1501 0044 4FF05003 			mov r3, #80												
 1502 0048 83F31188 		msr basepri, r3											
 1503 004c BFF36F8F 		isb														
 1504 0050 BFF34F8F 		dsb														
 1505              	
 1506              	@ 0 "" 2
 1507              		.thumb
 1508              		.syntax unified
 1509              	.L104:
 1510              	.LBE151:
 1511              	.LBE150:
 747:Middlewares/Third_Party/FreeRTOS/Source/queue.c **** 	configASSERT( !( ( xCopyPosition == queueOVERWRITE ) && ( pxQueue->uxLength != 1 ) ) );
 1512              		.loc 1 747 2 view .LVU444
 1513 0054 FEE7     		b	.L104
 1514              	.L105:
 748:Middlewares/Third_Party/FreeRTOS/Source/queue.c **** 	#if ( ( INCLUDE_xTaskGetSchedulerState == 1 ) || ( configUSE_TIMERS == 1 ) )
 1515              		.loc 1 748 88 view .LVU445
 751:Middlewares/Third_Party/FreeRTOS/Source/queue.c **** 	}
 1516              		.loc 1 751 3 view .LVU446
 1517 0056 FFF7FEFF 		bl	xTaskGetSchedulerState
 1518              	.LVL114:
 751:Middlewares/Third_Party/FreeRTOS/Source/queue.c **** 	}
 1519              		.loc 1 751 3 is_stmt 0 discriminator 1 view .LVU447
 1520 005a 0646     		mov	r6, r0
 1521 005c 58B9     		cbnz	r0, .L122
 751:Middlewares/Third_Party/FreeRTOS/Source/queue.c **** 	}
 1522              		.loc 1 751 3 discriminator 3 view .LVU448
 1523 005e 019B     		ldr	r3, [sp, #4]
 1524 0060 002B     		cmp	r3, #0
 1525 0062 48D0     		beq	.L109
 751:Middlewares/Third_Party/FreeRTOS/Source/queue.c **** 	}
 1526              		.loc 1 751 3 is_stmt 1 discriminator 8 view .LVU449
 1527              	.LBB152:
ARM GAS  C:\Users\kalpe\AppData\Local\Temp\ccC8Iu7o.s 			page 79


 1528              	.LBI152:
 191:Middlewares/Third_Party/FreeRTOS/Source/portable/GCC/ARM_CM4F/portmacro.h **** {
 1529              		.loc 2 191 30 view .LVU450
 1530              	.LBB153:
 193:Middlewares/Third_Party/FreeRTOS/Source/portable/GCC/ARM_CM4F/portmacro.h **** 
 1531              		.loc 2 193 1 view .LVU451
 1532              		.loc 2 195 2 view .LVU452
 1533              		.syntax unified
 1534              	@ 195 "Middlewares/Third_Party/FreeRTOS/Source/portable/GCC/ARM_CM4F/portmacro.h" 1
 1535 0064 4FF05003 			mov r3, #80												
 1536 0068 83F31188 		msr basepri, r3											
 1537 006c BFF36F8F 		isb														
 1538 0070 BFF34F8F 		dsb														
 1539              	
 1540              	@ 0 "" 2
 1541              		.thumb
 1542              		.syntax unified
 1543              	.L108:
 1544              	.LBE153:
 1545              	.LBE152:
 751:Middlewares/Third_Party/FreeRTOS/Source/queue.c **** 	}
 1546              		.loc 1 751 3 view .LVU453
 1547 0074 FEE7     		b	.L108
 1548              	.L122:
 1549 0076 0026     		movs	r6, #0
 1550 0078 3DE0     		b	.L109
 1551              	.LVL115:
 1552              	.L110:
 769:Middlewares/Third_Party/FreeRTOS/Source/queue.c **** 
 1553              		.loc 1 769 31 view .LVU454
 833:Middlewares/Third_Party/FreeRTOS/Source/queue.c **** 
 1554              		.loc 1 833 6 view .LVU455
 833:Middlewares/Third_Party/FreeRTOS/Source/queue.c **** 
 1555              		.loc 1 833 23 is_stmt 0 view .LVU456
 1556 007a 2A46     		mov	r2, r5
 1557 007c 3946     		mov	r1, r7
 1558 007e 2046     		mov	r0, r4
 1559 0080 FFF7FEFF 		bl	prvCopyDataToQueue
 1560              	.LVL116:
 837:Middlewares/Third_Party/FreeRTOS/Source/queue.c **** 					{
 1561              		.loc 1 837 6 is_stmt 1 view .LVU457
 837:Middlewares/Third_Party/FreeRTOS/Source/queue.c **** 					{
 1562              		.loc 1 837 10 is_stmt 0 view .LVU458
 1563 0084 636A     		ldr	r3, [r4, #36]
 837:Middlewares/Third_Party/FreeRTOS/Source/queue.c **** 					{
 1564              		.loc 1 837 8 view .LVU459
 1565 0086 7BB9     		cbnz	r3, .L126
 852:Middlewares/Third_Party/FreeRTOS/Source/queue.c **** 					{
 1566              		.loc 1 852 11 is_stmt 1 view .LVU460
 852:Middlewares/Third_Party/FreeRTOS/Source/queue.c **** 					{
 1567              		.loc 1 852 13 is_stmt 0 view .LVU461
 1568 0088 48B1     		cbz	r0, .L113
 858:Middlewares/Third_Party/FreeRTOS/Source/queue.c **** 					}
 1569              		.loc 1 858 7 is_stmt 1 view .LVU462
 1570 008a 4FF0E023 		mov	r3, #-536813568
 1571 008e 4FF08052 		mov	r2, #268435456
 1572 0092 C3F8042D 		str	r2, [r3, #3332]
ARM GAS  C:\Users\kalpe\AppData\Local\Temp\ccC8Iu7o.s 			page 80


 858:Middlewares/Third_Party/FreeRTOS/Source/queue.c **** 					}
 1573              		.loc 1 858 7 view .LVU463
 1574              		.syntax unified
 1575              	@ 858 "Middlewares/Third_Party/FreeRTOS/Source/queue.c" 1
 1576 0096 BFF34F8F 		dsb
 1577              	@ 0 "" 2
 858:Middlewares/Third_Party/FreeRTOS/Source/queue.c **** 					}
 1578              		.loc 1 858 7 view .LVU464
 1579              	@ 858 "Middlewares/Third_Party/FreeRTOS/Source/queue.c" 1
 1580 009a BFF36F8F 		isb
 1581              	@ 0 "" 2
 858:Middlewares/Third_Party/FreeRTOS/Source/queue.c **** 					}
 1582              		.loc 1 858 39 view .LVU465
 1583              	.LVL117:
 1584              		.thumb
 1585              		.syntax unified
 1586              	.L113:
 862:Middlewares/Third_Party/FreeRTOS/Source/queue.c **** 					}
 1587              		.loc 1 862 31 view .LVU466
 867:Middlewares/Third_Party/FreeRTOS/Source/queue.c **** 				return pdPASS;
 1588              		.loc 1 867 5 view .LVU467
 1589 009e FFF7FEFF 		bl	vPortExitCritical
 1590              	.LVL118:
 868:Middlewares/Third_Party/FreeRTOS/Source/queue.c **** 			}
 1591              		.loc 1 868 5 view .LVU468
 868:Middlewares/Third_Party/FreeRTOS/Source/queue.c **** 			}
 1592              		.loc 1 868 12 is_stmt 0 view .LVU469
 1593 00a2 0120     		movs	r0, #1
 1594              	.LVL119:
 1595              	.L100:
 947:Middlewares/Third_Party/FreeRTOS/Source/queue.c **** /*-----------------------------------------------------------*/
 1596              		.loc 1 947 1 view .LVU470
 1597 00a4 05B0     		add	sp, sp, #20
 1598              	.LCFI21:
 1599              		.cfi_remember_state
 1600              		.cfi_def_cfa_offset 20
 1601              		@ sp needed
 1602 00a6 F0BD     		pop	{r4, r5, r6, r7, pc}
 1603              	.LVL120:
 1604              	.L126:
 1605              	.LCFI22:
 1606              		.cfi_restore_state
 839:Middlewares/Third_Party/FreeRTOS/Source/queue.c **** 						{
 1607              		.loc 1 839 7 is_stmt 1 view .LVU471
 839:Middlewares/Third_Party/FreeRTOS/Source/queue.c **** 						{
 1608              		.loc 1 839 11 is_stmt 0 view .LVU472
 1609 00a8 04F12400 		add	r0, r4, #36
 1610              	.LVL121:
 839:Middlewares/Third_Party/FreeRTOS/Source/queue.c **** 						{
 1611              		.loc 1 839 11 view .LVU473
 1612 00ac FFF7FEFF 		bl	xTaskRemoveFromEventList
 1613              	.LVL122:
 839:Middlewares/Third_Party/FreeRTOS/Source/queue.c **** 						{
 1614              		.loc 1 839 9 discriminator 1 view .LVU474
 1615 00b0 0028     		cmp	r0, #0
 1616 00b2 F4D0     		beq	.L113
 845:Middlewares/Third_Party/FreeRTOS/Source/queue.c **** 						}
ARM GAS  C:\Users\kalpe\AppData\Local\Temp\ccC8Iu7o.s 			page 81


 1617              		.loc 1 845 8 is_stmt 1 view .LVU475
 1618 00b4 4FF0E023 		mov	r3, #-536813568
 1619 00b8 4FF08052 		mov	r2, #268435456
 1620 00bc C3F8042D 		str	r2, [r3, #3332]
 845:Middlewares/Third_Party/FreeRTOS/Source/queue.c **** 						}
 1621              		.loc 1 845 8 view .LVU476
 1622              		.syntax unified
 1623              	@ 845 "Middlewares/Third_Party/FreeRTOS/Source/queue.c" 1
 1624 00c0 BFF34F8F 		dsb
 1625              	@ 0 "" 2
 845:Middlewares/Third_Party/FreeRTOS/Source/queue.c **** 						}
 1626              		.loc 1 845 8 view .LVU477
 1627              	@ 845 "Middlewares/Third_Party/FreeRTOS/Source/queue.c" 1
 1628 00c4 BFF36F8F 		isb
 1629              	@ 0 "" 2
 845:Middlewares/Third_Party/FreeRTOS/Source/queue.c **** 						}
 1630              		.loc 1 845 40 view .LVU478
 1631              		.thumb
 1632              		.syntax unified
 1633 00c8 E9E7     		b	.L113
 1634              	.LVL123:
 1635              	.L127:
 876:Middlewares/Third_Party/FreeRTOS/Source/queue.c **** 
 1636              		.loc 1 876 6 view .LVU479
 1637 00ca FFF7FEFF 		bl	vPortExitCritical
 1638              	.LVL124:
 880:Middlewares/Third_Party/FreeRTOS/Source/queue.c **** 					return errQUEUE_FULL;
 1639              		.loc 1 880 39 view .LVU480
 881:Middlewares/Third_Party/FreeRTOS/Source/queue.c **** 				}
 1640              		.loc 1 881 6 view .LVU481
 881:Middlewares/Third_Party/FreeRTOS/Source/queue.c **** 				}
 1641              		.loc 1 881 13 is_stmt 0 view .LVU482
 1642 00ce 0020     		movs	r0, #0
 1643 00d0 E8E7     		b	.L100
 1644              	.L128:
 887:Middlewares/Third_Party/FreeRTOS/Source/queue.c **** 					xEntryTimeSet = pdTRUE;
 1645              		.loc 1 887 6 is_stmt 1 view .LVU483
 1646 00d2 02A8     		add	r0, sp, #8
 1647 00d4 FFF7FEFF 		bl	vTaskInternalSetTimeOutState
 1648              	.LVL125:
 888:Middlewares/Third_Party/FreeRTOS/Source/queue.c **** 				}
 1649              		.loc 1 888 6 view .LVU484
 888:Middlewares/Third_Party/FreeRTOS/Source/queue.c **** 				}
 1650              		.loc 1 888 20 is_stmt 0 view .LVU485
 1651 00d8 0126     		movs	r6, #1
 1652 00da 19E0     		b	.L116
 1653              	.LVL126:
 1654              	.L129:
 903:Middlewares/Third_Party/FreeRTOS/Source/queue.c **** 
 1655              		.loc 1 903 3 is_stmt 1 discriminator 2 view .LVU486
 1656 00dc 0023     		movs	r3, #0
 1657 00de 84F84430 		strb	r3, [r4, #68]
 1658 00e2 21E0     		b	.L117
 1659              	.L130:
 903:Middlewares/Third_Party/FreeRTOS/Source/queue.c **** 
 1660              		.loc 1 903 3 discriminator 5 view .LVU487
 1661 00e4 0023     		movs	r3, #0
ARM GAS  C:\Users\kalpe\AppData\Local\Temp\ccC8Iu7o.s 			page 82


 1662 00e6 84F84530 		strb	r3, [r4, #69]
 1663 00ea 23E0     		b	.L118
 1664              	.L120:
 933:Middlewares/Third_Party/FreeRTOS/Source/queue.c **** 				( void ) xTaskResumeAll();
 1665              		.loc 1 933 5 view .LVU488
 1666 00ec 2046     		mov	r0, r4
 1667 00ee FFF7FEFF 		bl	prvUnlockQueue
 1668              	.LVL127:
 934:Middlewares/Third_Party/FreeRTOS/Source/queue.c **** 			}
 1669              		.loc 1 934 5 view .LVU489
 934:Middlewares/Third_Party/FreeRTOS/Source/queue.c **** 			}
 1670              		.loc 1 934 14 is_stmt 0 view .LVU490
 1671 00f2 FFF7FEFF 		bl	xTaskResumeAll
 1672              	.LVL128:
 1673              	.L109:
 751:Middlewares/Third_Party/FreeRTOS/Source/queue.c **** 	}
 1674              		.loc 1 751 104 is_stmt 1 view .LVU491
 759:Middlewares/Third_Party/FreeRTOS/Source/queue.c **** 	{
 1675              		.loc 1 759 2 view .LVU492
 761:Middlewares/Third_Party/FreeRTOS/Source/queue.c **** 		{
 1676              		.loc 1 761 3 view .LVU493
 1677 00f6 FFF7FEFF 		bl	vPortEnterCritical
 1678              	.LVL129:
 767:Middlewares/Third_Party/FreeRTOS/Source/queue.c **** 			{
 1679              		.loc 1 767 4 view .LVU494
 767:Middlewares/Third_Party/FreeRTOS/Source/queue.c **** 			{
 1680              		.loc 1 767 17 is_stmt 0 view .LVU495
 1681 00fa A26B     		ldr	r2, [r4, #56]
 767:Middlewares/Third_Party/FreeRTOS/Source/queue.c **** 			{
 1682              		.loc 1 767 46 view .LVU496
 1683 00fc E36B     		ldr	r3, [r4, #60]
 767:Middlewares/Third_Party/FreeRTOS/Source/queue.c **** 			{
 1684              		.loc 1 767 6 view .LVU497
 1685 00fe 9A42     		cmp	r2, r3
 1686 0100 BBD3     		bcc	.L110
 767:Middlewares/Third_Party/FreeRTOS/Source/queue.c **** 			{
 1687              		.loc 1 767 59 discriminator 1 view .LVU498
 1688 0102 022D     		cmp	r5, #2
 1689 0104 B9D0     		beq	.L110
 872:Middlewares/Third_Party/FreeRTOS/Source/queue.c **** 				{
 1690              		.loc 1 872 5 is_stmt 1 view .LVU499
 872:Middlewares/Third_Party/FreeRTOS/Source/queue.c **** 				{
 1691              		.loc 1 872 22 is_stmt 0 view .LVU500
 1692 0106 019B     		ldr	r3, [sp, #4]
 872:Middlewares/Third_Party/FreeRTOS/Source/queue.c **** 				{
 1693              		.loc 1 872 7 view .LVU501
 1694 0108 002B     		cmp	r3, #0
 1695 010a DED0     		beq	.L127
 883:Middlewares/Third_Party/FreeRTOS/Source/queue.c **** 				{
 1696              		.loc 1 883 10 is_stmt 1 view .LVU502
 883:Middlewares/Third_Party/FreeRTOS/Source/queue.c **** 				{
 1697              		.loc 1 883 12 is_stmt 0 view .LVU503
 1698 010c 002E     		cmp	r6, #0
 1699 010e E0D0     		beq	.L128
 1700              	.LVL130:
 1701              	.L116:
 893:Middlewares/Third_Party/FreeRTOS/Source/queue.c **** 				}
ARM GAS  C:\Users\kalpe\AppData\Local\Temp\ccC8Iu7o.s 			page 83


 1702              		.loc 1 893 30 is_stmt 1 view .LVU504
 897:Middlewares/Third_Party/FreeRTOS/Source/queue.c **** 
 1703              		.loc 1 897 3 view .LVU505
 1704 0110 FFF7FEFF 		bl	vPortExitCritical
 1705              	.LVL131:
 902:Middlewares/Third_Party/FreeRTOS/Source/queue.c **** 		prvLockQueue( pxQueue );
 1706              		.loc 1 902 3 view .LVU506
 1707 0114 FFF7FEFF 		bl	vTaskSuspendAll
 1708              	.LVL132:
 903:Middlewares/Third_Party/FreeRTOS/Source/queue.c **** 
 1709              		.loc 1 903 3 view .LVU507
 1710 0118 FFF7FEFF 		bl	vPortEnterCritical
 1711              	.LVL133:
 903:Middlewares/Third_Party/FreeRTOS/Source/queue.c **** 
 1712              		.loc 1 903 3 discriminator 1 view .LVU508
 1713 011c 94F84420 		ldrb	r2, [r4, #68]	@ zero_extendqisi2
 1714 0120 52B2     		sxtb	r2, r2
 1715 0122 B2F1FF3F 		cmp	r2, #-1
 1716 0126 D9D0     		beq	.L129
 1717              	.L117:
 903:Middlewares/Third_Party/FreeRTOS/Source/queue.c **** 
 1718              		.loc 1 903 3 discriminator 4 view .LVU509
 1719 0128 94F84520 		ldrb	r2, [r4, #69]	@ zero_extendqisi2
 1720 012c 52B2     		sxtb	r2, r2
 1721 012e B2F1FF3F 		cmp	r2, #-1
 1722 0132 D7D0     		beq	.L130
 1723              	.L118:
 903:Middlewares/Third_Party/FreeRTOS/Source/queue.c **** 
 1724              		.loc 1 903 3 discriminator 7 view .LVU510
 1725 0134 FFF7FEFF 		bl	vPortExitCritical
 1726              	.LVL134:
 906:Middlewares/Third_Party/FreeRTOS/Source/queue.c **** 		{
 1727              		.loc 1 906 3 view .LVU511
 906:Middlewares/Third_Party/FreeRTOS/Source/queue.c **** 		{
 1728              		.loc 1 906 7 is_stmt 0 view .LVU512
 1729 0138 01A9     		add	r1, sp, #4
 1730 013a 02A8     		add	r0, sp, #8
 1731 013c FFF7FEFF 		bl	xTaskCheckForTimeOut
 1732              	.LVL135:
 906:Middlewares/Third_Party/FreeRTOS/Source/queue.c **** 		{
 1733              		.loc 1 906 5 discriminator 1 view .LVU513
 1734 0140 D8B9     		cbnz	r0, .L119
 908:Middlewares/Third_Party/FreeRTOS/Source/queue.c **** 			{
 1735              		.loc 1 908 4 is_stmt 1 view .LVU514
 908:Middlewares/Third_Party/FreeRTOS/Source/queue.c **** 			{
 1736              		.loc 1 908 8 is_stmt 0 view .LVU515
 1737 0142 2046     		mov	r0, r4
 1738 0144 FFF7FEFF 		bl	prvIsQueueFull
 1739              	.LVL136:
 908:Middlewares/Third_Party/FreeRTOS/Source/queue.c **** 			{
 1740              		.loc 1 908 6 discriminator 1 view .LVU516
 1741 0148 0028     		cmp	r0, #0
 1742 014a CFD0     		beq	.L120
 910:Middlewares/Third_Party/FreeRTOS/Source/queue.c **** 				vTaskPlaceOnEventList( &( pxQueue->xTasksWaitingToSend ), xTicksToWait );
 1743              		.loc 1 910 43 is_stmt 1 view .LVU517
 911:Middlewares/Third_Party/FreeRTOS/Source/queue.c **** 
 1744              		.loc 1 911 5 view .LVU518
ARM GAS  C:\Users\kalpe\AppData\Local\Temp\ccC8Iu7o.s 			page 84


 1745 014c 0199     		ldr	r1, [sp, #4]
 1746 014e 04F11000 		add	r0, r4, #16
 1747 0152 FFF7FEFF 		bl	vTaskPlaceOnEventList
 1748              	.LVL137:
 918:Middlewares/Third_Party/FreeRTOS/Source/queue.c **** 
 1749              		.loc 1 918 5 view .LVU519
 1750 0156 2046     		mov	r0, r4
 1751 0158 FFF7FEFF 		bl	prvUnlockQueue
 1752              	.LVL138:
 925:Middlewares/Third_Party/FreeRTOS/Source/queue.c **** 				{
 1753              		.loc 1 925 5 view .LVU520
 925:Middlewares/Third_Party/FreeRTOS/Source/queue.c **** 				{
 1754              		.loc 1 925 9 is_stmt 0 view .LVU521
 1755 015c FFF7FEFF 		bl	xTaskResumeAll
 1756              	.LVL139:
 925:Middlewares/Third_Party/FreeRTOS/Source/queue.c **** 				{
 1757              		.loc 1 925 7 discriminator 1 view .LVU522
 1758 0160 0028     		cmp	r0, #0
 1759 0162 C8D1     		bne	.L109
 927:Middlewares/Third_Party/FreeRTOS/Source/queue.c **** 				}
 1760              		.loc 1 927 6 is_stmt 1 view .LVU523
 1761 0164 4FF0E023 		mov	r3, #-536813568
 1762 0168 4FF08052 		mov	r2, #268435456
 1763 016c C3F8042D 		str	r2, [r3, #3332]
 927:Middlewares/Third_Party/FreeRTOS/Source/queue.c **** 				}
 1764              		.loc 1 927 6 view .LVU524
 1765              		.syntax unified
 1766              	@ 927 "Middlewares/Third_Party/FreeRTOS/Source/queue.c" 1
 1767 0170 BFF34F8F 		dsb
 1768              	@ 0 "" 2
 927:Middlewares/Third_Party/FreeRTOS/Source/queue.c **** 				}
 1769              		.loc 1 927 6 view .LVU525
 1770              	@ 927 "Middlewares/Third_Party/FreeRTOS/Source/queue.c" 1
 1771 0174 BFF36F8F 		isb
 1772              	@ 0 "" 2
 1773              		.thumb
 1774              		.syntax unified
 1775 0178 BDE7     		b	.L109
 1776              	.L119:
 940:Middlewares/Third_Party/FreeRTOS/Source/queue.c **** 			( void ) xTaskResumeAll();
 1777              		.loc 1 940 4 view .LVU526
 1778 017a 2046     		mov	r0, r4
 1779 017c FFF7FEFF 		bl	prvUnlockQueue
 1780              	.LVL140:
 941:Middlewares/Third_Party/FreeRTOS/Source/queue.c **** 
 1781              		.loc 1 941 4 view .LVU527
 941:Middlewares/Third_Party/FreeRTOS/Source/queue.c **** 
 1782              		.loc 1 941 13 is_stmt 0 view .LVU528
 1783 0180 FFF7FEFF 		bl	xTaskResumeAll
 1784              	.LVL141:
 943:Middlewares/Third_Party/FreeRTOS/Source/queue.c **** 			return errQUEUE_FULL;
 1785              		.loc 1 943 37 is_stmt 1 view .LVU529
 944:Middlewares/Third_Party/FreeRTOS/Source/queue.c **** 		}
 1786              		.loc 1 944 4 view .LVU530
 944:Middlewares/Third_Party/FreeRTOS/Source/queue.c **** 		}
 1787              		.loc 1 944 11 is_stmt 0 view .LVU531
 1788 0184 0020     		movs	r0, #0
ARM GAS  C:\Users\kalpe\AppData\Local\Temp\ccC8Iu7o.s 			page 85


 1789 0186 8DE7     		b	.L100
 1790              		.cfi_endproc
 1791              	.LFE17:
 1793              		.section	.text.prvInitialiseMutex,"ax",%progbits
 1794              		.align	1
 1795              		.syntax unified
 1796              		.thumb
 1797              		.thumb_func
 1799              	prvInitialiseMutex:
 1800              	.LVL142:
 1801              	.LFB8:
 467:Middlewares/Third_Party/FreeRTOS/Source/queue.c **** 		if( pxNewQueue != NULL )
 1802              		.loc 1 467 2 is_stmt 1 view -0
 1803              		.cfi_startproc
 1804              		@ args = 0, pretend = 0, frame = 0
 1805              		@ frame_needed = 0, uses_anonymous_args = 0
 468:Middlewares/Third_Party/FreeRTOS/Source/queue.c **** 		{
 1806              		.loc 1 468 3 view .LVU533
 468:Middlewares/Third_Party/FreeRTOS/Source/queue.c **** 		{
 1807              		.loc 1 468 5 is_stmt 0 view .LVU534
 1808 0000 48B1     		cbz	r0, .L134
 467:Middlewares/Third_Party/FreeRTOS/Source/queue.c **** 		if( pxNewQueue != NULL )
 1809              		.loc 1 467 2 view .LVU535
 1810 0002 08B5     		push	{r3, lr}
 1811              	.LCFI23:
 1812              		.cfi_def_cfa_offset 8
 1813              		.cfi_offset 3, -8
 1814              		.cfi_offset 14, -4
 474:Middlewares/Third_Party/FreeRTOS/Source/queue.c **** 			pxNewQueue->uxQueueType = queueQUEUE_IS_MUTEX;
 1815              		.loc 1 474 4 is_stmt 1 view .LVU536
 474:Middlewares/Third_Party/FreeRTOS/Source/queue.c **** 			pxNewQueue->uxQueueType = queueQUEUE_IS_MUTEX;
 1816              		.loc 1 474 42 is_stmt 0 view .LVU537
 1817 0004 0021     		movs	r1, #0
 1818 0006 8160     		str	r1, [r0, #8]
 475:Middlewares/Third_Party/FreeRTOS/Source/queue.c **** 
 1819              		.loc 1 475 4 is_stmt 1 view .LVU538
 475:Middlewares/Third_Party/FreeRTOS/Source/queue.c **** 
 1820              		.loc 1 475 28 is_stmt 0 view .LVU539
 1821 0008 0160     		str	r1, [r0]
 478:Middlewares/Third_Party/FreeRTOS/Source/queue.c **** 
 1822              		.loc 1 478 4 is_stmt 1 view .LVU540
 478:Middlewares/Third_Party/FreeRTOS/Source/queue.c **** 
 1823              		.loc 1 478 50 is_stmt 0 view .LVU541
 1824 000a C160     		str	r1, [r0, #12]
 480:Middlewares/Third_Party/FreeRTOS/Source/queue.c **** 
 1825              		.loc 1 480 35 is_stmt 1 view .LVU542
 483:Middlewares/Third_Party/FreeRTOS/Source/queue.c **** 		}
 1826              		.loc 1 483 4 view .LVU543
 483:Middlewares/Third_Party/FreeRTOS/Source/queue.c **** 		}
 1827              		.loc 1 483 13 is_stmt 0 view .LVU544
 1828 000c 0B46     		mov	r3, r1
 1829 000e 0A46     		mov	r2, r1
 1830 0010 FFF7FEFF 		bl	xQueueGenericSend
 1831              	.LVL143:
 487:Middlewares/Third_Party/FreeRTOS/Source/queue.c **** 		}
 1832              		.loc 1 487 30 is_stmt 1 view .LVU545
 489:Middlewares/Third_Party/FreeRTOS/Source/queue.c **** 
ARM GAS  C:\Users\kalpe\AppData\Local\Temp\ccC8Iu7o.s 			page 86


 1833              		.loc 1 489 2 is_stmt 0 view .LVU546
 1834 0014 08BD     		pop	{r3, pc}
 1835              	.LVL144:
 1836              	.L134:
 1837              	.LCFI24:
 1838              		.cfi_def_cfa_offset 0
 1839              		.cfi_restore 3
 1840              		.cfi_restore 14
 489:Middlewares/Third_Party/FreeRTOS/Source/queue.c **** 
 1841              		.loc 1 489 2 view .LVU547
 1842 0016 7047     		bx	lr
 1843              		.cfi_endproc
 1844              	.LFE8:
 1846              		.section	.text.xQueueCreateMutex,"ax",%progbits
 1847              		.align	1
 1848              		.global	xQueueCreateMutex
 1849              		.syntax unified
 1850              		.thumb
 1851              		.thumb_func
 1853              	xQueueCreateMutex:
 1854              	.LVL145:
 1855              	.LFB9:
 497:Middlewares/Third_Party/FreeRTOS/Source/queue.c **** 	QueueHandle_t xNewQueue;
 1856              		.loc 1 497 2 is_stmt 1 view -0
 1857              		.cfi_startproc
 1858              		@ args = 0, pretend = 0, frame = 0
 1859              		@ frame_needed = 0, uses_anonymous_args = 0
 497:Middlewares/Third_Party/FreeRTOS/Source/queue.c **** 	QueueHandle_t xNewQueue;
 1860              		.loc 1 497 2 is_stmt 0 view .LVU549
 1861 0000 10B5     		push	{r4, lr}
 1862              	.LCFI25:
 1863              		.cfi_def_cfa_offset 8
 1864              		.cfi_offset 4, -8
 1865              		.cfi_offset 14, -4
 1866 0002 0246     		mov	r2, r0
 498:Middlewares/Third_Party/FreeRTOS/Source/queue.c **** 	const UBaseType_t uxMutexLength = ( UBaseType_t ) 1, uxMutexSize = ( UBaseType_t ) 0;
 1867              		.loc 1 498 2 is_stmt 1 view .LVU550
 499:Middlewares/Third_Party/FreeRTOS/Source/queue.c **** 
 1868              		.loc 1 499 2 view .LVU551
 1869              	.LVL146:
 501:Middlewares/Third_Party/FreeRTOS/Source/queue.c **** 		prvInitialiseMutex( ( Queue_t * ) xNewQueue );
 1870              		.loc 1 501 3 view .LVU552
 501:Middlewares/Third_Party/FreeRTOS/Source/queue.c **** 		prvInitialiseMutex( ( Queue_t * ) xNewQueue );
 1871              		.loc 1 501 15 is_stmt 0 view .LVU553
 1872 0004 0021     		movs	r1, #0
 1873 0006 0120     		movs	r0, #1
 1874              	.LVL147:
 501:Middlewares/Third_Party/FreeRTOS/Source/queue.c **** 		prvInitialiseMutex( ( Queue_t * ) xNewQueue );
 1875              		.loc 1 501 15 view .LVU554
 1876 0008 FFF7FEFF 		bl	xQueueGenericCreate
 1877              	.LVL148:
 501:Middlewares/Third_Party/FreeRTOS/Source/queue.c **** 		prvInitialiseMutex( ( Queue_t * ) xNewQueue );
 1878              		.loc 1 501 15 view .LVU555
 1879 000c 0446     		mov	r4, r0
 1880              	.LVL149:
 502:Middlewares/Third_Party/FreeRTOS/Source/queue.c **** 
 1881              		.loc 1 502 3 is_stmt 1 view .LVU556
ARM GAS  C:\Users\kalpe\AppData\Local\Temp\ccC8Iu7o.s 			page 87


 1882 000e FFF7FEFF 		bl	prvInitialiseMutex
 1883              	.LVL150:
 504:Middlewares/Third_Party/FreeRTOS/Source/queue.c **** 	}
 1884              		.loc 1 504 3 view .LVU557
 505:Middlewares/Third_Party/FreeRTOS/Source/queue.c **** 
 1885              		.loc 1 505 2 is_stmt 0 view .LVU558
 1886 0012 2046     		mov	r0, r4
 1887 0014 10BD     		pop	{r4, pc}
 505:Middlewares/Third_Party/FreeRTOS/Source/queue.c **** 
 1888              		.loc 1 505 2 view .LVU559
 1889              		.cfi_endproc
 1890              	.LFE9:
 1892              		.section	.text.xQueueCreateMutexStatic,"ax",%progbits
 1893              		.align	1
 1894              		.global	xQueueCreateMutexStatic
 1895              		.syntax unified
 1896              		.thumb
 1897              		.thumb_func
 1899              	xQueueCreateMutexStatic:
 1900              	.LVL151:
 1901              	.LFB10:
 513:Middlewares/Third_Party/FreeRTOS/Source/queue.c **** 	QueueHandle_t xNewQueue;
 1902              		.loc 1 513 2 is_stmt 1 view -0
 1903              		.cfi_startproc
 1904              		@ args = 0, pretend = 0, frame = 0
 1905              		@ frame_needed = 0, uses_anonymous_args = 0
 513:Middlewares/Third_Party/FreeRTOS/Source/queue.c **** 	QueueHandle_t xNewQueue;
 1906              		.loc 1 513 2 is_stmt 0 view .LVU561
 1907 0000 10B5     		push	{r4, lr}
 1908              	.LCFI26:
 1909              		.cfi_def_cfa_offset 8
 1910              		.cfi_offset 4, -8
 1911              		.cfi_offset 14, -4
 1912 0002 82B0     		sub	sp, sp, #8
 1913              	.LCFI27:
 1914              		.cfi_def_cfa_offset 16
 1915 0004 0B46     		mov	r3, r1
 514:Middlewares/Third_Party/FreeRTOS/Source/queue.c **** 	const UBaseType_t uxMutexLength = ( UBaseType_t ) 1, uxMutexSize = ( UBaseType_t ) 0;
 1916              		.loc 1 514 2 is_stmt 1 view .LVU562
 515:Middlewares/Third_Party/FreeRTOS/Source/queue.c **** 
 1917              		.loc 1 515 2 view .LVU563
 1918              	.LVL152:
 519:Middlewares/Third_Party/FreeRTOS/Source/queue.c **** 
 1919              		.loc 1 519 3 view .LVU564
 521:Middlewares/Third_Party/FreeRTOS/Source/queue.c **** 		prvInitialiseMutex( ( Queue_t * ) xNewQueue );
 1920              		.loc 1 521 3 view .LVU565
 521:Middlewares/Third_Party/FreeRTOS/Source/queue.c **** 		prvInitialiseMutex( ( Queue_t * ) xNewQueue );
 1921              		.loc 1 521 15 is_stmt 0 view .LVU566
 1922 0006 0090     		str	r0, [sp]
 1923 0008 0022     		movs	r2, #0
 1924 000a 1146     		mov	r1, r2
 1925              	.LVL153:
 521:Middlewares/Third_Party/FreeRTOS/Source/queue.c **** 		prvInitialiseMutex( ( Queue_t * ) xNewQueue );
 1926              		.loc 1 521 15 view .LVU567
 1927 000c 0120     		movs	r0, #1
 1928              	.LVL154:
 521:Middlewares/Third_Party/FreeRTOS/Source/queue.c **** 		prvInitialiseMutex( ( Queue_t * ) xNewQueue );
ARM GAS  C:\Users\kalpe\AppData\Local\Temp\ccC8Iu7o.s 			page 88


 1929              		.loc 1 521 15 view .LVU568
 1930 000e FFF7FEFF 		bl	xQueueGenericCreateStatic
 1931              	.LVL155:
 521:Middlewares/Third_Party/FreeRTOS/Source/queue.c **** 		prvInitialiseMutex( ( Queue_t * ) xNewQueue );
 1932              		.loc 1 521 15 view .LVU569
 1933 0012 0446     		mov	r4, r0
 1934              	.LVL156:
 522:Middlewares/Third_Party/FreeRTOS/Source/queue.c **** 
 1935              		.loc 1 522 3 is_stmt 1 view .LVU570
 1936 0014 FFF7FEFF 		bl	prvInitialiseMutex
 1937              	.LVL157:
 524:Middlewares/Third_Party/FreeRTOS/Source/queue.c **** 	}
 1938              		.loc 1 524 3 view .LVU571
 525:Middlewares/Third_Party/FreeRTOS/Source/queue.c **** 
 1939              		.loc 1 525 2 is_stmt 0 view .LVU572
 1940 0018 2046     		mov	r0, r4
 1941 001a 02B0     		add	sp, sp, #8
 1942              	.LCFI28:
 1943              		.cfi_def_cfa_offset 8
 1944              		@ sp needed
 1945 001c 10BD     		pop	{r4, pc}
 525:Middlewares/Third_Party/FreeRTOS/Source/queue.c **** 
 1946              		.loc 1 525 2 view .LVU573
 1947              		.cfi_endproc
 1948              	.LFE10:
 1950              		.section	.text.xQueueGiveMutexRecursive,"ax",%progbits
 1951              		.align	1
 1952              		.global	xQueueGiveMutexRecursive
 1953              		.syntax unified
 1954              		.thumb
 1955              		.thumb_func
 1957              	xQueueGiveMutexRecursive:
 1958              	.LVL158:
 1959              	.LFB13:
 590:Middlewares/Third_Party/FreeRTOS/Source/queue.c **** 	BaseType_t xReturn;
 1960              		.loc 1 590 2 is_stmt 1 view -0
 1961              		.cfi_startproc
 1962              		@ args = 0, pretend = 0, frame = 0
 1963              		@ frame_needed = 0, uses_anonymous_args = 0
 590:Middlewares/Third_Party/FreeRTOS/Source/queue.c **** 	BaseType_t xReturn;
 1964              		.loc 1 590 2 is_stmt 0 view .LVU575
 1965 0000 38B5     		push	{r3, r4, r5, lr}
 1966              	.LCFI29:
 1967              		.cfi_def_cfa_offset 16
 1968              		.cfi_offset 3, -16
 1969              		.cfi_offset 4, -12
 1970              		.cfi_offset 5, -8
 1971              		.cfi_offset 14, -4
 591:Middlewares/Third_Party/FreeRTOS/Source/queue.c **** 	Queue_t * const pxMutex = ( Queue_t * ) xMutex;
 1972              		.loc 1 591 2 is_stmt 1 view .LVU576
 592:Middlewares/Third_Party/FreeRTOS/Source/queue.c **** 
 1973              		.loc 1 592 2 view .LVU577
 1974              	.LVL159:
 594:Middlewares/Third_Party/FreeRTOS/Source/queue.c **** 
 1975              		.loc 1 594 3 view .LVU578
 1976 0002 40B1     		cbz	r0, .L148
 1977 0004 0546     		mov	r5, r0
ARM GAS  C:\Users\kalpe\AppData\Local\Temp\ccC8Iu7o.s 			page 89


 594:Middlewares/Third_Party/FreeRTOS/Source/queue.c **** 
 1978              		.loc 1 594 26 view .LVU579
 602:Middlewares/Third_Party/FreeRTOS/Source/queue.c **** 		{
 1979              		.loc 1 602 3 view .LVU580
 602:Middlewares/Third_Party/FreeRTOS/Source/queue.c **** 		{
 1980              		.loc 1 602 28 is_stmt 0 view .LVU581
 1981 0006 8368     		ldr	r3, [r0, #8]
 1982 0008 1C46     		mov	r4, r3
 602:Middlewares/Third_Party/FreeRTOS/Source/queue.c **** 		{
 1983              		.loc 1 602 45 view .LVU582
 1984 000a FFF7FEFF 		bl	xTaskGetCurrentTaskHandle
 1985              	.LVL160:
 602:Middlewares/Third_Party/FreeRTOS/Source/queue.c **** 		{
 1986              		.loc 1 602 5 discriminator 1 view .LVU583
 1987 000e 8442     		cmp	r4, r0
 1988 0010 0AD0     		beq	.L149
 631:Middlewares/Third_Party/FreeRTOS/Source/queue.c **** 
 1989              		.loc 1 631 12 view .LVU584
 1990 0012 0020     		movs	r0, #0
 1991              	.L141:
 637:Middlewares/Third_Party/FreeRTOS/Source/queue.c **** 
 1992              		.loc 1 637 2 view .LVU585
 1993 0014 38BD     		pop	{r3, r4, r5, pc}
 1994              	.LVL161:
 1995              	.L148:
 594:Middlewares/Third_Party/FreeRTOS/Source/queue.c **** 
 1996              		.loc 1 594 3 is_stmt 1 discriminator 1 view .LVU586
 1997              	.LBB154:
 1998              	.LBI154:
 191:Middlewares/Third_Party/FreeRTOS/Source/portable/GCC/ARM_CM4F/portmacro.h **** {
 1999              		.loc 2 191 30 view .LVU587
 2000              	.LBB155:
 193:Middlewares/Third_Party/FreeRTOS/Source/portable/GCC/ARM_CM4F/portmacro.h **** 
 2001              		.loc 2 193 1 view .LVU588
 2002              		.loc 2 195 2 view .LVU589
 2003              		.syntax unified
 2004              	@ 195 "Middlewares/Third_Party/FreeRTOS/Source/portable/GCC/ARM_CM4F/portmacro.h" 1
 2005 0016 4FF05003 			mov r3, #80												
 2006 001a 83F31188 		msr basepri, r3											
 2007 001e BFF36F8F 		isb														
 2008 0022 BFF34F8F 		dsb														
 2009              	
 2010              	@ 0 "" 2
 2011              		.thumb
 2012              		.syntax unified
 2013              	.L143:
 2014              	.LBE155:
 2015              	.LBE154:
 594:Middlewares/Third_Party/FreeRTOS/Source/queue.c **** 
 2016              		.loc 1 594 3 view .LVU590
 2017 0026 FEE7     		b	.L143
 2018              	.LVL162:
 2019              	.L149:
 604:Middlewares/Third_Party/FreeRTOS/Source/queue.c **** 
 2020              		.loc 1 604 40 view .LVU591
 611:Middlewares/Third_Party/FreeRTOS/Source/queue.c **** 
 2021              		.loc 1 611 4 view .LVU592
ARM GAS  C:\Users\kalpe\AppData\Local\Temp\ccC8Iu7o.s 			page 90


 611:Middlewares/Third_Party/FreeRTOS/Source/queue.c **** 
 2022              		.loc 1 611 27 is_stmt 0 view .LVU593
 2023 0028 EB68     		ldr	r3, [r5, #12]
 611:Middlewares/Third_Party/FreeRTOS/Source/queue.c **** 
 2024              		.loc 1 611 50 view .LVU594
 2025 002a 013B     		subs	r3, r3, #1
 2026 002c EB60     		str	r3, [r5, #12]
 614:Middlewares/Third_Party/FreeRTOS/Source/queue.c **** 			{
 2027              		.loc 1 614 4 is_stmt 1 view .LVU595
 614:Middlewares/Third_Party/FreeRTOS/Source/queue.c **** 			{
 2028              		.loc 1 614 6 is_stmt 0 view .LVU596
 2029 002e 0BB1     		cbz	r3, .L150
 625:Middlewares/Third_Party/FreeRTOS/Source/queue.c **** 		}
 2030              		.loc 1 625 12 view .LVU597
 2031 0030 0120     		movs	r0, #1
 2032              	.LVL163:
 633:Middlewares/Third_Party/FreeRTOS/Source/queue.c **** 		}
 2033              		.loc 1 633 47 is_stmt 1 view .LVU598
 636:Middlewares/Third_Party/FreeRTOS/Source/queue.c **** 	}
 2034              		.loc 1 636 3 view .LVU599
 636:Middlewares/Third_Party/FreeRTOS/Source/queue.c **** 	}
 2035              		.loc 1 636 10 is_stmt 0 view .LVU600
 2036 0032 EFE7     		b	.L141
 2037              	.LVL164:
 2038              	.L150:
 618:Middlewares/Third_Party/FreeRTOS/Source/queue.c **** 			}
 2039              		.loc 1 618 5 is_stmt 1 view .LVU601
 618:Middlewares/Third_Party/FreeRTOS/Source/queue.c **** 			}
 2040              		.loc 1 618 14 is_stmt 0 view .LVU602
 2041 0034 1A46     		mov	r2, r3
 2042 0036 1946     		mov	r1, r3
 2043 0038 2846     		mov	r0, r5
 2044 003a FFF7FEFF 		bl	xQueueGenericSend
 2045              	.LVL165:
 625:Middlewares/Third_Party/FreeRTOS/Source/queue.c **** 		}
 2046              		.loc 1 625 12 view .LVU603
 2047 003e 0120     		movs	r0, #1
 2048 0040 E8E7     		b	.L141
 2049              		.cfi_endproc
 2050              	.LFE13:
 2052              		.section	.text.xQueueGenericSendFromISR,"ax",%progbits
 2053              		.align	1
 2054              		.global	xQueueGenericSendFromISR
 2055              		.syntax unified
 2056              		.thumb
 2057              		.thumb_func
 2059              	xQueueGenericSendFromISR:
 2060              	.LVL166:
 2061              	.LFB18:
 951:Middlewares/Third_Party/FreeRTOS/Source/queue.c **** BaseType_t xReturn;
 2062              		.loc 1 951 1 is_stmt 1 view -0
 2063              		.cfi_startproc
 2064              		@ args = 0, pretend = 0, frame = 0
 2065              		@ frame_needed = 0, uses_anonymous_args = 0
 951:Middlewares/Third_Party/FreeRTOS/Source/queue.c **** BaseType_t xReturn;
 2066              		.loc 1 951 1 is_stmt 0 view .LVU605
 2067 0000 2DE9F843 		push	{r3, r4, r5, r6, r7, r8, r9, lr}
ARM GAS  C:\Users\kalpe\AppData\Local\Temp\ccC8Iu7o.s 			page 91


 2068              	.LCFI30:
 2069              		.cfi_def_cfa_offset 32
 2070              		.cfi_offset 3, -32
 2071              		.cfi_offset 4, -28
 2072              		.cfi_offset 5, -24
 2073              		.cfi_offset 6, -20
 2074              		.cfi_offset 7, -16
 2075              		.cfi_offset 8, -12
 2076              		.cfi_offset 9, -8
 2077              		.cfi_offset 14, -4
 952:Middlewares/Third_Party/FreeRTOS/Source/queue.c **** UBaseType_t uxSavedInterruptStatus;
 2078              		.loc 1 952 1 is_stmt 1 view .LVU606
 953:Middlewares/Third_Party/FreeRTOS/Source/queue.c **** Queue_t * const pxQueue = xQueue;
 2079              		.loc 1 953 1 view .LVU607
 954:Middlewares/Third_Party/FreeRTOS/Source/queue.c **** 
 2080              		.loc 1 954 1 view .LVU608
 2081              	.LVL167:
 956:Middlewares/Third_Party/FreeRTOS/Source/queue.c **** 	configASSERT( !( ( pvItemToQueue == NULL ) && ( pxQueue->uxItemSize != ( UBaseType_t ) 0U ) ) );
 2082              		.loc 1 956 2 view .LVU609
 2083 0004 90B1     		cbz	r0, .L166
 2084 0006 0F46     		mov	r7, r1
 2085 0008 9046     		mov	r8, r2
 2086 000a 1E46     		mov	r6, r3
 2087 000c 0446     		mov	r4, r0
 956:Middlewares/Third_Party/FreeRTOS/Source/queue.c **** 	configASSERT( !( ( pvItemToQueue == NULL ) && ( pxQueue->uxItemSize != ( UBaseType_t ) 0U ) ) );
 2088              		.loc 1 956 25 view .LVU610
 957:Middlewares/Third_Party/FreeRTOS/Source/queue.c **** 	configASSERT( !( ( xCopyPosition == queueOVERWRITE ) && ( pxQueue->uxLength != 1 ) ) );
 2089              		.loc 1 957 2 view .LVU611
 2090 000e B1B1     		cbz	r1, .L167
 2091              	.LVL168:
 2092              	.L154:
 957:Middlewares/Third_Party/FreeRTOS/Source/queue.c **** 	configASSERT( !( ( xCopyPosition == queueOVERWRITE ) && ( pxQueue->uxLength != 1 ) ) );
 2093              		.loc 1 957 97 view .LVU612
 958:Middlewares/Third_Party/FreeRTOS/Source/queue.c **** 
 2094              		.loc 1 958 2 view .LVU613
 2095 0010 022E     		cmp	r6, #2
 2096 0012 20D1     		bne	.L156
 958:Middlewares/Third_Party/FreeRTOS/Source/queue.c **** 
 2097              		.loc 1 958 2 is_stmt 0 discriminator 2 view .LVU614
 2098 0014 E36B     		ldr	r3, [r4, #60]
 2099 0016 012B     		cmp	r3, #1
 2100 0018 1DD0     		beq	.L156
 958:Middlewares/Third_Party/FreeRTOS/Source/queue.c **** 
 2101              		.loc 1 958 2 is_stmt 1 discriminator 7 view .LVU615
 2102              	.LBB156:
 2103              	.LBI156:
 191:Middlewares/Third_Party/FreeRTOS/Source/portable/GCC/ARM_CM4F/portmacro.h **** {
 2104              		.loc 2 191 30 view .LVU616
 2105              	.LBB157:
 193:Middlewares/Third_Party/FreeRTOS/Source/portable/GCC/ARM_CM4F/portmacro.h **** 
 2106              		.loc 2 193 1 view .LVU617
 2107              		.loc 2 195 2 view .LVU618
 2108              		.syntax unified
 2109              	@ 195 "Middlewares/Third_Party/FreeRTOS/Source/portable/GCC/ARM_CM4F/portmacro.h" 1
 2110 001a 4FF05003 			mov r3, #80												
 2111 001e 83F31188 		msr basepri, r3											
 2112 0022 BFF36F8F 		isb														
ARM GAS  C:\Users\kalpe\AppData\Local\Temp\ccC8Iu7o.s 			page 92


 2113 0026 BFF34F8F 		dsb														
 2114              	
 2115              	@ 0 "" 2
 2116              		.thumb
 2117              		.syntax unified
 2118              	.L157:
 2119              	.LBE157:
 2120              	.LBE156:
 958:Middlewares/Third_Party/FreeRTOS/Source/queue.c **** 
 2121              		.loc 1 958 2 view .LVU619
 2122 002a FEE7     		b	.L157
 2123              	.LVL169:
 2124              	.L166:
 956:Middlewares/Third_Party/FreeRTOS/Source/queue.c **** 	configASSERT( !( ( pvItemToQueue == NULL ) && ( pxQueue->uxItemSize != ( UBaseType_t ) 0U ) ) );
 2125              		.loc 1 956 2 discriminator 1 view .LVU620
 2126              	.LBB158:
 2127              	.LBI158:
 191:Middlewares/Third_Party/FreeRTOS/Source/portable/GCC/ARM_CM4F/portmacro.h **** {
 2128              		.loc 2 191 30 view .LVU621
 2129              	.LBB159:
 193:Middlewares/Third_Party/FreeRTOS/Source/portable/GCC/ARM_CM4F/portmacro.h **** 
 2130              		.loc 2 193 1 view .LVU622
 2131              		.loc 2 195 2 view .LVU623
 2132              		.syntax unified
 2133              	@ 195 "Middlewares/Third_Party/FreeRTOS/Source/portable/GCC/ARM_CM4F/portmacro.h" 1
 2134 002c 4FF05003 			mov r3, #80												
 2135 0030 83F31188 		msr basepri, r3											
 2136 0034 BFF36F8F 		isb														
 2137 0038 BFF34F8F 		dsb														
 2138              	
 2139              	@ 0 "" 2
 2140              	.LVL170:
 2141              		.thumb
 2142              		.syntax unified
 2143              	.L153:
 2144              		.loc 2 195 2 is_stmt 0 view .LVU624
 2145              	.LBE159:
 2146              	.LBE158:
 956:Middlewares/Third_Party/FreeRTOS/Source/queue.c **** 	configASSERT( !( ( pvItemToQueue == NULL ) && ( pxQueue->uxItemSize != ( UBaseType_t ) 0U ) ) );
 2147              		.loc 1 956 2 is_stmt 1 view .LVU625
 2148 003c FEE7     		b	.L153
 2149              	.LVL171:
 2150              	.L167:
 957:Middlewares/Third_Party/FreeRTOS/Source/queue.c **** 	configASSERT( !( ( xCopyPosition == queueOVERWRITE ) && ( pxQueue->uxLength != 1 ) ) );
 2151              		.loc 1 957 2 is_stmt 0 discriminator 2 view .LVU626
 2152 003e 036C     		ldr	r3, [r0, #64]
 2153              	.LVL172:
 957:Middlewares/Third_Party/FreeRTOS/Source/queue.c **** 	configASSERT( !( ( xCopyPosition == queueOVERWRITE ) && ( pxQueue->uxLength != 1 ) ) );
 2154              		.loc 1 957 2 discriminator 2 view .LVU627
 2155 0040 002B     		cmp	r3, #0
 2156 0042 E5D0     		beq	.L154
 957:Middlewares/Third_Party/FreeRTOS/Source/queue.c **** 	configASSERT( !( ( xCopyPosition == queueOVERWRITE ) && ( pxQueue->uxLength != 1 ) ) );
 2157              		.loc 1 957 2 is_stmt 1 discriminator 7 view .LVU628
 2158              	.LBB160:
 2159              	.LBI160:
 191:Middlewares/Third_Party/FreeRTOS/Source/portable/GCC/ARM_CM4F/portmacro.h **** {
 2160              		.loc 2 191 30 view .LVU629
ARM GAS  C:\Users\kalpe\AppData\Local\Temp\ccC8Iu7o.s 			page 93


 2161              	.LBB161:
 193:Middlewares/Third_Party/FreeRTOS/Source/portable/GCC/ARM_CM4F/portmacro.h **** 
 2162              		.loc 2 193 1 view .LVU630
 2163              		.loc 2 195 2 view .LVU631
 2164              		.syntax unified
 2165              	@ 195 "Middlewares/Third_Party/FreeRTOS/Source/portable/GCC/ARM_CM4F/portmacro.h" 1
 2166 0044 4FF05003 			mov r3, #80												
 2167 0048 83F31188 		msr basepri, r3											
 2168 004c BFF36F8F 		isb														
 2169 0050 BFF34F8F 		dsb														
 2170              	
 2171              	@ 0 "" 2
 2172              		.thumb
 2173              		.syntax unified
 2174              	.L155:
 2175              	.LBE161:
 2176              	.LBE160:
 957:Middlewares/Third_Party/FreeRTOS/Source/queue.c **** 	configASSERT( !( ( xCopyPosition == queueOVERWRITE ) && ( pxQueue->uxLength != 1 ) ) );
 2177              		.loc 1 957 2 view .LVU632
 2178 0054 FEE7     		b	.L155
 2179              	.L156:
 958:Middlewares/Third_Party/FreeRTOS/Source/queue.c **** 
 2180              		.loc 1 958 88 view .LVU633
 974:Middlewares/Third_Party/FreeRTOS/Source/queue.c **** 
 2181              		.loc 1 974 2 view .LVU634
 2182 0056 FFF7FEFF 		bl	vPortValidateInterruptPriority
 2183              	.LVL173:
 981:Middlewares/Third_Party/FreeRTOS/Source/queue.c **** 	{
 2184              		.loc 1 981 2 view .LVU635
 2185              	.LBB162:
 2186              	.LBI162:
 196:Middlewares/Third_Party/FreeRTOS/Source/portable/GCC/ARM_CM4F/portmacro.h **** 	(
 197:Middlewares/Third_Party/FreeRTOS/Source/portable/GCC/ARM_CM4F/portmacro.h **** 		"	mov %0, %1												\n"	\
 198:Middlewares/Third_Party/FreeRTOS/Source/portable/GCC/ARM_CM4F/portmacro.h **** 		"	msr basepri, %0											\n" \
 199:Middlewares/Third_Party/FreeRTOS/Source/portable/GCC/ARM_CM4F/portmacro.h **** 		"	isb														\n" \
 200:Middlewares/Third_Party/FreeRTOS/Source/portable/GCC/ARM_CM4F/portmacro.h **** 		"	dsb														\n" \
 201:Middlewares/Third_Party/FreeRTOS/Source/portable/GCC/ARM_CM4F/portmacro.h **** 		:"=r" (ulNewBASEPRI) : "i" ( configMAX_SYSCALL_INTERRUPT_PRIORITY ) : "memory"
 202:Middlewares/Third_Party/FreeRTOS/Source/portable/GCC/ARM_CM4F/portmacro.h **** 	);
 203:Middlewares/Third_Party/FreeRTOS/Source/portable/GCC/ARM_CM4F/portmacro.h **** }
 204:Middlewares/Third_Party/FreeRTOS/Source/portable/GCC/ARM_CM4F/portmacro.h **** 
 205:Middlewares/Third_Party/FreeRTOS/Source/portable/GCC/ARM_CM4F/portmacro.h **** /*-----------------------------------------------------------*/
 206:Middlewares/Third_Party/FreeRTOS/Source/portable/GCC/ARM_CM4F/portmacro.h **** 
 207:Middlewares/Third_Party/FreeRTOS/Source/portable/GCC/ARM_CM4F/portmacro.h **** portFORCE_INLINE static uint32_t ulPortRaiseBASEPRI( void )
 2187              		.loc 2 207 34 view .LVU636
 2188              	.LBB163:
 208:Middlewares/Third_Party/FreeRTOS/Source/portable/GCC/ARM_CM4F/portmacro.h **** {
 209:Middlewares/Third_Party/FreeRTOS/Source/portable/GCC/ARM_CM4F/portmacro.h **** uint32_t ulOriginalBASEPRI, ulNewBASEPRI;
 2189              		.loc 2 209 1 view .LVU637
 210:Middlewares/Third_Party/FreeRTOS/Source/portable/GCC/ARM_CM4F/portmacro.h **** 
 211:Middlewares/Third_Party/FreeRTOS/Source/portable/GCC/ARM_CM4F/portmacro.h **** 	__asm volatile
 2190              		.loc 2 211 2 view .LVU638
 2191              		.syntax unified
 2192              	@ 211 "Middlewares/Third_Party/FreeRTOS/Source/portable/GCC/ARM_CM4F/portmacro.h" 1
 2193 005a EFF31183 			mrs r3, basepri											
 2194 005e 4FF05002 		mov r2, #80												
 2195 0062 82F31188 		msr basepri, r2											
 2196 0066 BFF36F8F 		isb														
ARM GAS  C:\Users\kalpe\AppData\Local\Temp\ccC8Iu7o.s 			page 94


 2197 006a BFF34F8F 		dsb														
 2198              	
 2199              	@ 0 "" 2
 2200              		.thumb
 2201              		.syntax unified
 2202 006e 9946     		mov	r9, r3
 212:Middlewares/Third_Party/FreeRTOS/Source/portable/GCC/ARM_CM4F/portmacro.h **** 	(
 213:Middlewares/Third_Party/FreeRTOS/Source/portable/GCC/ARM_CM4F/portmacro.h **** 		"	mrs %0, basepri											\n" \
 214:Middlewares/Third_Party/FreeRTOS/Source/portable/GCC/ARM_CM4F/portmacro.h **** 		"	mov %1, %2												\n"	\
 215:Middlewares/Third_Party/FreeRTOS/Source/portable/GCC/ARM_CM4F/portmacro.h **** 		"	msr basepri, %1											\n" \
 216:Middlewares/Third_Party/FreeRTOS/Source/portable/GCC/ARM_CM4F/portmacro.h **** 		"	isb														\n" \
 217:Middlewares/Third_Party/FreeRTOS/Source/portable/GCC/ARM_CM4F/portmacro.h **** 		"	dsb														\n" \
 218:Middlewares/Third_Party/FreeRTOS/Source/portable/GCC/ARM_CM4F/portmacro.h **** 		:"=r" (ulOriginalBASEPRI), "=r" (ulNewBASEPRI) : "i" ( configMAX_SYSCALL_INTERRUPT_PRIORITY ) : "
 219:Middlewares/Third_Party/FreeRTOS/Source/portable/GCC/ARM_CM4F/portmacro.h **** 	);
 220:Middlewares/Third_Party/FreeRTOS/Source/portable/GCC/ARM_CM4F/portmacro.h **** 
 221:Middlewares/Third_Party/FreeRTOS/Source/portable/GCC/ARM_CM4F/portmacro.h **** 	/* This return will not be reached but is necessary to prevent compiler
 222:Middlewares/Third_Party/FreeRTOS/Source/portable/GCC/ARM_CM4F/portmacro.h **** 	warnings. */
 223:Middlewares/Third_Party/FreeRTOS/Source/portable/GCC/ARM_CM4F/portmacro.h **** 	return ulOriginalBASEPRI;
 2203              		.loc 2 223 2 view .LVU639
 2204              	.LVL174:
 2205              		.loc 2 223 2 is_stmt 0 view .LVU640
 2206              	.LBE163:
 2207              	.LBE162:
 983:Middlewares/Third_Party/FreeRTOS/Source/queue.c **** 		{
 2208              		.loc 1 983 3 is_stmt 1 view .LVU641
 983:Middlewares/Third_Party/FreeRTOS/Source/queue.c **** 		{
 2209              		.loc 1 983 16 is_stmt 0 view .LVU642
 2210 0070 A26B     		ldr	r2, [r4, #56]
 983:Middlewares/Third_Party/FreeRTOS/Source/queue.c **** 		{
 2211              		.loc 1 983 45 view .LVU643
 2212 0072 E36B     		ldr	r3, [r4, #60]
 2213              	.LVL175:
 983:Middlewares/Third_Party/FreeRTOS/Source/queue.c **** 		{
 2214              		.loc 1 983 5 view .LVU644
 2215 0074 9A42     		cmp	r2, r3
 2216 0076 06D3     		bcc	.L158
 983:Middlewares/Third_Party/FreeRTOS/Source/queue.c **** 		{
 2217              		.loc 1 983 58 discriminator 1 view .LVU645
 2218 0078 022E     		cmp	r6, #2
 2219 007a 04D0     		beq	.L158
1103:Middlewares/Third_Party/FreeRTOS/Source/queue.c **** 		}
 2220              		.loc 1 1103 12 view .LVU646
 2221 007c 0020     		movs	r0, #0
 2222              	.L159:
 2223              	.LVL176:
1106:Middlewares/Third_Party/FreeRTOS/Source/queue.c **** 
 2224              		.loc 1 1106 2 is_stmt 1 view .LVU647
 2225              	.LBB164:
 2226              	.LBI164:
 224:Middlewares/Third_Party/FreeRTOS/Source/portable/GCC/ARM_CM4F/portmacro.h **** }
 225:Middlewares/Third_Party/FreeRTOS/Source/portable/GCC/ARM_CM4F/portmacro.h **** /*-----------------------------------------------------------*/
 226:Middlewares/Third_Party/FreeRTOS/Source/portable/GCC/ARM_CM4F/portmacro.h **** 
 227:Middlewares/Third_Party/FreeRTOS/Source/portable/GCC/ARM_CM4F/portmacro.h **** portFORCE_INLINE static void vPortSetBASEPRI( uint32_t ulNewMaskValue )
 2227              		.loc 2 227 30 view .LVU648
 2228              	.LBB165:
 228:Middlewares/Third_Party/FreeRTOS/Source/portable/GCC/ARM_CM4F/portmacro.h **** {
 229:Middlewares/Third_Party/FreeRTOS/Source/portable/GCC/ARM_CM4F/portmacro.h **** 	__asm volatile
ARM GAS  C:\Users\kalpe\AppData\Local\Temp\ccC8Iu7o.s 			page 95


 2229              		.loc 2 229 2 view .LVU649
 2230              		.syntax unified
 2231              	@ 229 "Middlewares/Third_Party/FreeRTOS/Source/portable/GCC/ARM_CM4F/portmacro.h" 1
 2232 007e 89F31188 			msr basepri, r9	
 2233              	@ 0 "" 2
 2234              		.thumb
 2235              		.syntax unified
 2236              	.LBE165:
 2237              	.LBE164:
1108:Middlewares/Third_Party/FreeRTOS/Source/queue.c **** }
 2238              		.loc 1 1108 2 view .LVU650
1109:Middlewares/Third_Party/FreeRTOS/Source/queue.c **** /*-----------------------------------------------------------*/
 2239              		.loc 1 1109 1 is_stmt 0 view .LVU651
 2240 0082 BDE8F883 		pop	{r3, r4, r5, r6, r7, r8, r9, pc}
 2241              	.LVL177:
 2242              	.L158:
 2243              	.LBB166:
 985:Middlewares/Third_Party/FreeRTOS/Source/queue.c **** 			const UBaseType_t uxPreviousMessagesWaiting = pxQueue->uxMessagesWaiting;
 2244              		.loc 1 985 4 is_stmt 1 view .LVU652
 985:Middlewares/Third_Party/FreeRTOS/Source/queue.c **** 			const UBaseType_t uxPreviousMessagesWaiting = pxQueue->uxMessagesWaiting;
 2245              		.loc 1 985 17 is_stmt 0 view .LVU653
 2246 0086 94F84530 		ldrb	r3, [r4, #69]	@ zero_extendqisi2
 2247 008a 5DB2     		sxtb	r5, r3
 2248              	.LVL178:
 986:Middlewares/Third_Party/FreeRTOS/Source/queue.c **** 
 2249              		.loc 1 986 4 is_stmt 1 view .LVU654
 986:Middlewares/Third_Party/FreeRTOS/Source/queue.c **** 
 2250              		.loc 1 986 22 is_stmt 0 view .LVU655
 2251 008c A36B     		ldr	r3, [r4, #56]
 988:Middlewares/Third_Party/FreeRTOS/Source/queue.c **** 
 2252              		.loc 1 988 39 is_stmt 1 view .LVU656
 995:Middlewares/Third_Party/FreeRTOS/Source/queue.c **** 
 2253              		.loc 1 995 4 view .LVU657
 995:Middlewares/Third_Party/FreeRTOS/Source/queue.c **** 
 2254              		.loc 1 995 13 is_stmt 0 view .LVU658
 2255 008e 3246     		mov	r2, r6
 2256 0090 3946     		mov	r1, r7
 2257 0092 2046     		mov	r0, r4
 2258 0094 FFF7FEFF 		bl	prvCopyDataToQueue
 2259              	.LVL179:
 999:Middlewares/Third_Party/FreeRTOS/Source/queue.c **** 			{
 2260              		.loc 1 999 4 is_stmt 1 view .LVU659
 999:Middlewares/Third_Party/FreeRTOS/Source/queue.c **** 			{
 2261              		.loc 1 999 6 is_stmt 0 view .LVU660
 2262 0098 B5F1FF3F 		cmp	r5, #-1
 2263 009c 06D0     		beq	.L168
1095:Middlewares/Third_Party/FreeRTOS/Source/queue.c **** 			}
 2264              		.loc 1 1095 5 is_stmt 1 view .LVU661
1095:Middlewares/Third_Party/FreeRTOS/Source/queue.c **** 			}
 2265              		.loc 1 1095 45 is_stmt 0 view .LVU662
 2266 009e 2B46     		mov	r3, r5
 2267 00a0 0133     		adds	r3, r3, #1
1095:Middlewares/Third_Party/FreeRTOS/Source/queue.c **** 			}
 2268              		.loc 1 1095 24 view .LVU663
 2269 00a2 5BB2     		sxtb	r3, r3
1095:Middlewares/Third_Party/FreeRTOS/Source/queue.c **** 			}
 2270              		.loc 1 1095 22 view .LVU664
ARM GAS  C:\Users\kalpe\AppData\Local\Temp\ccC8Iu7o.s 			page 96


 2271 00a4 84F84530 		strb	r3, [r4, #69]
1098:Middlewares/Third_Party/FreeRTOS/Source/queue.c **** 		}
 2272              		.loc 1 1098 12 view .LVU665
 2273 00a8 0120     		movs	r0, #1
 2274 00aa E8E7     		b	.L159
 2275              	.L168:
1061:Middlewares/Third_Party/FreeRTOS/Source/queue.c **** 					{
 2276              		.loc 1 1061 6 is_stmt 1 view .LVU666
1061:Middlewares/Third_Party/FreeRTOS/Source/queue.c **** 					{
 2277              		.loc 1 1061 10 is_stmt 0 view .LVU667
 2278 00ac 636A     		ldr	r3, [r4, #36]
1061:Middlewares/Third_Party/FreeRTOS/Source/queue.c **** 					{
 2279              		.loc 1 1061 8 view .LVU668
 2280 00ae 0BB9     		cbnz	r3, .L169
1098:Middlewares/Third_Party/FreeRTOS/Source/queue.c **** 		}
 2281              		.loc 1 1098 12 view .LVU669
 2282 00b0 0120     		movs	r0, #1
 2283 00b2 E4E7     		b	.L159
 2284              	.L169:
1063:Middlewares/Third_Party/FreeRTOS/Source/queue.c **** 						{
 2285              		.loc 1 1063 7 is_stmt 1 view .LVU670
1063:Middlewares/Third_Party/FreeRTOS/Source/queue.c **** 						{
 2286              		.loc 1 1063 11 is_stmt 0 view .LVU671
 2287 00b4 04F12400 		add	r0, r4, #36
 2288 00b8 FFF7FEFF 		bl	xTaskRemoveFromEventList
 2289              	.LVL180:
1063:Middlewares/Third_Party/FreeRTOS/Source/queue.c **** 						{
 2290              		.loc 1 1063 9 discriminator 1 view .LVU672
 2291 00bc 28B1     		cbz	r0, .L163
1067:Middlewares/Third_Party/FreeRTOS/Source/queue.c **** 							{
 2292              		.loc 1 1067 8 is_stmt 1 view .LVU673
1067:Middlewares/Third_Party/FreeRTOS/Source/queue.c **** 							{
 2293              		.loc 1 1067 10 is_stmt 0 view .LVU674
 2294 00be 4346     		mov	r3, r8
 2295 00c0 2BB1     		cbz	r3, .L164
 2296              	.LVL181:
1069:Middlewares/Third_Party/FreeRTOS/Source/queue.c **** 							}
 2297              		.loc 1 1069 9 is_stmt 1 view .LVU675
1069:Middlewares/Third_Party/FreeRTOS/Source/queue.c **** 							}
 2298              		.loc 1 1069 36 is_stmt 0 view .LVU676
 2299 00c2 0120     		movs	r0, #1
 2300 00c4 C8F80000 		str	r0, [r8]
 2301 00c8 D9E7     		b	.L159
 2302              	.LVL182:
 2303              	.L163:
1098:Middlewares/Third_Party/FreeRTOS/Source/queue.c **** 		}
 2304              		.loc 1 1098 12 view .LVU677
 2305 00ca 0120     		movs	r0, #1
 2306 00cc D7E7     		b	.L159
 2307              	.LVL183:
 2308              	.L164:
1098:Middlewares/Third_Party/FreeRTOS/Source/queue.c **** 		}
 2309              		.loc 1 1098 12 view .LVU678
 2310 00ce 0120     		movs	r0, #1
 2311 00d0 D5E7     		b	.L159
 2312              	.LBE166:
 2313              		.cfi_endproc
ARM GAS  C:\Users\kalpe\AppData\Local\Temp\ccC8Iu7o.s 			page 97


 2314              	.LFE18:
 2316              		.section	.text.xQueueGiveFromISR,"ax",%progbits
 2317              		.align	1
 2318              		.global	xQueueGiveFromISR
 2319              		.syntax unified
 2320              		.thumb
 2321              		.thumb_func
 2323              	xQueueGiveFromISR:
 2324              	.LVL184:
 2325              	.LFB19:
1113:Middlewares/Third_Party/FreeRTOS/Source/queue.c **** BaseType_t xReturn;
 2326              		.loc 1 1113 1 is_stmt 1 view -0
 2327              		.cfi_startproc
 2328              		@ args = 0, pretend = 0, frame = 0
 2329              		@ frame_needed = 0, uses_anonymous_args = 0
1114:Middlewares/Third_Party/FreeRTOS/Source/queue.c **** UBaseType_t uxSavedInterruptStatus;
 2330              		.loc 1 1114 1 view .LVU680
1115:Middlewares/Third_Party/FreeRTOS/Source/queue.c **** Queue_t * const pxQueue = xQueue;
 2331              		.loc 1 1115 1 view .LVU681
1116:Middlewares/Third_Party/FreeRTOS/Source/queue.c **** 
 2332              		.loc 1 1116 1 view .LVU682
1124:Middlewares/Third_Party/FreeRTOS/Source/queue.c **** 
 2333              		.loc 1 1124 2 view .LVU683
 2334 0000 68B1     		cbz	r0, .L185
1113:Middlewares/Third_Party/FreeRTOS/Source/queue.c **** BaseType_t xReturn;
 2335              		.loc 1 1113 1 is_stmt 0 view .LVU684
 2336 0002 70B5     		push	{r4, r5, r6, lr}
 2337              	.LCFI31:
 2338              		.cfi_def_cfa_offset 16
 2339              		.cfi_offset 4, -16
 2340              		.cfi_offset 5, -12
 2341              		.cfi_offset 6, -8
 2342              		.cfi_offset 14, -4
 2343 0004 0D46     		mov	r5, r1
 2344 0006 0446     		mov	r4, r0
1124:Middlewares/Third_Party/FreeRTOS/Source/queue.c **** 
 2345              		.loc 1 1124 25 is_stmt 1 view .LVU685
1128:Middlewares/Third_Party/FreeRTOS/Source/queue.c **** 
 2346              		.loc 1 1128 2 view .LVU686
 2347 0008 036C     		ldr	r3, [r0, #64]
 2348 000a 8BB1     		cbz	r3, .L173
1128:Middlewares/Third_Party/FreeRTOS/Source/queue.c **** 
 2349              		.loc 1 1128 2 discriminator 1 view .LVU687
 2350              	.LBB167:
 2351              	.LBI167:
 191:Middlewares/Third_Party/FreeRTOS/Source/portable/GCC/ARM_CM4F/portmacro.h **** {
 2352              		.loc 2 191 30 view .LVU688
 2353              	.LBB168:
 193:Middlewares/Third_Party/FreeRTOS/Source/portable/GCC/ARM_CM4F/portmacro.h **** 
 2354              		.loc 2 193 1 view .LVU689
 195:Middlewares/Third_Party/FreeRTOS/Source/portable/GCC/ARM_CM4F/portmacro.h **** 	(
 2355              		.loc 2 195 2 view .LVU690
 2356              		.syntax unified
 2357              	@ 195 "Middlewares/Third_Party/FreeRTOS/Source/portable/GCC/ARM_CM4F/portmacro.h" 1
 2358 000c 4FF05003 			mov r3, #80												
 2359 0010 83F31188 		msr basepri, r3											
 2360 0014 BFF36F8F 		isb														
ARM GAS  C:\Users\kalpe\AppData\Local\Temp\ccC8Iu7o.s 			page 98


 2361 0018 BFF34F8F 		dsb														
 2362              	
 2363              	@ 0 "" 2
 2364              		.thumb
 2365              		.syntax unified
 2366              	.L174:
 2367              	.LBE168:
 2368              	.LBE167:
1128:Middlewares/Third_Party/FreeRTOS/Source/queue.c **** 
 2369              		.loc 1 1128 2 view .LVU691
 2370 001c FEE7     		b	.L174
 2371              	.L185:
 2372              	.LCFI32:
 2373              		.cfi_def_cfa_offset 0
 2374              		.cfi_restore 4
 2375              		.cfi_restore 5
 2376              		.cfi_restore 6
 2377              		.cfi_restore 14
1124:Middlewares/Third_Party/FreeRTOS/Source/queue.c **** 
 2378              		.loc 1 1124 2 discriminator 1 view .LVU692
 2379              	.LBB169:
 2380              	.LBI169:
 191:Middlewares/Third_Party/FreeRTOS/Source/portable/GCC/ARM_CM4F/portmacro.h **** {
 2381              		.loc 2 191 30 view .LVU693
 2382              	.LBB170:
 193:Middlewares/Third_Party/FreeRTOS/Source/portable/GCC/ARM_CM4F/portmacro.h **** 
 2383              		.loc 2 193 1 view .LVU694
 195:Middlewares/Third_Party/FreeRTOS/Source/portable/GCC/ARM_CM4F/portmacro.h **** 	(
 2384              		.loc 2 195 2 view .LVU695
 2385              		.syntax unified
 2386              	@ 195 "Middlewares/Third_Party/FreeRTOS/Source/portable/GCC/ARM_CM4F/portmacro.h" 1
 2387 001e 4FF05003 			mov r3, #80												
 2388 0022 83F31188 		msr basepri, r3											
 2389 0026 BFF36F8F 		isb														
 2390 002a BFF34F8F 		dsb														
 2391              	
 2392              	@ 0 "" 2
 2393              		.thumb
 2394              		.syntax unified
 2395              	.L172:
 2396              	.LBE170:
 2397              	.LBE169:
1124:Middlewares/Third_Party/FreeRTOS/Source/queue.c **** 
 2398              		.loc 1 1124 2 view .LVU696
 2399 002e FEE7     		b	.L172
 2400              	.L173:
 2401              	.LCFI33:
 2402              		.cfi_def_cfa_offset 16
 2403              		.cfi_offset 4, -16
 2404              		.cfi_offset 5, -12
 2405              		.cfi_offset 6, -8
 2406              		.cfi_offset 14, -4
1128:Middlewares/Third_Party/FreeRTOS/Source/queue.c **** 
 2407              		.loc 1 1128 42 view .LVU697
1133:Middlewares/Third_Party/FreeRTOS/Source/queue.c **** 
 2408              		.loc 1 1133 2 view .LVU698
 2409 0030 0368     		ldr	r3, [r0]
ARM GAS  C:\Users\kalpe\AppData\Local\Temp\ccC8Iu7o.s 			page 99


 2410 0032 F3B1     		cbz	r3, .L186
 2411              	.L175:
1133:Middlewares/Third_Party/FreeRTOS/Source/queue.c **** 
 2412              		.loc 1 1133 120 view .LVU699
1149:Middlewares/Third_Party/FreeRTOS/Source/queue.c **** 
 2413              		.loc 1 1149 2 view .LVU700
 2414 0034 FFF7FEFF 		bl	vPortValidateInterruptPriority
 2415              	.LVL185:
1151:Middlewares/Third_Party/FreeRTOS/Source/queue.c **** 	{
 2416              		.loc 1 1151 2 view .LVU701
 2417              	.LBB171:
 2418              	.LBI171:
 207:Middlewares/Third_Party/FreeRTOS/Source/portable/GCC/ARM_CM4F/portmacro.h **** {
 2419              		.loc 2 207 34 view .LVU702
 2420              	.LBB172:
 209:Middlewares/Third_Party/FreeRTOS/Source/portable/GCC/ARM_CM4F/portmacro.h **** 
 2421              		.loc 2 209 1 view .LVU703
 211:Middlewares/Third_Party/FreeRTOS/Source/portable/GCC/ARM_CM4F/portmacro.h **** 	(
 2422              		.loc 2 211 2 view .LVU704
 2423              		.syntax unified
 2424              	@ 211 "Middlewares/Third_Party/FreeRTOS/Source/portable/GCC/ARM_CM4F/portmacro.h" 1
 2425 0038 EFF31183 			mrs r3, basepri											
 2426 003c 4FF05002 		mov r2, #80												
 2427 0040 82F31188 		msr basepri, r2											
 2428 0044 BFF36F8F 		isb														
 2429 0048 BFF34F8F 		dsb														
 2430              	
 2431              	@ 0 "" 2
 2432              		.thumb
 2433              		.syntax unified
 2434 004c 1E46     		mov	r6, r3
 223:Middlewares/Third_Party/FreeRTOS/Source/portable/GCC/ARM_CM4F/portmacro.h **** }
 2435              		.loc 2 223 2 view .LVU705
 2436              	.LVL186:
 223:Middlewares/Third_Party/FreeRTOS/Source/portable/GCC/ARM_CM4F/portmacro.h **** }
 2437              		.loc 2 223 2 is_stmt 0 view .LVU706
 2438              	.LBE172:
 2439              	.LBE171:
 2440              	.LBB173:
1153:Middlewares/Third_Party/FreeRTOS/Source/queue.c **** 
 2441              		.loc 1 1153 3 is_stmt 1 view .LVU707
1153:Middlewares/Third_Party/FreeRTOS/Source/queue.c **** 
 2442              		.loc 1 1153 21 is_stmt 0 view .LVU708
 2443 004e A26B     		ldr	r2, [r4, #56]
 2444              	.LVL187:
1158:Middlewares/Third_Party/FreeRTOS/Source/queue.c **** 		{
 2445              		.loc 1 1158 3 is_stmt 1 view .LVU709
1158:Middlewares/Third_Party/FreeRTOS/Source/queue.c **** 		{
 2446              		.loc 1 1158 34 is_stmt 0 view .LVU710
 2447 0050 E36B     		ldr	r3, [r4, #60]
 2448              	.LVL188:
1158:Middlewares/Third_Party/FreeRTOS/Source/queue.c **** 		{
 2449              		.loc 1 1158 5 view .LVU711
 2450 0052 9342     		cmp	r3, r2
 2451 0054 26D9     		bls	.L179
 2452              	.LBB174:
1160:Middlewares/Third_Party/FreeRTOS/Source/queue.c **** 
ARM GAS  C:\Users\kalpe\AppData\Local\Temp\ccC8Iu7o.s 			page 100


 2453              		.loc 1 1160 4 is_stmt 1 view .LVU712
1160:Middlewares/Third_Party/FreeRTOS/Source/queue.c **** 
 2454              		.loc 1 1160 17 is_stmt 0 view .LVU713
 2455 0056 94F84530 		ldrb	r3, [r4, #69]	@ zero_extendqisi2
 2456 005a 5BB2     		sxtb	r3, r3
 2457              	.LVL189:
1162:Middlewares/Third_Party/FreeRTOS/Source/queue.c **** 
 2458              		.loc 1 1162 39 is_stmt 1 view .LVU714
1170:Middlewares/Third_Party/FreeRTOS/Source/queue.c **** 
 2459              		.loc 1 1170 4 view .LVU715
1170:Middlewares/Third_Party/FreeRTOS/Source/queue.c **** 
 2460              		.loc 1 1170 51 is_stmt 0 view .LVU716
 2461 005c 0132     		adds	r2, r2, #1
 2462              	.LVL190:
1170:Middlewares/Third_Party/FreeRTOS/Source/queue.c **** 
 2463              		.loc 1 1170 31 view .LVU717
 2464 005e A263     		str	r2, [r4, #56]
1174:Middlewares/Third_Party/FreeRTOS/Source/queue.c **** 			{
 2465              		.loc 1 1174 4 is_stmt 1 view .LVU718
1174:Middlewares/Third_Party/FreeRTOS/Source/queue.c **** 			{
 2466              		.loc 1 1174 6 is_stmt 0 view .LVU719
 2467 0060 B3F1FF3F 		cmp	r3, #-1
 2468 0064 11D0     		beq	.L187
1260:Middlewares/Third_Party/FreeRTOS/Source/queue.c **** 			}
 2469              		.loc 1 1260 5 is_stmt 1 view .LVU720
1260:Middlewares/Third_Party/FreeRTOS/Source/queue.c **** 			}
 2470              		.loc 1 1260 45 is_stmt 0 view .LVU721
 2471 0066 0133     		adds	r3, r3, #1
 2472              	.LVL191:
1260:Middlewares/Third_Party/FreeRTOS/Source/queue.c **** 			}
 2473              		.loc 1 1260 24 view .LVU722
 2474 0068 5BB2     		sxtb	r3, r3
 2475              	.LVL192:
1260:Middlewares/Third_Party/FreeRTOS/Source/queue.c **** 			}
 2476              		.loc 1 1260 22 view .LVU723
 2477 006a 84F84530 		strb	r3, [r4, #69]
1263:Middlewares/Third_Party/FreeRTOS/Source/queue.c **** 		}
 2478              		.loc 1 1263 12 view .LVU724
 2479 006e 0120     		movs	r0, #1
 2480 0070 19E0     		b	.L177
 2481              	.LVL193:
 2482              	.L186:
1263:Middlewares/Third_Party/FreeRTOS/Source/queue.c **** 		}
 2483              		.loc 1 1263 12 view .LVU725
 2484              	.LBE174:
 2485              	.LBE173:
1133:Middlewares/Third_Party/FreeRTOS/Source/queue.c **** 
 2486              		.loc 1 1133 2 discriminator 2 view .LVU726
 2487 0072 8368     		ldr	r3, [r0, #8]
 2488 0074 002B     		cmp	r3, #0
 2489 0076 DDD0     		beq	.L175
1133:Middlewares/Third_Party/FreeRTOS/Source/queue.c **** 
 2490              		.loc 1 1133 2 is_stmt 1 discriminator 7 view .LVU727
 2491              	.LBB177:
 2492              	.LBI177:
 191:Middlewares/Third_Party/FreeRTOS/Source/portable/GCC/ARM_CM4F/portmacro.h **** {
 2493              		.loc 2 191 30 view .LVU728
ARM GAS  C:\Users\kalpe\AppData\Local\Temp\ccC8Iu7o.s 			page 101


 2494              	.LBB178:
 193:Middlewares/Third_Party/FreeRTOS/Source/portable/GCC/ARM_CM4F/portmacro.h **** 
 2495              		.loc 2 193 1 view .LVU729
 195:Middlewares/Third_Party/FreeRTOS/Source/portable/GCC/ARM_CM4F/portmacro.h **** 	(
 2496              		.loc 2 195 2 view .LVU730
 2497              		.syntax unified
 2498              	@ 195 "Middlewares/Third_Party/FreeRTOS/Source/portable/GCC/ARM_CM4F/portmacro.h" 1
 2499 0078 4FF05003 			mov r3, #80												
 2500 007c 83F31188 		msr basepri, r3											
 2501 0080 BFF36F8F 		isb														
 2502 0084 BFF34F8F 		dsb														
 2503              	
 2504              	@ 0 "" 2
 2505              		.thumb
 2506              		.syntax unified
 2507              	.L176:
 2508              	.LBE178:
 2509              	.LBE177:
1133:Middlewares/Third_Party/FreeRTOS/Source/queue.c **** 
 2510              		.loc 1 1133 2 view .LVU731
 2511 0088 FEE7     		b	.L176
 2512              	.LVL194:
 2513              	.L187:
 2514              	.LBB179:
 2515              	.LBB175:
1229:Middlewares/Third_Party/FreeRTOS/Source/queue.c **** 					{
 2516              		.loc 1 1229 6 view .LVU732
1229:Middlewares/Third_Party/FreeRTOS/Source/queue.c **** 					{
 2517              		.loc 1 1229 10 is_stmt 0 view .LVU733
 2518 008a 636A     		ldr	r3, [r4, #36]
 2519              	.LVL195:
1229:Middlewares/Third_Party/FreeRTOS/Source/queue.c **** 					{
 2520              		.loc 1 1229 8 view .LVU734
 2521 008c 0BB9     		cbnz	r3, .L188
1263:Middlewares/Third_Party/FreeRTOS/Source/queue.c **** 		}
 2522              		.loc 1 1263 12 view .LVU735
 2523 008e 0120     		movs	r0, #1
 2524 0090 09E0     		b	.L177
 2525              	.L188:
1231:Middlewares/Third_Party/FreeRTOS/Source/queue.c **** 						{
 2526              		.loc 1 1231 7 is_stmt 1 view .LVU736
1231:Middlewares/Third_Party/FreeRTOS/Source/queue.c **** 						{
 2527              		.loc 1 1231 11 is_stmt 0 view .LVU737
 2528 0092 04F12400 		add	r0, r4, #36
 2529 0096 FFF7FEFF 		bl	xTaskRemoveFromEventList
 2530              	.LVL196:
1231:Middlewares/Third_Party/FreeRTOS/Source/queue.c **** 						{
 2531              		.loc 1 1231 9 discriminator 1 view .LVU738
 2532 009a 38B1     		cbz	r0, .L181
1235:Middlewares/Third_Party/FreeRTOS/Source/queue.c **** 							{
 2533              		.loc 1 1235 8 is_stmt 1 view .LVU739
1235:Middlewares/Third_Party/FreeRTOS/Source/queue.c **** 							{
 2534              		.loc 1 1235 10 is_stmt 0 view .LVU740
 2535 009c 45B1     		cbz	r5, .L182
1237:Middlewares/Third_Party/FreeRTOS/Source/queue.c **** 							}
 2536              		.loc 1 1237 9 is_stmt 1 view .LVU741
1237:Middlewares/Third_Party/FreeRTOS/Source/queue.c **** 							}
ARM GAS  C:\Users\kalpe\AppData\Local\Temp\ccC8Iu7o.s 			page 102


 2537              		.loc 1 1237 36 is_stmt 0 view .LVU742
 2538 009e 0120     		movs	r0, #1
 2539 00a0 2860     		str	r0, [r5]
 2540 00a2 00E0     		b	.L177
 2541              	.LVL197:
 2542              	.L179:
1237:Middlewares/Third_Party/FreeRTOS/Source/queue.c **** 							}
 2543              		.loc 1 1237 36 view .LVU743
 2544              	.LBE175:
1268:Middlewares/Third_Party/FreeRTOS/Source/queue.c **** 		}
 2545              		.loc 1 1268 12 view .LVU744
 2546 00a4 0020     		movs	r0, #0
 2547              	.LVL198:
 2548              	.L177:
1268:Middlewares/Third_Party/FreeRTOS/Source/queue.c **** 		}
 2549              		.loc 1 1268 12 view .LVU745
 2550              	.LBE179:
1271:Middlewares/Third_Party/FreeRTOS/Source/queue.c **** 
 2551              		.loc 1 1271 2 is_stmt 1 view .LVU746
 2552              	.LBB180:
 2553              	.LBI180:
 227:Middlewares/Third_Party/FreeRTOS/Source/portable/GCC/ARM_CM4F/portmacro.h **** {
 2554              		.loc 2 227 30 view .LVU747
 2555              	.LBB181:
 2556              		.loc 2 229 2 view .LVU748
 2557              		.syntax unified
 2558              	@ 229 "Middlewares/Third_Party/FreeRTOS/Source/portable/GCC/ARM_CM4F/portmacro.h" 1
 2559 00a6 86F31188 			msr basepri, r6	
 2560              	@ 0 "" 2
 2561              		.thumb
 2562              		.syntax unified
 2563              	.LBE181:
 2564              	.LBE180:
1273:Middlewares/Third_Party/FreeRTOS/Source/queue.c **** }
 2565              		.loc 1 1273 2 view .LVU749
1274:Middlewares/Third_Party/FreeRTOS/Source/queue.c **** /*-----------------------------------------------------------*/
 2566              		.loc 1 1274 1 is_stmt 0 view .LVU750
 2567 00aa 70BD     		pop	{r4, r5, r6, pc}
 2568              	.LVL199:
 2569              	.L181:
 2570              	.LBB182:
 2571              	.LBB176:
1263:Middlewares/Third_Party/FreeRTOS/Source/queue.c **** 		}
 2572              		.loc 1 1263 12 view .LVU751
 2573 00ac 0120     		movs	r0, #1
 2574 00ae FAE7     		b	.L177
 2575              	.L182:
 2576 00b0 0120     		movs	r0, #1
 2577 00b2 F8E7     		b	.L177
 2578              	.LBE176:
 2579              	.LBE182:
 2580              		.cfi_endproc
 2581              	.LFE19:
 2583              		.section	.text.xQueueReceive,"ax",%progbits
 2584              		.align	1
 2585              		.global	xQueueReceive
 2586              		.syntax unified
ARM GAS  C:\Users\kalpe\AppData\Local\Temp\ccC8Iu7o.s 			page 103


 2587              		.thumb
 2588              		.thumb_func
 2590              	xQueueReceive:
 2591              	.LVL200:
 2592              	.LFB20:
1278:Middlewares/Third_Party/FreeRTOS/Source/queue.c **** BaseType_t xEntryTimeSet = pdFALSE;
 2593              		.loc 1 1278 1 is_stmt 1 view -0
 2594              		.cfi_startproc
 2595              		@ args = 0, pretend = 0, frame = 16
 2596              		@ frame_needed = 0, uses_anonymous_args = 0
1278:Middlewares/Third_Party/FreeRTOS/Source/queue.c **** BaseType_t xEntryTimeSet = pdFALSE;
 2597              		.loc 1 1278 1 is_stmt 0 view .LVU753
 2598 0000 F0B5     		push	{r4, r5, r6, r7, lr}
 2599              	.LCFI34:
 2600              		.cfi_def_cfa_offset 20
 2601              		.cfi_offset 4, -20
 2602              		.cfi_offset 5, -16
 2603              		.cfi_offset 6, -12
 2604              		.cfi_offset 7, -8
 2605              		.cfi_offset 14, -4
 2606 0002 85B0     		sub	sp, sp, #20
 2607              	.LCFI35:
 2608              		.cfi_def_cfa_offset 40
 2609 0004 0192     		str	r2, [sp, #4]
1279:Middlewares/Third_Party/FreeRTOS/Source/queue.c **** TimeOut_t xTimeOut;
 2610              		.loc 1 1279 1 is_stmt 1 view .LVU754
 2611              	.LVL201:
1280:Middlewares/Third_Party/FreeRTOS/Source/queue.c **** Queue_t * const pxQueue = xQueue;
 2612              		.loc 1 1280 1 view .LVU755
1281:Middlewares/Third_Party/FreeRTOS/Source/queue.c **** 
 2613              		.loc 1 1281 1 view .LVU756
1284:Middlewares/Third_Party/FreeRTOS/Source/queue.c **** 
 2614              		.loc 1 1284 2 view .LVU757
 2615 0006 90B1     		cbz	r0, .L209
 2616 0008 0F46     		mov	r7, r1
 2617 000a 0446     		mov	r4, r0
1284:Middlewares/Third_Party/FreeRTOS/Source/queue.c **** 
 2618              		.loc 1 1284 29 view .LVU758
1288:Middlewares/Third_Party/FreeRTOS/Source/queue.c **** 
 2619              		.loc 1 1288 2 view .LVU759
 2620 000c C1B1     		cbz	r1, .L210
 2621              	.L192:
1288:Middlewares/Third_Party/FreeRTOS/Source/queue.c **** 
 2622              		.loc 1 1288 100 view .LVU760
1293:Middlewares/Third_Party/FreeRTOS/Source/queue.c **** 	}
 2623              		.loc 1 1293 3 view .LVU761
 2624 000e FFF7FEFF 		bl	xTaskGetSchedulerState
 2625              	.LVL202:
1293:Middlewares/Third_Party/FreeRTOS/Source/queue.c **** 	}
 2626              		.loc 1 1293 3 is_stmt 0 discriminator 1 view .LVU762
 2627 0012 0646     		mov	r6, r0
 2628 0014 00BB     		cbnz	r0, .L207
1293:Middlewares/Third_Party/FreeRTOS/Source/queue.c **** 	}
 2629              		.loc 1 1293 3 discriminator 3 view .LVU763
 2630 0016 019B     		ldr	r3, [sp, #4]
 2631 0018 002B     		cmp	r3, #0
 2632 001a 5ED0     		beq	.L196
ARM GAS  C:\Users\kalpe\AppData\Local\Temp\ccC8Iu7o.s 			page 104


1293:Middlewares/Third_Party/FreeRTOS/Source/queue.c **** 	}
 2633              		.loc 1 1293 3 is_stmt 1 discriminator 8 view .LVU764
 2634              	.LBB183:
 2635              	.LBI183:
 191:Middlewares/Third_Party/FreeRTOS/Source/portable/GCC/ARM_CM4F/portmacro.h **** {
 2636              		.loc 2 191 30 view .LVU765
 2637              	.LBB184:
 193:Middlewares/Third_Party/FreeRTOS/Source/portable/GCC/ARM_CM4F/portmacro.h **** 
 2638              		.loc 2 193 1 view .LVU766
 195:Middlewares/Third_Party/FreeRTOS/Source/portable/GCC/ARM_CM4F/portmacro.h **** 	(
 2639              		.loc 2 195 2 view .LVU767
 2640              		.syntax unified
 2641              	@ 195 "Middlewares/Third_Party/FreeRTOS/Source/portable/GCC/ARM_CM4F/portmacro.h" 1
 2642 001c 4FF05003 			mov r3, #80												
 2643 0020 83F31188 		msr basepri, r3											
 2644 0024 BFF36F8F 		isb														
 2645 0028 BFF34F8F 		dsb														
 2646              	
 2647              	@ 0 "" 2
 2648              		.thumb
 2649              		.syntax unified
 2650              	.L195:
 2651              	.LBE184:
 2652              	.LBE183:
1293:Middlewares/Third_Party/FreeRTOS/Source/queue.c **** 	}
 2653              		.loc 1 1293 3 view .LVU768
 2654 002c FEE7     		b	.L195
 2655              	.LVL203:
 2656              	.L209:
1284:Middlewares/Third_Party/FreeRTOS/Source/queue.c **** 
 2657              		.loc 1 1284 2 discriminator 1 view .LVU769
 2658              	.LBB185:
 2659              	.LBI185:
 191:Middlewares/Third_Party/FreeRTOS/Source/portable/GCC/ARM_CM4F/portmacro.h **** {
 2660              		.loc 2 191 30 view .LVU770
 2661              	.LBB186:
 193:Middlewares/Third_Party/FreeRTOS/Source/portable/GCC/ARM_CM4F/portmacro.h **** 
 2662              		.loc 2 193 1 view .LVU771
 195:Middlewares/Third_Party/FreeRTOS/Source/portable/GCC/ARM_CM4F/portmacro.h **** 	(
 2663              		.loc 2 195 2 view .LVU772
 2664              		.syntax unified
 2665              	@ 195 "Middlewares/Third_Party/FreeRTOS/Source/portable/GCC/ARM_CM4F/portmacro.h" 1
 2666 002e 4FF05003 			mov r3, #80												
 2667 0032 83F31188 		msr basepri, r3											
 2668 0036 BFF36F8F 		isb														
 2669 003a BFF34F8F 		dsb														
 2670              	
 2671              	@ 0 "" 2
 2672              		.thumb
 2673              		.syntax unified
 2674              	.L191:
 2675              	.LBE186:
 2676              	.LBE185:
1284:Middlewares/Third_Party/FreeRTOS/Source/queue.c **** 
 2677              		.loc 1 1284 2 view .LVU773
 2678 003e FEE7     		b	.L191
 2679              	.L210:
ARM GAS  C:\Users\kalpe\AppData\Local\Temp\ccC8Iu7o.s 			page 105


1288:Middlewares/Third_Party/FreeRTOS/Source/queue.c **** 
 2680              		.loc 1 1288 2 is_stmt 0 discriminator 2 view .LVU774
 2681 0040 036C     		ldr	r3, [r0, #64]
 2682 0042 002B     		cmp	r3, #0
 2683 0044 E3D0     		beq	.L192
1288:Middlewares/Third_Party/FreeRTOS/Source/queue.c **** 
 2684              		.loc 1 1288 2 is_stmt 1 discriminator 7 view .LVU775
 2685              	.LBB187:
 2686              	.LBI187:
 191:Middlewares/Third_Party/FreeRTOS/Source/portable/GCC/ARM_CM4F/portmacro.h **** {
 2687              		.loc 2 191 30 view .LVU776
 2688              	.LBB188:
 193:Middlewares/Third_Party/FreeRTOS/Source/portable/GCC/ARM_CM4F/portmacro.h **** 
 2689              		.loc 2 193 1 view .LVU777
 195:Middlewares/Third_Party/FreeRTOS/Source/portable/GCC/ARM_CM4F/portmacro.h **** 	(
 2690              		.loc 2 195 2 view .LVU778
 2691              		.syntax unified
 2692              	@ 195 "Middlewares/Third_Party/FreeRTOS/Source/portable/GCC/ARM_CM4F/portmacro.h" 1
 2693 0046 4FF05003 			mov r3, #80												
 2694 004a 83F31188 		msr basepri, r3											
 2695 004e BFF36F8F 		isb														
 2696 0052 BFF34F8F 		dsb														
 2697              	
 2698              	@ 0 "" 2
 2699              		.thumb
 2700              		.syntax unified
 2701              	.L193:
 2702              	.LBE188:
 2703              	.LBE187:
1288:Middlewares/Third_Party/FreeRTOS/Source/queue.c **** 
 2704              		.loc 1 1288 2 view .LVU779
 2705 0056 FEE7     		b	.L193
 2706              	.LVL204:
 2707              	.L207:
1288:Middlewares/Third_Party/FreeRTOS/Source/queue.c **** 
 2708              		.loc 1 1288 2 is_stmt 0 view .LVU780
 2709 0058 0026     		movs	r6, #0
 2710 005a 3EE0     		b	.L196
 2711              	.LVL205:
 2712              	.L213:
 2713              	.LBB189:
1312:Middlewares/Third_Party/FreeRTOS/Source/queue.c **** 				traceQUEUE_RECEIVE( pxQueue );
 2714              		.loc 1 1312 5 is_stmt 1 view .LVU781
 2715 005c 3946     		mov	r1, r7
 2716 005e 2046     		mov	r0, r4
 2717 0060 FFF7FEFF 		bl	prvCopyDataFromQueue
 2718              	.LVL206:
1313:Middlewares/Third_Party/FreeRTOS/Source/queue.c **** 				pxQueue->uxMessagesWaiting = uxMessagesWaiting - ( UBaseType_t ) 1;
 2719              		.loc 1 1313 34 view .LVU782
1314:Middlewares/Third_Party/FreeRTOS/Source/queue.c **** 
 2720              		.loc 1 1314 5 view .LVU783
1314:Middlewares/Third_Party/FreeRTOS/Source/queue.c **** 
 2721              		.loc 1 1314 52 is_stmt 0 view .LVU784
 2722 0064 013D     		subs	r5, r5, #1
 2723              	.LVL207:
1314:Middlewares/Third_Party/FreeRTOS/Source/queue.c **** 
 2724              		.loc 1 1314 32 view .LVU785
ARM GAS  C:\Users\kalpe\AppData\Local\Temp\ccC8Iu7o.s 			page 106


 2725 0066 A563     		str	r5, [r4, #56]
1319:Middlewares/Third_Party/FreeRTOS/Source/queue.c **** 				{
 2726              		.loc 1 1319 5 is_stmt 1 view .LVU786
1319:Middlewares/Third_Party/FreeRTOS/Source/queue.c **** 				{
 2727              		.loc 1 1319 9 is_stmt 0 view .LVU787
 2728 0068 2369     		ldr	r3, [r4, #16]
1319:Middlewares/Third_Party/FreeRTOS/Source/queue.c **** 				{
 2729              		.loc 1 1319 7 view .LVU788
 2730 006a 23B9     		cbnz	r3, .L211
 2731              	.L198:
1332:Middlewares/Third_Party/FreeRTOS/Source/queue.c **** 				}
 2732              		.loc 1 1332 30 is_stmt 1 view .LVU789
1335:Middlewares/Third_Party/FreeRTOS/Source/queue.c **** 				return pdPASS;
 2733              		.loc 1 1335 5 view .LVU790
 2734 006c FFF7FEFF 		bl	vPortExitCritical
 2735              	.LVL208:
1336:Middlewares/Third_Party/FreeRTOS/Source/queue.c **** 			}
 2736              		.loc 1 1336 5 view .LVU791
1336:Middlewares/Third_Party/FreeRTOS/Source/queue.c **** 			}
 2737              		.loc 1 1336 12 is_stmt 0 view .LVU792
 2738 0070 0120     		movs	r0, #1
 2739              	.LVL209:
 2740              	.L189:
1336:Middlewares/Third_Party/FreeRTOS/Source/queue.c **** 			}
 2741              		.loc 1 1336 12 view .LVU793
 2742              	.LBE189:
1415:Middlewares/Third_Party/FreeRTOS/Source/queue.c **** /*-----------------------------------------------------------*/
 2743              		.loc 1 1415 1 view .LVU794
 2744 0072 05B0     		add	sp, sp, #20
 2745              	.LCFI36:
 2746              		.cfi_remember_state
 2747              		.cfi_def_cfa_offset 20
 2748              		@ sp needed
 2749 0074 F0BD     		pop	{r4, r5, r6, r7, pc}
 2750              	.LVL210:
 2751              	.L211:
 2752              	.LCFI37:
 2753              		.cfi_restore_state
 2754              	.LBB190:
1321:Middlewares/Third_Party/FreeRTOS/Source/queue.c **** 					{
 2755              		.loc 1 1321 6 is_stmt 1 view .LVU795
1321:Middlewares/Third_Party/FreeRTOS/Source/queue.c **** 					{
 2756              		.loc 1 1321 10 is_stmt 0 view .LVU796
 2757 0076 04F11000 		add	r0, r4, #16
 2758 007a FFF7FEFF 		bl	xTaskRemoveFromEventList
 2759              	.LVL211:
1321:Middlewares/Third_Party/FreeRTOS/Source/queue.c **** 					{
 2760              		.loc 1 1321 8 discriminator 1 view .LVU797
 2761 007e 0028     		cmp	r0, #0
 2762 0080 F4D0     		beq	.L198
1323:Middlewares/Third_Party/FreeRTOS/Source/queue.c **** 					}
 2763              		.loc 1 1323 7 is_stmt 1 view .LVU798
 2764 0082 4FF0E023 		mov	r3, #-536813568
 2765 0086 4FF08052 		mov	r2, #268435456
 2766 008a C3F8042D 		str	r2, [r3, #3332]
1323:Middlewares/Third_Party/FreeRTOS/Source/queue.c **** 					}
 2767              		.loc 1 1323 7 view .LVU799
ARM GAS  C:\Users\kalpe\AppData\Local\Temp\ccC8Iu7o.s 			page 107


 2768              		.syntax unified
 2769              	@ 1323 "Middlewares/Third_Party/FreeRTOS/Source/queue.c" 1
 2770 008e BFF34F8F 		dsb
 2771              	@ 0 "" 2
1323:Middlewares/Third_Party/FreeRTOS/Source/queue.c **** 					}
 2772              		.loc 1 1323 7 view .LVU800
 2773              	@ 1323 "Middlewares/Third_Party/FreeRTOS/Source/queue.c" 1
 2774 0092 BFF36F8F 		isb
 2775              	@ 0 "" 2
1323:Middlewares/Third_Party/FreeRTOS/Source/queue.c **** 					}
 2776              		.loc 1 1323 39 view .LVU801
 2777              		.thumb
 2778              		.syntax unified
 2779 0096 E9E7     		b	.L198
 2780              	.LVL212:
 2781              	.L214:
1344:Middlewares/Third_Party/FreeRTOS/Source/queue.c **** 					traceQUEUE_RECEIVE_FAILED( pxQueue );
 2782              		.loc 1 1344 6 view .LVU802
 2783 0098 FFF7FEFF 		bl	vPortExitCritical
 2784              	.LVL213:
1345:Middlewares/Third_Party/FreeRTOS/Source/queue.c **** 					return errQUEUE_EMPTY;
 2785              		.loc 1 1345 42 view .LVU803
1346:Middlewares/Third_Party/FreeRTOS/Source/queue.c **** 				}
 2786              		.loc 1 1346 6 view .LVU804
1346:Middlewares/Third_Party/FreeRTOS/Source/queue.c **** 				}
 2787              		.loc 1 1346 13 is_stmt 0 view .LVU805
 2788 009c 2846     		mov	r0, r5
 2789 009e E8E7     		b	.L189
 2790              	.L215:
1352:Middlewares/Third_Party/FreeRTOS/Source/queue.c **** 					xEntryTimeSet = pdTRUE;
 2791              		.loc 1 1352 6 is_stmt 1 view .LVU806
 2792 00a0 02A8     		add	r0, sp, #8
 2793 00a2 FFF7FEFF 		bl	vTaskInternalSetTimeOutState
 2794              	.LVL214:
1353:Middlewares/Third_Party/FreeRTOS/Source/queue.c **** 				}
 2795              		.loc 1 1353 6 view .LVU807
1353:Middlewares/Third_Party/FreeRTOS/Source/queue.c **** 				}
 2796              		.loc 1 1353 20 is_stmt 0 view .LVU808
 2797 00a6 0126     		movs	r6, #1
 2798 00a8 21E0     		b	.L201
 2799              	.LVL215:
 2800              	.L216:
1353:Middlewares/Third_Party/FreeRTOS/Source/queue.c **** 				}
 2801              		.loc 1 1353 20 view .LVU809
 2802              	.LBE190:
1368:Middlewares/Third_Party/FreeRTOS/Source/queue.c **** 
 2803              		.loc 1 1368 3 is_stmt 1 discriminator 2 view .LVU810
 2804 00aa 0023     		movs	r3, #0
 2805 00ac 84F84430 		strb	r3, [r4, #68]
 2806 00b0 29E0     		b	.L202
 2807              	.L217:
1368:Middlewares/Third_Party/FreeRTOS/Source/queue.c **** 
 2808              		.loc 1 1368 3 discriminator 5 view .LVU811
 2809 00b2 0023     		movs	r3, #0
 2810 00b4 84F84530 		strb	r3, [r4, #69]
 2811 00b8 2BE0     		b	.L203
 2812              	.L205:
ARM GAS  C:\Users\kalpe\AppData\Local\Temp\ccC8Iu7o.s 			page 108


1393:Middlewares/Third_Party/FreeRTOS/Source/queue.c **** 				( void ) xTaskResumeAll();
 2813              		.loc 1 1393 5 view .LVU812
 2814 00ba 2046     		mov	r0, r4
 2815 00bc FFF7FEFF 		bl	prvUnlockQueue
 2816              	.LVL216:
1394:Middlewares/Third_Party/FreeRTOS/Source/queue.c **** 			}
 2817              		.loc 1 1394 5 view .LVU813
1394:Middlewares/Third_Party/FreeRTOS/Source/queue.c **** 			}
 2818              		.loc 1 1394 14 is_stmt 0 view .LVU814
 2819 00c0 FFF7FEFF 		bl	xTaskResumeAll
 2820              	.LVL217:
 2821 00c4 09E0     		b	.L196
 2822              	.L204:
1401:Middlewares/Third_Party/FreeRTOS/Source/queue.c **** 			( void ) xTaskResumeAll();
 2823              		.loc 1 1401 4 is_stmt 1 view .LVU815
 2824 00c6 2046     		mov	r0, r4
 2825 00c8 FFF7FEFF 		bl	prvUnlockQueue
 2826              	.LVL218:
1402:Middlewares/Third_Party/FreeRTOS/Source/queue.c **** 
 2827              		.loc 1 1402 4 view .LVU816
1402:Middlewares/Third_Party/FreeRTOS/Source/queue.c **** 
 2828              		.loc 1 1402 13 is_stmt 0 view .LVU817
 2829 00cc FFF7FEFF 		bl	xTaskResumeAll
 2830              	.LVL219:
1404:Middlewares/Third_Party/FreeRTOS/Source/queue.c **** 			{
 2831              		.loc 1 1404 4 is_stmt 1 view .LVU818
1404:Middlewares/Third_Party/FreeRTOS/Source/queue.c **** 			{
 2832              		.loc 1 1404 8 is_stmt 0 view .LVU819
 2833 00d0 2046     		mov	r0, r4
 2834 00d2 FFF7FEFF 		bl	prvIsQueueEmpty
 2835              	.LVL220:
1404:Middlewares/Third_Party/FreeRTOS/Source/queue.c **** 			{
 2836              		.loc 1 1404 6 discriminator 1 view .LVU820
 2837 00d6 0028     		cmp	r0, #0
 2838 00d8 3FD1     		bne	.L212
 2839              	.LVL221:
 2840              	.L196:
1293:Middlewares/Third_Party/FreeRTOS/Source/queue.c **** 	}
 2841              		.loc 1 1293 104 is_stmt 1 view .LVU821
1301:Middlewares/Third_Party/FreeRTOS/Source/queue.c **** 	{
 2842              		.loc 1 1301 2 view .LVU822
1303:Middlewares/Third_Party/FreeRTOS/Source/queue.c **** 		{
 2843              		.loc 1 1303 3 view .LVU823
 2844 00da FFF7FEFF 		bl	vPortEnterCritical
 2845              	.LVL222:
 2846              	.LBB191:
1305:Middlewares/Third_Party/FreeRTOS/Source/queue.c **** 
 2847              		.loc 1 1305 4 view .LVU824
1305:Middlewares/Third_Party/FreeRTOS/Source/queue.c **** 
 2848              		.loc 1 1305 22 is_stmt 0 view .LVU825
 2849 00de A56B     		ldr	r5, [r4, #56]
 2850              	.LVL223:
1309:Middlewares/Third_Party/FreeRTOS/Source/queue.c **** 			{
 2851              		.loc 1 1309 4 is_stmt 1 view .LVU826
1309:Middlewares/Third_Party/FreeRTOS/Source/queue.c **** 			{
 2852              		.loc 1 1309 6 is_stmt 0 view .LVU827
 2853 00e0 002D     		cmp	r5, #0
ARM GAS  C:\Users\kalpe\AppData\Local\Temp\ccC8Iu7o.s 			page 109


 2854 00e2 BBD1     		bne	.L213
1340:Middlewares/Third_Party/FreeRTOS/Source/queue.c **** 				{
 2855              		.loc 1 1340 5 is_stmt 1 view .LVU828
1340:Middlewares/Third_Party/FreeRTOS/Source/queue.c **** 				{
 2856              		.loc 1 1340 22 is_stmt 0 view .LVU829
 2857 00e4 019B     		ldr	r3, [sp, #4]
1340:Middlewares/Third_Party/FreeRTOS/Source/queue.c **** 				{
 2858              		.loc 1 1340 7 view .LVU830
 2859 00e6 002B     		cmp	r3, #0
 2860 00e8 D6D0     		beq	.L214
1348:Middlewares/Third_Party/FreeRTOS/Source/queue.c **** 				{
 2861              		.loc 1 1348 10 is_stmt 1 view .LVU831
1348:Middlewares/Third_Party/FreeRTOS/Source/queue.c **** 				{
 2862              		.loc 1 1348 12 is_stmt 0 view .LVU832
 2863 00ea 002E     		cmp	r6, #0
 2864 00ec D8D0     		beq	.L215
 2865              	.LVL224:
 2866              	.L201:
1358:Middlewares/Third_Party/FreeRTOS/Source/queue.c **** 				}
 2867              		.loc 1 1358 30 is_stmt 1 view .LVU833
 2868              	.LBE191:
1362:Middlewares/Third_Party/FreeRTOS/Source/queue.c **** 
 2869              		.loc 1 1362 3 view .LVU834
 2870 00ee FFF7FEFF 		bl	vPortExitCritical
 2871              	.LVL225:
1367:Middlewares/Third_Party/FreeRTOS/Source/queue.c **** 		prvLockQueue( pxQueue );
 2872              		.loc 1 1367 3 view .LVU835
 2873 00f2 FFF7FEFF 		bl	vTaskSuspendAll
 2874              	.LVL226:
1368:Middlewares/Third_Party/FreeRTOS/Source/queue.c **** 
 2875              		.loc 1 1368 3 view .LVU836
 2876 00f6 FFF7FEFF 		bl	vPortEnterCritical
 2877              	.LVL227:
1368:Middlewares/Third_Party/FreeRTOS/Source/queue.c **** 
 2878              		.loc 1 1368 3 discriminator 1 view .LVU837
 2879 00fa 94F84430 		ldrb	r3, [r4, #68]	@ zero_extendqisi2
 2880 00fe 5BB2     		sxtb	r3, r3
 2881 0100 B3F1FF3F 		cmp	r3, #-1
 2882 0104 D1D0     		beq	.L216
 2883              	.L202:
1368:Middlewares/Third_Party/FreeRTOS/Source/queue.c **** 
 2884              		.loc 1 1368 3 discriminator 4 view .LVU838
 2885 0106 94F84530 		ldrb	r3, [r4, #69]	@ zero_extendqisi2
 2886 010a 5BB2     		sxtb	r3, r3
 2887 010c B3F1FF3F 		cmp	r3, #-1
 2888 0110 CFD0     		beq	.L217
 2889              	.L203:
1368:Middlewares/Third_Party/FreeRTOS/Source/queue.c **** 
 2890              		.loc 1 1368 3 discriminator 7 view .LVU839
 2891 0112 FFF7FEFF 		bl	vPortExitCritical
 2892              	.LVL228:
1371:Middlewares/Third_Party/FreeRTOS/Source/queue.c **** 		{
 2893              		.loc 1 1371 3 view .LVU840
1371:Middlewares/Third_Party/FreeRTOS/Source/queue.c **** 		{
 2894              		.loc 1 1371 7 is_stmt 0 view .LVU841
 2895 0116 01A9     		add	r1, sp, #4
 2896 0118 02A8     		add	r0, sp, #8
ARM GAS  C:\Users\kalpe\AppData\Local\Temp\ccC8Iu7o.s 			page 110


 2897 011a FFF7FEFF 		bl	xTaskCheckForTimeOut
 2898              	.LVL229:
1371:Middlewares/Third_Party/FreeRTOS/Source/queue.c **** 		{
 2899              		.loc 1 1371 5 discriminator 1 view .LVU842
 2900 011e 0028     		cmp	r0, #0
 2901 0120 D1D1     		bne	.L204
1375:Middlewares/Third_Party/FreeRTOS/Source/queue.c **** 			{
 2902              		.loc 1 1375 4 is_stmt 1 view .LVU843
1375:Middlewares/Third_Party/FreeRTOS/Source/queue.c **** 			{
 2903              		.loc 1 1375 8 is_stmt 0 view .LVU844
 2904 0122 2046     		mov	r0, r4
 2905 0124 FFF7FEFF 		bl	prvIsQueueEmpty
 2906              	.LVL230:
1375:Middlewares/Third_Party/FreeRTOS/Source/queue.c **** 			{
 2907              		.loc 1 1375 6 discriminator 1 view .LVU845
 2908 0128 0028     		cmp	r0, #0
 2909 012a C6D0     		beq	.L205
1377:Middlewares/Third_Party/FreeRTOS/Source/queue.c **** 				vTaskPlaceOnEventList( &( pxQueue->xTasksWaitingToReceive ), xTicksToWait );
 2910              		.loc 1 1377 46 is_stmt 1 view .LVU846
1378:Middlewares/Third_Party/FreeRTOS/Source/queue.c **** 				prvUnlockQueue( pxQueue );
 2911              		.loc 1 1378 5 view .LVU847
 2912 012c 0199     		ldr	r1, [sp, #4]
 2913 012e 04F12400 		add	r0, r4, #36
 2914 0132 FFF7FEFF 		bl	vTaskPlaceOnEventList
 2915              	.LVL231:
1379:Middlewares/Third_Party/FreeRTOS/Source/queue.c **** 				if( xTaskResumeAll() == pdFALSE )
 2916              		.loc 1 1379 5 view .LVU848
 2917 0136 2046     		mov	r0, r4
 2918 0138 FFF7FEFF 		bl	prvUnlockQueue
 2919              	.LVL232:
1380:Middlewares/Third_Party/FreeRTOS/Source/queue.c **** 				{
 2920              		.loc 1 1380 5 view .LVU849
1380:Middlewares/Third_Party/FreeRTOS/Source/queue.c **** 				{
 2921              		.loc 1 1380 9 is_stmt 0 view .LVU850
 2922 013c FFF7FEFF 		bl	xTaskResumeAll
 2923              	.LVL233:
1380:Middlewares/Third_Party/FreeRTOS/Source/queue.c **** 				{
 2924              		.loc 1 1380 7 discriminator 1 view .LVU851
 2925 0140 0028     		cmp	r0, #0
 2926 0142 CAD1     		bne	.L196
1382:Middlewares/Third_Party/FreeRTOS/Source/queue.c **** 				}
 2927              		.loc 1 1382 6 is_stmt 1 view .LVU852
 2928 0144 4FF0E023 		mov	r3, #-536813568
 2929 0148 4FF08052 		mov	r2, #268435456
 2930 014c C3F8042D 		str	r2, [r3, #3332]
1382:Middlewares/Third_Party/FreeRTOS/Source/queue.c **** 				}
 2931              		.loc 1 1382 6 view .LVU853
 2932              		.syntax unified
 2933              	@ 1382 "Middlewares/Third_Party/FreeRTOS/Source/queue.c" 1
 2934 0150 BFF34F8F 		dsb
 2935              	@ 0 "" 2
1382:Middlewares/Third_Party/FreeRTOS/Source/queue.c **** 				}
 2936              		.loc 1 1382 6 view .LVU854
 2937              	@ 1382 "Middlewares/Third_Party/FreeRTOS/Source/queue.c" 1
 2938 0154 BFF36F8F 		isb
 2939              	@ 0 "" 2
1382:Middlewares/Third_Party/FreeRTOS/Source/queue.c **** 				}
ARM GAS  C:\Users\kalpe\AppData\Local\Temp\ccC8Iu7o.s 			page 111


 2940              		.loc 1 1382 28 view .LVU855
 2941              		.thumb
 2942              		.syntax unified
 2943 0158 BFE7     		b	.L196
 2944              	.L212:
1407:Middlewares/Third_Party/FreeRTOS/Source/queue.c **** 			}
 2945              		.loc 1 1407 12 is_stmt 0 view .LVU856
 2946 015a 0020     		movs	r0, #0
 2947 015c 89E7     		b	.L189
 2948              		.cfi_endproc
 2949              	.LFE20:
 2951              		.section	.text.xQueueSemaphoreTake,"ax",%progbits
 2952              		.align	1
 2953              		.global	xQueueSemaphoreTake
 2954              		.syntax unified
 2955              		.thumb
 2956              		.thumb_func
 2958              	xQueueSemaphoreTake:
 2959              	.LVL234:
 2960              	.LFB21:
1419:Middlewares/Third_Party/FreeRTOS/Source/queue.c **** BaseType_t xEntryTimeSet = pdFALSE;
 2961              		.loc 1 1419 1 is_stmt 1 view -0
 2962              		.cfi_startproc
 2963              		@ args = 0, pretend = 0, frame = 16
 2964              		@ frame_needed = 0, uses_anonymous_args = 0
1419:Middlewares/Third_Party/FreeRTOS/Source/queue.c **** BaseType_t xEntryTimeSet = pdFALSE;
 2965              		.loc 1 1419 1 is_stmt 0 view .LVU858
 2966 0000 70B5     		push	{r4, r5, r6, lr}
 2967              	.LCFI38:
 2968              		.cfi_def_cfa_offset 16
 2969              		.cfi_offset 4, -16
 2970              		.cfi_offset 5, -12
 2971              		.cfi_offset 6, -8
 2972              		.cfi_offset 14, -4
 2973 0002 84B0     		sub	sp, sp, #16
 2974              	.LCFI39:
 2975              		.cfi_def_cfa_offset 32
 2976 0004 0191     		str	r1, [sp, #4]
1420:Middlewares/Third_Party/FreeRTOS/Source/queue.c **** TimeOut_t xTimeOut;
 2977              		.loc 1 1420 1 is_stmt 1 view .LVU859
 2978              	.LVL235:
1421:Middlewares/Third_Party/FreeRTOS/Source/queue.c **** Queue_t * const pxQueue = xQueue;
 2979              		.loc 1 1421 1 view .LVU860
1422:Middlewares/Third_Party/FreeRTOS/Source/queue.c **** 
 2980              		.loc 1 1422 1 view .LVU861
1425:Middlewares/Third_Party/FreeRTOS/Source/queue.c **** #endif
 2981              		.loc 1 1425 2 view .LVU862
1429:Middlewares/Third_Party/FreeRTOS/Source/queue.c **** 
 2982              		.loc 1 1429 2 view .LVU863
 2983 0006 58B1     		cbz	r0, .L244
 2984 0008 0446     		mov	r4, r0
1429:Middlewares/Third_Party/FreeRTOS/Source/queue.c **** 
 2985              		.loc 1 1429 29 view .LVU864
1433:Middlewares/Third_Party/FreeRTOS/Source/queue.c **** 
 2986              		.loc 1 1433 2 view .LVU865
 2987 000a 036C     		ldr	r3, [r0, #64]
 2988 000c 8BB1     		cbz	r3, .L221
ARM GAS  C:\Users\kalpe\AppData\Local\Temp\ccC8Iu7o.s 			page 112


1433:Middlewares/Third_Party/FreeRTOS/Source/queue.c **** 
 2989              		.loc 1 1433 2 discriminator 1 view .LVU866
 2990              	.LBB192:
 2991              	.LBI192:
 191:Middlewares/Third_Party/FreeRTOS/Source/portable/GCC/ARM_CM4F/portmacro.h **** {
 2992              		.loc 2 191 30 view .LVU867
 2993              	.LBB193:
 193:Middlewares/Third_Party/FreeRTOS/Source/portable/GCC/ARM_CM4F/portmacro.h **** 
 2994              		.loc 2 193 1 view .LVU868
 195:Middlewares/Third_Party/FreeRTOS/Source/portable/GCC/ARM_CM4F/portmacro.h **** 	(
 2995              		.loc 2 195 2 view .LVU869
 2996              		.syntax unified
 2997              	@ 195 "Middlewares/Third_Party/FreeRTOS/Source/portable/GCC/ARM_CM4F/portmacro.h" 1
 2998 000e 4FF05003 			mov r3, #80												
 2999 0012 83F31188 		msr basepri, r3											
 3000 0016 BFF36F8F 		isb														
 3001 001a BFF34F8F 		dsb														
 3002              	
 3003              	@ 0 "" 2
 3004              		.thumb
 3005              		.syntax unified
 3006              	.L222:
 3007              	.LBE193:
 3008              	.LBE192:
1433:Middlewares/Third_Party/FreeRTOS/Source/queue.c **** 
 3009              		.loc 1 1433 2 view .LVU870
 3010 001e FEE7     		b	.L222
 3011              	.L244:
1429:Middlewares/Third_Party/FreeRTOS/Source/queue.c **** 
 3012              		.loc 1 1429 2 discriminator 1 view .LVU871
 3013              	.LBB194:
 3014              	.LBI194:
 191:Middlewares/Third_Party/FreeRTOS/Source/portable/GCC/ARM_CM4F/portmacro.h **** {
 3015              		.loc 2 191 30 view .LVU872
 3016              	.LBB195:
 193:Middlewares/Third_Party/FreeRTOS/Source/portable/GCC/ARM_CM4F/portmacro.h **** 
 3017              		.loc 2 193 1 view .LVU873
 195:Middlewares/Third_Party/FreeRTOS/Source/portable/GCC/ARM_CM4F/portmacro.h **** 	(
 3018              		.loc 2 195 2 view .LVU874
 3019              		.syntax unified
 3020              	@ 195 "Middlewares/Third_Party/FreeRTOS/Source/portable/GCC/ARM_CM4F/portmacro.h" 1
 3021 0020 4FF05003 			mov r3, #80												
 3022 0024 83F31188 		msr basepri, r3											
 3023 0028 BFF36F8F 		isb														
 3024 002c BFF34F8F 		dsb														
 3025              	
 3026              	@ 0 "" 2
 3027              		.thumb
 3028              		.syntax unified
 3029              	.L220:
 3030              	.LBE195:
 3031              	.LBE194:
1429:Middlewares/Third_Party/FreeRTOS/Source/queue.c **** 
 3032              		.loc 1 1429 2 view .LVU875
 3033 0030 FEE7     		b	.L220
 3034              	.L221:
1433:Middlewares/Third_Party/FreeRTOS/Source/queue.c **** 
ARM GAS  C:\Users\kalpe\AppData\Local\Temp\ccC8Iu7o.s 			page 113


 3035              		.loc 1 1433 42 view .LVU876
1438:Middlewares/Third_Party/FreeRTOS/Source/queue.c **** 	}
 3036              		.loc 1 1438 3 view .LVU877
 3037 0032 FFF7FEFF 		bl	xTaskGetSchedulerState
 3038              	.LVL236:
1438:Middlewares/Third_Party/FreeRTOS/Source/queue.c **** 	}
 3039              		.loc 1 1438 3 is_stmt 0 discriminator 1 view .LVU878
 3040 0036 0546     		mov	r5, r0
 3041 0038 50B9     		cbnz	r0, .L241
1438:Middlewares/Third_Party/FreeRTOS/Source/queue.c **** 	}
 3042              		.loc 1 1438 3 discriminator 3 view .LVU879
 3043 003a 019B     		ldr	r3, [sp, #4]
 3044 003c 63B1     		cbz	r3, .L242
1438:Middlewares/Third_Party/FreeRTOS/Source/queue.c **** 	}
 3045              		.loc 1 1438 3 is_stmt 1 discriminator 8 view .LVU880
 3046              	.LBB196:
 3047              	.LBI196:
 191:Middlewares/Third_Party/FreeRTOS/Source/portable/GCC/ARM_CM4F/portmacro.h **** {
 3048              		.loc 2 191 30 view .LVU881
 3049              	.LBB197:
 193:Middlewares/Third_Party/FreeRTOS/Source/portable/GCC/ARM_CM4F/portmacro.h **** 
 3050              		.loc 2 193 1 view .LVU882
 195:Middlewares/Third_Party/FreeRTOS/Source/portable/GCC/ARM_CM4F/portmacro.h **** 	(
 3051              		.loc 2 195 2 view .LVU883
 3052              		.syntax unified
 3053              	@ 195 "Middlewares/Third_Party/FreeRTOS/Source/portable/GCC/ARM_CM4F/portmacro.h" 1
 3054 003e 4FF05003 			mov r3, #80												
 3055 0042 83F31188 		msr basepri, r3											
 3056 0046 BFF36F8F 		isb														
 3057 004a BFF34F8F 		dsb														
 3058              	
 3059              	@ 0 "" 2
 3060              		.thumb
 3061              		.syntax unified
 3062              	.L224:
 3063              	.LBE197:
 3064              	.LBE196:
1438:Middlewares/Third_Party/FreeRTOS/Source/queue.c **** 	}
 3065              		.loc 1 1438 3 view .LVU884
 3066 004e FEE7     		b	.L224
 3067              	.L241:
 3068 0050 0023     		movs	r3, #0
 3069 0052 1E46     		mov	r6, r3
 3070 0054 1D46     		mov	r5, r3
 3071 0056 56E0     		b	.L225
 3072              	.L242:
 3073 0058 0646     		mov	r6, r0
 3074 005a 54E0     		b	.L225
 3075              	.LVL237:
 3076              	.L248:
 3077              	.LBB198:
1458:Middlewares/Third_Party/FreeRTOS/Source/queue.c **** 
 3078              		.loc 1 1458 34 view .LVU885
1462:Middlewares/Third_Party/FreeRTOS/Source/queue.c **** 
 3079              		.loc 1 1462 5 view .LVU886
1462:Middlewares/Third_Party/FreeRTOS/Source/queue.c **** 
 3080              		.loc 1 1462 51 is_stmt 0 view .LVU887
ARM GAS  C:\Users\kalpe\AppData\Local\Temp\ccC8Iu7o.s 			page 114


 3081 005c 013B     		subs	r3, r3, #1
 3082              	.LVL238:
1462:Middlewares/Third_Party/FreeRTOS/Source/queue.c **** 
 3083              		.loc 1 1462 32 view .LVU888
 3084 005e A363     		str	r3, [r4, #56]
1466:Middlewares/Third_Party/FreeRTOS/Source/queue.c **** 					{
 3085              		.loc 1 1466 6 is_stmt 1 view .LVU889
1466:Middlewares/Third_Party/FreeRTOS/Source/queue.c **** 					{
 3086              		.loc 1 1466 17 is_stmt 0 view .LVU890
 3087 0060 2368     		ldr	r3, [r4]
 3088              	.LVL239:
1466:Middlewares/Third_Party/FreeRTOS/Source/queue.c **** 					{
 3089              		.loc 1 1466 8 view .LVU891
 3090 0062 43B1     		cbz	r3, .L245
 3091              	.LVL240:
 3092              	.L227:
1474:Middlewares/Third_Party/FreeRTOS/Source/queue.c **** 					}
 3093              		.loc 1 1474 31 is_stmt 1 view .LVU892
1481:Middlewares/Third_Party/FreeRTOS/Source/queue.c **** 				{
 3094              		.loc 1 1481 5 view .LVU893
1481:Middlewares/Third_Party/FreeRTOS/Source/queue.c **** 				{
 3095              		.loc 1 1481 9 is_stmt 0 view .LVU894
 3096 0064 2369     		ldr	r3, [r4, #16]
1481:Middlewares/Third_Party/FreeRTOS/Source/queue.c **** 				{
 3097              		.loc 1 1481 7 view .LVU895
 3098 0066 53B9     		cbnz	r3, .L246
 3099              	.L228:
1494:Middlewares/Third_Party/FreeRTOS/Source/queue.c **** 				}
 3100              		.loc 1 1494 30 is_stmt 1 view .LVU896
1497:Middlewares/Third_Party/FreeRTOS/Source/queue.c **** 				return pdPASS;
 3101              		.loc 1 1497 5 view .LVU897
 3102 0068 FFF7FEFF 		bl	vPortExitCritical
 3103              	.LVL241:
1498:Middlewares/Third_Party/FreeRTOS/Source/queue.c **** 			}
 3104              		.loc 1 1498 5 view .LVU898
1498:Middlewares/Third_Party/FreeRTOS/Source/queue.c **** 			}
 3105              		.loc 1 1498 12 is_stmt 0 view .LVU899
 3106 006c 0123     		movs	r3, #1
 3107 006e 1E46     		mov	r6, r3
 3108              	.LVL242:
 3109              	.L218:
1498:Middlewares/Third_Party/FreeRTOS/Source/queue.c **** 			}
 3110              		.loc 1 1498 12 view .LVU900
 3111              	.LBE198:
1633:Middlewares/Third_Party/FreeRTOS/Source/queue.c **** /*-----------------------------------------------------------*/
 3112              		.loc 1 1633 1 view .LVU901
 3113 0070 3046     		mov	r0, r6
 3114 0072 04B0     		add	sp, sp, #16
 3115              	.LCFI40:
 3116              		.cfi_remember_state
 3117              		.cfi_def_cfa_offset 16
 3118              		@ sp needed
 3119 0074 70BD     		pop	{r4, r5, r6, pc}
 3120              	.LVL243:
 3121              	.L245:
 3122              	.LCFI41:
 3123              		.cfi_restore_state
ARM GAS  C:\Users\kalpe\AppData\Local\Temp\ccC8Iu7o.s 			page 115


 3124              	.LBB201:
1470:Middlewares/Third_Party/FreeRTOS/Source/queue.c **** 					}
 3125              		.loc 1 1470 7 is_stmt 1 view .LVU902
1470:Middlewares/Third_Party/FreeRTOS/Source/queue.c **** 					}
 3126              		.loc 1 1470 44 is_stmt 0 view .LVU903
 3127 0076 FFF7FEFF 		bl	pvTaskIncrementMutexHeldCount
 3128              	.LVL244:
1470:Middlewares/Third_Party/FreeRTOS/Source/queue.c **** 					}
 3129              		.loc 1 1470 42 discriminator 1 view .LVU904
 3130 007a A060     		str	r0, [r4, #8]
 3131 007c F2E7     		b	.L227
 3132              	.L246:
1483:Middlewares/Third_Party/FreeRTOS/Source/queue.c **** 					{
 3133              		.loc 1 1483 6 is_stmt 1 view .LVU905
1483:Middlewares/Third_Party/FreeRTOS/Source/queue.c **** 					{
 3134              		.loc 1 1483 10 is_stmt 0 view .LVU906
 3135 007e 04F11000 		add	r0, r4, #16
 3136 0082 FFF7FEFF 		bl	xTaskRemoveFromEventList
 3137              	.LVL245:
1483:Middlewares/Third_Party/FreeRTOS/Source/queue.c **** 					{
 3138              		.loc 1 1483 8 discriminator 1 view .LVU907
 3139 0086 0028     		cmp	r0, #0
 3140 0088 EED0     		beq	.L228
1485:Middlewares/Third_Party/FreeRTOS/Source/queue.c **** 					}
 3141              		.loc 1 1485 7 is_stmt 1 view .LVU908
 3142 008a 4FF0E023 		mov	r3, #-536813568
 3143 008e 4FF08052 		mov	r2, #268435456
 3144 0092 C3F8042D 		str	r2, [r3, #3332]
1485:Middlewares/Third_Party/FreeRTOS/Source/queue.c **** 					}
 3145              		.loc 1 1485 7 view .LVU909
 3146              		.syntax unified
 3147              	@ 1485 "Middlewares/Third_Party/FreeRTOS/Source/queue.c" 1
 3148 0096 BFF34F8F 		dsb
 3149              	@ 0 "" 2
1485:Middlewares/Third_Party/FreeRTOS/Source/queue.c **** 					}
 3150              		.loc 1 1485 7 view .LVU910
 3151              	@ 1485 "Middlewares/Third_Party/FreeRTOS/Source/queue.c" 1
 3152 009a BFF36F8F 		isb
 3153              	@ 0 "" 2
1485:Middlewares/Third_Party/FreeRTOS/Source/queue.c **** 					}
 3154              		.loc 1 1485 39 view .LVU911
 3155              		.thumb
 3156              		.syntax unified
 3157 009e E3E7     		b	.L228
 3158              	.L249:
1509:Middlewares/Third_Party/FreeRTOS/Source/queue.c **** 					}
 3159              		.loc 1 1509 7 view .LVU912
 3160 00a0 46B1     		cbz	r6, .L231
1509:Middlewares/Third_Party/FreeRTOS/Source/queue.c **** 					}
 3161              		.loc 1 1509 7 discriminator 1 view .LVU913
 3162              	.LBB199:
 3163              	.LBI199:
 191:Middlewares/Third_Party/FreeRTOS/Source/portable/GCC/ARM_CM4F/portmacro.h **** {
 3164              		.loc 2 191 30 view .LVU914
 3165              	.LBB200:
 193:Middlewares/Third_Party/FreeRTOS/Source/portable/GCC/ARM_CM4F/portmacro.h **** 
 3166              		.loc 2 193 1 view .LVU915
ARM GAS  C:\Users\kalpe\AppData\Local\Temp\ccC8Iu7o.s 			page 116


 195:Middlewares/Third_Party/FreeRTOS/Source/portable/GCC/ARM_CM4F/portmacro.h **** 	(
 3167              		.loc 2 195 2 view .LVU916
 3168              		.syntax unified
 3169              	@ 195 "Middlewares/Third_Party/FreeRTOS/Source/portable/GCC/ARM_CM4F/portmacro.h" 1
 3170 00a2 4FF05003 			mov r3, #80												
 3171 00a6 83F31188 		msr basepri, r3											
 3172 00aa BFF36F8F 		isb														
 3173 00ae BFF34F8F 		dsb														
 3174              	
 3175              	@ 0 "" 2
 3176              		.thumb
 3177              		.syntax unified
 3178              	.L232:
 3179              	.LBE200:
 3180              	.LBE199:
1509:Middlewares/Third_Party/FreeRTOS/Source/queue.c **** 					}
 3181              		.loc 1 1509 7 view .LVU917
 3182 00b2 FEE7     		b	.L232
 3183              	.L231:
1509:Middlewares/Third_Party/FreeRTOS/Source/queue.c **** 					}
 3184              		.loc 1 1509 54 view .LVU918
1515:Middlewares/Third_Party/FreeRTOS/Source/queue.c **** 					traceQUEUE_RECEIVE_FAILED( pxQueue );
 3185              		.loc 1 1515 6 view .LVU919
 3186 00b4 FFF7FEFF 		bl	vPortExitCritical
 3187              	.LVL246:
1516:Middlewares/Third_Party/FreeRTOS/Source/queue.c **** 					return errQUEUE_EMPTY;
 3188              		.loc 1 1516 42 view .LVU920
1517:Middlewares/Third_Party/FreeRTOS/Source/queue.c **** 				}
 3189              		.loc 1 1517 6 view .LVU921
1517:Middlewares/Third_Party/FreeRTOS/Source/queue.c **** 				}
 3190              		.loc 1 1517 13 is_stmt 0 view .LVU922
 3191 00b8 DAE7     		b	.L218
 3192              	.L250:
1523:Middlewares/Third_Party/FreeRTOS/Source/queue.c **** 					xEntryTimeSet = pdTRUE;
 3193              		.loc 1 1523 6 is_stmt 1 view .LVU923
 3194 00ba 02A8     		add	r0, sp, #8
 3195 00bc FFF7FEFF 		bl	vTaskInternalSetTimeOutState
 3196              	.LVL247:
1524:Middlewares/Third_Party/FreeRTOS/Source/queue.c **** 				}
 3197              		.loc 1 1524 6 view .LVU924
1524:Middlewares/Third_Party/FreeRTOS/Source/queue.c **** 				}
 3198              		.loc 1 1524 20 is_stmt 0 view .LVU925
 3199 00c0 0125     		movs	r5, #1
 3200 00c2 2AE0     		b	.L233
 3201              	.LVL248:
 3202              	.L251:
1524:Middlewares/Third_Party/FreeRTOS/Source/queue.c **** 				}
 3203              		.loc 1 1524 20 view .LVU926
 3204              	.LBE201:
1539:Middlewares/Third_Party/FreeRTOS/Source/queue.c **** 
 3205              		.loc 1 1539 3 is_stmt 1 discriminator 2 view .LVU927
 3206 00c4 0023     		movs	r3, #0
 3207 00c6 84F84430 		strb	r3, [r4, #68]
 3208 00ca 32E0     		b	.L234
 3209              	.L252:
1539:Middlewares/Third_Party/FreeRTOS/Source/queue.c **** 
 3210              		.loc 1 1539 3 discriminator 5 view .LVU928
ARM GAS  C:\Users\kalpe\AppData\Local\Temp\ccC8Iu7o.s 			page 117


 3211 00cc 0023     		movs	r3, #0
 3212 00ce 84F84530 		strb	r3, [r4, #69]
 3213 00d2 34E0     		b	.L235
 3214              	.L253:
1556:Middlewares/Third_Party/FreeRTOS/Source/queue.c **** 						{
 3215              		.loc 1 1556 7 view .LVU929
 3216 00d4 FFF7FEFF 		bl	vPortEnterCritical
 3217              	.LVL249:
1558:Middlewares/Third_Party/FreeRTOS/Source/queue.c **** 						}
 3218              		.loc 1 1558 8 view .LVU930
1558:Middlewares/Third_Party/FreeRTOS/Source/queue.c **** 						}
 3219              		.loc 1 1558 31 is_stmt 0 view .LVU931
 3220 00d8 A068     		ldr	r0, [r4, #8]
 3221 00da FFF7FEFF 		bl	xTaskPriorityInherit
 3222              	.LVL250:
 3223 00de 0646     		mov	r6, r0
 3224              	.LVL251:
1560:Middlewares/Third_Party/FreeRTOS/Source/queue.c **** 					}
 3225              		.loc 1 1560 7 is_stmt 1 view .LVU932
 3226 00e0 FFF7FEFF 		bl	vPortExitCritical
 3227              	.LVL252:
1560:Middlewares/Third_Party/FreeRTOS/Source/queue.c **** 					}
 3228              		.loc 1 1560 7 is_stmt 0 view .LVU933
 3229 00e4 3BE0     		b	.L238
 3230              	.L237:
1584:Middlewares/Third_Party/FreeRTOS/Source/queue.c **** 				( void ) xTaskResumeAll();
 3231              		.loc 1 1584 5 is_stmt 1 view .LVU934
 3232 00e6 2046     		mov	r0, r4
 3233 00e8 FFF7FEFF 		bl	prvUnlockQueue
 3234              	.LVL253:
1585:Middlewares/Third_Party/FreeRTOS/Source/queue.c **** 			}
 3235              		.loc 1 1585 5 view .LVU935
1585:Middlewares/Third_Party/FreeRTOS/Source/queue.c **** 			}
 3236              		.loc 1 1585 14 is_stmt 0 view .LVU936
 3237 00ec FFF7FEFF 		bl	xTaskResumeAll
 3238              	.LVL254:
 3239 00f0 09E0     		b	.L225
 3240              	.L236:
1591:Middlewares/Third_Party/FreeRTOS/Source/queue.c **** 			( void ) xTaskResumeAll();
 3241              		.loc 1 1591 4 is_stmt 1 view .LVU937
 3242 00f2 2046     		mov	r0, r4
 3243 00f4 FFF7FEFF 		bl	prvUnlockQueue
 3244              	.LVL255:
1592:Middlewares/Third_Party/FreeRTOS/Source/queue.c **** 
 3245              		.loc 1 1592 4 view .LVU938
1592:Middlewares/Third_Party/FreeRTOS/Source/queue.c **** 
 3246              		.loc 1 1592 13 is_stmt 0 view .LVU939
 3247 00f8 FFF7FEFF 		bl	xTaskResumeAll
 3248              	.LVL256:
1598:Middlewares/Third_Party/FreeRTOS/Source/queue.c **** 			{
 3249              		.loc 1 1598 4 is_stmt 1 view .LVU940
1598:Middlewares/Third_Party/FreeRTOS/Source/queue.c **** 			{
 3250              		.loc 1 1598 8 is_stmt 0 view .LVU941
 3251 00fc 2046     		mov	r0, r4
 3252 00fe FFF7FEFF 		bl	prvIsQueueEmpty
 3253              	.LVL257:
1598:Middlewares/Third_Party/FreeRTOS/Source/queue.c **** 			{
ARM GAS  C:\Users\kalpe\AppData\Local\Temp\ccC8Iu7o.s 			page 118


 3254              		.loc 1 1598 6 discriminator 1 view .LVU942
 3255 0102 0028     		cmp	r0, #0
 3256 0104 42D1     		bne	.L247
 3257              	.LVL258:
 3258              	.L225:
1438:Middlewares/Third_Party/FreeRTOS/Source/queue.c **** 	}
 3259              		.loc 1 1438 104 is_stmt 1 view .LVU943
1446:Middlewares/Third_Party/FreeRTOS/Source/queue.c **** 	{
 3260              		.loc 1 1446 2 view .LVU944
1448:Middlewares/Third_Party/FreeRTOS/Source/queue.c **** 		{
 3261              		.loc 1 1448 3 view .LVU945
 3262 0106 FFF7FEFF 		bl	vPortEnterCritical
 3263              	.LVL259:
 3264              	.LBB202:
1452:Middlewares/Third_Party/FreeRTOS/Source/queue.c **** 
 3265              		.loc 1 1452 4 view .LVU946
1452:Middlewares/Third_Party/FreeRTOS/Source/queue.c **** 
 3266              		.loc 1 1452 22 is_stmt 0 view .LVU947
 3267 010a A36B     		ldr	r3, [r4, #56]
 3268              	.LVL260:
1456:Middlewares/Third_Party/FreeRTOS/Source/queue.c **** 			{
 3269              		.loc 1 1456 4 is_stmt 1 view .LVU948
1456:Middlewares/Third_Party/FreeRTOS/Source/queue.c **** 			{
 3270              		.loc 1 1456 6 is_stmt 0 view .LVU949
 3271 010c 002B     		cmp	r3, #0
 3272 010e A5D1     		bne	.L248
1502:Middlewares/Third_Party/FreeRTOS/Source/queue.c **** 				{
 3273              		.loc 1 1502 5 is_stmt 1 view .LVU950
1502:Middlewares/Third_Party/FreeRTOS/Source/queue.c **** 				{
 3274              		.loc 1 1502 22 is_stmt 0 view .LVU951
 3275 0110 019B     		ldr	r3, [sp, #4]
 3276              	.LVL261:
1502:Middlewares/Third_Party/FreeRTOS/Source/queue.c **** 				{
 3277              		.loc 1 1502 7 view .LVU952
 3278 0112 002B     		cmp	r3, #0
 3279 0114 C4D0     		beq	.L249
1519:Middlewares/Third_Party/FreeRTOS/Source/queue.c **** 				{
 3280              		.loc 1 1519 10 is_stmt 1 view .LVU953
1519:Middlewares/Third_Party/FreeRTOS/Source/queue.c **** 				{
 3281              		.loc 1 1519 12 is_stmt 0 view .LVU954
 3282 0116 002D     		cmp	r5, #0
 3283 0118 CFD0     		beq	.L250
 3284              	.LVL262:
 3285              	.L233:
1529:Middlewares/Third_Party/FreeRTOS/Source/queue.c **** 				}
 3286              		.loc 1 1529 30 is_stmt 1 view .LVU955
 3287              	.LBE202:
1533:Middlewares/Third_Party/FreeRTOS/Source/queue.c **** 
 3288              		.loc 1 1533 3 view .LVU956
 3289 011a FFF7FEFF 		bl	vPortExitCritical
 3290              	.LVL263:
1538:Middlewares/Third_Party/FreeRTOS/Source/queue.c **** 		prvLockQueue( pxQueue );
 3291              		.loc 1 1538 3 view .LVU957
 3292 011e FFF7FEFF 		bl	vTaskSuspendAll
 3293              	.LVL264:
1539:Middlewares/Third_Party/FreeRTOS/Source/queue.c **** 
 3294              		.loc 1 1539 3 view .LVU958
ARM GAS  C:\Users\kalpe\AppData\Local\Temp\ccC8Iu7o.s 			page 119


 3295 0122 FFF7FEFF 		bl	vPortEnterCritical
 3296              	.LVL265:
1539:Middlewares/Third_Party/FreeRTOS/Source/queue.c **** 
 3297              		.loc 1 1539 3 discriminator 1 view .LVU959
 3298 0126 94F84430 		ldrb	r3, [r4, #68]	@ zero_extendqisi2
 3299 012a 5BB2     		sxtb	r3, r3
 3300 012c B3F1FF3F 		cmp	r3, #-1
 3301 0130 C8D0     		beq	.L251
 3302              	.L234:
1539:Middlewares/Third_Party/FreeRTOS/Source/queue.c **** 
 3303              		.loc 1 1539 3 discriminator 4 view .LVU960
 3304 0132 94F84530 		ldrb	r3, [r4, #69]	@ zero_extendqisi2
 3305 0136 5BB2     		sxtb	r3, r3
 3306 0138 B3F1FF3F 		cmp	r3, #-1
 3307 013c C6D0     		beq	.L252
 3308              	.L235:
1539:Middlewares/Third_Party/FreeRTOS/Source/queue.c **** 
 3309              		.loc 1 1539 3 discriminator 7 view .LVU961
 3310 013e FFF7FEFF 		bl	vPortExitCritical
 3311              	.LVL266:
1542:Middlewares/Third_Party/FreeRTOS/Source/queue.c **** 		{
 3312              		.loc 1 1542 3 view .LVU962
1542:Middlewares/Third_Party/FreeRTOS/Source/queue.c **** 		{
 3313              		.loc 1 1542 7 is_stmt 0 view .LVU963
 3314 0142 01A9     		add	r1, sp, #4
 3315 0144 02A8     		add	r0, sp, #8
 3316 0146 FFF7FEFF 		bl	xTaskCheckForTimeOut
 3317              	.LVL267:
1542:Middlewares/Third_Party/FreeRTOS/Source/queue.c **** 		{
 3318              		.loc 1 1542 5 discriminator 1 view .LVU964
 3319 014a 0028     		cmp	r0, #0
 3320 014c D1D1     		bne	.L236
1548:Middlewares/Third_Party/FreeRTOS/Source/queue.c **** 			{
 3321              		.loc 1 1548 4 is_stmt 1 view .LVU965
1548:Middlewares/Third_Party/FreeRTOS/Source/queue.c **** 			{
 3322              		.loc 1 1548 8 is_stmt 0 view .LVU966
 3323 014e 2046     		mov	r0, r4
 3324 0150 FFF7FEFF 		bl	prvIsQueueEmpty
 3325              	.LVL268:
1548:Middlewares/Third_Party/FreeRTOS/Source/queue.c **** 			{
 3326              		.loc 1 1548 6 discriminator 1 view .LVU967
 3327 0154 0028     		cmp	r0, #0
 3328 0156 C6D0     		beq	.L237
1550:Middlewares/Third_Party/FreeRTOS/Source/queue.c **** 
 3329              		.loc 1 1550 46 is_stmt 1 view .LVU968
1554:Middlewares/Third_Party/FreeRTOS/Source/queue.c **** 					{
 3330              		.loc 1 1554 6 view .LVU969
1554:Middlewares/Third_Party/FreeRTOS/Source/queue.c **** 					{
 3331              		.loc 1 1554 17 is_stmt 0 view .LVU970
 3332 0158 2368     		ldr	r3, [r4]
1554:Middlewares/Third_Party/FreeRTOS/Source/queue.c **** 					{
 3333              		.loc 1 1554 8 view .LVU971
 3334 015a 002B     		cmp	r3, #0
 3335 015c BAD0     		beq	.L253
 3336              	.L238:
1564:Middlewares/Third_Party/FreeRTOS/Source/queue.c **** 					}
 3337              		.loc 1 1564 31 is_stmt 1 view .LVU972
ARM GAS  C:\Users\kalpe\AppData\Local\Temp\ccC8Iu7o.s 			page 120


1569:Middlewares/Third_Party/FreeRTOS/Source/queue.c **** 				prvUnlockQueue( pxQueue );
 3338              		.loc 1 1569 5 view .LVU973
 3339 015e 0199     		ldr	r1, [sp, #4]
 3340 0160 04F12400 		add	r0, r4, #36
 3341 0164 FFF7FEFF 		bl	vTaskPlaceOnEventList
 3342              	.LVL269:
1570:Middlewares/Third_Party/FreeRTOS/Source/queue.c **** 				if( xTaskResumeAll() == pdFALSE )
 3343              		.loc 1 1570 5 view .LVU974
 3344 0168 2046     		mov	r0, r4
 3345 016a FFF7FEFF 		bl	prvUnlockQueue
 3346              	.LVL270:
1571:Middlewares/Third_Party/FreeRTOS/Source/queue.c **** 				{
 3347              		.loc 1 1571 5 view .LVU975
1571:Middlewares/Third_Party/FreeRTOS/Source/queue.c **** 				{
 3348              		.loc 1 1571 9 is_stmt 0 view .LVU976
 3349 016e FFF7FEFF 		bl	xTaskResumeAll
 3350              	.LVL271:
1571:Middlewares/Third_Party/FreeRTOS/Source/queue.c **** 				{
 3351              		.loc 1 1571 7 discriminator 1 view .LVU977
 3352 0172 0028     		cmp	r0, #0
 3353 0174 C7D1     		bne	.L225
1573:Middlewares/Third_Party/FreeRTOS/Source/queue.c **** 				}
 3354              		.loc 1 1573 6 is_stmt 1 view .LVU978
 3355 0176 4FF0E023 		mov	r3, #-536813568
 3356 017a 4FF08052 		mov	r2, #268435456
 3357 017e C3F8042D 		str	r2, [r3, #3332]
1573:Middlewares/Third_Party/FreeRTOS/Source/queue.c **** 				}
 3358              		.loc 1 1573 6 view .LVU979
 3359              		.syntax unified
 3360              	@ 1573 "Middlewares/Third_Party/FreeRTOS/Source/queue.c" 1
 3361 0182 BFF34F8F 		dsb
 3362              	@ 0 "" 2
1573:Middlewares/Third_Party/FreeRTOS/Source/queue.c **** 				}
 3363              		.loc 1 1573 6 view .LVU980
 3364              	@ 1573 "Middlewares/Third_Party/FreeRTOS/Source/queue.c" 1
 3365 0186 BFF36F8F 		isb
 3366              	@ 0 "" 2
1573:Middlewares/Third_Party/FreeRTOS/Source/queue.c **** 				}
 3367              		.loc 1 1573 28 view .LVU981
 3368              		.thumb
 3369              		.syntax unified
 3370 018a BCE7     		b	.L225
 3371              	.L247:
1605:Middlewares/Third_Party/FreeRTOS/Source/queue.c **** 					{
 3372              		.loc 1 1605 6 view .LVU982
1605:Middlewares/Third_Party/FreeRTOS/Source/queue.c **** 					{
 3373              		.loc 1 1605 8 is_stmt 0 view .LVU983
 3374 018c 16B9     		cbnz	r6, .L254
 3375              	.L240:
1624:Middlewares/Third_Party/FreeRTOS/Source/queue.c **** 				return errQUEUE_EMPTY;
 3376              		.loc 1 1624 41 is_stmt 1 view .LVU984
1625:Middlewares/Third_Party/FreeRTOS/Source/queue.c **** 			}
 3377              		.loc 1 1625 5 view .LVU985
1625:Middlewares/Third_Party/FreeRTOS/Source/queue.c **** 			}
 3378              		.loc 1 1625 12 is_stmt 0 view .LVU986
 3379 018e 0023     		movs	r3, #0
 3380 0190 1E46     		mov	r6, r3
ARM GAS  C:\Users\kalpe\AppData\Local\Temp\ccC8Iu7o.s 			page 121


 3381              	.LVL272:
1625:Middlewares/Third_Party/FreeRTOS/Source/queue.c **** 			}
 3382              		.loc 1 1625 12 view .LVU987
 3383 0192 6DE7     		b	.L218
 3384              	.LVL273:
 3385              	.L254:
1607:Middlewares/Third_Party/FreeRTOS/Source/queue.c **** 						{
 3386              		.loc 1 1607 7 is_stmt 1 view .LVU988
 3387 0194 FFF7FEFF 		bl	vPortEnterCritical
 3388              	.LVL274:
 3389              	.LBB203:
1609:Middlewares/Third_Party/FreeRTOS/Source/queue.c **** 
 3390              		.loc 1 1609 8 view .LVU989
1616:Middlewares/Third_Party/FreeRTOS/Source/queue.c **** 							vTaskPriorityDisinheritAfterTimeout( pxQueue->u.xSemaphore.xMutexHolder, uxHighestWaitingPri
 3391              		.loc 1 1616 8 view .LVU990
1616:Middlewares/Third_Party/FreeRTOS/Source/queue.c **** 							vTaskPriorityDisinheritAfterTimeout( pxQueue->u.xSemaphore.xMutexHolder, uxHighestWaitingPri
 3392              		.loc 1 1616 35 is_stmt 0 view .LVU991
 3393 0198 2046     		mov	r0, r4
 3394 019a FFF7FEFF 		bl	prvGetDisinheritPriorityAfterTimeout
 3395              	.LVL275:
 3396 019e 0146     		mov	r1, r0
 3397              	.LVL276:
1617:Middlewares/Third_Party/FreeRTOS/Source/queue.c **** 						}
 3398              		.loc 1 1617 8 is_stmt 1 view .LVU992
 3399 01a0 A068     		ldr	r0, [r4, #8]
 3400              	.LVL277:
1617:Middlewares/Third_Party/FreeRTOS/Source/queue.c **** 						}
 3401              		.loc 1 1617 8 is_stmt 0 view .LVU993
 3402 01a2 FFF7FEFF 		bl	vTaskPriorityDisinheritAfterTimeout
 3403              	.LVL278:
1617:Middlewares/Third_Party/FreeRTOS/Source/queue.c **** 						}
 3404              		.loc 1 1617 8 view .LVU994
 3405              	.LBE203:
1619:Middlewares/Third_Party/FreeRTOS/Source/queue.c **** 					}
 3406              		.loc 1 1619 7 is_stmt 1 view .LVU995
 3407 01a6 FFF7FEFF 		bl	vPortExitCritical
 3408              	.LVL279:
 3409 01aa F0E7     		b	.L240
 3410              		.cfi_endproc
 3411              	.LFE21:
 3413              		.section	.text.xQueueTakeMutexRecursive,"ax",%progbits
 3414              		.align	1
 3415              		.global	xQueueTakeMutexRecursive
 3416              		.syntax unified
 3417              		.thumb
 3418              		.thumb_func
 3420              	xQueueTakeMutexRecursive:
 3421              	.LVL280:
 3422              	.LFB14:
 645:Middlewares/Third_Party/FreeRTOS/Source/queue.c **** 	BaseType_t xReturn;
 3423              		.loc 1 645 2 view -0
 3424              		.cfi_startproc
 3425              		@ args = 0, pretend = 0, frame = 0
 3426              		@ frame_needed = 0, uses_anonymous_args = 0
 646:Middlewares/Third_Party/FreeRTOS/Source/queue.c **** 	Queue_t * const pxMutex = ( Queue_t * ) xMutex;
 3427              		.loc 1 646 2 view .LVU997
 647:Middlewares/Third_Party/FreeRTOS/Source/queue.c **** 
ARM GAS  C:\Users\kalpe\AppData\Local\Temp\ccC8Iu7o.s 			page 122


 3428              		.loc 1 647 2 view .LVU998
 649:Middlewares/Third_Party/FreeRTOS/Source/queue.c **** 
 3429              		.loc 1 649 3 view .LVU999
 3430 0000 88B1     		cbz	r0, .L262
 645:Middlewares/Third_Party/FreeRTOS/Source/queue.c **** 	BaseType_t xReturn;
 3431              		.loc 1 645 2 is_stmt 0 view .LVU1000
 3432 0002 70B5     		push	{r4, r5, r6, lr}
 3433              	.LCFI42:
 3434              		.cfi_def_cfa_offset 16
 3435              		.cfi_offset 4, -16
 3436              		.cfi_offset 5, -12
 3437              		.cfi_offset 6, -8
 3438              		.cfi_offset 14, -4
 3439 0004 0E46     		mov	r6, r1
 3440 0006 0446     		mov	r4, r0
 649:Middlewares/Third_Party/FreeRTOS/Source/queue.c **** 
 3441              		.loc 1 649 26 is_stmt 1 view .LVU1001
 654:Middlewares/Third_Party/FreeRTOS/Source/queue.c **** 
 3442              		.loc 1 654 39 view .LVU1002
 656:Middlewares/Third_Party/FreeRTOS/Source/queue.c **** 		{
 3443              		.loc 1 656 3 view .LVU1003
 656:Middlewares/Third_Party/FreeRTOS/Source/queue.c **** 		{
 3444              		.loc 1 656 28 is_stmt 0 view .LVU1004
 3445 0008 8368     		ldr	r3, [r0, #8]
 3446 000a 1D46     		mov	r5, r3
 656:Middlewares/Third_Party/FreeRTOS/Source/queue.c **** 		{
 3447              		.loc 1 656 45 view .LVU1005
 3448 000c FFF7FEFF 		bl	xTaskGetCurrentTaskHandle
 3449              	.LVL281:
 656:Middlewares/Third_Party/FreeRTOS/Source/queue.c **** 		{
 3450              		.loc 1 656 5 discriminator 1 view .LVU1006
 3451 0010 8542     		cmp	r5, r0
 3452 0012 11D0     		beq	.L263
 663:Middlewares/Third_Party/FreeRTOS/Source/queue.c **** 
 3453              		.loc 1 663 4 is_stmt 1 view .LVU1007
 663:Middlewares/Third_Party/FreeRTOS/Source/queue.c **** 
 3454              		.loc 1 663 14 is_stmt 0 view .LVU1008
 3455 0014 3146     		mov	r1, r6
 3456 0016 2046     		mov	r0, r4
 3457 0018 FFF7FEFF 		bl	xQueueSemaphoreTake
 3458              	.LVL282:
 668:Middlewares/Third_Party/FreeRTOS/Source/queue.c **** 			{
 3459              		.loc 1 668 4 is_stmt 1 view .LVU1009
 668:Middlewares/Third_Party/FreeRTOS/Source/queue.c **** 			{
 3460              		.loc 1 668 6 is_stmt 0 view .LVU1010
 3461 001c 80B1     		cbz	r0, .L255
 670:Middlewares/Third_Party/FreeRTOS/Source/queue.c **** 			}
 3462              		.loc 1 670 5 is_stmt 1 view .LVU1011
 670:Middlewares/Third_Party/FreeRTOS/Source/queue.c **** 			}
 3463              		.loc 1 670 28 is_stmt 0 view .LVU1012
 3464 001e E368     		ldr	r3, [r4, #12]
 670:Middlewares/Third_Party/FreeRTOS/Source/queue.c **** 			}
 3465              		.loc 1 670 51 view .LVU1013
 3466 0020 0133     		adds	r3, r3, #1
 3467 0022 E360     		str	r3, [r4, #12]
 674:Middlewares/Third_Party/FreeRTOS/Source/queue.c **** 			}
 3468              		.loc 1 674 48 is_stmt 1 view .LVU1014
ARM GAS  C:\Users\kalpe\AppData\Local\Temp\ccC8Iu7o.s 			page 123


 678:Middlewares/Third_Party/FreeRTOS/Source/queue.c **** 	}
 3469              		.loc 1 678 3 view .LVU1015
 678:Middlewares/Third_Party/FreeRTOS/Source/queue.c **** 	}
 3470              		.loc 1 678 10 is_stmt 0 view .LVU1016
 3471 0024 0CE0     		b	.L255
 3472              	.LVL283:
 3473              	.L262:
 3474              	.LCFI43:
 3475              		.cfi_def_cfa_offset 0
 3476              		.cfi_restore 4
 3477              		.cfi_restore 5
 3478              		.cfi_restore 6
 3479              		.cfi_restore 14
 649:Middlewares/Third_Party/FreeRTOS/Source/queue.c **** 
 3480              		.loc 1 649 3 is_stmt 1 discriminator 1 view .LVU1017
 3481              	.LBB204:
 3482              	.LBI204:
 191:Middlewares/Third_Party/FreeRTOS/Source/portable/GCC/ARM_CM4F/portmacro.h **** {
 3483              		.loc 2 191 30 view .LVU1018
 3484              	.LBB205:
 193:Middlewares/Third_Party/FreeRTOS/Source/portable/GCC/ARM_CM4F/portmacro.h **** 
 3485              		.loc 2 193 1 view .LVU1019
 195:Middlewares/Third_Party/FreeRTOS/Source/portable/GCC/ARM_CM4F/portmacro.h **** 	(
 3486              		.loc 2 195 2 view .LVU1020
 3487              		.syntax unified
 3488              	@ 195 "Middlewares/Third_Party/FreeRTOS/Source/portable/GCC/ARM_CM4F/portmacro.h" 1
 3489 0026 4FF05003 			mov r3, #80												
 3490 002a 83F31188 		msr basepri, r3											
 3491 002e BFF36F8F 		isb														
 3492 0032 BFF34F8F 		dsb														
 3493              	
 3494              	@ 0 "" 2
 3495              		.thumb
 3496              		.syntax unified
 3497              	.L257:
 3498              	.LBE205:
 3499              	.LBE204:
 649:Middlewares/Third_Party/FreeRTOS/Source/queue.c **** 
 3500              		.loc 1 649 3 view .LVU1021
 3501 0036 FEE7     		b	.L257
 3502              	.LVL284:
 3503              	.L263:
 3504              	.LCFI44:
 3505              		.cfi_def_cfa_offset 16
 3506              		.cfi_offset 4, -16
 3507              		.cfi_offset 5, -12
 3508              		.cfi_offset 6, -8
 3509              		.cfi_offset 14, -4
 658:Middlewares/Third_Party/FreeRTOS/Source/queue.c **** 			xReturn = pdPASS;
 3510              		.loc 1 658 4 view .LVU1022
 658:Middlewares/Third_Party/FreeRTOS/Source/queue.c **** 			xReturn = pdPASS;
 3511              		.loc 1 658 27 is_stmt 0 view .LVU1023
 3512 0038 E368     		ldr	r3, [r4, #12]
 658:Middlewares/Third_Party/FreeRTOS/Source/queue.c **** 			xReturn = pdPASS;
 3513              		.loc 1 658 50 view .LVU1024
 3514 003a 0133     		adds	r3, r3, #1
 3515 003c E360     		str	r3, [r4, #12]
ARM GAS  C:\Users\kalpe\AppData\Local\Temp\ccC8Iu7o.s 			page 124


 659:Middlewares/Third_Party/FreeRTOS/Source/queue.c **** 		}
 3516              		.loc 1 659 4 is_stmt 1 view .LVU1025
 3517              	.LVL285:
 659:Middlewares/Third_Party/FreeRTOS/Source/queue.c **** 		}
 3518              		.loc 1 659 12 is_stmt 0 view .LVU1026
 3519 003e 0120     		movs	r0, #1
 3520              	.LVL286:
 3521              	.L255:
 679:Middlewares/Third_Party/FreeRTOS/Source/queue.c **** 
 3522              		.loc 1 679 2 view .LVU1027
 3523 0040 70BD     		pop	{r4, r5, r6, pc}
 679:Middlewares/Third_Party/FreeRTOS/Source/queue.c **** 
 3524              		.loc 1 679 2 view .LVU1028
 3525              		.cfi_endproc
 3526              	.LFE14:
 3528              		.section	.text.xQueuePeek,"ax",%progbits
 3529              		.align	1
 3530              		.global	xQueuePeek
 3531              		.syntax unified
 3532              		.thumb
 3533              		.thumb_func
 3535              	xQueuePeek:
 3536              	.LVL287:
 3537              	.LFB22:
1637:Middlewares/Third_Party/FreeRTOS/Source/queue.c **** BaseType_t xEntryTimeSet = pdFALSE;
 3538              		.loc 1 1637 1 is_stmt 1 view -0
 3539              		.cfi_startproc
 3540              		@ args = 0, pretend = 0, frame = 16
 3541              		@ frame_needed = 0, uses_anonymous_args = 0
1637:Middlewares/Third_Party/FreeRTOS/Source/queue.c **** BaseType_t xEntryTimeSet = pdFALSE;
 3542              		.loc 1 1637 1 is_stmt 0 view .LVU1030
 3543 0000 70B5     		push	{r4, r5, r6, lr}
 3544              	.LCFI45:
 3545              		.cfi_def_cfa_offset 16
 3546              		.cfi_offset 4, -16
 3547              		.cfi_offset 5, -12
 3548              		.cfi_offset 6, -8
 3549              		.cfi_offset 14, -4
 3550 0002 84B0     		sub	sp, sp, #16
 3551              	.LCFI46:
 3552              		.cfi_def_cfa_offset 32
 3553 0004 0192     		str	r2, [sp, #4]
1638:Middlewares/Third_Party/FreeRTOS/Source/queue.c **** TimeOut_t xTimeOut;
 3554              		.loc 1 1638 1 is_stmt 1 view .LVU1031
 3555              	.LVL288:
1639:Middlewares/Third_Party/FreeRTOS/Source/queue.c **** int8_t *pcOriginalReadPosition;
 3556              		.loc 1 1639 1 view .LVU1032
1640:Middlewares/Third_Party/FreeRTOS/Source/queue.c **** Queue_t * const pxQueue = xQueue;
 3557              		.loc 1 1640 1 view .LVU1033
1641:Middlewares/Third_Party/FreeRTOS/Source/queue.c **** 
 3558              		.loc 1 1641 1 view .LVU1034
1644:Middlewares/Third_Party/FreeRTOS/Source/queue.c **** 
 3559              		.loc 1 1644 2 view .LVU1035
 3560 0006 90B1     		cbz	r0, .L284
 3561 0008 0E46     		mov	r6, r1
 3562 000a 0446     		mov	r4, r0
1644:Middlewares/Third_Party/FreeRTOS/Source/queue.c **** 
ARM GAS  C:\Users\kalpe\AppData\Local\Temp\ccC8Iu7o.s 			page 125


 3563              		.loc 1 1644 29 view .LVU1036
1648:Middlewares/Third_Party/FreeRTOS/Source/queue.c **** 
 3564              		.loc 1 1648 2 view .LVU1037
 3565 000c C1B1     		cbz	r1, .L285
 3566              	.L267:
1648:Middlewares/Third_Party/FreeRTOS/Source/queue.c **** 
 3567              		.loc 1 1648 100 view .LVU1038
1653:Middlewares/Third_Party/FreeRTOS/Source/queue.c **** 	}
 3568              		.loc 1 1653 3 view .LVU1039
 3569 000e FFF7FEFF 		bl	xTaskGetSchedulerState
 3570              	.LVL289:
1653:Middlewares/Third_Party/FreeRTOS/Source/queue.c **** 	}
 3571              		.loc 1 1653 3 is_stmt 0 discriminator 1 view .LVU1040
 3572 0012 0546     		mov	r5, r0
 3573 0014 00BB     		cbnz	r0, .L282
1653:Middlewares/Third_Party/FreeRTOS/Source/queue.c **** 	}
 3574              		.loc 1 1653 3 discriminator 3 view .LVU1041
 3575 0016 019B     		ldr	r3, [sp, #4]
 3576 0018 002B     		cmp	r3, #0
 3577 001a 5ED0     		beq	.L271
1653:Middlewares/Third_Party/FreeRTOS/Source/queue.c **** 	}
 3578              		.loc 1 1653 3 is_stmt 1 discriminator 8 view .LVU1042
 3579              	.LBB206:
 3580              	.LBI206:
 191:Middlewares/Third_Party/FreeRTOS/Source/portable/GCC/ARM_CM4F/portmacro.h **** {
 3581              		.loc 2 191 30 view .LVU1043
 3582              	.LBB207:
 193:Middlewares/Third_Party/FreeRTOS/Source/portable/GCC/ARM_CM4F/portmacro.h **** 
 3583              		.loc 2 193 1 view .LVU1044
 195:Middlewares/Third_Party/FreeRTOS/Source/portable/GCC/ARM_CM4F/portmacro.h **** 	(
 3584              		.loc 2 195 2 view .LVU1045
 3585              		.syntax unified
 3586              	@ 195 "Middlewares/Third_Party/FreeRTOS/Source/portable/GCC/ARM_CM4F/portmacro.h" 1
 3587 001c 4FF05003 			mov r3, #80												
 3588 0020 83F31188 		msr basepri, r3											
 3589 0024 BFF36F8F 		isb														
 3590 0028 BFF34F8F 		dsb														
 3591              	
 3592              	@ 0 "" 2
 3593              		.thumb
 3594              		.syntax unified
 3595              	.L270:
 3596              	.LBE207:
 3597              	.LBE206:
1653:Middlewares/Third_Party/FreeRTOS/Source/queue.c **** 	}
 3598              		.loc 1 1653 3 view .LVU1046
 3599 002c FEE7     		b	.L270
 3600              	.LVL290:
 3601              	.L284:
1644:Middlewares/Third_Party/FreeRTOS/Source/queue.c **** 
 3602              		.loc 1 1644 2 discriminator 1 view .LVU1047
 3603              	.LBB208:
 3604              	.LBI208:
 191:Middlewares/Third_Party/FreeRTOS/Source/portable/GCC/ARM_CM4F/portmacro.h **** {
 3605              		.loc 2 191 30 view .LVU1048
 3606              	.LBB209:
 193:Middlewares/Third_Party/FreeRTOS/Source/portable/GCC/ARM_CM4F/portmacro.h **** 
ARM GAS  C:\Users\kalpe\AppData\Local\Temp\ccC8Iu7o.s 			page 126


 3607              		.loc 2 193 1 view .LVU1049
 195:Middlewares/Third_Party/FreeRTOS/Source/portable/GCC/ARM_CM4F/portmacro.h **** 	(
 3608              		.loc 2 195 2 view .LVU1050
 3609              		.syntax unified
 3610              	@ 195 "Middlewares/Third_Party/FreeRTOS/Source/portable/GCC/ARM_CM4F/portmacro.h" 1
 3611 002e 4FF05003 			mov r3, #80												
 3612 0032 83F31188 		msr basepri, r3											
 3613 0036 BFF36F8F 		isb														
 3614 003a BFF34F8F 		dsb														
 3615              	
 3616              	@ 0 "" 2
 3617              		.thumb
 3618              		.syntax unified
 3619              	.L266:
 3620              	.LBE209:
 3621              	.LBE208:
1644:Middlewares/Third_Party/FreeRTOS/Source/queue.c **** 
 3622              		.loc 1 1644 2 view .LVU1051
 3623 003e FEE7     		b	.L266
 3624              	.L285:
1648:Middlewares/Third_Party/FreeRTOS/Source/queue.c **** 
 3625              		.loc 1 1648 2 is_stmt 0 discriminator 2 view .LVU1052
 3626 0040 036C     		ldr	r3, [r0, #64]
 3627 0042 002B     		cmp	r3, #0
 3628 0044 E3D0     		beq	.L267
1648:Middlewares/Third_Party/FreeRTOS/Source/queue.c **** 
 3629              		.loc 1 1648 2 is_stmt 1 discriminator 7 view .LVU1053
 3630              	.LBB210:
 3631              	.LBI210:
 191:Middlewares/Third_Party/FreeRTOS/Source/portable/GCC/ARM_CM4F/portmacro.h **** {
 3632              		.loc 2 191 30 view .LVU1054
 3633              	.LBB211:
 193:Middlewares/Third_Party/FreeRTOS/Source/portable/GCC/ARM_CM4F/portmacro.h **** 
 3634              		.loc 2 193 1 view .LVU1055
 195:Middlewares/Third_Party/FreeRTOS/Source/portable/GCC/ARM_CM4F/portmacro.h **** 	(
 3635              		.loc 2 195 2 view .LVU1056
 3636              		.syntax unified
 3637              	@ 195 "Middlewares/Third_Party/FreeRTOS/Source/portable/GCC/ARM_CM4F/portmacro.h" 1
 3638 0046 4FF05003 			mov r3, #80												
 3639 004a 83F31188 		msr basepri, r3											
 3640 004e BFF36F8F 		isb														
 3641 0052 BFF34F8F 		dsb														
 3642              	
 3643              	@ 0 "" 2
 3644              		.thumb
 3645              		.syntax unified
 3646              	.L268:
 3647              	.LBE211:
 3648              	.LBE210:
1648:Middlewares/Third_Party/FreeRTOS/Source/queue.c **** 
 3649              		.loc 1 1648 2 view .LVU1057
 3650 0056 FEE7     		b	.L268
 3651              	.LVL291:
 3652              	.L282:
1648:Middlewares/Third_Party/FreeRTOS/Source/queue.c **** 
 3653              		.loc 1 1648 2 is_stmt 0 view .LVU1058
 3654 0058 0025     		movs	r5, #0
ARM GAS  C:\Users\kalpe\AppData\Local\Temp\ccC8Iu7o.s 			page 127


 3655 005a 3EE0     		b	.L271
 3656              	.LVL292:
 3657              	.L288:
 3658              	.LBB212:
1674:Middlewares/Third_Party/FreeRTOS/Source/queue.c **** 
 3659              		.loc 1 1674 5 is_stmt 1 view .LVU1059
1674:Middlewares/Third_Party/FreeRTOS/Source/queue.c **** 
 3660              		.loc 1 1674 28 is_stmt 0 view .LVU1060
 3661 005c E568     		ldr	r5, [r4, #12]
 3662              	.LVL293:
1676:Middlewares/Third_Party/FreeRTOS/Source/queue.c **** 				traceQUEUE_PEEK( pxQueue );
 3663              		.loc 1 1676 5 is_stmt 1 view .LVU1061
 3664 005e 3146     		mov	r1, r6
 3665 0060 2046     		mov	r0, r4
 3666 0062 FFF7FEFF 		bl	prvCopyDataFromQueue
 3667              	.LVL294:
1677:Middlewares/Third_Party/FreeRTOS/Source/queue.c **** 
 3668              		.loc 1 1677 31 view .LVU1062
1680:Middlewares/Third_Party/FreeRTOS/Source/queue.c **** 
 3669              		.loc 1 1680 5 view .LVU1063
1680:Middlewares/Third_Party/FreeRTOS/Source/queue.c **** 
 3670              		.loc 1 1680 34 is_stmt 0 view .LVU1064
 3671 0066 E560     		str	r5, [r4, #12]
1684:Middlewares/Third_Party/FreeRTOS/Source/queue.c **** 				{
 3672              		.loc 1 1684 5 is_stmt 1 view .LVU1065
1684:Middlewares/Third_Party/FreeRTOS/Source/queue.c **** 				{
 3673              		.loc 1 1684 9 is_stmt 0 view .LVU1066
 3674 0068 636A     		ldr	r3, [r4, #36]
1684:Middlewares/Third_Party/FreeRTOS/Source/queue.c **** 				{
 3675              		.loc 1 1684 7 view .LVU1067
 3676 006a 23B9     		cbnz	r3, .L286
 3677              	.L273:
1698:Middlewares/Third_Party/FreeRTOS/Source/queue.c **** 				}
 3678              		.loc 1 1698 30 is_stmt 1 view .LVU1068
1701:Middlewares/Third_Party/FreeRTOS/Source/queue.c **** 				return pdPASS;
 3679              		.loc 1 1701 5 view .LVU1069
 3680 006c FFF7FEFF 		bl	vPortExitCritical
 3681              	.LVL295:
1702:Middlewares/Third_Party/FreeRTOS/Source/queue.c **** 			}
 3682              		.loc 1 1702 5 view .LVU1070
1702:Middlewares/Third_Party/FreeRTOS/Source/queue.c **** 			}
 3683              		.loc 1 1702 12 is_stmt 0 view .LVU1071
 3684 0070 0120     		movs	r0, #1
 3685              	.LVL296:
 3686              	.L264:
1702:Middlewares/Third_Party/FreeRTOS/Source/queue.c **** 			}
 3687              		.loc 1 1702 12 view .LVU1072
 3688              	.LBE212:
1782:Middlewares/Third_Party/FreeRTOS/Source/queue.c **** /*-----------------------------------------------------------*/
 3689              		.loc 1 1782 1 view .LVU1073
 3690 0072 04B0     		add	sp, sp, #16
 3691              	.LCFI47:
 3692              		.cfi_remember_state
 3693              		.cfi_def_cfa_offset 16
 3694              		@ sp needed
 3695 0074 70BD     		pop	{r4, r5, r6, pc}
 3696              	.LVL297:
ARM GAS  C:\Users\kalpe\AppData\Local\Temp\ccC8Iu7o.s 			page 128


 3697              	.L286:
 3698              	.LCFI48:
 3699              		.cfi_restore_state
 3700              	.LBB213:
1686:Middlewares/Third_Party/FreeRTOS/Source/queue.c **** 					{
 3701              		.loc 1 1686 6 is_stmt 1 view .LVU1074
1686:Middlewares/Third_Party/FreeRTOS/Source/queue.c **** 					{
 3702              		.loc 1 1686 10 is_stmt 0 view .LVU1075
 3703 0076 04F12400 		add	r0, r4, #36
 3704 007a FFF7FEFF 		bl	xTaskRemoveFromEventList
 3705              	.LVL298:
1686:Middlewares/Third_Party/FreeRTOS/Source/queue.c **** 					{
 3706              		.loc 1 1686 8 discriminator 1 view .LVU1076
 3707 007e 0028     		cmp	r0, #0
 3708 0080 F4D0     		beq	.L273
1689:Middlewares/Third_Party/FreeRTOS/Source/queue.c **** 					}
 3709              		.loc 1 1689 7 is_stmt 1 view .LVU1077
 3710 0082 4FF0E023 		mov	r3, #-536813568
 3711 0086 4FF08052 		mov	r2, #268435456
 3712 008a C3F8042D 		str	r2, [r3, #3332]
1689:Middlewares/Third_Party/FreeRTOS/Source/queue.c **** 					}
 3713              		.loc 1 1689 7 view .LVU1078
 3714              		.syntax unified
 3715              	@ 1689 "Middlewares/Third_Party/FreeRTOS/Source/queue.c" 1
 3716 008e BFF34F8F 		dsb
 3717              	@ 0 "" 2
1689:Middlewares/Third_Party/FreeRTOS/Source/queue.c **** 					}
 3718              		.loc 1 1689 7 view .LVU1079
 3719              	@ 1689 "Middlewares/Third_Party/FreeRTOS/Source/queue.c" 1
 3720 0092 BFF36F8F 		isb
 3721              	@ 0 "" 2
1689:Middlewares/Third_Party/FreeRTOS/Source/queue.c **** 					}
 3722              		.loc 1 1689 39 view .LVU1080
 3723              		.thumb
 3724              		.syntax unified
 3725 0096 E9E7     		b	.L273
 3726              	.LVL299:
 3727              	.L289:
1710:Middlewares/Third_Party/FreeRTOS/Source/queue.c **** 					traceQUEUE_PEEK_FAILED( pxQueue );
 3728              		.loc 1 1710 6 view .LVU1081
 3729 0098 FFF7FEFF 		bl	vPortExitCritical
 3730              	.LVL300:
1711:Middlewares/Third_Party/FreeRTOS/Source/queue.c **** 					return errQUEUE_EMPTY;
 3731              		.loc 1 1711 39 view .LVU1082
1712:Middlewares/Third_Party/FreeRTOS/Source/queue.c **** 				}
 3732              		.loc 1 1712 6 view .LVU1083
1712:Middlewares/Third_Party/FreeRTOS/Source/queue.c **** 				}
 3733              		.loc 1 1712 13 is_stmt 0 view .LVU1084
 3734 009c 0020     		movs	r0, #0
 3735 009e E8E7     		b	.L264
 3736              	.L290:
1719:Middlewares/Third_Party/FreeRTOS/Source/queue.c **** 					xEntryTimeSet = pdTRUE;
 3737              		.loc 1 1719 6 is_stmt 1 view .LVU1085
 3738 00a0 02A8     		add	r0, sp, #8
 3739 00a2 FFF7FEFF 		bl	vTaskInternalSetTimeOutState
 3740              	.LVL301:
1720:Middlewares/Third_Party/FreeRTOS/Source/queue.c **** 				}
ARM GAS  C:\Users\kalpe\AppData\Local\Temp\ccC8Iu7o.s 			page 129


 3741              		.loc 1 1720 6 view .LVU1086
1720:Middlewares/Third_Party/FreeRTOS/Source/queue.c **** 				}
 3742              		.loc 1 1720 20 is_stmt 0 view .LVU1087
 3743 00a6 0125     		movs	r5, #1
 3744 00a8 21E0     		b	.L276
 3745              	.LVL302:
 3746              	.L291:
1720:Middlewares/Third_Party/FreeRTOS/Source/queue.c **** 				}
 3747              		.loc 1 1720 20 view .LVU1088
 3748              	.LBE213:
1735:Middlewares/Third_Party/FreeRTOS/Source/queue.c **** 
 3749              		.loc 1 1735 3 is_stmt 1 discriminator 2 view .LVU1089
 3750 00aa 0023     		movs	r3, #0
 3751 00ac 84F84430 		strb	r3, [r4, #68]
 3752 00b0 29E0     		b	.L277
 3753              	.L292:
1735:Middlewares/Third_Party/FreeRTOS/Source/queue.c **** 
 3754              		.loc 1 1735 3 discriminator 5 view .LVU1090
 3755 00b2 0023     		movs	r3, #0
 3756 00b4 84F84530 		strb	r3, [r4, #69]
 3757 00b8 2BE0     		b	.L278
 3758              	.L280:
1760:Middlewares/Third_Party/FreeRTOS/Source/queue.c **** 				( void ) xTaskResumeAll();
 3759              		.loc 1 1760 5 view .LVU1091
 3760 00ba 2046     		mov	r0, r4
 3761 00bc FFF7FEFF 		bl	prvUnlockQueue
 3762              	.LVL303:
1761:Middlewares/Third_Party/FreeRTOS/Source/queue.c **** 			}
 3763              		.loc 1 1761 5 view .LVU1092
1761:Middlewares/Third_Party/FreeRTOS/Source/queue.c **** 			}
 3764              		.loc 1 1761 14 is_stmt 0 view .LVU1093
 3765 00c0 FFF7FEFF 		bl	xTaskResumeAll
 3766              	.LVL304:
 3767 00c4 09E0     		b	.L271
 3768              	.L279:
1768:Middlewares/Third_Party/FreeRTOS/Source/queue.c **** 			( void ) xTaskResumeAll();
 3769              		.loc 1 1768 4 is_stmt 1 view .LVU1094
 3770 00c6 2046     		mov	r0, r4
 3771 00c8 FFF7FEFF 		bl	prvUnlockQueue
 3772              	.LVL305:
1769:Middlewares/Third_Party/FreeRTOS/Source/queue.c **** 
 3773              		.loc 1 1769 4 view .LVU1095
1769:Middlewares/Third_Party/FreeRTOS/Source/queue.c **** 
 3774              		.loc 1 1769 13 is_stmt 0 view .LVU1096
 3775 00cc FFF7FEFF 		bl	xTaskResumeAll
 3776              	.LVL306:
1771:Middlewares/Third_Party/FreeRTOS/Source/queue.c **** 			{
 3777              		.loc 1 1771 4 is_stmt 1 view .LVU1097
1771:Middlewares/Third_Party/FreeRTOS/Source/queue.c **** 			{
 3778              		.loc 1 1771 8 is_stmt 0 view .LVU1098
 3779 00d0 2046     		mov	r0, r4
 3780 00d2 FFF7FEFF 		bl	prvIsQueueEmpty
 3781              	.LVL307:
1771:Middlewares/Third_Party/FreeRTOS/Source/queue.c **** 			{
 3782              		.loc 1 1771 6 discriminator 1 view .LVU1099
 3783 00d6 0028     		cmp	r0, #0
 3784 00d8 3FD1     		bne	.L287
ARM GAS  C:\Users\kalpe\AppData\Local\Temp\ccC8Iu7o.s 			page 130


 3785              	.LVL308:
 3786              	.L271:
1653:Middlewares/Third_Party/FreeRTOS/Source/queue.c **** 	}
 3787              		.loc 1 1653 104 is_stmt 1 view .LVU1100
1661:Middlewares/Third_Party/FreeRTOS/Source/queue.c **** 	{
 3788              		.loc 1 1661 2 view .LVU1101
1663:Middlewares/Third_Party/FreeRTOS/Source/queue.c **** 		{
 3789              		.loc 1 1663 3 view .LVU1102
 3790 00da FFF7FEFF 		bl	vPortEnterCritical
 3791              	.LVL309:
 3792              	.LBB214:
1665:Middlewares/Third_Party/FreeRTOS/Source/queue.c **** 
 3793              		.loc 1 1665 4 view .LVU1103
1665:Middlewares/Third_Party/FreeRTOS/Source/queue.c **** 
 3794              		.loc 1 1665 22 is_stmt 0 view .LVU1104
 3795 00de A36B     		ldr	r3, [r4, #56]
 3796              	.LVL310:
1669:Middlewares/Third_Party/FreeRTOS/Source/queue.c **** 			{
 3797              		.loc 1 1669 4 is_stmt 1 view .LVU1105
1669:Middlewares/Third_Party/FreeRTOS/Source/queue.c **** 			{
 3798              		.loc 1 1669 6 is_stmt 0 view .LVU1106
 3799 00e0 002B     		cmp	r3, #0
 3800 00e2 BBD1     		bne	.L288
1706:Middlewares/Third_Party/FreeRTOS/Source/queue.c **** 				{
 3801              		.loc 1 1706 5 is_stmt 1 view .LVU1107
1706:Middlewares/Third_Party/FreeRTOS/Source/queue.c **** 				{
 3802              		.loc 1 1706 22 is_stmt 0 view .LVU1108
 3803 00e4 019B     		ldr	r3, [sp, #4]
 3804              	.LVL311:
1706:Middlewares/Third_Party/FreeRTOS/Source/queue.c **** 				{
 3805              		.loc 1 1706 7 view .LVU1109
 3806 00e6 002B     		cmp	r3, #0
 3807 00e8 D6D0     		beq	.L289
1714:Middlewares/Third_Party/FreeRTOS/Source/queue.c **** 				{
 3808              		.loc 1 1714 10 is_stmt 1 view .LVU1110
1714:Middlewares/Third_Party/FreeRTOS/Source/queue.c **** 				{
 3809              		.loc 1 1714 12 is_stmt 0 view .LVU1111
 3810 00ea 002D     		cmp	r5, #0
 3811 00ec D8D0     		beq	.L290
 3812              	.LVL312:
 3813              	.L276:
1725:Middlewares/Third_Party/FreeRTOS/Source/queue.c **** 				}
 3814              		.loc 1 1725 30 is_stmt 1 view .LVU1112
 3815              	.LBE214:
1729:Middlewares/Third_Party/FreeRTOS/Source/queue.c **** 
 3816              		.loc 1 1729 3 view .LVU1113
 3817 00ee FFF7FEFF 		bl	vPortExitCritical
 3818              	.LVL313:
1734:Middlewares/Third_Party/FreeRTOS/Source/queue.c **** 		prvLockQueue( pxQueue );
 3819              		.loc 1 1734 3 view .LVU1114
 3820 00f2 FFF7FEFF 		bl	vTaskSuspendAll
 3821              	.LVL314:
1735:Middlewares/Third_Party/FreeRTOS/Source/queue.c **** 
 3822              		.loc 1 1735 3 view .LVU1115
 3823 00f6 FFF7FEFF 		bl	vPortEnterCritical
 3824              	.LVL315:
1735:Middlewares/Third_Party/FreeRTOS/Source/queue.c **** 
ARM GAS  C:\Users\kalpe\AppData\Local\Temp\ccC8Iu7o.s 			page 131


 3825              		.loc 1 1735 3 discriminator 1 view .LVU1116
 3826 00fa 94F84430 		ldrb	r3, [r4, #68]	@ zero_extendqisi2
 3827 00fe 5BB2     		sxtb	r3, r3
 3828 0100 B3F1FF3F 		cmp	r3, #-1
 3829 0104 D1D0     		beq	.L291
 3830              	.L277:
1735:Middlewares/Third_Party/FreeRTOS/Source/queue.c **** 
 3831              		.loc 1 1735 3 discriminator 4 view .LVU1117
 3832 0106 94F84530 		ldrb	r3, [r4, #69]	@ zero_extendqisi2
 3833 010a 5BB2     		sxtb	r3, r3
 3834 010c B3F1FF3F 		cmp	r3, #-1
 3835 0110 CFD0     		beq	.L292
 3836              	.L278:
1735:Middlewares/Third_Party/FreeRTOS/Source/queue.c **** 
 3837              		.loc 1 1735 3 discriminator 7 view .LVU1118
 3838 0112 FFF7FEFF 		bl	vPortExitCritical
 3839              	.LVL316:
1738:Middlewares/Third_Party/FreeRTOS/Source/queue.c **** 		{
 3840              		.loc 1 1738 3 view .LVU1119
1738:Middlewares/Third_Party/FreeRTOS/Source/queue.c **** 		{
 3841              		.loc 1 1738 7 is_stmt 0 view .LVU1120
 3842 0116 01A9     		add	r1, sp, #4
 3843 0118 02A8     		add	r0, sp, #8
 3844 011a FFF7FEFF 		bl	xTaskCheckForTimeOut
 3845              	.LVL317:
1738:Middlewares/Third_Party/FreeRTOS/Source/queue.c **** 		{
 3846              		.loc 1 1738 5 discriminator 1 view .LVU1121
 3847 011e 0028     		cmp	r0, #0
 3848 0120 D1D1     		bne	.L279
1742:Middlewares/Third_Party/FreeRTOS/Source/queue.c **** 			{
 3849              		.loc 1 1742 4 is_stmt 1 view .LVU1122
1742:Middlewares/Third_Party/FreeRTOS/Source/queue.c **** 			{
 3850              		.loc 1 1742 8 is_stmt 0 view .LVU1123
 3851 0122 2046     		mov	r0, r4
 3852 0124 FFF7FEFF 		bl	prvIsQueueEmpty
 3853              	.LVL318:
1742:Middlewares/Third_Party/FreeRTOS/Source/queue.c **** 			{
 3854              		.loc 1 1742 6 discriminator 1 view .LVU1124
 3855 0128 0028     		cmp	r0, #0
 3856 012a C6D0     		beq	.L280
1744:Middlewares/Third_Party/FreeRTOS/Source/queue.c **** 				vTaskPlaceOnEventList( &( pxQueue->xTasksWaitingToReceive ), xTicksToWait );
 3857              		.loc 1 1744 43 is_stmt 1 view .LVU1125
1745:Middlewares/Third_Party/FreeRTOS/Source/queue.c **** 				prvUnlockQueue( pxQueue );
 3858              		.loc 1 1745 5 view .LVU1126
 3859 012c 0199     		ldr	r1, [sp, #4]
 3860 012e 04F12400 		add	r0, r4, #36
 3861 0132 FFF7FEFF 		bl	vTaskPlaceOnEventList
 3862              	.LVL319:
1746:Middlewares/Third_Party/FreeRTOS/Source/queue.c **** 				if( xTaskResumeAll() == pdFALSE )
 3863              		.loc 1 1746 5 view .LVU1127
 3864 0136 2046     		mov	r0, r4
 3865 0138 FFF7FEFF 		bl	prvUnlockQueue
 3866              	.LVL320:
1747:Middlewares/Third_Party/FreeRTOS/Source/queue.c **** 				{
 3867              		.loc 1 1747 5 view .LVU1128
1747:Middlewares/Third_Party/FreeRTOS/Source/queue.c **** 				{
 3868              		.loc 1 1747 9 is_stmt 0 view .LVU1129
ARM GAS  C:\Users\kalpe\AppData\Local\Temp\ccC8Iu7o.s 			page 132


 3869 013c FFF7FEFF 		bl	xTaskResumeAll
 3870              	.LVL321:
1747:Middlewares/Third_Party/FreeRTOS/Source/queue.c **** 				{
 3871              		.loc 1 1747 7 discriminator 1 view .LVU1130
 3872 0140 0028     		cmp	r0, #0
 3873 0142 CAD1     		bne	.L271
1749:Middlewares/Third_Party/FreeRTOS/Source/queue.c **** 				}
 3874              		.loc 1 1749 6 is_stmt 1 view .LVU1131
 3875 0144 4FF0E023 		mov	r3, #-536813568
 3876 0148 4FF08052 		mov	r2, #268435456
 3877 014c C3F8042D 		str	r2, [r3, #3332]
1749:Middlewares/Third_Party/FreeRTOS/Source/queue.c **** 				}
 3878              		.loc 1 1749 6 view .LVU1132
 3879              		.syntax unified
 3880              	@ 1749 "Middlewares/Third_Party/FreeRTOS/Source/queue.c" 1
 3881 0150 BFF34F8F 		dsb
 3882              	@ 0 "" 2
1749:Middlewares/Third_Party/FreeRTOS/Source/queue.c **** 				}
 3883              		.loc 1 1749 6 view .LVU1133
 3884              	@ 1749 "Middlewares/Third_Party/FreeRTOS/Source/queue.c" 1
 3885 0154 BFF36F8F 		isb
 3886              	@ 0 "" 2
1749:Middlewares/Third_Party/FreeRTOS/Source/queue.c **** 				}
 3887              		.loc 1 1749 28 view .LVU1134
 3888              		.thumb
 3889              		.syntax unified
 3890 0158 BFE7     		b	.L271
 3891              	.L287:
1774:Middlewares/Third_Party/FreeRTOS/Source/queue.c **** 			}
 3892              		.loc 1 1774 12 is_stmt 0 view .LVU1135
 3893 015a 0020     		movs	r0, #0
 3894 015c 89E7     		b	.L264
 3895              		.cfi_endproc
 3896              	.LFE22:
 3898              		.section	.text.xQueueReceiveFromISR,"ax",%progbits
 3899              		.align	1
 3900              		.global	xQueueReceiveFromISR
 3901              		.syntax unified
 3902              		.thumb
 3903              		.thumb_func
 3905              	xQueueReceiveFromISR:
 3906              	.LVL322:
 3907              	.LFB23:
1786:Middlewares/Third_Party/FreeRTOS/Source/queue.c **** BaseType_t xReturn;
 3908              		.loc 1 1786 1 is_stmt 1 view -0
 3909              		.cfi_startproc
 3910              		@ args = 0, pretend = 0, frame = 0
 3911              		@ frame_needed = 0, uses_anonymous_args = 0
1786:Middlewares/Third_Party/FreeRTOS/Source/queue.c **** BaseType_t xReturn;
 3912              		.loc 1 1786 1 is_stmt 0 view .LVU1137
 3913 0000 2DE9F843 		push	{r3, r4, r5, r6, r7, r8, r9, lr}
 3914              	.LCFI49:
 3915              		.cfi_def_cfa_offset 32
 3916              		.cfi_offset 3, -32
 3917              		.cfi_offset 4, -28
 3918              		.cfi_offset 5, -24
 3919              		.cfi_offset 6, -20
ARM GAS  C:\Users\kalpe\AppData\Local\Temp\ccC8Iu7o.s 			page 133


 3920              		.cfi_offset 7, -16
 3921              		.cfi_offset 8, -12
 3922              		.cfi_offset 9, -8
 3923              		.cfi_offset 14, -4
1787:Middlewares/Third_Party/FreeRTOS/Source/queue.c **** UBaseType_t uxSavedInterruptStatus;
 3924              		.loc 1 1787 1 is_stmt 1 view .LVU1138
1788:Middlewares/Third_Party/FreeRTOS/Source/queue.c **** Queue_t * const pxQueue = xQueue;
 3925              		.loc 1 1788 1 view .LVU1139
1789:Middlewares/Third_Party/FreeRTOS/Source/queue.c **** 
 3926              		.loc 1 1789 1 view .LVU1140
 3927              	.LVL323:
1791:Middlewares/Third_Party/FreeRTOS/Source/queue.c **** 	configASSERT( !( ( pvBuffer == NULL ) && ( pxQueue->uxItemSize != ( UBaseType_t ) 0U ) ) );
 3928              		.loc 1 1791 2 view .LVU1141
 3929 0004 C0B1     		cbz	r0, .L305
 3930 0006 0E46     		mov	r6, r1
 3931 0008 9046     		mov	r8, r2
 3932 000a 0446     		mov	r4, r0
1791:Middlewares/Third_Party/FreeRTOS/Source/queue.c **** 	configASSERT( !( ( pvBuffer == NULL ) && ( pxQueue->uxItemSize != ( UBaseType_t ) 0U ) ) );
 3933              		.loc 1 1791 25 view .LVU1142
1792:Middlewares/Third_Party/FreeRTOS/Source/queue.c **** 
 3934              		.loc 1 1792 2 view .LVU1143
 3935 000c E9B1     		cbz	r1, .L306
 3936              	.L296:
1792:Middlewares/Third_Party/FreeRTOS/Source/queue.c **** 
 3937              		.loc 1 1792 92 view .LVU1144
1808:Middlewares/Third_Party/FreeRTOS/Source/queue.c **** 
 3938              		.loc 1 1808 2 view .LVU1145
 3939 000e FFF7FEFF 		bl	vPortValidateInterruptPriority
 3940              	.LVL324:
1810:Middlewares/Third_Party/FreeRTOS/Source/queue.c **** 	{
 3941              		.loc 1 1810 2 view .LVU1146
 3942              	.LBB215:
 3943              	.LBI215:
 207:Middlewares/Third_Party/FreeRTOS/Source/portable/GCC/ARM_CM4F/portmacro.h **** {
 3944              		.loc 2 207 34 view .LVU1147
 3945              	.LBB216:
 209:Middlewares/Third_Party/FreeRTOS/Source/portable/GCC/ARM_CM4F/portmacro.h **** 
 3946              		.loc 2 209 1 view .LVU1148
 211:Middlewares/Third_Party/FreeRTOS/Source/portable/GCC/ARM_CM4F/portmacro.h **** 	(
 3947              		.loc 2 211 2 view .LVU1149
 3948              		.syntax unified
 3949              	@ 211 "Middlewares/Third_Party/FreeRTOS/Source/portable/GCC/ARM_CM4F/portmacro.h" 1
 3950 0012 EFF31183 			mrs r3, basepri											
 3951 0016 4FF05002 		mov r2, #80												
 3952 001a 82F31188 		msr basepri, r2											
 3953 001e BFF36F8F 		isb														
 3954 0022 BFF34F8F 		dsb														
 3955              	
 3956              	@ 0 "" 2
 3957              		.thumb
 3958              		.syntax unified
 3959 0026 1F46     		mov	r7, r3
 223:Middlewares/Third_Party/FreeRTOS/Source/portable/GCC/ARM_CM4F/portmacro.h **** }
 3960              		.loc 2 223 2 view .LVU1150
 3961              	.LVL325:
 223:Middlewares/Third_Party/FreeRTOS/Source/portable/GCC/ARM_CM4F/portmacro.h **** }
 3962              		.loc 2 223 2 is_stmt 0 view .LVU1151
ARM GAS  C:\Users\kalpe\AppData\Local\Temp\ccC8Iu7o.s 			page 134


 3963              	.LBE216:
 3964              	.LBE215:
 3965              	.LBB217:
1812:Middlewares/Third_Party/FreeRTOS/Source/queue.c **** 
 3966              		.loc 1 1812 3 is_stmt 1 view .LVU1152
1812:Middlewares/Third_Party/FreeRTOS/Source/queue.c **** 
 3967              		.loc 1 1812 21 is_stmt 0 view .LVU1153
 3968 0028 A36B     		ldr	r3, [r4, #56]
 3969              	.LVL326:
1812:Middlewares/Third_Party/FreeRTOS/Source/queue.c **** 
 3970              		.loc 1 1812 21 view .LVU1154
 3971 002a 9946     		mov	r9, r3
 3972              	.LVL327:
1815:Middlewares/Third_Party/FreeRTOS/Source/queue.c **** 		{
 3973              		.loc 1 1815 3 is_stmt 1 view .LVU1155
1815:Middlewares/Third_Party/FreeRTOS/Source/queue.c **** 		{
 3974              		.loc 1 1815 5 is_stmt 0 view .LVU1156
 3975 002c CBB9     		cbnz	r3, .L307
1866:Middlewares/Third_Party/FreeRTOS/Source/queue.c **** 			traceQUEUE_RECEIVE_FROM_ISR_FAILED( pxQueue );
 3976              		.loc 1 1866 12 view .LVU1157
 3977 002e 1846     		mov	r0, r3
 3978              	.LVL328:
 3979              	.L298:
1867:Middlewares/Third_Party/FreeRTOS/Source/queue.c **** 		}
 3980              		.loc 1 1867 49 is_stmt 1 view .LVU1158
 3981              	.LBE217:
1870:Middlewares/Third_Party/FreeRTOS/Source/queue.c **** 
 3982              		.loc 1 1870 2 view .LVU1159
 3983              	.LBB219:
 3984              	.LBI219:
 227:Middlewares/Third_Party/FreeRTOS/Source/portable/GCC/ARM_CM4F/portmacro.h **** {
 3985              		.loc 2 227 30 view .LVU1160
 3986              	.LBB220:
 3987              		.loc 2 229 2 view .LVU1161
 3988              		.syntax unified
 3989              	@ 229 "Middlewares/Third_Party/FreeRTOS/Source/portable/GCC/ARM_CM4F/portmacro.h" 1
 3990 0030 87F31188 			msr basepri, r7	
 3991              	@ 0 "" 2
 3992              		.thumb
 3993              		.syntax unified
 3994              	.LBE220:
 3995              	.LBE219:
1872:Middlewares/Third_Party/FreeRTOS/Source/queue.c **** }
 3996              		.loc 1 1872 2 view .LVU1162
1873:Middlewares/Third_Party/FreeRTOS/Source/queue.c **** /*-----------------------------------------------------------*/
 3997              		.loc 1 1873 1 is_stmt 0 view .LVU1163
 3998 0034 BDE8F883 		pop	{r3, r4, r5, r6, r7, r8, r9, pc}
 3999              	.LVL329:
 4000              	.L305:
1791:Middlewares/Third_Party/FreeRTOS/Source/queue.c **** 	configASSERT( !( ( pvBuffer == NULL ) && ( pxQueue->uxItemSize != ( UBaseType_t ) 0U ) ) );
 4001              		.loc 1 1791 2 is_stmt 1 discriminator 1 view .LVU1164
 4002              	.LBB221:
 4003              	.LBI221:
 191:Middlewares/Third_Party/FreeRTOS/Source/portable/GCC/ARM_CM4F/portmacro.h **** {
 4004              		.loc 2 191 30 view .LVU1165
 4005              	.LBB222:
 193:Middlewares/Third_Party/FreeRTOS/Source/portable/GCC/ARM_CM4F/portmacro.h **** 
ARM GAS  C:\Users\kalpe\AppData\Local\Temp\ccC8Iu7o.s 			page 135


 4006              		.loc 2 193 1 view .LVU1166
 195:Middlewares/Third_Party/FreeRTOS/Source/portable/GCC/ARM_CM4F/portmacro.h **** 	(
 4007              		.loc 2 195 2 view .LVU1167
 4008              		.syntax unified
 4009              	@ 195 "Middlewares/Third_Party/FreeRTOS/Source/portable/GCC/ARM_CM4F/portmacro.h" 1
 4010 0038 4FF05003 			mov r3, #80												
 4011 003c 83F31188 		msr basepri, r3											
 4012 0040 BFF36F8F 		isb														
 4013 0044 BFF34F8F 		dsb														
 4014              	
 4015              	@ 0 "" 2
 4016              		.thumb
 4017              		.syntax unified
 4018              	.L295:
 4019              	.LBE222:
 4020              	.LBE221:
1791:Middlewares/Third_Party/FreeRTOS/Source/queue.c **** 	configASSERT( !( ( pvBuffer == NULL ) && ( pxQueue->uxItemSize != ( UBaseType_t ) 0U ) ) );
 4021              		.loc 1 1791 2 view .LVU1168
 4022 0048 FEE7     		b	.L295
 4023              	.L306:
1792:Middlewares/Third_Party/FreeRTOS/Source/queue.c **** 
 4024              		.loc 1 1792 2 is_stmt 0 discriminator 2 view .LVU1169
 4025 004a 036C     		ldr	r3, [r0, #64]
 4026 004c 002B     		cmp	r3, #0
 4027 004e DED0     		beq	.L296
1792:Middlewares/Third_Party/FreeRTOS/Source/queue.c **** 
 4028              		.loc 1 1792 2 is_stmt 1 discriminator 7 view .LVU1170
 4029              	.LBB223:
 4030              	.LBI223:
 191:Middlewares/Third_Party/FreeRTOS/Source/portable/GCC/ARM_CM4F/portmacro.h **** {
 4031              		.loc 2 191 30 view .LVU1171
 4032              	.LBB224:
 193:Middlewares/Third_Party/FreeRTOS/Source/portable/GCC/ARM_CM4F/portmacro.h **** 
 4033              		.loc 2 193 1 view .LVU1172
 195:Middlewares/Third_Party/FreeRTOS/Source/portable/GCC/ARM_CM4F/portmacro.h **** 	(
 4034              		.loc 2 195 2 view .LVU1173
 4035              		.syntax unified
 4036              	@ 195 "Middlewares/Third_Party/FreeRTOS/Source/portable/GCC/ARM_CM4F/portmacro.h" 1
 4037 0050 4FF05003 			mov r3, #80												
 4038 0054 83F31188 		msr basepri, r3											
 4039 0058 BFF36F8F 		isb														
 4040 005c BFF34F8F 		dsb														
 4041              	
 4042              	@ 0 "" 2
 4043              		.thumb
 4044              		.syntax unified
 4045              	.L297:
 4046              	.LBE224:
 4047              	.LBE223:
1792:Middlewares/Third_Party/FreeRTOS/Source/queue.c **** 
 4048              		.loc 1 1792 2 view .LVU1174
 4049 0060 FEE7     		b	.L297
 4050              	.LVL330:
 4051              	.L307:
 4052              	.LBB225:
 4053              	.LBB218:
1817:Middlewares/Third_Party/FreeRTOS/Source/queue.c **** 
ARM GAS  C:\Users\kalpe\AppData\Local\Temp\ccC8Iu7o.s 			page 136


 4054              		.loc 1 1817 4 view .LVU1175
1817:Middlewares/Third_Party/FreeRTOS/Source/queue.c **** 
 4055              		.loc 1 1817 17 is_stmt 0 view .LVU1176
 4056 0062 94F84430 		ldrb	r3, [r4, #68]	@ zero_extendqisi2
 4057              	.LVL331:
1817:Middlewares/Third_Party/FreeRTOS/Source/queue.c **** 
 4058              		.loc 1 1817 17 view .LVU1177
 4059 0066 5DB2     		sxtb	r5, r3
 4060              	.LVL332:
1819:Middlewares/Third_Party/FreeRTOS/Source/queue.c **** 
 4061              		.loc 1 1819 42 is_stmt 1 view .LVU1178
1821:Middlewares/Third_Party/FreeRTOS/Source/queue.c **** 			pxQueue->uxMessagesWaiting = uxMessagesWaiting - ( UBaseType_t ) 1;
 4062              		.loc 1 1821 4 view .LVU1179
 4063 0068 3146     		mov	r1, r6
 4064 006a 2046     		mov	r0, r4
 4065 006c FFF7FEFF 		bl	prvCopyDataFromQueue
 4066              	.LVL333:
1822:Middlewares/Third_Party/FreeRTOS/Source/queue.c **** 
 4067              		.loc 1 1822 4 view .LVU1180
1822:Middlewares/Third_Party/FreeRTOS/Source/queue.c **** 
 4068              		.loc 1 1822 51 is_stmt 0 view .LVU1181
 4069 0070 09F1FF33 		add	r3, r9, #-1
1822:Middlewares/Third_Party/FreeRTOS/Source/queue.c **** 
 4070              		.loc 1 1822 31 view .LVU1182
 4071 0074 A363     		str	r3, [r4, #56]
1828:Middlewares/Third_Party/FreeRTOS/Source/queue.c **** 			{
 4072              		.loc 1 1828 4 is_stmt 1 view .LVU1183
1828:Middlewares/Third_Party/FreeRTOS/Source/queue.c **** 			{
 4073              		.loc 1 1828 6 is_stmt 0 view .LVU1184
 4074 0076 B5F1FF3F 		cmp	r5, #-1
 4075 007a 06D0     		beq	.L308
1859:Middlewares/Third_Party/FreeRTOS/Source/queue.c **** 			}
 4076              		.loc 1 1859 5 is_stmt 1 view .LVU1185
1859:Middlewares/Third_Party/FreeRTOS/Source/queue.c **** 			}
 4077              		.loc 1 1859 45 is_stmt 0 view .LVU1186
 4078 007c 2B46     		mov	r3, r5
 4079 007e 0133     		adds	r3, r3, #1
1859:Middlewares/Third_Party/FreeRTOS/Source/queue.c **** 			}
 4080              		.loc 1 1859 24 view .LVU1187
 4081 0080 5BB2     		sxtb	r3, r3
1859:Middlewares/Third_Party/FreeRTOS/Source/queue.c **** 			}
 4082              		.loc 1 1859 22 view .LVU1188
 4083 0082 84F84430 		strb	r3, [r4, #68]
1862:Middlewares/Third_Party/FreeRTOS/Source/queue.c **** 		}
 4084              		.loc 1 1862 12 view .LVU1189
 4085 0086 0120     		movs	r0, #1
 4086 0088 D2E7     		b	.L298
 4087              	.L308:
1830:Middlewares/Third_Party/FreeRTOS/Source/queue.c **** 				{
 4088              		.loc 1 1830 5 is_stmt 1 view .LVU1190
1830:Middlewares/Third_Party/FreeRTOS/Source/queue.c **** 				{
 4089              		.loc 1 1830 9 is_stmt 0 view .LVU1191
 4090 008a 2369     		ldr	r3, [r4, #16]
1830:Middlewares/Third_Party/FreeRTOS/Source/queue.c **** 				{
 4091              		.loc 1 1830 7 view .LVU1192
 4092 008c 0BB9     		cbnz	r3, .L309
1862:Middlewares/Third_Party/FreeRTOS/Source/queue.c **** 		}
ARM GAS  C:\Users\kalpe\AppData\Local\Temp\ccC8Iu7o.s 			page 137


 4093              		.loc 1 1862 12 view .LVU1193
 4094 008e 0120     		movs	r0, #1
 4095 0090 CEE7     		b	.L298
 4096              	.L309:
1832:Middlewares/Third_Party/FreeRTOS/Source/queue.c **** 					{
 4097              		.loc 1 1832 6 is_stmt 1 view .LVU1194
1832:Middlewares/Third_Party/FreeRTOS/Source/queue.c **** 					{
 4098              		.loc 1 1832 10 is_stmt 0 view .LVU1195
 4099 0092 04F11000 		add	r0, r4, #16
 4100 0096 FFF7FEFF 		bl	xTaskRemoveFromEventList
 4101              	.LVL334:
1832:Middlewares/Third_Party/FreeRTOS/Source/queue.c **** 					{
 4102              		.loc 1 1832 8 discriminator 1 view .LVU1196
 4103 009a 28B1     		cbz	r0, .L302
1836:Middlewares/Third_Party/FreeRTOS/Source/queue.c **** 						{
 4104              		.loc 1 1836 7 is_stmt 1 view .LVU1197
1836:Middlewares/Third_Party/FreeRTOS/Source/queue.c **** 						{
 4105              		.loc 1 1836 9 is_stmt 0 view .LVU1198
 4106 009c 4346     		mov	r3, r8
 4107 009e 2BB1     		cbz	r3, .L303
 4108              	.LVL335:
1838:Middlewares/Third_Party/FreeRTOS/Source/queue.c **** 						}
 4109              		.loc 1 1838 8 is_stmt 1 view .LVU1199
1838:Middlewares/Third_Party/FreeRTOS/Source/queue.c **** 						}
 4110              		.loc 1 1838 35 is_stmt 0 view .LVU1200
 4111 00a0 0120     		movs	r0, #1
 4112 00a2 C8F80000 		str	r0, [r8]
 4113 00a6 C3E7     		b	.L298
 4114              	.LVL336:
 4115              	.L302:
1862:Middlewares/Third_Party/FreeRTOS/Source/queue.c **** 		}
 4116              		.loc 1 1862 12 view .LVU1201
 4117 00a8 0120     		movs	r0, #1
 4118 00aa C1E7     		b	.L298
 4119              	.LVL337:
 4120              	.L303:
1862:Middlewares/Third_Party/FreeRTOS/Source/queue.c **** 		}
 4121              		.loc 1 1862 12 view .LVU1202
 4122 00ac 0120     		movs	r0, #1
 4123 00ae BFE7     		b	.L298
 4124              	.LBE218:
 4125              	.LBE225:
 4126              		.cfi_endproc
 4127              	.LFE23:
 4129              		.section	.text.xQueuePeekFromISR,"ax",%progbits
 4130              		.align	1
 4131              		.global	xQueuePeekFromISR
 4132              		.syntax unified
 4133              		.thumb
 4134              		.thumb_func
 4136              	xQueuePeekFromISR:
 4137              	.LVL338:
 4138              	.LFB24:
1877:Middlewares/Third_Party/FreeRTOS/Source/queue.c **** BaseType_t xReturn;
 4139              		.loc 1 1877 1 is_stmt 1 view -0
 4140              		.cfi_startproc
 4141              		@ args = 0, pretend = 0, frame = 0
ARM GAS  C:\Users\kalpe\AppData\Local\Temp\ccC8Iu7o.s 			page 138


 4142              		@ frame_needed = 0, uses_anonymous_args = 0
1877:Middlewares/Third_Party/FreeRTOS/Source/queue.c **** BaseType_t xReturn;
 4143              		.loc 1 1877 1 is_stmt 0 view .LVU1204
 4144 0000 F8B5     		push	{r3, r4, r5, r6, r7, lr}
 4145              	.LCFI50:
 4146              		.cfi_def_cfa_offset 24
 4147              		.cfi_offset 3, -24
 4148              		.cfi_offset 4, -20
 4149              		.cfi_offset 5, -16
 4150              		.cfi_offset 6, -12
 4151              		.cfi_offset 7, -8
 4152              		.cfi_offset 14, -4
1878:Middlewares/Third_Party/FreeRTOS/Source/queue.c **** UBaseType_t uxSavedInterruptStatus;
 4153              		.loc 1 1878 1 is_stmt 1 view .LVU1205
1879:Middlewares/Third_Party/FreeRTOS/Source/queue.c **** int8_t *pcOriginalReadPosition;
 4154              		.loc 1 1879 1 view .LVU1206
1880:Middlewares/Third_Party/FreeRTOS/Source/queue.c **** Queue_t * const pxQueue = xQueue;
 4155              		.loc 1 1880 1 view .LVU1207
1881:Middlewares/Third_Party/FreeRTOS/Source/queue.c **** 
 4156              		.loc 1 1881 1 view .LVU1208
 4157              	.LVL339:
1883:Middlewares/Third_Party/FreeRTOS/Source/queue.c **** 	configASSERT( !( ( pvBuffer == NULL ) && ( pxQueue->uxItemSize != ( UBaseType_t ) 0U ) ) );
 4158              		.loc 1 1883 2 view .LVU1209
 4159 0002 68B1     		cbz	r0, .L320
 4160 0004 0E46     		mov	r6, r1
 4161 0006 0446     		mov	r4, r0
1883:Middlewares/Third_Party/FreeRTOS/Source/queue.c **** 	configASSERT( !( ( pvBuffer == NULL ) && ( pxQueue->uxItemSize != ( UBaseType_t ) 0U ) ) );
 4162              		.loc 1 1883 25 view .LVU1210
1884:Middlewares/Third_Party/FreeRTOS/Source/queue.c **** 	configASSERT( pxQueue->uxItemSize != 0 ); /* Can't peek a semaphore. */
 4163              		.loc 1 1884 2 view .LVU1211
 4164 0008 99B1     		cbz	r1, .L321
 4165              	.L313:
1884:Middlewares/Third_Party/FreeRTOS/Source/queue.c **** 	configASSERT( pxQueue->uxItemSize != 0 ); /* Can't peek a semaphore. */
 4166              		.loc 1 1884 92 view .LVU1212
1885:Middlewares/Third_Party/FreeRTOS/Source/queue.c **** 
 4167              		.loc 1 1885 2 view .LVU1213
 4168 000a 236C     		ldr	r3, [r4, #64]
 4169 000c EBB9     		cbnz	r3, .L315
1885:Middlewares/Third_Party/FreeRTOS/Source/queue.c **** 
 4170              		.loc 1 1885 2 discriminator 1 view .LVU1214
 4171              	.LBB226:
 4172              	.LBI226:
 191:Middlewares/Third_Party/FreeRTOS/Source/portable/GCC/ARM_CM4F/portmacro.h **** {
 4173              		.loc 2 191 30 view .LVU1215
 4174              	.LBB227:
 193:Middlewares/Third_Party/FreeRTOS/Source/portable/GCC/ARM_CM4F/portmacro.h **** 
 4175              		.loc 2 193 1 view .LVU1216
 195:Middlewares/Third_Party/FreeRTOS/Source/portable/GCC/ARM_CM4F/portmacro.h **** 	(
 4176              		.loc 2 195 2 view .LVU1217
 4177              		.syntax unified
 4178              	@ 195 "Middlewares/Third_Party/FreeRTOS/Source/portable/GCC/ARM_CM4F/portmacro.h" 1
 4179 000e 4FF05003 			mov r3, #80												
 4180 0012 83F31188 		msr basepri, r3											
 4181 0016 BFF36F8F 		isb														
 4182 001a BFF34F8F 		dsb														
 4183              	
 4184              	@ 0 "" 2
ARM GAS  C:\Users\kalpe\AppData\Local\Temp\ccC8Iu7o.s 			page 139


 4185              		.thumb
 4186              		.syntax unified
 4187              	.L316:
 4188              	.LBE227:
 4189              	.LBE226:
1885:Middlewares/Third_Party/FreeRTOS/Source/queue.c **** 
 4190              		.loc 1 1885 2 view .LVU1218
 4191 001e FEE7     		b	.L316
 4192              	.L320:
1883:Middlewares/Third_Party/FreeRTOS/Source/queue.c **** 	configASSERT( !( ( pvBuffer == NULL ) && ( pxQueue->uxItemSize != ( UBaseType_t ) 0U ) ) );
 4193              		.loc 1 1883 2 discriminator 1 view .LVU1219
 4194              	.LBB228:
 4195              	.LBI228:
 191:Middlewares/Third_Party/FreeRTOS/Source/portable/GCC/ARM_CM4F/portmacro.h **** {
 4196              		.loc 2 191 30 view .LVU1220
 4197              	.LBB229:
 193:Middlewares/Third_Party/FreeRTOS/Source/portable/GCC/ARM_CM4F/portmacro.h **** 
 4198              		.loc 2 193 1 view .LVU1221
 195:Middlewares/Third_Party/FreeRTOS/Source/portable/GCC/ARM_CM4F/portmacro.h **** 	(
 4199              		.loc 2 195 2 view .LVU1222
 4200              		.syntax unified
 4201              	@ 195 "Middlewares/Third_Party/FreeRTOS/Source/portable/GCC/ARM_CM4F/portmacro.h" 1
 4202 0020 4FF05003 			mov r3, #80												
 4203 0024 83F31188 		msr basepri, r3											
 4204 0028 BFF36F8F 		isb														
 4205 002c BFF34F8F 		dsb														
 4206              	
 4207              	@ 0 "" 2
 4208              		.thumb
 4209              		.syntax unified
 4210              	.L312:
 4211              	.LBE229:
 4212              	.LBE228:
1883:Middlewares/Third_Party/FreeRTOS/Source/queue.c **** 	configASSERT( !( ( pvBuffer == NULL ) && ( pxQueue->uxItemSize != ( UBaseType_t ) 0U ) ) );
 4213              		.loc 1 1883 2 view .LVU1223
 4214 0030 FEE7     		b	.L312
 4215              	.L321:
1884:Middlewares/Third_Party/FreeRTOS/Source/queue.c **** 	configASSERT( pxQueue->uxItemSize != 0 ); /* Can't peek a semaphore. */
 4216              		.loc 1 1884 2 is_stmt 0 discriminator 2 view .LVU1224
 4217 0032 036C     		ldr	r3, [r0, #64]
 4218 0034 002B     		cmp	r3, #0
 4219 0036 E8D0     		beq	.L313
1884:Middlewares/Third_Party/FreeRTOS/Source/queue.c **** 	configASSERT( pxQueue->uxItemSize != 0 ); /* Can't peek a semaphore. */
 4220              		.loc 1 1884 2 is_stmt 1 discriminator 7 view .LVU1225
 4221              	.LBB230:
 4222              	.LBI230:
 191:Middlewares/Third_Party/FreeRTOS/Source/portable/GCC/ARM_CM4F/portmacro.h **** {
 4223              		.loc 2 191 30 view .LVU1226
 4224              	.LBB231:
 193:Middlewares/Third_Party/FreeRTOS/Source/portable/GCC/ARM_CM4F/portmacro.h **** 
 4225              		.loc 2 193 1 view .LVU1227
 195:Middlewares/Third_Party/FreeRTOS/Source/portable/GCC/ARM_CM4F/portmacro.h **** 	(
 4226              		.loc 2 195 2 view .LVU1228
 4227              		.syntax unified
 4228              	@ 195 "Middlewares/Third_Party/FreeRTOS/Source/portable/GCC/ARM_CM4F/portmacro.h" 1
 4229 0038 4FF05003 			mov r3, #80												
 4230 003c 83F31188 		msr basepri, r3											
ARM GAS  C:\Users\kalpe\AppData\Local\Temp\ccC8Iu7o.s 			page 140


 4231 0040 BFF36F8F 		isb														
 4232 0044 BFF34F8F 		dsb														
 4233              	
 4234              	@ 0 "" 2
 4235              		.thumb
 4236              		.syntax unified
 4237              	.L314:
 4238              	.LBE231:
 4239              	.LBE230:
1884:Middlewares/Third_Party/FreeRTOS/Source/queue.c **** 	configASSERT( pxQueue->uxItemSize != 0 ); /* Can't peek a semaphore. */
 4240              		.loc 1 1884 2 view .LVU1229
 4241 0048 FEE7     		b	.L314
 4242              	.L315:
1885:Middlewares/Third_Party/FreeRTOS/Source/queue.c **** 
 4243              		.loc 1 1885 42 view .LVU1230
1901:Middlewares/Third_Party/FreeRTOS/Source/queue.c **** 
 4244              		.loc 1 1901 2 view .LVU1231
 4245 004a FFF7FEFF 		bl	vPortValidateInterruptPriority
 4246              	.LVL340:
1903:Middlewares/Third_Party/FreeRTOS/Source/queue.c **** 	{
 4247              		.loc 1 1903 2 view .LVU1232
 4248              	.LBB232:
 4249              	.LBI232:
 207:Middlewares/Third_Party/FreeRTOS/Source/portable/GCC/ARM_CM4F/portmacro.h **** {
 4250              		.loc 2 207 34 view .LVU1233
 4251              	.LBB233:
 209:Middlewares/Third_Party/FreeRTOS/Source/portable/GCC/ARM_CM4F/portmacro.h **** 
 4252              		.loc 2 209 1 view .LVU1234
 211:Middlewares/Third_Party/FreeRTOS/Source/portable/GCC/ARM_CM4F/portmacro.h **** 	(
 4253              		.loc 2 211 2 view .LVU1235
 4254              		.syntax unified
 4255              	@ 211 "Middlewares/Third_Party/FreeRTOS/Source/portable/GCC/ARM_CM4F/portmacro.h" 1
 4256 004e EFF31183 			mrs r3, basepri											
 4257 0052 4FF05002 		mov r2, #80												
 4258 0056 82F31188 		msr basepri, r2											
 4259 005a BFF36F8F 		isb														
 4260 005e BFF34F8F 		dsb														
 4261              	
 4262              	@ 0 "" 2
 4263              		.thumb
 4264              		.syntax unified
 4265 0062 1F46     		mov	r7, r3
 223:Middlewares/Third_Party/FreeRTOS/Source/portable/GCC/ARM_CM4F/portmacro.h **** }
 4266              		.loc 2 223 2 view .LVU1236
 4267              	.LVL341:
 223:Middlewares/Third_Party/FreeRTOS/Source/portable/GCC/ARM_CM4F/portmacro.h **** }
 4268              		.loc 2 223 2 is_stmt 0 view .LVU1237
 4269              	.LBE233:
 4270              	.LBE232:
1906:Middlewares/Third_Party/FreeRTOS/Source/queue.c **** 		{
 4271              		.loc 1 1906 3 is_stmt 1 view .LVU1238
1906:Middlewares/Third_Party/FreeRTOS/Source/queue.c **** 		{
 4272              		.loc 1 1906 14 is_stmt 0 view .LVU1239
 4273 0064 A36B     		ldr	r3, [r4, #56]
 4274              	.LVL342:
1906:Middlewares/Third_Party/FreeRTOS/Source/queue.c **** 		{
 4275              		.loc 1 1906 5 view .LVU1240
ARM GAS  C:\Users\kalpe\AppData\Local\Temp\ccC8Iu7o.s 			page 141


 4276 0066 1BB9     		cbnz	r3, .L322
1920:Middlewares/Third_Party/FreeRTOS/Source/queue.c **** 			traceQUEUE_PEEK_FROM_ISR_FAILED( pxQueue );
 4277              		.loc 1 1920 12 view .LVU1241
 4278 0068 1846     		mov	r0, r3
 4279              	.L317:
 4280              	.LVL343:
1921:Middlewares/Third_Party/FreeRTOS/Source/queue.c **** 		}
 4281              		.loc 1 1921 46 is_stmt 1 view .LVU1242
1924:Middlewares/Third_Party/FreeRTOS/Source/queue.c **** 
 4282              		.loc 1 1924 2 view .LVU1243
 4283              	.LBB234:
 4284              	.LBI234:
 227:Middlewares/Third_Party/FreeRTOS/Source/portable/GCC/ARM_CM4F/portmacro.h **** {
 4285              		.loc 2 227 30 view .LVU1244
 4286              	.LBB235:
 4287              		.loc 2 229 2 view .LVU1245
 4288              		.syntax unified
 4289              	@ 229 "Middlewares/Third_Party/FreeRTOS/Source/portable/GCC/ARM_CM4F/portmacro.h" 1
 4290 006a 87F31188 			msr basepri, r7	
 4291              	@ 0 "" 2
 4292              		.thumb
 4293              		.syntax unified
 4294              	.LBE235:
 4295              	.LBE234:
1926:Middlewares/Third_Party/FreeRTOS/Source/queue.c **** }
 4296              		.loc 1 1926 2 view .LVU1246
1927:Middlewares/Third_Party/FreeRTOS/Source/queue.c **** /*-----------------------------------------------------------*/
 4297              		.loc 1 1927 1 is_stmt 0 view .LVU1247
 4298 006e F8BD     		pop	{r3, r4, r5, r6, r7, pc}
 4299              	.LVL344:
 4300              	.L322:
1908:Middlewares/Third_Party/FreeRTOS/Source/queue.c **** 
 4301              		.loc 1 1908 39 is_stmt 1 view .LVU1248
1912:Middlewares/Third_Party/FreeRTOS/Source/queue.c **** 			prvCopyDataFromQueue( pxQueue, pvBuffer );
 4302              		.loc 1 1912 4 view .LVU1249
1912:Middlewares/Third_Party/FreeRTOS/Source/queue.c **** 			prvCopyDataFromQueue( pxQueue, pvBuffer );
 4303              		.loc 1 1912 27 is_stmt 0 view .LVU1250
 4304 0070 E368     		ldr	r3, [r4, #12]
 4305 0072 1D46     		mov	r5, r3
 4306              	.LVL345:
1913:Middlewares/Third_Party/FreeRTOS/Source/queue.c **** 			pxQueue->u.xQueue.pcReadFrom = pcOriginalReadPosition;
 4307              		.loc 1 1913 4 is_stmt 1 view .LVU1251
 4308 0074 3146     		mov	r1, r6
 4309 0076 2046     		mov	r0, r4
 4310 0078 FFF7FEFF 		bl	prvCopyDataFromQueue
 4311              	.LVL346:
1914:Middlewares/Third_Party/FreeRTOS/Source/queue.c **** 
 4312              		.loc 1 1914 4 view .LVU1252
1914:Middlewares/Third_Party/FreeRTOS/Source/queue.c **** 
 4313              		.loc 1 1914 33 is_stmt 0 view .LVU1253
 4314 007c E560     		str	r5, [r4, #12]
1916:Middlewares/Third_Party/FreeRTOS/Source/queue.c **** 		}
 4315              		.loc 1 1916 4 is_stmt 1 view .LVU1254
 4316              	.LVL347:
1916:Middlewares/Third_Party/FreeRTOS/Source/queue.c **** 		}
 4317              		.loc 1 1916 12 is_stmt 0 view .LVU1255
 4318 007e 0120     		movs	r0, #1
ARM GAS  C:\Users\kalpe\AppData\Local\Temp\ccC8Iu7o.s 			page 142


 4319 0080 F3E7     		b	.L317
 4320              		.cfi_endproc
 4321              	.LFE24:
 4323              		.section	.text.uxQueueMessagesWaiting,"ax",%progbits
 4324              		.align	1
 4325              		.global	uxQueueMessagesWaiting
 4326              		.syntax unified
 4327              		.thumb
 4328              		.thumb_func
 4330              	uxQueueMessagesWaiting:
 4331              	.LVL348:
 4332              	.LFB25:
1931:Middlewares/Third_Party/FreeRTOS/Source/queue.c **** UBaseType_t uxReturn;
 4333              		.loc 1 1931 1 is_stmt 1 view -0
 4334              		.cfi_startproc
 4335              		@ args = 0, pretend = 0, frame = 0
 4336              		@ frame_needed = 0, uses_anonymous_args = 0
1932:Middlewares/Third_Party/FreeRTOS/Source/queue.c **** 
 4337              		.loc 1 1932 1 view .LVU1257
1934:Middlewares/Third_Party/FreeRTOS/Source/queue.c **** 
 4338              		.loc 1 1934 2 view .LVU1258
 4339 0000 48B1     		cbz	r0, .L328
1931:Middlewares/Third_Party/FreeRTOS/Source/queue.c **** UBaseType_t uxReturn;
 4340              		.loc 1 1931 1 is_stmt 0 view .LVU1259
 4341 0002 10B5     		push	{r4, lr}
 4342              	.LCFI51:
 4343              		.cfi_def_cfa_offset 8
 4344              		.cfi_offset 4, -8
 4345              		.cfi_offset 14, -4
 4346 0004 0446     		mov	r4, r0
1934:Middlewares/Third_Party/FreeRTOS/Source/queue.c **** 
 4347              		.loc 1 1934 24 is_stmt 1 view .LVU1260
1936:Middlewares/Third_Party/FreeRTOS/Source/queue.c **** 	{
 4348              		.loc 1 1936 2 view .LVU1261
 4349 0006 FFF7FEFF 		bl	vPortEnterCritical
 4350              	.LVL349:
1938:Middlewares/Third_Party/FreeRTOS/Source/queue.c **** 	}
 4351              		.loc 1 1938 3 view .LVU1262
1938:Middlewares/Third_Party/FreeRTOS/Source/queue.c **** 	}
 4352              		.loc 1 1938 12 is_stmt 0 view .LVU1263
 4353 000a A36B     		ldr	r3, [r4, #56]
 4354 000c 1C46     		mov	r4, r3
 4355              	.LVL350:
1940:Middlewares/Third_Party/FreeRTOS/Source/queue.c **** 
 4356              		.loc 1 1940 2 is_stmt 1 view .LVU1264
 4357 000e FFF7FEFF 		bl	vPortExitCritical
 4358              	.LVL351:
1942:Middlewares/Third_Party/FreeRTOS/Source/queue.c **** } /*lint !e818 Pointer cannot be declared const as xQueue is a typedef not pointer. */
 4359              		.loc 1 1942 2 view .LVU1265
1943:Middlewares/Third_Party/FreeRTOS/Source/queue.c **** /*-----------------------------------------------------------*/
 4360              		.loc 1 1943 1 is_stmt 0 view .LVU1266
 4361 0012 2046     		mov	r0, r4
 4362 0014 10BD     		pop	{r4, pc}
 4363              	.LVL352:
 4364              	.L328:
 4365              	.LCFI52:
 4366              		.cfi_def_cfa_offset 0
ARM GAS  C:\Users\kalpe\AppData\Local\Temp\ccC8Iu7o.s 			page 143


 4367              		.cfi_restore 4
 4368              		.cfi_restore 14
1934:Middlewares/Third_Party/FreeRTOS/Source/queue.c **** 
 4369              		.loc 1 1934 2 is_stmt 1 discriminator 1 view .LVU1267
 4370              	.LBB236:
 4371              	.LBI236:
 191:Middlewares/Third_Party/FreeRTOS/Source/portable/GCC/ARM_CM4F/portmacro.h **** {
 4372              		.loc 2 191 30 view .LVU1268
 4373              	.LBB237:
 193:Middlewares/Third_Party/FreeRTOS/Source/portable/GCC/ARM_CM4F/portmacro.h **** 
 4374              		.loc 2 193 1 view .LVU1269
 195:Middlewares/Third_Party/FreeRTOS/Source/portable/GCC/ARM_CM4F/portmacro.h **** 	(
 4375              		.loc 2 195 2 view .LVU1270
 4376              		.syntax unified
 4377              	@ 195 "Middlewares/Third_Party/FreeRTOS/Source/portable/GCC/ARM_CM4F/portmacro.h" 1
 4378 0016 4FF05003 			mov r3, #80												
 4379 001a 83F31188 		msr basepri, r3											
 4380 001e BFF36F8F 		isb														
 4381 0022 BFF34F8F 		dsb														
 4382              	
 4383              	@ 0 "" 2
 4384              		.thumb
 4385              		.syntax unified
 4386              	.L325:
 4387              	.LBE237:
 4388              	.LBE236:
1934:Middlewares/Third_Party/FreeRTOS/Source/queue.c **** 
 4389              		.loc 1 1934 2 view .LVU1271
 4390 0026 FEE7     		b	.L325
 4391              		.cfi_endproc
 4392              	.LFE25:
 4394              		.section	.text.uxQueueSpacesAvailable,"ax",%progbits
 4395              		.align	1
 4396              		.global	uxQueueSpacesAvailable
 4397              		.syntax unified
 4398              		.thumb
 4399              		.thumb_func
 4401              	uxQueueSpacesAvailable:
 4402              	.LVL353:
 4403              	.LFB26:
1947:Middlewares/Third_Party/FreeRTOS/Source/queue.c **** UBaseType_t uxReturn;
 4404              		.loc 1 1947 1 view -0
 4405              		.cfi_startproc
 4406              		@ args = 0, pretend = 0, frame = 0
 4407              		@ frame_needed = 0, uses_anonymous_args = 0
1948:Middlewares/Third_Party/FreeRTOS/Source/queue.c **** Queue_t * const pxQueue = xQueue;
 4408              		.loc 1 1948 1 view .LVU1273
1949:Middlewares/Third_Party/FreeRTOS/Source/queue.c **** 
 4409              		.loc 1 1949 1 view .LVU1274
1951:Middlewares/Third_Party/FreeRTOS/Source/queue.c **** 
 4410              		.loc 1 1951 2 view .LVU1275
 4411 0000 58B1     		cbz	r0, .L334
1947:Middlewares/Third_Party/FreeRTOS/Source/queue.c **** UBaseType_t uxReturn;
 4412              		.loc 1 1947 1 is_stmt 0 view .LVU1276
 4413 0002 10B5     		push	{r4, lr}
 4414              	.LCFI53:
 4415              		.cfi_def_cfa_offset 8
ARM GAS  C:\Users\kalpe\AppData\Local\Temp\ccC8Iu7o.s 			page 144


 4416              		.cfi_offset 4, -8
 4417              		.cfi_offset 14, -4
 4418 0004 0446     		mov	r4, r0
1951:Middlewares/Third_Party/FreeRTOS/Source/queue.c **** 
 4419              		.loc 1 1951 25 is_stmt 1 view .LVU1277
1953:Middlewares/Third_Party/FreeRTOS/Source/queue.c **** 	{
 4420              		.loc 1 1953 2 view .LVU1278
 4421 0006 FFF7FEFF 		bl	vPortEnterCritical
 4422              	.LVL354:
1955:Middlewares/Third_Party/FreeRTOS/Source/queue.c **** 	}
 4423              		.loc 1 1955 3 view .LVU1279
1955:Middlewares/Third_Party/FreeRTOS/Source/queue.c **** 	}
 4424              		.loc 1 1955 21 is_stmt 0 view .LVU1280
 4425 000a E36B     		ldr	r3, [r4, #60]
1955:Middlewares/Third_Party/FreeRTOS/Source/queue.c **** 	}
 4426              		.loc 1 1955 41 view .LVU1281
 4427 000c A26B     		ldr	r2, [r4, #56]
1955:Middlewares/Third_Party/FreeRTOS/Source/queue.c **** 	}
 4428              		.loc 1 1955 12 view .LVU1282
 4429 000e 9B1A     		subs	r3, r3, r2
 4430 0010 1C46     		mov	r4, r3
 4431              	.LVL355:
1957:Middlewares/Third_Party/FreeRTOS/Source/queue.c **** 
 4432              		.loc 1 1957 2 is_stmt 1 view .LVU1283
 4433 0012 FFF7FEFF 		bl	vPortExitCritical
 4434              	.LVL356:
1959:Middlewares/Third_Party/FreeRTOS/Source/queue.c **** } /*lint !e818 Pointer cannot be declared const as xQueue is a typedef not pointer. */
 4435              		.loc 1 1959 2 view .LVU1284
1960:Middlewares/Third_Party/FreeRTOS/Source/queue.c **** /*-----------------------------------------------------------*/
 4436              		.loc 1 1960 1 is_stmt 0 view .LVU1285
 4437 0016 2046     		mov	r0, r4
 4438 0018 10BD     		pop	{r4, pc}
 4439              	.LVL357:
 4440              	.L334:
 4441              	.LCFI54:
 4442              		.cfi_def_cfa_offset 0
 4443              		.cfi_restore 4
 4444              		.cfi_restore 14
1951:Middlewares/Third_Party/FreeRTOS/Source/queue.c **** 
 4445              		.loc 1 1951 2 is_stmt 1 discriminator 1 view .LVU1286
 4446              	.LBB238:
 4447              	.LBI238:
 191:Middlewares/Third_Party/FreeRTOS/Source/portable/GCC/ARM_CM4F/portmacro.h **** {
 4448              		.loc 2 191 30 view .LVU1287
 4449              	.LBB239:
 193:Middlewares/Third_Party/FreeRTOS/Source/portable/GCC/ARM_CM4F/portmacro.h **** 
 4450              		.loc 2 193 1 view .LVU1288
 195:Middlewares/Third_Party/FreeRTOS/Source/portable/GCC/ARM_CM4F/portmacro.h **** 	(
 4451              		.loc 2 195 2 view .LVU1289
 4452              		.syntax unified
 4453              	@ 195 "Middlewares/Third_Party/FreeRTOS/Source/portable/GCC/ARM_CM4F/portmacro.h" 1
 4454 001a 4FF05003 			mov r3, #80												
 4455 001e 83F31188 		msr basepri, r3											
 4456 0022 BFF36F8F 		isb														
 4457 0026 BFF34F8F 		dsb														
 4458              	
 4459              	@ 0 "" 2
ARM GAS  C:\Users\kalpe\AppData\Local\Temp\ccC8Iu7o.s 			page 145


 4460              		.thumb
 4461              		.syntax unified
 4462              	.L331:
 4463              	.LBE239:
 4464              	.LBE238:
1951:Middlewares/Third_Party/FreeRTOS/Source/queue.c **** 
 4465              		.loc 1 1951 2 view .LVU1290
 4466 002a FEE7     		b	.L331
 4467              		.cfi_endproc
 4468              	.LFE26:
 4470              		.section	.text.uxQueueMessagesWaitingFromISR,"ax",%progbits
 4471              		.align	1
 4472              		.global	uxQueueMessagesWaitingFromISR
 4473              		.syntax unified
 4474              		.thumb
 4475              		.thumb_func
 4477              	uxQueueMessagesWaitingFromISR:
 4478              	.LVL358:
 4479              	.LFB27:
1964:Middlewares/Third_Party/FreeRTOS/Source/queue.c **** UBaseType_t uxReturn;
 4480              		.loc 1 1964 1 view -0
 4481              		.cfi_startproc
 4482              		@ args = 0, pretend = 0, frame = 0
 4483              		@ frame_needed = 0, uses_anonymous_args = 0
 4484              		@ link register save eliminated.
1965:Middlewares/Third_Party/FreeRTOS/Source/queue.c **** Queue_t * const pxQueue = xQueue;
 4485              		.loc 1 1965 1 view .LVU1292
1966:Middlewares/Third_Party/FreeRTOS/Source/queue.c **** 
 4486              		.loc 1 1966 1 view .LVU1293
1968:Middlewares/Third_Party/FreeRTOS/Source/queue.c **** 	uxReturn = pxQueue->uxMessagesWaiting;
 4487              		.loc 1 1968 2 view .LVU1294
 4488 0000 08B1     		cbz	r0, .L338
1968:Middlewares/Third_Party/FreeRTOS/Source/queue.c **** 	uxReturn = pxQueue->uxMessagesWaiting;
 4489              		.loc 1 1968 25 view .LVU1295
1969:Middlewares/Third_Party/FreeRTOS/Source/queue.c **** 
 4490              		.loc 1 1969 2 view .LVU1296
1969:Middlewares/Third_Party/FreeRTOS/Source/queue.c **** 
 4491              		.loc 1 1969 11 is_stmt 0 view .LVU1297
 4492 0002 806B     		ldr	r0, [r0, #56]
 4493              	.LVL359:
1971:Middlewares/Third_Party/FreeRTOS/Source/queue.c **** } /*lint !e818 Pointer cannot be declared const as xQueue is a typedef not pointer. */
 4494              		.loc 1 1971 2 is_stmt 1 view .LVU1298
1972:Middlewares/Third_Party/FreeRTOS/Source/queue.c **** /*-----------------------------------------------------------*/
 4495              		.loc 1 1972 1 is_stmt 0 view .LVU1299
 4496 0004 7047     		bx	lr
 4497              	.LVL360:
 4498              	.L338:
1968:Middlewares/Third_Party/FreeRTOS/Source/queue.c **** 	uxReturn = pxQueue->uxMessagesWaiting;
 4499              		.loc 1 1968 2 is_stmt 1 discriminator 1 view .LVU1300
 4500              	.LBB240:
 4501              	.LBI240:
 191:Middlewares/Third_Party/FreeRTOS/Source/portable/GCC/ARM_CM4F/portmacro.h **** {
 4502              		.loc 2 191 30 view .LVU1301
 4503              	.LBB241:
 193:Middlewares/Third_Party/FreeRTOS/Source/portable/GCC/ARM_CM4F/portmacro.h **** 
 4504              		.loc 2 193 1 view .LVU1302
 195:Middlewares/Third_Party/FreeRTOS/Source/portable/GCC/ARM_CM4F/portmacro.h **** 	(
ARM GAS  C:\Users\kalpe\AppData\Local\Temp\ccC8Iu7o.s 			page 146


 4505              		.loc 2 195 2 view .LVU1303
 4506              		.syntax unified
 4507              	@ 195 "Middlewares/Third_Party/FreeRTOS/Source/portable/GCC/ARM_CM4F/portmacro.h" 1
 4508 0006 4FF05003 			mov r3, #80												
 4509 000a 83F31188 		msr basepri, r3											
 4510 000e BFF36F8F 		isb														
 4511 0012 BFF34F8F 		dsb														
 4512              	
 4513              	@ 0 "" 2
 4514              		.thumb
 4515              		.syntax unified
 4516              	.L337:
 4517              	.LBE241:
 4518              	.LBE240:
1968:Middlewares/Third_Party/FreeRTOS/Source/queue.c **** 	uxReturn = pxQueue->uxMessagesWaiting;
 4519              		.loc 1 1968 2 view .LVU1304
 4520 0016 FEE7     		b	.L337
 4521              		.cfi_endproc
 4522              	.LFE27:
 4524              		.section	.text.uxQueueGetQueueNumber,"ax",%progbits
 4525              		.align	1
 4526              		.global	uxQueueGetQueueNumber
 4527              		.syntax unified
 4528              		.thumb
 4529              		.thumb_func
 4531              	uxQueueGetQueueNumber:
 4532              	.LVL361:
 4533              	.LFB29:
2020:Middlewares/Third_Party/FreeRTOS/Source/queue.c **** 		return ( ( Queue_t * ) xQueue )->uxQueueNumber;
 4534              		.loc 1 2020 2 view -0
 4535              		.cfi_startproc
 4536              		@ args = 0, pretend = 0, frame = 0
 4537              		@ frame_needed = 0, uses_anonymous_args = 0
 4538              		@ link register save eliminated.
2021:Middlewares/Third_Party/FreeRTOS/Source/queue.c **** 	}
 4539              		.loc 1 2021 3 view .LVU1306
2022:Middlewares/Third_Party/FreeRTOS/Source/queue.c **** 
 4540              		.loc 1 2022 2 is_stmt 0 view .LVU1307
 4541 0000 806C     		ldr	r0, [r0, #72]
 4542              	.LVL362:
2022:Middlewares/Third_Party/FreeRTOS/Source/queue.c **** 
 4543              		.loc 1 2022 2 view .LVU1308
 4544 0002 7047     		bx	lr
 4545              		.cfi_endproc
 4546              	.LFE29:
 4548              		.section	.text.vQueueSetQueueNumber,"ax",%progbits
 4549              		.align	1
 4550              		.global	vQueueSetQueueNumber
 4551              		.syntax unified
 4552              		.thumb
 4553              		.thumb_func
 4555              	vQueueSetQueueNumber:
 4556              	.LVL363:
 4557              	.LFB30:
2030:Middlewares/Third_Party/FreeRTOS/Source/queue.c **** 		( ( Queue_t * ) xQueue )->uxQueueNumber = uxQueueNumber;
 4558              		.loc 1 2030 2 is_stmt 1 view -0
 4559              		.cfi_startproc
ARM GAS  C:\Users\kalpe\AppData\Local\Temp\ccC8Iu7o.s 			page 147


 4560              		@ args = 0, pretend = 0, frame = 0
 4561              		@ frame_needed = 0, uses_anonymous_args = 0
 4562              		@ link register save eliminated.
2031:Middlewares/Third_Party/FreeRTOS/Source/queue.c **** 	}
 4563              		.loc 1 2031 3 view .LVU1310
2031:Middlewares/Third_Party/FreeRTOS/Source/queue.c **** 	}
 4564              		.loc 1 2031 43 is_stmt 0 view .LVU1311
 4565 0000 8164     		str	r1, [r0, #72]
2032:Middlewares/Third_Party/FreeRTOS/Source/queue.c **** 
 4566              		.loc 1 2032 2 view .LVU1312
 4567 0002 7047     		bx	lr
 4568              		.cfi_endproc
 4569              	.LFE30:
 4571              		.section	.text.ucQueueGetQueueType,"ax",%progbits
 4572              		.align	1
 4573              		.global	ucQueueGetQueueType
 4574              		.syntax unified
 4575              		.thumb
 4576              		.thumb_func
 4578              	ucQueueGetQueueType:
 4579              	.LVL364:
 4580              	.LFB31:
2040:Middlewares/Third_Party/FreeRTOS/Source/queue.c **** 		return ( ( Queue_t * ) xQueue )->ucQueueType;
 4581              		.loc 1 2040 2 is_stmt 1 view -0
 4582              		.cfi_startproc
 4583              		@ args = 0, pretend = 0, frame = 0
 4584              		@ frame_needed = 0, uses_anonymous_args = 0
 4585              		@ link register save eliminated.
2041:Middlewares/Third_Party/FreeRTOS/Source/queue.c **** 	}
 4586              		.loc 1 2041 3 view .LVU1314
2042:Middlewares/Third_Party/FreeRTOS/Source/queue.c **** 
 4587              		.loc 1 2042 2 is_stmt 0 view .LVU1315
 4588 0000 90F84C00 		ldrb	r0, [r0, #76]	@ zero_extendqisi2
 4589              	.LVL365:
2042:Middlewares/Third_Party/FreeRTOS/Source/queue.c **** 
 4590              		.loc 1 2042 2 view .LVU1316
 4591 0004 7047     		bx	lr
 4592              		.cfi_endproc
 4593              	.LFE31:
 4595              		.section	.text.xQueueIsQueueEmptyFromISR,"ax",%progbits
 4596              		.align	1
 4597              		.global	xQueueIsQueueEmptyFromISR
 4598              		.syntax unified
 4599              		.thumb
 4600              		.thumb_func
 4602              	xQueueIsQueueEmptyFromISR:
 4603              	.LVL366:
 4604              	.LFB37:
2313:Middlewares/Third_Party/FreeRTOS/Source/queue.c **** BaseType_t xReturn;
 4605              		.loc 1 2313 1 is_stmt 1 view -0
 4606              		.cfi_startproc
 4607              		@ args = 0, pretend = 0, frame = 0
 4608              		@ frame_needed = 0, uses_anonymous_args = 0
 4609              		@ link register save eliminated.
2314:Middlewares/Third_Party/FreeRTOS/Source/queue.c **** Queue_t * const pxQueue = xQueue;
 4610              		.loc 1 2314 1 view .LVU1318
2315:Middlewares/Third_Party/FreeRTOS/Source/queue.c **** 
ARM GAS  C:\Users\kalpe\AppData\Local\Temp\ccC8Iu7o.s 			page 148


 4611              		.loc 1 2315 1 view .LVU1319
2317:Middlewares/Third_Party/FreeRTOS/Source/queue.c **** 	if( pxQueue->uxMessagesWaiting == ( UBaseType_t ) 0 )
 4612              		.loc 1 2317 2 view .LVU1320
 4613 0000 18B1     		cbz	r0, .L347
2317:Middlewares/Third_Party/FreeRTOS/Source/queue.c **** 	if( pxQueue->uxMessagesWaiting == ( UBaseType_t ) 0 )
 4614              		.loc 1 2317 25 view .LVU1321
2318:Middlewares/Third_Party/FreeRTOS/Source/queue.c **** 	{
 4615              		.loc 1 2318 2 view .LVU1322
2318:Middlewares/Third_Party/FreeRTOS/Source/queue.c **** 	{
 4616              		.loc 1 2318 13 is_stmt 0 view .LVU1323
 4617 0002 836B     		ldr	r3, [r0, #56]
2318:Middlewares/Third_Party/FreeRTOS/Source/queue.c **** 	{
 4618              		.loc 1 2318 4 view .LVU1324
 4619 0004 53B9     		cbnz	r3, .L346
2320:Middlewares/Third_Party/FreeRTOS/Source/queue.c **** 	}
 4620              		.loc 1 2320 11 view .LVU1325
 4621 0006 0120     		movs	r0, #1
 4622              	.LVL367:
2320:Middlewares/Third_Party/FreeRTOS/Source/queue.c **** 	}
 4623              		.loc 1 2320 11 view .LVU1326
 4624 0008 7047     		bx	lr
 4625              	.LVL368:
 4626              	.L347:
2317:Middlewares/Third_Party/FreeRTOS/Source/queue.c **** 	if( pxQueue->uxMessagesWaiting == ( UBaseType_t ) 0 )
 4627              		.loc 1 2317 2 is_stmt 1 discriminator 1 view .LVU1327
 4628              	.LBB242:
 4629              	.LBI242:
 191:Middlewares/Third_Party/FreeRTOS/Source/portable/GCC/ARM_CM4F/portmacro.h **** {
 4630              		.loc 2 191 30 view .LVU1328
 4631              	.LBB243:
 193:Middlewares/Third_Party/FreeRTOS/Source/portable/GCC/ARM_CM4F/portmacro.h **** 
 4632              		.loc 2 193 1 view .LVU1329
 195:Middlewares/Third_Party/FreeRTOS/Source/portable/GCC/ARM_CM4F/portmacro.h **** 	(
 4633              		.loc 2 195 2 view .LVU1330
 4634              		.syntax unified
 4635              	@ 195 "Middlewares/Third_Party/FreeRTOS/Source/portable/GCC/ARM_CM4F/portmacro.h" 1
 4636 000a 4FF05003 			mov r3, #80												
 4637 000e 83F31188 		msr basepri, r3											
 4638 0012 BFF36F8F 		isb														
 4639 0016 BFF34F8F 		dsb														
 4640              	
 4641              	@ 0 "" 2
 4642              		.thumb
 4643              		.syntax unified
 4644              	.L344:
 4645              	.LBE243:
 4646              	.LBE242:
2317:Middlewares/Third_Party/FreeRTOS/Source/queue.c **** 	if( pxQueue->uxMessagesWaiting == ( UBaseType_t ) 0 )
 4647              		.loc 1 2317 2 view .LVU1331
 4648 001a FEE7     		b	.L344
 4649              	.L346:
2324:Middlewares/Third_Party/FreeRTOS/Source/queue.c **** 	}
 4650              		.loc 1 2324 11 is_stmt 0 view .LVU1332
 4651 001c 0020     		movs	r0, #0
 4652              	.LVL369:
2327:Middlewares/Third_Party/FreeRTOS/Source/queue.c **** } /*lint !e818 xQueue could not be pointer to const because it is a typedef. */
 4653              		.loc 1 2327 2 is_stmt 1 view .LVU1333
ARM GAS  C:\Users\kalpe\AppData\Local\Temp\ccC8Iu7o.s 			page 149


2328:Middlewares/Third_Party/FreeRTOS/Source/queue.c **** /*-----------------------------------------------------------*/
 4654              		.loc 1 2328 1 is_stmt 0 view .LVU1334
 4655 001e 7047     		bx	lr
 4656              		.cfi_endproc
 4657              	.LFE37:
 4659              		.section	.text.xQueueIsQueueFullFromISR,"ax",%progbits
 4660              		.align	1
 4661              		.global	xQueueIsQueueFullFromISR
 4662              		.syntax unified
 4663              		.thumb
 4664              		.thumb_func
 4666              	xQueueIsQueueFullFromISR:
 4667              	.LVL370:
 4668              	.LFB39:
2350:Middlewares/Third_Party/FreeRTOS/Source/queue.c **** /*-----------------------------------------------------------*/
2351:Middlewares/Third_Party/FreeRTOS/Source/queue.c **** 
2352:Middlewares/Third_Party/FreeRTOS/Source/queue.c **** BaseType_t xQueueIsQueueFullFromISR( const QueueHandle_t xQueue )
2353:Middlewares/Third_Party/FreeRTOS/Source/queue.c **** {
 4669              		.loc 1 2353 1 is_stmt 1 view -0
 4670              		.cfi_startproc
 4671              		@ args = 0, pretend = 0, frame = 0
 4672              		@ frame_needed = 0, uses_anonymous_args = 0
 4673              		@ link register save eliminated.
2354:Middlewares/Third_Party/FreeRTOS/Source/queue.c **** BaseType_t xReturn;
 4674              		.loc 1 2354 1 view .LVU1336
2355:Middlewares/Third_Party/FreeRTOS/Source/queue.c **** Queue_t * const pxQueue = xQueue;
 4675              		.loc 1 2355 1 view .LVU1337
2356:Middlewares/Third_Party/FreeRTOS/Source/queue.c **** 
2357:Middlewares/Third_Party/FreeRTOS/Source/queue.c **** 	configASSERT( pxQueue );
 4676              		.loc 1 2357 2 view .LVU1338
 4677 0000 28B1     		cbz	r0, .L353
 4678              		.loc 1 2357 25 view .LVU1339
2358:Middlewares/Third_Party/FreeRTOS/Source/queue.c **** 	if( pxQueue->uxMessagesWaiting == pxQueue->uxLength )
 4679              		.loc 1 2358 2 view .LVU1340
 4680              		.loc 1 2358 13 is_stmt 0 view .LVU1341
 4681 0002 826B     		ldr	r2, [r0, #56]
 4682              		.loc 1 2358 43 view .LVU1342
 4683 0004 C36B     		ldr	r3, [r0, #60]
 4684              		.loc 1 2358 4 view .LVU1343
 4685 0006 9A42     		cmp	r2, r3
 4686 0008 0AD0     		beq	.L354
2359:Middlewares/Third_Party/FreeRTOS/Source/queue.c **** 	{
2360:Middlewares/Third_Party/FreeRTOS/Source/queue.c **** 		xReturn = pdTRUE;
2361:Middlewares/Third_Party/FreeRTOS/Source/queue.c **** 	}
2362:Middlewares/Third_Party/FreeRTOS/Source/queue.c **** 	else
2363:Middlewares/Third_Party/FreeRTOS/Source/queue.c **** 	{
2364:Middlewares/Third_Party/FreeRTOS/Source/queue.c **** 		xReturn = pdFALSE;
 4687              		.loc 1 2364 11 view .LVU1344
 4688 000a 0020     		movs	r0, #0
 4689              	.LVL371:
2365:Middlewares/Third_Party/FreeRTOS/Source/queue.c **** 	}
2366:Middlewares/Third_Party/FreeRTOS/Source/queue.c **** 
2367:Middlewares/Third_Party/FreeRTOS/Source/queue.c **** 	return xReturn;
 4690              		.loc 1 2367 2 is_stmt 1 view .LVU1345
2368:Middlewares/Third_Party/FreeRTOS/Source/queue.c **** } /*lint !e818 xQueue could not be pointer to const because it is a typedef. */
 4691              		.loc 1 2368 1 is_stmt 0 view .LVU1346
 4692 000c 7047     		bx	lr
ARM GAS  C:\Users\kalpe\AppData\Local\Temp\ccC8Iu7o.s 			page 150


 4693              	.LVL372:
 4694              	.L353:
2357:Middlewares/Third_Party/FreeRTOS/Source/queue.c **** 	if( pxQueue->uxMessagesWaiting == pxQueue->uxLength )
 4695              		.loc 1 2357 2 is_stmt 1 discriminator 1 view .LVU1347
 4696              	.LBB244:
 4697              	.LBI244:
 191:Middlewares/Third_Party/FreeRTOS/Source/portable/GCC/ARM_CM4F/portmacro.h **** {
 4698              		.loc 2 191 30 view .LVU1348
 4699              	.LBB245:
 193:Middlewares/Third_Party/FreeRTOS/Source/portable/GCC/ARM_CM4F/portmacro.h **** 
 4700              		.loc 2 193 1 view .LVU1349
 195:Middlewares/Third_Party/FreeRTOS/Source/portable/GCC/ARM_CM4F/portmacro.h **** 	(
 4701              		.loc 2 195 2 view .LVU1350
 4702              		.syntax unified
 4703              	@ 195 "Middlewares/Third_Party/FreeRTOS/Source/portable/GCC/ARM_CM4F/portmacro.h" 1
 4704 000e 4FF05003 			mov r3, #80												
 4705 0012 83F31188 		msr basepri, r3											
 4706 0016 BFF36F8F 		isb														
 4707 001a BFF34F8F 		dsb														
 4708              	
 4709              	@ 0 "" 2
 4710              		.thumb
 4711              		.syntax unified
 4712              	.L350:
 4713              	.LBE245:
 4714              	.LBE244:
2357:Middlewares/Third_Party/FreeRTOS/Source/queue.c **** 	if( pxQueue->uxMessagesWaiting == pxQueue->uxLength )
 4715              		.loc 1 2357 2 view .LVU1351
 4716 001e FEE7     		b	.L350
 4717              	.L354:
2360:Middlewares/Third_Party/FreeRTOS/Source/queue.c **** 	}
 4718              		.loc 1 2360 11 is_stmt 0 view .LVU1352
 4719 0020 0120     		movs	r0, #1
 4720              	.LVL373:
2360:Middlewares/Third_Party/FreeRTOS/Source/queue.c **** 	}
 4721              		.loc 1 2360 11 view .LVU1353
 4722 0022 7047     		bx	lr
 4723              		.cfi_endproc
 4724              	.LFE39:
 4726              		.section	.text.vQueueAddToRegistry,"ax",%progbits
 4727              		.align	1
 4728              		.global	vQueueAddToRegistry
 4729              		.syntax unified
 4730              		.thumb
 4731              		.thumb_func
 4733              	vQueueAddToRegistry:
 4734              	.LVL374:
 4735              	.LFB40:
2369:Middlewares/Third_Party/FreeRTOS/Source/queue.c **** /*-----------------------------------------------------------*/
2370:Middlewares/Third_Party/FreeRTOS/Source/queue.c **** 
2371:Middlewares/Third_Party/FreeRTOS/Source/queue.c **** #if ( configUSE_CO_ROUTINES == 1 )
2372:Middlewares/Third_Party/FreeRTOS/Source/queue.c **** 
2373:Middlewares/Third_Party/FreeRTOS/Source/queue.c **** 	BaseType_t xQueueCRSend( QueueHandle_t xQueue, const void *pvItemToQueue, TickType_t xTicksToWait 
2374:Middlewares/Third_Party/FreeRTOS/Source/queue.c **** 	{
2375:Middlewares/Third_Party/FreeRTOS/Source/queue.c **** 	BaseType_t xReturn;
2376:Middlewares/Third_Party/FreeRTOS/Source/queue.c **** 	Queue_t * const pxQueue = xQueue;
2377:Middlewares/Third_Party/FreeRTOS/Source/queue.c **** 
ARM GAS  C:\Users\kalpe\AppData\Local\Temp\ccC8Iu7o.s 			page 151


2378:Middlewares/Third_Party/FreeRTOS/Source/queue.c **** 		/* If the queue is already full we may have to block.  A critical section
2379:Middlewares/Third_Party/FreeRTOS/Source/queue.c **** 		is required to prevent an interrupt removing something from the queue
2380:Middlewares/Third_Party/FreeRTOS/Source/queue.c **** 		between the check to see if the queue is full and blocking on the queue. */
2381:Middlewares/Third_Party/FreeRTOS/Source/queue.c **** 		portDISABLE_INTERRUPTS();
2382:Middlewares/Third_Party/FreeRTOS/Source/queue.c **** 		{
2383:Middlewares/Third_Party/FreeRTOS/Source/queue.c **** 			if( prvIsQueueFull( pxQueue ) != pdFALSE )
2384:Middlewares/Third_Party/FreeRTOS/Source/queue.c **** 			{
2385:Middlewares/Third_Party/FreeRTOS/Source/queue.c **** 				/* The queue is full - do we want to block or just leave without
2386:Middlewares/Third_Party/FreeRTOS/Source/queue.c **** 				posting? */
2387:Middlewares/Third_Party/FreeRTOS/Source/queue.c **** 				if( xTicksToWait > ( TickType_t ) 0 )
2388:Middlewares/Third_Party/FreeRTOS/Source/queue.c **** 				{
2389:Middlewares/Third_Party/FreeRTOS/Source/queue.c **** 					/* As this is called from a coroutine we cannot block directly, but
2390:Middlewares/Third_Party/FreeRTOS/Source/queue.c **** 					return indicating that we need to block. */
2391:Middlewares/Third_Party/FreeRTOS/Source/queue.c **** 					vCoRoutineAddToDelayedList( xTicksToWait, &( pxQueue->xTasksWaitingToSend ) );
2392:Middlewares/Third_Party/FreeRTOS/Source/queue.c **** 					portENABLE_INTERRUPTS();
2393:Middlewares/Third_Party/FreeRTOS/Source/queue.c **** 					return errQUEUE_BLOCKED;
2394:Middlewares/Third_Party/FreeRTOS/Source/queue.c **** 				}
2395:Middlewares/Third_Party/FreeRTOS/Source/queue.c **** 				else
2396:Middlewares/Third_Party/FreeRTOS/Source/queue.c **** 				{
2397:Middlewares/Third_Party/FreeRTOS/Source/queue.c **** 					portENABLE_INTERRUPTS();
2398:Middlewares/Third_Party/FreeRTOS/Source/queue.c **** 					return errQUEUE_FULL;
2399:Middlewares/Third_Party/FreeRTOS/Source/queue.c **** 				}
2400:Middlewares/Third_Party/FreeRTOS/Source/queue.c **** 			}
2401:Middlewares/Third_Party/FreeRTOS/Source/queue.c **** 		}
2402:Middlewares/Third_Party/FreeRTOS/Source/queue.c **** 		portENABLE_INTERRUPTS();
2403:Middlewares/Third_Party/FreeRTOS/Source/queue.c **** 
2404:Middlewares/Third_Party/FreeRTOS/Source/queue.c **** 		portDISABLE_INTERRUPTS();
2405:Middlewares/Third_Party/FreeRTOS/Source/queue.c **** 		{
2406:Middlewares/Third_Party/FreeRTOS/Source/queue.c **** 			if( pxQueue->uxMessagesWaiting < pxQueue->uxLength )
2407:Middlewares/Third_Party/FreeRTOS/Source/queue.c **** 			{
2408:Middlewares/Third_Party/FreeRTOS/Source/queue.c **** 				/* There is room in the queue, copy the data into the queue. */
2409:Middlewares/Third_Party/FreeRTOS/Source/queue.c **** 				prvCopyDataToQueue( pxQueue, pvItemToQueue, queueSEND_TO_BACK );
2410:Middlewares/Third_Party/FreeRTOS/Source/queue.c **** 				xReturn = pdPASS;
2411:Middlewares/Third_Party/FreeRTOS/Source/queue.c **** 
2412:Middlewares/Third_Party/FreeRTOS/Source/queue.c **** 				/* Were any co-routines waiting for data to become available? */
2413:Middlewares/Third_Party/FreeRTOS/Source/queue.c **** 				if( listLIST_IS_EMPTY( &( pxQueue->xTasksWaitingToReceive ) ) == pdFALSE )
2414:Middlewares/Third_Party/FreeRTOS/Source/queue.c **** 				{
2415:Middlewares/Third_Party/FreeRTOS/Source/queue.c **** 					/* In this instance the co-routine could be placed directly
2416:Middlewares/Third_Party/FreeRTOS/Source/queue.c **** 					into the ready list as we are within a critical section.
2417:Middlewares/Third_Party/FreeRTOS/Source/queue.c **** 					Instead the same pending ready list mechanism is used as if
2418:Middlewares/Third_Party/FreeRTOS/Source/queue.c **** 					the event were caused from within an interrupt. */
2419:Middlewares/Third_Party/FreeRTOS/Source/queue.c **** 					if( xCoRoutineRemoveFromEventList( &( pxQueue->xTasksWaitingToReceive ) ) != pdFALSE )
2420:Middlewares/Third_Party/FreeRTOS/Source/queue.c **** 					{
2421:Middlewares/Third_Party/FreeRTOS/Source/queue.c **** 						/* The co-routine waiting has a higher priority so record
2422:Middlewares/Third_Party/FreeRTOS/Source/queue.c **** 						that a yield might be appropriate. */
2423:Middlewares/Third_Party/FreeRTOS/Source/queue.c **** 						xReturn = errQUEUE_YIELD;
2424:Middlewares/Third_Party/FreeRTOS/Source/queue.c **** 					}
2425:Middlewares/Third_Party/FreeRTOS/Source/queue.c **** 					else
2426:Middlewares/Third_Party/FreeRTOS/Source/queue.c **** 					{
2427:Middlewares/Third_Party/FreeRTOS/Source/queue.c **** 						mtCOVERAGE_TEST_MARKER();
2428:Middlewares/Third_Party/FreeRTOS/Source/queue.c **** 					}
2429:Middlewares/Third_Party/FreeRTOS/Source/queue.c **** 				}
2430:Middlewares/Third_Party/FreeRTOS/Source/queue.c **** 				else
2431:Middlewares/Third_Party/FreeRTOS/Source/queue.c **** 				{
2432:Middlewares/Third_Party/FreeRTOS/Source/queue.c **** 					mtCOVERAGE_TEST_MARKER();
2433:Middlewares/Third_Party/FreeRTOS/Source/queue.c **** 				}
2434:Middlewares/Third_Party/FreeRTOS/Source/queue.c **** 			}
ARM GAS  C:\Users\kalpe\AppData\Local\Temp\ccC8Iu7o.s 			page 152


2435:Middlewares/Third_Party/FreeRTOS/Source/queue.c **** 			else
2436:Middlewares/Third_Party/FreeRTOS/Source/queue.c **** 			{
2437:Middlewares/Third_Party/FreeRTOS/Source/queue.c **** 				xReturn = errQUEUE_FULL;
2438:Middlewares/Third_Party/FreeRTOS/Source/queue.c **** 			}
2439:Middlewares/Third_Party/FreeRTOS/Source/queue.c **** 		}
2440:Middlewares/Third_Party/FreeRTOS/Source/queue.c **** 		portENABLE_INTERRUPTS();
2441:Middlewares/Third_Party/FreeRTOS/Source/queue.c **** 
2442:Middlewares/Third_Party/FreeRTOS/Source/queue.c **** 		return xReturn;
2443:Middlewares/Third_Party/FreeRTOS/Source/queue.c **** 	}
2444:Middlewares/Third_Party/FreeRTOS/Source/queue.c **** 
2445:Middlewares/Third_Party/FreeRTOS/Source/queue.c **** #endif /* configUSE_CO_ROUTINES */
2446:Middlewares/Third_Party/FreeRTOS/Source/queue.c **** /*-----------------------------------------------------------*/
2447:Middlewares/Third_Party/FreeRTOS/Source/queue.c **** 
2448:Middlewares/Third_Party/FreeRTOS/Source/queue.c **** #if ( configUSE_CO_ROUTINES == 1 )
2449:Middlewares/Third_Party/FreeRTOS/Source/queue.c **** 
2450:Middlewares/Third_Party/FreeRTOS/Source/queue.c **** 	BaseType_t xQueueCRReceive( QueueHandle_t xQueue, void *pvBuffer, TickType_t xTicksToWait )
2451:Middlewares/Third_Party/FreeRTOS/Source/queue.c **** 	{
2452:Middlewares/Third_Party/FreeRTOS/Source/queue.c **** 	BaseType_t xReturn;
2453:Middlewares/Third_Party/FreeRTOS/Source/queue.c **** 	Queue_t * const pxQueue = xQueue;
2454:Middlewares/Third_Party/FreeRTOS/Source/queue.c **** 
2455:Middlewares/Third_Party/FreeRTOS/Source/queue.c **** 		/* If the queue is already empty we may have to block.  A critical section
2456:Middlewares/Third_Party/FreeRTOS/Source/queue.c **** 		is required to prevent an interrupt adding something to the queue
2457:Middlewares/Third_Party/FreeRTOS/Source/queue.c **** 		between the check to see if the queue is empty and blocking on the queue. */
2458:Middlewares/Third_Party/FreeRTOS/Source/queue.c **** 		portDISABLE_INTERRUPTS();
2459:Middlewares/Third_Party/FreeRTOS/Source/queue.c **** 		{
2460:Middlewares/Third_Party/FreeRTOS/Source/queue.c **** 			if( pxQueue->uxMessagesWaiting == ( UBaseType_t ) 0 )
2461:Middlewares/Third_Party/FreeRTOS/Source/queue.c **** 			{
2462:Middlewares/Third_Party/FreeRTOS/Source/queue.c **** 				/* There are no messages in the queue, do we want to block or just
2463:Middlewares/Third_Party/FreeRTOS/Source/queue.c **** 				leave with nothing? */
2464:Middlewares/Third_Party/FreeRTOS/Source/queue.c **** 				if( xTicksToWait > ( TickType_t ) 0 )
2465:Middlewares/Third_Party/FreeRTOS/Source/queue.c **** 				{
2466:Middlewares/Third_Party/FreeRTOS/Source/queue.c **** 					/* As this is a co-routine we cannot block directly, but return
2467:Middlewares/Third_Party/FreeRTOS/Source/queue.c **** 					indicating that we need to block. */
2468:Middlewares/Third_Party/FreeRTOS/Source/queue.c **** 					vCoRoutineAddToDelayedList( xTicksToWait, &( pxQueue->xTasksWaitingToReceive ) );
2469:Middlewares/Third_Party/FreeRTOS/Source/queue.c **** 					portENABLE_INTERRUPTS();
2470:Middlewares/Third_Party/FreeRTOS/Source/queue.c **** 					return errQUEUE_BLOCKED;
2471:Middlewares/Third_Party/FreeRTOS/Source/queue.c **** 				}
2472:Middlewares/Third_Party/FreeRTOS/Source/queue.c **** 				else
2473:Middlewares/Third_Party/FreeRTOS/Source/queue.c **** 				{
2474:Middlewares/Third_Party/FreeRTOS/Source/queue.c **** 					portENABLE_INTERRUPTS();
2475:Middlewares/Third_Party/FreeRTOS/Source/queue.c **** 					return errQUEUE_FULL;
2476:Middlewares/Third_Party/FreeRTOS/Source/queue.c **** 				}
2477:Middlewares/Third_Party/FreeRTOS/Source/queue.c **** 			}
2478:Middlewares/Third_Party/FreeRTOS/Source/queue.c **** 			else
2479:Middlewares/Third_Party/FreeRTOS/Source/queue.c **** 			{
2480:Middlewares/Third_Party/FreeRTOS/Source/queue.c **** 				mtCOVERAGE_TEST_MARKER();
2481:Middlewares/Third_Party/FreeRTOS/Source/queue.c **** 			}
2482:Middlewares/Third_Party/FreeRTOS/Source/queue.c **** 		}
2483:Middlewares/Third_Party/FreeRTOS/Source/queue.c **** 		portENABLE_INTERRUPTS();
2484:Middlewares/Third_Party/FreeRTOS/Source/queue.c **** 
2485:Middlewares/Third_Party/FreeRTOS/Source/queue.c **** 		portDISABLE_INTERRUPTS();
2486:Middlewares/Third_Party/FreeRTOS/Source/queue.c **** 		{
2487:Middlewares/Third_Party/FreeRTOS/Source/queue.c **** 			if( pxQueue->uxMessagesWaiting > ( UBaseType_t ) 0 )
2488:Middlewares/Third_Party/FreeRTOS/Source/queue.c **** 			{
2489:Middlewares/Third_Party/FreeRTOS/Source/queue.c **** 				/* Data is available from the queue. */
2490:Middlewares/Third_Party/FreeRTOS/Source/queue.c **** 				pxQueue->u.xQueue.pcReadFrom += pxQueue->uxItemSize;
2491:Middlewares/Third_Party/FreeRTOS/Source/queue.c **** 				if( pxQueue->u.xQueue.pcReadFrom >= pxQueue->u.xQueue.pcTail )
ARM GAS  C:\Users\kalpe\AppData\Local\Temp\ccC8Iu7o.s 			page 153


2492:Middlewares/Third_Party/FreeRTOS/Source/queue.c **** 				{
2493:Middlewares/Third_Party/FreeRTOS/Source/queue.c **** 					pxQueue->u.xQueue.pcReadFrom = pxQueue->pcHead;
2494:Middlewares/Third_Party/FreeRTOS/Source/queue.c **** 				}
2495:Middlewares/Third_Party/FreeRTOS/Source/queue.c **** 				else
2496:Middlewares/Third_Party/FreeRTOS/Source/queue.c **** 				{
2497:Middlewares/Third_Party/FreeRTOS/Source/queue.c **** 					mtCOVERAGE_TEST_MARKER();
2498:Middlewares/Third_Party/FreeRTOS/Source/queue.c **** 				}
2499:Middlewares/Third_Party/FreeRTOS/Source/queue.c **** 				--( pxQueue->uxMessagesWaiting );
2500:Middlewares/Third_Party/FreeRTOS/Source/queue.c **** 				( void ) memcpy( ( void * ) pvBuffer, ( void * ) pxQueue->u.xQueue.pcReadFrom, ( unsigned ) pxQ
2501:Middlewares/Third_Party/FreeRTOS/Source/queue.c **** 
2502:Middlewares/Third_Party/FreeRTOS/Source/queue.c **** 				xReturn = pdPASS;
2503:Middlewares/Third_Party/FreeRTOS/Source/queue.c **** 
2504:Middlewares/Third_Party/FreeRTOS/Source/queue.c **** 				/* Were any co-routines waiting for space to become available? */
2505:Middlewares/Third_Party/FreeRTOS/Source/queue.c **** 				if( listLIST_IS_EMPTY( &( pxQueue->xTasksWaitingToSend ) ) == pdFALSE )
2506:Middlewares/Third_Party/FreeRTOS/Source/queue.c **** 				{
2507:Middlewares/Third_Party/FreeRTOS/Source/queue.c **** 					/* In this instance the co-routine could be placed directly
2508:Middlewares/Third_Party/FreeRTOS/Source/queue.c **** 					into the ready list as we are within a critical section.
2509:Middlewares/Third_Party/FreeRTOS/Source/queue.c **** 					Instead the same pending ready list mechanism is used as if
2510:Middlewares/Third_Party/FreeRTOS/Source/queue.c **** 					the event were caused from within an interrupt. */
2511:Middlewares/Third_Party/FreeRTOS/Source/queue.c **** 					if( xCoRoutineRemoveFromEventList( &( pxQueue->xTasksWaitingToSend ) ) != pdFALSE )
2512:Middlewares/Third_Party/FreeRTOS/Source/queue.c **** 					{
2513:Middlewares/Third_Party/FreeRTOS/Source/queue.c **** 						xReturn = errQUEUE_YIELD;
2514:Middlewares/Third_Party/FreeRTOS/Source/queue.c **** 					}
2515:Middlewares/Third_Party/FreeRTOS/Source/queue.c **** 					else
2516:Middlewares/Third_Party/FreeRTOS/Source/queue.c **** 					{
2517:Middlewares/Third_Party/FreeRTOS/Source/queue.c **** 						mtCOVERAGE_TEST_MARKER();
2518:Middlewares/Third_Party/FreeRTOS/Source/queue.c **** 					}
2519:Middlewares/Third_Party/FreeRTOS/Source/queue.c **** 				}
2520:Middlewares/Third_Party/FreeRTOS/Source/queue.c **** 				else
2521:Middlewares/Third_Party/FreeRTOS/Source/queue.c **** 				{
2522:Middlewares/Third_Party/FreeRTOS/Source/queue.c **** 					mtCOVERAGE_TEST_MARKER();
2523:Middlewares/Third_Party/FreeRTOS/Source/queue.c **** 				}
2524:Middlewares/Third_Party/FreeRTOS/Source/queue.c **** 			}
2525:Middlewares/Third_Party/FreeRTOS/Source/queue.c **** 			else
2526:Middlewares/Third_Party/FreeRTOS/Source/queue.c **** 			{
2527:Middlewares/Third_Party/FreeRTOS/Source/queue.c **** 				xReturn = pdFAIL;
2528:Middlewares/Third_Party/FreeRTOS/Source/queue.c **** 			}
2529:Middlewares/Third_Party/FreeRTOS/Source/queue.c **** 		}
2530:Middlewares/Third_Party/FreeRTOS/Source/queue.c **** 		portENABLE_INTERRUPTS();
2531:Middlewares/Third_Party/FreeRTOS/Source/queue.c **** 
2532:Middlewares/Third_Party/FreeRTOS/Source/queue.c **** 		return xReturn;
2533:Middlewares/Third_Party/FreeRTOS/Source/queue.c **** 	}
2534:Middlewares/Third_Party/FreeRTOS/Source/queue.c **** 
2535:Middlewares/Third_Party/FreeRTOS/Source/queue.c **** #endif /* configUSE_CO_ROUTINES */
2536:Middlewares/Third_Party/FreeRTOS/Source/queue.c **** /*-----------------------------------------------------------*/
2537:Middlewares/Third_Party/FreeRTOS/Source/queue.c **** 
2538:Middlewares/Third_Party/FreeRTOS/Source/queue.c **** #if ( configUSE_CO_ROUTINES == 1 )
2539:Middlewares/Third_Party/FreeRTOS/Source/queue.c **** 
2540:Middlewares/Third_Party/FreeRTOS/Source/queue.c **** 	BaseType_t xQueueCRSendFromISR( QueueHandle_t xQueue, const void *pvItemToQueue, BaseType_t xCoRou
2541:Middlewares/Third_Party/FreeRTOS/Source/queue.c **** 	{
2542:Middlewares/Third_Party/FreeRTOS/Source/queue.c **** 	Queue_t * const pxQueue = xQueue;
2543:Middlewares/Third_Party/FreeRTOS/Source/queue.c **** 
2544:Middlewares/Third_Party/FreeRTOS/Source/queue.c **** 		/* Cannot block within an ISR so if there is no space on the queue then
2545:Middlewares/Third_Party/FreeRTOS/Source/queue.c **** 		exit without doing anything. */
2546:Middlewares/Third_Party/FreeRTOS/Source/queue.c **** 		if( pxQueue->uxMessagesWaiting < pxQueue->uxLength )
2547:Middlewares/Third_Party/FreeRTOS/Source/queue.c **** 		{
2548:Middlewares/Third_Party/FreeRTOS/Source/queue.c **** 			prvCopyDataToQueue( pxQueue, pvItemToQueue, queueSEND_TO_BACK );
ARM GAS  C:\Users\kalpe\AppData\Local\Temp\ccC8Iu7o.s 			page 154


2549:Middlewares/Third_Party/FreeRTOS/Source/queue.c **** 
2550:Middlewares/Third_Party/FreeRTOS/Source/queue.c **** 			/* We only want to wake one co-routine per ISR, so check that a
2551:Middlewares/Third_Party/FreeRTOS/Source/queue.c **** 			co-routine has not already been woken. */
2552:Middlewares/Third_Party/FreeRTOS/Source/queue.c **** 			if( xCoRoutinePreviouslyWoken == pdFALSE )
2553:Middlewares/Third_Party/FreeRTOS/Source/queue.c **** 			{
2554:Middlewares/Third_Party/FreeRTOS/Source/queue.c **** 				if( listLIST_IS_EMPTY( &( pxQueue->xTasksWaitingToReceive ) ) == pdFALSE )
2555:Middlewares/Third_Party/FreeRTOS/Source/queue.c **** 				{
2556:Middlewares/Third_Party/FreeRTOS/Source/queue.c **** 					if( xCoRoutineRemoveFromEventList( &( pxQueue->xTasksWaitingToReceive ) ) != pdFALSE )
2557:Middlewares/Third_Party/FreeRTOS/Source/queue.c **** 					{
2558:Middlewares/Third_Party/FreeRTOS/Source/queue.c **** 						return pdTRUE;
2559:Middlewares/Third_Party/FreeRTOS/Source/queue.c **** 					}
2560:Middlewares/Third_Party/FreeRTOS/Source/queue.c **** 					else
2561:Middlewares/Third_Party/FreeRTOS/Source/queue.c **** 					{
2562:Middlewares/Third_Party/FreeRTOS/Source/queue.c **** 						mtCOVERAGE_TEST_MARKER();
2563:Middlewares/Third_Party/FreeRTOS/Source/queue.c **** 					}
2564:Middlewares/Third_Party/FreeRTOS/Source/queue.c **** 				}
2565:Middlewares/Third_Party/FreeRTOS/Source/queue.c **** 				else
2566:Middlewares/Third_Party/FreeRTOS/Source/queue.c **** 				{
2567:Middlewares/Third_Party/FreeRTOS/Source/queue.c **** 					mtCOVERAGE_TEST_MARKER();
2568:Middlewares/Third_Party/FreeRTOS/Source/queue.c **** 				}
2569:Middlewares/Third_Party/FreeRTOS/Source/queue.c **** 			}
2570:Middlewares/Third_Party/FreeRTOS/Source/queue.c **** 			else
2571:Middlewares/Third_Party/FreeRTOS/Source/queue.c **** 			{
2572:Middlewares/Third_Party/FreeRTOS/Source/queue.c **** 				mtCOVERAGE_TEST_MARKER();
2573:Middlewares/Third_Party/FreeRTOS/Source/queue.c **** 			}
2574:Middlewares/Third_Party/FreeRTOS/Source/queue.c **** 		}
2575:Middlewares/Third_Party/FreeRTOS/Source/queue.c **** 		else
2576:Middlewares/Third_Party/FreeRTOS/Source/queue.c **** 		{
2577:Middlewares/Third_Party/FreeRTOS/Source/queue.c **** 			mtCOVERAGE_TEST_MARKER();
2578:Middlewares/Third_Party/FreeRTOS/Source/queue.c **** 		}
2579:Middlewares/Third_Party/FreeRTOS/Source/queue.c **** 
2580:Middlewares/Third_Party/FreeRTOS/Source/queue.c **** 		return xCoRoutinePreviouslyWoken;
2581:Middlewares/Third_Party/FreeRTOS/Source/queue.c **** 	}
2582:Middlewares/Third_Party/FreeRTOS/Source/queue.c **** 
2583:Middlewares/Third_Party/FreeRTOS/Source/queue.c **** #endif /* configUSE_CO_ROUTINES */
2584:Middlewares/Third_Party/FreeRTOS/Source/queue.c **** /*-----------------------------------------------------------*/
2585:Middlewares/Third_Party/FreeRTOS/Source/queue.c **** 
2586:Middlewares/Third_Party/FreeRTOS/Source/queue.c **** #if ( configUSE_CO_ROUTINES == 1 )
2587:Middlewares/Third_Party/FreeRTOS/Source/queue.c **** 
2588:Middlewares/Third_Party/FreeRTOS/Source/queue.c **** 	BaseType_t xQueueCRReceiveFromISR( QueueHandle_t xQueue, void *pvBuffer, BaseType_t *pxCoRoutineWo
2589:Middlewares/Third_Party/FreeRTOS/Source/queue.c **** 	{
2590:Middlewares/Third_Party/FreeRTOS/Source/queue.c **** 	BaseType_t xReturn;
2591:Middlewares/Third_Party/FreeRTOS/Source/queue.c **** 	Queue_t * const pxQueue = xQueue;
2592:Middlewares/Third_Party/FreeRTOS/Source/queue.c **** 
2593:Middlewares/Third_Party/FreeRTOS/Source/queue.c **** 		/* We cannot block from an ISR, so check there is data available. If
2594:Middlewares/Third_Party/FreeRTOS/Source/queue.c **** 		not then just leave without doing anything. */
2595:Middlewares/Third_Party/FreeRTOS/Source/queue.c **** 		if( pxQueue->uxMessagesWaiting > ( UBaseType_t ) 0 )
2596:Middlewares/Third_Party/FreeRTOS/Source/queue.c **** 		{
2597:Middlewares/Third_Party/FreeRTOS/Source/queue.c **** 			/* Copy the data from the queue. */
2598:Middlewares/Third_Party/FreeRTOS/Source/queue.c **** 			pxQueue->u.xQueue.pcReadFrom += pxQueue->uxItemSize;
2599:Middlewares/Third_Party/FreeRTOS/Source/queue.c **** 			if( pxQueue->u.xQueue.pcReadFrom >= pxQueue->u.xQueue.pcTail )
2600:Middlewares/Third_Party/FreeRTOS/Source/queue.c **** 			{
2601:Middlewares/Third_Party/FreeRTOS/Source/queue.c **** 				pxQueue->u.xQueue.pcReadFrom = pxQueue->pcHead;
2602:Middlewares/Third_Party/FreeRTOS/Source/queue.c **** 			}
2603:Middlewares/Third_Party/FreeRTOS/Source/queue.c **** 			else
2604:Middlewares/Third_Party/FreeRTOS/Source/queue.c **** 			{
2605:Middlewares/Third_Party/FreeRTOS/Source/queue.c **** 				mtCOVERAGE_TEST_MARKER();
ARM GAS  C:\Users\kalpe\AppData\Local\Temp\ccC8Iu7o.s 			page 155


2606:Middlewares/Third_Party/FreeRTOS/Source/queue.c **** 			}
2607:Middlewares/Third_Party/FreeRTOS/Source/queue.c **** 			--( pxQueue->uxMessagesWaiting );
2608:Middlewares/Third_Party/FreeRTOS/Source/queue.c **** 			( void ) memcpy( ( void * ) pvBuffer, ( void * ) pxQueue->u.xQueue.pcReadFrom, ( unsigned ) pxQu
2609:Middlewares/Third_Party/FreeRTOS/Source/queue.c **** 
2610:Middlewares/Third_Party/FreeRTOS/Source/queue.c **** 			if( ( *pxCoRoutineWoken ) == pdFALSE )
2611:Middlewares/Third_Party/FreeRTOS/Source/queue.c **** 			{
2612:Middlewares/Third_Party/FreeRTOS/Source/queue.c **** 				if( listLIST_IS_EMPTY( &( pxQueue->xTasksWaitingToSend ) ) == pdFALSE )
2613:Middlewares/Third_Party/FreeRTOS/Source/queue.c **** 				{
2614:Middlewares/Third_Party/FreeRTOS/Source/queue.c **** 					if( xCoRoutineRemoveFromEventList( &( pxQueue->xTasksWaitingToSend ) ) != pdFALSE )
2615:Middlewares/Third_Party/FreeRTOS/Source/queue.c **** 					{
2616:Middlewares/Third_Party/FreeRTOS/Source/queue.c **** 						*pxCoRoutineWoken = pdTRUE;
2617:Middlewares/Third_Party/FreeRTOS/Source/queue.c **** 					}
2618:Middlewares/Third_Party/FreeRTOS/Source/queue.c **** 					else
2619:Middlewares/Third_Party/FreeRTOS/Source/queue.c **** 					{
2620:Middlewares/Third_Party/FreeRTOS/Source/queue.c **** 						mtCOVERAGE_TEST_MARKER();
2621:Middlewares/Third_Party/FreeRTOS/Source/queue.c **** 					}
2622:Middlewares/Third_Party/FreeRTOS/Source/queue.c **** 				}
2623:Middlewares/Third_Party/FreeRTOS/Source/queue.c **** 				else
2624:Middlewares/Third_Party/FreeRTOS/Source/queue.c **** 				{
2625:Middlewares/Third_Party/FreeRTOS/Source/queue.c **** 					mtCOVERAGE_TEST_MARKER();
2626:Middlewares/Third_Party/FreeRTOS/Source/queue.c **** 				}
2627:Middlewares/Third_Party/FreeRTOS/Source/queue.c **** 			}
2628:Middlewares/Third_Party/FreeRTOS/Source/queue.c **** 			else
2629:Middlewares/Third_Party/FreeRTOS/Source/queue.c **** 			{
2630:Middlewares/Third_Party/FreeRTOS/Source/queue.c **** 				mtCOVERAGE_TEST_MARKER();
2631:Middlewares/Third_Party/FreeRTOS/Source/queue.c **** 			}
2632:Middlewares/Third_Party/FreeRTOS/Source/queue.c **** 
2633:Middlewares/Third_Party/FreeRTOS/Source/queue.c **** 			xReturn = pdPASS;
2634:Middlewares/Third_Party/FreeRTOS/Source/queue.c **** 		}
2635:Middlewares/Third_Party/FreeRTOS/Source/queue.c **** 		else
2636:Middlewares/Third_Party/FreeRTOS/Source/queue.c **** 		{
2637:Middlewares/Third_Party/FreeRTOS/Source/queue.c **** 			xReturn = pdFAIL;
2638:Middlewares/Third_Party/FreeRTOS/Source/queue.c **** 		}
2639:Middlewares/Third_Party/FreeRTOS/Source/queue.c **** 
2640:Middlewares/Third_Party/FreeRTOS/Source/queue.c **** 		return xReturn;
2641:Middlewares/Third_Party/FreeRTOS/Source/queue.c **** 	}
2642:Middlewares/Third_Party/FreeRTOS/Source/queue.c **** 
2643:Middlewares/Third_Party/FreeRTOS/Source/queue.c **** #endif /* configUSE_CO_ROUTINES */
2644:Middlewares/Third_Party/FreeRTOS/Source/queue.c **** /*-----------------------------------------------------------*/
2645:Middlewares/Third_Party/FreeRTOS/Source/queue.c **** 
2646:Middlewares/Third_Party/FreeRTOS/Source/queue.c **** #if ( configQUEUE_REGISTRY_SIZE > 0 )
2647:Middlewares/Third_Party/FreeRTOS/Source/queue.c **** 
2648:Middlewares/Third_Party/FreeRTOS/Source/queue.c **** 	void vQueueAddToRegistry( QueueHandle_t xQueue, const char *pcQueueName ) /*lint !e971 Unqualified
2649:Middlewares/Third_Party/FreeRTOS/Source/queue.c **** 	{
 4736              		.loc 1 2649 2 is_stmt 1 view -0
 4737              		.cfi_startproc
 4738              		@ args = 0, pretend = 0, frame = 0
 4739              		@ frame_needed = 0, uses_anonymous_args = 0
 4740              		@ link register save eliminated.
2650:Middlewares/Third_Party/FreeRTOS/Source/queue.c **** 	UBaseType_t ux;
 4741              		.loc 1 2650 2 view .LVU1355
2651:Middlewares/Third_Party/FreeRTOS/Source/queue.c **** 
2652:Middlewares/Third_Party/FreeRTOS/Source/queue.c **** 		/* See if there is an empty space in the registry.  A NULL name denotes
2653:Middlewares/Third_Party/FreeRTOS/Source/queue.c **** 		a free slot. */
2654:Middlewares/Third_Party/FreeRTOS/Source/queue.c **** 		for( ux = ( UBaseType_t ) 0U; ux < ( UBaseType_t ) configQUEUE_REGISTRY_SIZE; ux++ )
 4742              		.loc 1 2654 3 view .LVU1356
 4743              		.loc 1 2654 11 is_stmt 0 view .LVU1357
ARM GAS  C:\Users\kalpe\AppData\Local\Temp\ccC8Iu7o.s 			page 156


 4744 0000 0023     		movs	r3, #0
 4745              	.LVL375:
 4746              	.L356:
 4747              		.loc 1 2654 36 is_stmt 1 discriminator 1 view .LVU1358
 4748 0002 072B     		cmp	r3, #7
 4749 0004 0CD8     		bhi	.L360
2655:Middlewares/Third_Party/FreeRTOS/Source/queue.c **** 		{
2656:Middlewares/Third_Party/FreeRTOS/Source/queue.c **** 			if( xQueueRegistry[ ux ].pcQueueName == NULL )
 4750              		.loc 1 2656 4 view .LVU1359
 4751              		.loc 1 2656 28 is_stmt 0 view .LVU1360
 4752 0006 074A     		ldr	r2, .L362
 4753 0008 52F83320 		ldr	r2, [r2, r3, lsl #3]
 4754              		.loc 1 2656 6 view .LVU1361
 4755 000c 0AB1     		cbz	r2, .L361
2657:Middlewares/Third_Party/FreeRTOS/Source/queue.c **** 			{
2658:Middlewares/Third_Party/FreeRTOS/Source/queue.c **** 				/* Store the information on this queue. */
2659:Middlewares/Third_Party/FreeRTOS/Source/queue.c **** 				xQueueRegistry[ ux ].pcQueueName = pcQueueName;
2660:Middlewares/Third_Party/FreeRTOS/Source/queue.c **** 				xQueueRegistry[ ux ].xHandle = xQueue;
2661:Middlewares/Third_Party/FreeRTOS/Source/queue.c **** 
2662:Middlewares/Third_Party/FreeRTOS/Source/queue.c **** 				traceQUEUE_REGISTRY_ADD( xQueue, pcQueueName );
2663:Middlewares/Third_Party/FreeRTOS/Source/queue.c **** 				break;
2664:Middlewares/Third_Party/FreeRTOS/Source/queue.c **** 			}
2665:Middlewares/Third_Party/FreeRTOS/Source/queue.c **** 			else
2666:Middlewares/Third_Party/FreeRTOS/Source/queue.c **** 			{
2667:Middlewares/Third_Party/FreeRTOS/Source/queue.c **** 				mtCOVERAGE_TEST_MARKER();
 4756              		.loc 1 2667 29 is_stmt 1 view .LVU1362
2654:Middlewares/Third_Party/FreeRTOS/Source/queue.c **** 		{
 4757              		.loc 1 2654 83 discriminator 2 view .LVU1363
 4758 000e 0133     		adds	r3, r3, #1
 4759              	.LVL376:
2654:Middlewares/Third_Party/FreeRTOS/Source/queue.c **** 		{
 4760              		.loc 1 2654 83 is_stmt 0 discriminator 2 view .LVU1364
 4761 0010 F7E7     		b	.L356
 4762              	.LVL377:
 4763              	.L361:
2659:Middlewares/Third_Party/FreeRTOS/Source/queue.c **** 				xQueueRegistry[ ux ].xHandle = xQueue;
 4764              		.loc 1 2659 5 is_stmt 1 view .LVU1365
2659:Middlewares/Third_Party/FreeRTOS/Source/queue.c **** 				xQueueRegistry[ ux ].xHandle = xQueue;
 4765              		.loc 1 2659 38 is_stmt 0 view .LVU1366
 4766 0012 044A     		ldr	r2, .L362
 4767 0014 42F83310 		str	r1, [r2, r3, lsl #3]
2660:Middlewares/Third_Party/FreeRTOS/Source/queue.c **** 
 4768              		.loc 1 2660 5 is_stmt 1 view .LVU1367
2660:Middlewares/Third_Party/FreeRTOS/Source/queue.c **** 
 4769              		.loc 1 2660 34 is_stmt 0 view .LVU1368
 4770 0018 02EBC302 		add	r2, r2, r3, lsl #3
 4771 001c 5060     		str	r0, [r2, #4]
2662:Middlewares/Third_Party/FreeRTOS/Source/queue.c **** 				break;
 4772              		.loc 1 2662 51 is_stmt 1 view .LVU1369
2663:Middlewares/Third_Party/FreeRTOS/Source/queue.c **** 			}
 4773              		.loc 1 2663 5 view .LVU1370
 4774 001e 7047     		bx	lr
 4775              	.L360:
2668:Middlewares/Third_Party/FreeRTOS/Source/queue.c **** 			}
2669:Middlewares/Third_Party/FreeRTOS/Source/queue.c **** 		}
2670:Middlewares/Third_Party/FreeRTOS/Source/queue.c **** 	}
 4776              		.loc 1 2670 2 is_stmt 0 view .LVU1371
ARM GAS  C:\Users\kalpe\AppData\Local\Temp\ccC8Iu7o.s 			page 157


 4777 0020 7047     		bx	lr
 4778              	.L363:
 4779 0022 00BF     		.align	2
 4780              	.L362:
 4781 0024 00000000 		.word	xQueueRegistry
 4782              		.cfi_endproc
 4783              	.LFE40:
 4785              		.section	.text.pcQueueGetName,"ax",%progbits
 4786              		.align	1
 4787              		.global	pcQueueGetName
 4788              		.syntax unified
 4789              		.thumb
 4790              		.thumb_func
 4792              	pcQueueGetName:
 4793              	.LVL378:
 4794              	.LFB41:
2671:Middlewares/Third_Party/FreeRTOS/Source/queue.c **** 
2672:Middlewares/Third_Party/FreeRTOS/Source/queue.c **** #endif /* configQUEUE_REGISTRY_SIZE */
2673:Middlewares/Third_Party/FreeRTOS/Source/queue.c **** /*-----------------------------------------------------------*/
2674:Middlewares/Third_Party/FreeRTOS/Source/queue.c **** 
2675:Middlewares/Third_Party/FreeRTOS/Source/queue.c **** #if ( configQUEUE_REGISTRY_SIZE > 0 )
2676:Middlewares/Third_Party/FreeRTOS/Source/queue.c **** 
2677:Middlewares/Third_Party/FreeRTOS/Source/queue.c **** 	const char *pcQueueGetName( QueueHandle_t xQueue ) /*lint !e971 Unqualified char types are allowed
2678:Middlewares/Third_Party/FreeRTOS/Source/queue.c **** 	{
 4795              		.loc 1 2678 2 is_stmt 1 view -0
 4796              		.cfi_startproc
 4797              		@ args = 0, pretend = 0, frame = 0
 4798              		@ frame_needed = 0, uses_anonymous_args = 0
 4799              		@ link register save eliminated.
2679:Middlewares/Third_Party/FreeRTOS/Source/queue.c **** 	UBaseType_t ux;
 4800              		.loc 1 2679 2 view .LVU1373
2680:Middlewares/Third_Party/FreeRTOS/Source/queue.c **** 	const char *pcReturn = NULL; /*lint !e971 Unqualified char types are allowed for strings and singl
 4801              		.loc 1 2680 2 view .LVU1374
2681:Middlewares/Third_Party/FreeRTOS/Source/queue.c **** 
2682:Middlewares/Third_Party/FreeRTOS/Source/queue.c **** 		/* Note there is nothing here to protect against another task adding or
2683:Middlewares/Third_Party/FreeRTOS/Source/queue.c **** 		removing entries from the registry while it is being searched. */
2684:Middlewares/Third_Party/FreeRTOS/Source/queue.c **** 		for( ux = ( UBaseType_t ) 0U; ux < ( UBaseType_t ) configQUEUE_REGISTRY_SIZE; ux++ )
 4802              		.loc 1 2684 3 view .LVU1375
 4803              		.loc 1 2684 11 is_stmt 0 view .LVU1376
 4804 0000 0023     		movs	r3, #0
 4805              	.LVL379:
 4806              	.L365:
 4807              		.loc 1 2684 36 is_stmt 1 discriminator 1 view .LVU1377
 4808 0002 072B     		cmp	r3, #7
 4809 0004 0BD8     		bhi	.L369
2685:Middlewares/Third_Party/FreeRTOS/Source/queue.c **** 		{
2686:Middlewares/Third_Party/FreeRTOS/Source/queue.c **** 			if( xQueueRegistry[ ux ].xHandle == xQueue )
 4810              		.loc 1 2686 4 view .LVU1378
 4811              		.loc 1 2686 28 is_stmt 0 view .LVU1379
 4812 0006 074A     		ldr	r2, .L371
 4813 0008 02EBC302 		add	r2, r2, r3, lsl #3
 4814 000c 5268     		ldr	r2, [r2, #4]
 4815              		.loc 1 2686 6 view .LVU1380
 4816 000e 8242     		cmp	r2, r0
 4817 0010 01D0     		beq	.L370
2687:Middlewares/Third_Party/FreeRTOS/Source/queue.c **** 			{
2688:Middlewares/Third_Party/FreeRTOS/Source/queue.c **** 				pcReturn = xQueueRegistry[ ux ].pcQueueName;
ARM GAS  C:\Users\kalpe\AppData\Local\Temp\ccC8Iu7o.s 			page 158


2689:Middlewares/Third_Party/FreeRTOS/Source/queue.c **** 				break;
2690:Middlewares/Third_Party/FreeRTOS/Source/queue.c **** 			}
2691:Middlewares/Third_Party/FreeRTOS/Source/queue.c **** 			else
2692:Middlewares/Third_Party/FreeRTOS/Source/queue.c **** 			{
2693:Middlewares/Third_Party/FreeRTOS/Source/queue.c **** 				mtCOVERAGE_TEST_MARKER();
 4818              		.loc 1 2693 29 is_stmt 1 view .LVU1381
2684:Middlewares/Third_Party/FreeRTOS/Source/queue.c **** 		{
 4819              		.loc 1 2684 83 discriminator 2 view .LVU1382
 4820 0012 0133     		adds	r3, r3, #1
 4821              	.LVL380:
2684:Middlewares/Third_Party/FreeRTOS/Source/queue.c **** 		{
 4822              		.loc 1 2684 83 is_stmt 0 discriminator 2 view .LVU1383
 4823 0014 F5E7     		b	.L365
 4824              	.LVL381:
 4825              	.L370:
2688:Middlewares/Third_Party/FreeRTOS/Source/queue.c **** 				break;
 4826              		.loc 1 2688 5 is_stmt 1 view .LVU1384
2688:Middlewares/Third_Party/FreeRTOS/Source/queue.c **** 				break;
 4827              		.loc 1 2688 14 is_stmt 0 view .LVU1385
 4828 0016 034A     		ldr	r2, .L371
 4829 0018 52F83300 		ldr	r0, [r2, r3, lsl #3]
 4830              	.LVL382:
2689:Middlewares/Third_Party/FreeRTOS/Source/queue.c **** 			}
 4831              		.loc 1 2689 5 is_stmt 1 view .LVU1386
 4832 001c 7047     		bx	lr
 4833              	.LVL383:
 4834              	.L369:
2680:Middlewares/Third_Party/FreeRTOS/Source/queue.c **** 
 4835              		.loc 1 2680 14 is_stmt 0 view .LVU1387
 4836 001e 0020     		movs	r0, #0
 4837              	.LVL384:
2694:Middlewares/Third_Party/FreeRTOS/Source/queue.c **** 			}
2695:Middlewares/Third_Party/FreeRTOS/Source/queue.c **** 		}
2696:Middlewares/Third_Party/FreeRTOS/Source/queue.c **** 
2697:Middlewares/Third_Party/FreeRTOS/Source/queue.c **** 		return pcReturn;
 4838              		.loc 1 2697 3 is_stmt 1 view .LVU1388
2698:Middlewares/Third_Party/FreeRTOS/Source/queue.c **** 	} /*lint !e818 xQueue cannot be a pointer to const because it is a typedef. */
 4839              		.loc 1 2698 2 is_stmt 0 view .LVU1389
 4840 0020 7047     		bx	lr
 4841              	.L372:
 4842 0022 00BF     		.align	2
 4843              	.L371:
 4844 0024 00000000 		.word	xQueueRegistry
 4845              		.cfi_endproc
 4846              	.LFE41:
 4848              		.section	.text.vQueueUnregisterQueue,"ax",%progbits
 4849              		.align	1
 4850              		.global	vQueueUnregisterQueue
 4851              		.syntax unified
 4852              		.thumb
 4853              		.thumb_func
 4855              	vQueueUnregisterQueue:
 4856              	.LVL385:
 4857              	.LFB42:
2699:Middlewares/Third_Party/FreeRTOS/Source/queue.c **** 
2700:Middlewares/Third_Party/FreeRTOS/Source/queue.c **** #endif /* configQUEUE_REGISTRY_SIZE */
2701:Middlewares/Third_Party/FreeRTOS/Source/queue.c **** /*-----------------------------------------------------------*/
ARM GAS  C:\Users\kalpe\AppData\Local\Temp\ccC8Iu7o.s 			page 159


2702:Middlewares/Third_Party/FreeRTOS/Source/queue.c **** 
2703:Middlewares/Third_Party/FreeRTOS/Source/queue.c **** #if ( configQUEUE_REGISTRY_SIZE > 0 )
2704:Middlewares/Third_Party/FreeRTOS/Source/queue.c **** 
2705:Middlewares/Third_Party/FreeRTOS/Source/queue.c **** 	void vQueueUnregisterQueue( QueueHandle_t xQueue )
2706:Middlewares/Third_Party/FreeRTOS/Source/queue.c **** 	{
 4858              		.loc 1 2706 2 is_stmt 1 view -0
 4859              		.cfi_startproc
 4860              		@ args = 0, pretend = 0, frame = 0
 4861              		@ frame_needed = 0, uses_anonymous_args = 0
 4862              		@ link register save eliminated.
2707:Middlewares/Third_Party/FreeRTOS/Source/queue.c **** 	UBaseType_t ux;
 4863              		.loc 1 2707 2 view .LVU1391
2708:Middlewares/Third_Party/FreeRTOS/Source/queue.c **** 
2709:Middlewares/Third_Party/FreeRTOS/Source/queue.c **** 		/* See if the handle of the queue being unregistered in actually in the
2710:Middlewares/Third_Party/FreeRTOS/Source/queue.c **** 		registry. */
2711:Middlewares/Third_Party/FreeRTOS/Source/queue.c **** 		for( ux = ( UBaseType_t ) 0U; ux < ( UBaseType_t ) configQUEUE_REGISTRY_SIZE; ux++ )
 4864              		.loc 1 2711 3 view .LVU1392
 4865              		.loc 1 2711 11 is_stmt 0 view .LVU1393
 4866 0000 0023     		movs	r3, #0
 4867              	.LVL386:
 4868              	.L374:
 4869              		.loc 1 2711 36 is_stmt 1 discriminator 1 view .LVU1394
 4870 0002 072B     		cmp	r3, #7
 4871 0004 0FD8     		bhi	.L378
2712:Middlewares/Third_Party/FreeRTOS/Source/queue.c **** 		{
2713:Middlewares/Third_Party/FreeRTOS/Source/queue.c **** 			if( xQueueRegistry[ ux ].xHandle == xQueue )
 4872              		.loc 1 2713 4 view .LVU1395
 4873              		.loc 1 2713 28 is_stmt 0 view .LVU1396
 4874 0006 084A     		ldr	r2, .L380
 4875 0008 02EBC302 		add	r2, r2, r3, lsl #3
 4876 000c 5268     		ldr	r2, [r2, #4]
 4877              		.loc 1 2713 6 view .LVU1397
 4878 000e 8242     		cmp	r2, r0
 4879 0010 01D0     		beq	.L379
2714:Middlewares/Third_Party/FreeRTOS/Source/queue.c **** 			{
2715:Middlewares/Third_Party/FreeRTOS/Source/queue.c **** 				/* Set the name to NULL to show that this slot if free again. */
2716:Middlewares/Third_Party/FreeRTOS/Source/queue.c **** 				xQueueRegistry[ ux ].pcQueueName = NULL;
2717:Middlewares/Third_Party/FreeRTOS/Source/queue.c **** 
2718:Middlewares/Third_Party/FreeRTOS/Source/queue.c **** 				/* Set the handle to NULL to ensure the same queue handle cannot
2719:Middlewares/Third_Party/FreeRTOS/Source/queue.c **** 				appear in the registry twice if it is added, removed, then
2720:Middlewares/Third_Party/FreeRTOS/Source/queue.c **** 				added again. */
2721:Middlewares/Third_Party/FreeRTOS/Source/queue.c **** 				xQueueRegistry[ ux ].xHandle = ( QueueHandle_t ) 0;
2722:Middlewares/Third_Party/FreeRTOS/Source/queue.c **** 				break;
2723:Middlewares/Third_Party/FreeRTOS/Source/queue.c **** 			}
2724:Middlewares/Third_Party/FreeRTOS/Source/queue.c **** 			else
2725:Middlewares/Third_Party/FreeRTOS/Source/queue.c **** 			{
2726:Middlewares/Third_Party/FreeRTOS/Source/queue.c **** 				mtCOVERAGE_TEST_MARKER();
 4880              		.loc 1 2726 29 is_stmt 1 view .LVU1398
2711:Middlewares/Third_Party/FreeRTOS/Source/queue.c **** 		{
 4881              		.loc 1 2711 83 discriminator 2 view .LVU1399
 4882 0012 0133     		adds	r3, r3, #1
 4883              	.LVL387:
2711:Middlewares/Third_Party/FreeRTOS/Source/queue.c **** 		{
 4884              		.loc 1 2711 83 is_stmt 0 discriminator 2 view .LVU1400
 4885 0014 F5E7     		b	.L374
 4886              	.LVL388:
 4887              	.L379:
ARM GAS  C:\Users\kalpe\AppData\Local\Temp\ccC8Iu7o.s 			page 160


2716:Middlewares/Third_Party/FreeRTOS/Source/queue.c **** 
 4888              		.loc 1 2716 5 is_stmt 1 view .LVU1401
2716:Middlewares/Third_Party/FreeRTOS/Source/queue.c **** 
 4889              		.loc 1 2716 38 is_stmt 0 view .LVU1402
 4890 0016 044A     		ldr	r2, .L380
 4891 0018 0021     		movs	r1, #0
 4892 001a 42F83310 		str	r1, [r2, r3, lsl #3]
2721:Middlewares/Third_Party/FreeRTOS/Source/queue.c **** 				break;
 4893              		.loc 1 2721 5 is_stmt 1 view .LVU1403
2721:Middlewares/Third_Party/FreeRTOS/Source/queue.c **** 				break;
 4894              		.loc 1 2721 34 is_stmt 0 view .LVU1404
 4895 001e 02EBC302 		add	r2, r2, r3, lsl #3
 4896 0022 5160     		str	r1, [r2, #4]
2722:Middlewares/Third_Party/FreeRTOS/Source/queue.c **** 			}
 4897              		.loc 1 2722 5 is_stmt 1 view .LVU1405
 4898 0024 7047     		bx	lr
 4899              	.L378:
2727:Middlewares/Third_Party/FreeRTOS/Source/queue.c **** 			}
2728:Middlewares/Third_Party/FreeRTOS/Source/queue.c **** 		}
2729:Middlewares/Third_Party/FreeRTOS/Source/queue.c **** 
2730:Middlewares/Third_Party/FreeRTOS/Source/queue.c **** 	} /*lint !e818 xQueue could not be pointer to const because it is a typedef. */
 4900              		.loc 1 2730 2 is_stmt 0 view .LVU1406
 4901 0026 7047     		bx	lr
 4902              	.L381:
 4903              		.align	2
 4904              	.L380:
 4905 0028 00000000 		.word	xQueueRegistry
 4906              		.cfi_endproc
 4907              	.LFE42:
 4909              		.section	.text.vQueueDelete,"ax",%progbits
 4910              		.align	1
 4911              		.global	vQueueDelete
 4912              		.syntax unified
 4913              		.thumb
 4914              		.thumb_func
 4916              	vQueueDelete:
 4917              	.LVL389:
 4918              	.LFB28:
1976:Middlewares/Third_Party/FreeRTOS/Source/queue.c **** Queue_t * const pxQueue = xQueue;
 4919              		.loc 1 1976 1 is_stmt 1 view -0
 4920              		.cfi_startproc
 4921              		@ args = 0, pretend = 0, frame = 0
 4922              		@ frame_needed = 0, uses_anonymous_args = 0
1977:Middlewares/Third_Party/FreeRTOS/Source/queue.c **** 
 4923              		.loc 1 1977 1 view .LVU1408
1979:Middlewares/Third_Party/FreeRTOS/Source/queue.c **** 	traceQUEUE_DELETE( pxQueue );
 4924              		.loc 1 1979 2 view .LVU1409
 4925 0000 38B1     		cbz	r0, .L388
1976:Middlewares/Third_Party/FreeRTOS/Source/queue.c **** Queue_t * const pxQueue = xQueue;
 4926              		.loc 1 1976 1 is_stmt 0 view .LVU1410
 4927 0002 10B5     		push	{r4, lr}
 4928              	.LCFI55:
 4929              		.cfi_def_cfa_offset 8
 4930              		.cfi_offset 4, -8
 4931              		.cfi_offset 14, -4
 4932 0004 0446     		mov	r4, r0
1979:Middlewares/Third_Party/FreeRTOS/Source/queue.c **** 	traceQUEUE_DELETE( pxQueue );
ARM GAS  C:\Users\kalpe\AppData\Local\Temp\ccC8Iu7o.s 			page 161


 4933              		.loc 1 1979 25 is_stmt 1 view .LVU1411
1980:Middlewares/Third_Party/FreeRTOS/Source/queue.c **** 
 4934              		.loc 1 1980 30 view .LVU1412
1984:Middlewares/Third_Party/FreeRTOS/Source/queue.c **** 	}
 4935              		.loc 1 1984 3 view .LVU1413
 4936 0006 FFF7FEFF 		bl	vQueueUnregisterQueue
 4937              	.LVL390:
1998:Middlewares/Third_Party/FreeRTOS/Source/queue.c **** 		{
 4938              		.loc 1 1998 3 view .LVU1414
1998:Middlewares/Third_Party/FreeRTOS/Source/queue.c **** 		{
 4939              		.loc 1 1998 14 is_stmt 0 view .LVU1415
 4940 000a 94F84630 		ldrb	r3, [r4, #70]	@ zero_extendqisi2
1998:Middlewares/Third_Party/FreeRTOS/Source/queue.c **** 		{
 4941              		.loc 1 1998 5 view .LVU1416
 4942 000e 4BB1     		cbz	r3, .L389
 4943              	.L382:
2014:Middlewares/Third_Party/FreeRTOS/Source/queue.c **** /*-----------------------------------------------------------*/
 4944              		.loc 1 2014 1 view .LVU1417
 4945 0010 10BD     		pop	{r4, pc}
 4946              	.LVL391:
 4947              	.L388:
 4948              	.LCFI56:
 4949              		.cfi_def_cfa_offset 0
 4950              		.cfi_restore 4
 4951              		.cfi_restore 14
1979:Middlewares/Third_Party/FreeRTOS/Source/queue.c **** 	traceQUEUE_DELETE( pxQueue );
 4952              		.loc 1 1979 2 is_stmt 1 discriminator 1 view .LVU1418
 4953              	.LBB246:
 4954              	.LBI246:
 191:Middlewares/Third_Party/FreeRTOS/Source/portable/GCC/ARM_CM4F/portmacro.h **** {
 4955              		.loc 2 191 30 view .LVU1419
 4956              	.LBB247:
 193:Middlewares/Third_Party/FreeRTOS/Source/portable/GCC/ARM_CM4F/portmacro.h **** 
 4957              		.loc 2 193 1 view .LVU1420
 195:Middlewares/Third_Party/FreeRTOS/Source/portable/GCC/ARM_CM4F/portmacro.h **** 	(
 4958              		.loc 2 195 2 view .LVU1421
 4959              		.syntax unified
 4960              	@ 195 "Middlewares/Third_Party/FreeRTOS/Source/portable/GCC/ARM_CM4F/portmacro.h" 1
 4961 0012 4FF05003 			mov r3, #80												
 4962 0016 83F31188 		msr basepri, r3											
 4963 001a BFF36F8F 		isb														
 4964 001e BFF34F8F 		dsb														
 4965              	
 4966              	@ 0 "" 2
 4967              		.thumb
 4968              		.syntax unified
 4969              	.L384:
 4970              	.LBE247:
 4971              	.LBE246:
1979:Middlewares/Third_Party/FreeRTOS/Source/queue.c **** 	traceQUEUE_DELETE( pxQueue );
 4972              		.loc 1 1979 2 view .LVU1422
 4973 0022 FEE7     		b	.L384
 4974              	.LVL392:
 4975              	.L389:
 4976              	.LCFI57:
 4977              		.cfi_def_cfa_offset 8
 4978              		.cfi_offset 4, -8
ARM GAS  C:\Users\kalpe\AppData\Local\Temp\ccC8Iu7o.s 			page 162


 4979              		.cfi_offset 14, -4
2000:Middlewares/Third_Party/FreeRTOS/Source/queue.c **** 		}
 4980              		.loc 1 2000 4 view .LVU1423
 4981 0024 2046     		mov	r0, r4
 4982 0026 FFF7FEFF 		bl	vPortFree
 4983              	.LVL393:
2004:Middlewares/Third_Party/FreeRTOS/Source/queue.c **** 		}
 4984              		.loc 1 2004 28 view .LVU1424
2014:Middlewares/Third_Party/FreeRTOS/Source/queue.c **** /*-----------------------------------------------------------*/
 4985              		.loc 1 2014 1 is_stmt 0 view .LVU1425
 4986 002a F1E7     		b	.L382
 4987              		.cfi_endproc
 4988              	.LFE28:
 4990              		.section	.text.vQueueWaitForMessageRestricted,"ax",%progbits
 4991              		.align	1
 4992              		.global	vQueueWaitForMessageRestricted
 4993              		.syntax unified
 4994              		.thumb
 4995              		.thumb_func
 4997              	vQueueWaitForMessageRestricted:
 4998              	.LVL394:
 4999              	.LFB43:
2731:Middlewares/Third_Party/FreeRTOS/Source/queue.c **** 
2732:Middlewares/Third_Party/FreeRTOS/Source/queue.c **** #endif /* configQUEUE_REGISTRY_SIZE */
2733:Middlewares/Third_Party/FreeRTOS/Source/queue.c **** /*-----------------------------------------------------------*/
2734:Middlewares/Third_Party/FreeRTOS/Source/queue.c **** 
2735:Middlewares/Third_Party/FreeRTOS/Source/queue.c **** #if ( configUSE_TIMERS == 1 )
2736:Middlewares/Third_Party/FreeRTOS/Source/queue.c **** 
2737:Middlewares/Third_Party/FreeRTOS/Source/queue.c **** 	void vQueueWaitForMessageRestricted( QueueHandle_t xQueue, TickType_t xTicksToWait, const BaseType
2738:Middlewares/Third_Party/FreeRTOS/Source/queue.c **** 	{
 5000              		.loc 1 2738 2 is_stmt 1 view -0
 5001              		.cfi_startproc
 5002              		@ args = 0, pretend = 0, frame = 0
 5003              		@ frame_needed = 0, uses_anonymous_args = 0
 5004              		.loc 1 2738 2 is_stmt 0 view .LVU1427
 5005 0000 70B5     		push	{r4, r5, r6, lr}
 5006              	.LCFI58:
 5007              		.cfi_def_cfa_offset 16
 5008              		.cfi_offset 4, -16
 5009              		.cfi_offset 5, -12
 5010              		.cfi_offset 6, -8
 5011              		.cfi_offset 14, -4
 5012 0002 0446     		mov	r4, r0
 5013 0004 0D46     		mov	r5, r1
 5014 0006 1646     		mov	r6, r2
2739:Middlewares/Third_Party/FreeRTOS/Source/queue.c **** 	Queue_t * const pxQueue = xQueue;
 5015              		.loc 1 2739 2 is_stmt 1 view .LVU1428
 5016              	.LVL395:
2740:Middlewares/Third_Party/FreeRTOS/Source/queue.c **** 
2741:Middlewares/Third_Party/FreeRTOS/Source/queue.c **** 		/* This function should not be called by application code hence the
2742:Middlewares/Third_Party/FreeRTOS/Source/queue.c **** 		'Restricted' in its name.  It is not part of the public API.  It is
2743:Middlewares/Third_Party/FreeRTOS/Source/queue.c **** 		designed for use by kernel code, and has special calling requirements.
2744:Middlewares/Third_Party/FreeRTOS/Source/queue.c **** 		It can result in vListInsert() being called on a list that can only
2745:Middlewares/Third_Party/FreeRTOS/Source/queue.c **** 		possibly ever have one item in it, so the list will be fast, but even
2746:Middlewares/Third_Party/FreeRTOS/Source/queue.c **** 		so it should be called with the scheduler locked and not from a critical
2747:Middlewares/Third_Party/FreeRTOS/Source/queue.c **** 		section. */
2748:Middlewares/Third_Party/FreeRTOS/Source/queue.c **** 
ARM GAS  C:\Users\kalpe\AppData\Local\Temp\ccC8Iu7o.s 			page 163


2749:Middlewares/Third_Party/FreeRTOS/Source/queue.c **** 		/* Only do anything if there are no messages in the queue.  This function
2750:Middlewares/Third_Party/FreeRTOS/Source/queue.c **** 		will not actually cause the task to block, just place it on a blocked
2751:Middlewares/Third_Party/FreeRTOS/Source/queue.c **** 		list.  It will not block until the scheduler is unlocked - at which
2752:Middlewares/Third_Party/FreeRTOS/Source/queue.c **** 		time a yield will be performed.  If an item is added to the queue while
2753:Middlewares/Third_Party/FreeRTOS/Source/queue.c **** 		the queue is locked, and the calling task blocks on the queue, then the
2754:Middlewares/Third_Party/FreeRTOS/Source/queue.c **** 		calling task will be immediately unblocked when the queue is unlocked. */
2755:Middlewares/Third_Party/FreeRTOS/Source/queue.c **** 		prvLockQueue( pxQueue );
 5017              		.loc 1 2755 3 view .LVU1429
 5018 0008 FFF7FEFF 		bl	vPortEnterCritical
 5019              	.LVL396:
 5020              		.loc 1 2755 3 discriminator 1 view .LVU1430
 5021 000c 94F84430 		ldrb	r3, [r4, #68]	@ zero_extendqisi2
 5022 0010 5BB2     		sxtb	r3, r3
 5023 0012 B3F1FF3F 		cmp	r3, #-1
 5024 0016 0DD0     		beq	.L395
 5025              	.L391:
 5026              		.loc 1 2755 3 discriminator 4 view .LVU1431
 5027 0018 94F84530 		ldrb	r3, [r4, #69]	@ zero_extendqisi2
 5028 001c 5BB2     		sxtb	r3, r3
 5029 001e B3F1FF3F 		cmp	r3, #-1
 5030 0022 0BD0     		beq	.L396
 5031              	.L392:
 5032              		.loc 1 2755 3 discriminator 7 view .LVU1432
 5033 0024 FFF7FEFF 		bl	vPortExitCritical
 5034              	.LVL397:
2756:Middlewares/Third_Party/FreeRTOS/Source/queue.c **** 		if( pxQueue->uxMessagesWaiting == ( UBaseType_t ) 0U )
 5035              		.loc 1 2756 3 view .LVU1433
 5036              		.loc 1 2756 14 is_stmt 0 view .LVU1434
 5037 0028 A36B     		ldr	r3, [r4, #56]
 5038              		.loc 1 2756 5 view .LVU1435
 5039 002a 5BB1     		cbz	r3, .L397
 5040              	.L393:
2757:Middlewares/Third_Party/FreeRTOS/Source/queue.c **** 		{
2758:Middlewares/Third_Party/FreeRTOS/Source/queue.c **** 			/* There is nothing in the queue, block for the specified period. */
2759:Middlewares/Third_Party/FreeRTOS/Source/queue.c **** 			vTaskPlaceOnEventListRestricted( &( pxQueue->xTasksWaitingToReceive ), xTicksToWait, xWaitIndefi
2760:Middlewares/Third_Party/FreeRTOS/Source/queue.c **** 		}
2761:Middlewares/Third_Party/FreeRTOS/Source/queue.c **** 		else
2762:Middlewares/Third_Party/FreeRTOS/Source/queue.c **** 		{
2763:Middlewares/Third_Party/FreeRTOS/Source/queue.c **** 			mtCOVERAGE_TEST_MARKER();
 5041              		.loc 1 2763 28 is_stmt 1 view .LVU1436
2764:Middlewares/Third_Party/FreeRTOS/Source/queue.c **** 		}
2765:Middlewares/Third_Party/FreeRTOS/Source/queue.c **** 		prvUnlockQueue( pxQueue );
 5042              		.loc 1 2765 3 view .LVU1437
 5043 002c 2046     		mov	r0, r4
 5044 002e FFF7FEFF 		bl	prvUnlockQueue
 5045              	.LVL398:
2766:Middlewares/Third_Party/FreeRTOS/Source/queue.c **** 	}
 5046              		.loc 1 2766 2 is_stmt 0 view .LVU1438
 5047 0032 70BD     		pop	{r4, r5, r6, pc}
 5048              	.LVL399:
 5049              	.L395:
2755:Middlewares/Third_Party/FreeRTOS/Source/queue.c **** 		if( pxQueue->uxMessagesWaiting == ( UBaseType_t ) 0U )
 5050              		.loc 1 2755 3 is_stmt 1 discriminator 2 view .LVU1439
 5051 0034 0023     		movs	r3, #0
 5052 0036 84F84430 		strb	r3, [r4, #68]
 5053 003a EDE7     		b	.L391
 5054              	.L396:
ARM GAS  C:\Users\kalpe\AppData\Local\Temp\ccC8Iu7o.s 			page 164


2755:Middlewares/Third_Party/FreeRTOS/Source/queue.c **** 		if( pxQueue->uxMessagesWaiting == ( UBaseType_t ) 0U )
 5055              		.loc 1 2755 3 discriminator 5 view .LVU1440
 5056 003c 0023     		movs	r3, #0
 5057 003e 84F84530 		strb	r3, [r4, #69]
 5058 0042 EFE7     		b	.L392
 5059              	.L397:
2759:Middlewares/Third_Party/FreeRTOS/Source/queue.c **** 		}
 5060              		.loc 1 2759 4 view .LVU1441
 5061 0044 3246     		mov	r2, r6
 5062 0046 2946     		mov	r1, r5
 5063 0048 04F12400 		add	r0, r4, #36
 5064 004c FFF7FEFF 		bl	vTaskPlaceOnEventListRestricted
 5065              	.LVL400:
 5066 0050 ECE7     		b	.L393
 5067              		.cfi_endproc
 5068              	.LFE43:
 5070              		.global	xQueueRegistry
 5071              		.section	.bss.xQueueRegistry,"aw",%nobits
 5072              		.align	2
 5075              	xQueueRegistry:
 5076 0000 00000000 		.space	64
 5076      00000000 
 5076      00000000 
 5076      00000000 
 5076      00000000 
 5077              		.text
 5078              	.Letext0:
 5079              		.file 3 "C:/Program Files/Arm/GNU Toolchain mingw-w64-x86_64-arm-none-eabi/lib/gcc/arm-none-eabi/1
 5080              		.file 4 "C:/Program Files/Arm/GNU Toolchain mingw-w64-x86_64-arm-none-eabi/arm-none-eabi/include/m
 5081              		.file 5 "C:/Program Files/Arm/GNU Toolchain mingw-w64-x86_64-arm-none-eabi/arm-none-eabi/include/s
 5082              		.file 6 "Middlewares/Third_Party/FreeRTOS/Source/include/FreeRTOS.h"
 5083              		.file 7 "Middlewares/Third_Party/FreeRTOS/Source/include/list.h"
 5084              		.file 8 "Middlewares/Third_Party/FreeRTOS/Source/include/task.h"
 5085              		.file 9 "Middlewares/Third_Party/FreeRTOS/Source/include/queue.h"
 5086              		.file 10 "Middlewares/Third_Party/FreeRTOS/Source/include/portable.h"
 5087              		.file 11 "C:/Program Files/Arm/GNU Toolchain mingw-w64-x86_64-arm-none-eabi/arm-none-eabi/include/
 5088              		.file 12 "<built-in>"
ARM GAS  C:\Users\kalpe\AppData\Local\Temp\ccC8Iu7o.s 			page 165


DEFINED SYMBOLS
                            *ABS*:00000000 queue.c
C:\Users\kalpe\AppData\Local\Temp\ccC8Iu7o.s:21     .text.prvGetDisinheritPriorityAfterTimeout:00000000 $t
C:\Users\kalpe\AppData\Local\Temp\ccC8Iu7o.s:26     .text.prvGetDisinheritPriorityAfterTimeout:00000000 prvGetDisinheritPriorityAfterTimeout
C:\Users\kalpe\AppData\Local\Temp\ccC8Iu7o.s:60     .text.prvIsQueueFull:00000000 $t
C:\Users\kalpe\AppData\Local\Temp\ccC8Iu7o.s:65     .text.prvIsQueueFull:00000000 prvIsQueueFull
C:\Users\kalpe\AppData\Local\Temp\ccC8Iu7o.s:113    .text.prvIsQueueEmpty:00000000 $t
C:\Users\kalpe\AppData\Local\Temp\ccC8Iu7o.s:118    .text.prvIsQueueEmpty:00000000 prvIsQueueEmpty
C:\Users\kalpe\AppData\Local\Temp\ccC8Iu7o.s:165    .text.prvCopyDataToQueue:00000000 $t
C:\Users\kalpe\AppData\Local\Temp\ccC8Iu7o.s:170    .text.prvCopyDataToQueue:00000000 prvCopyDataToQueue
C:\Users\kalpe\AppData\Local\Temp\ccC8Iu7o.s:329    .text.prvCopyDataFromQueue:00000000 $t
C:\Users\kalpe\AppData\Local\Temp\ccC8Iu7o.s:334    .text.prvCopyDataFromQueue:00000000 prvCopyDataFromQueue
C:\Users\kalpe\AppData\Local\Temp\ccC8Iu7o.s:394    .text.prvUnlockQueue:00000000 $t
C:\Users\kalpe\AppData\Local\Temp\ccC8Iu7o.s:399    .text.prvUnlockQueue:00000000 prvUnlockQueue
C:\Users\kalpe\AppData\Local\Temp\ccC8Iu7o.s:524    .text.xQueueGenericReset:00000000 $t
C:\Users\kalpe\AppData\Local\Temp\ccC8Iu7o.s:530    .text.xQueueGenericReset:00000000 xQueueGenericReset
C:\Users\kalpe\AppData\Local\Temp\ccC8Iu7o.s:669    .text.prvInitialiseNewQueue:00000000 $t
C:\Users\kalpe\AppData\Local\Temp\ccC8Iu7o.s:674    .text.prvInitialiseNewQueue:00000000 prvInitialiseNewQueue
C:\Users\kalpe\AppData\Local\Temp\ccC8Iu7o.s:734    .text.xQueueGenericCreateStatic:00000000 $t
C:\Users\kalpe\AppData\Local\Temp\ccC8Iu7o.s:740    .text.xQueueGenericCreateStatic:00000000 xQueueGenericCreateStatic
C:\Users\kalpe\AppData\Local\Temp\ccC8Iu7o.s:952    .text.xQueueGenericCreate:00000000 $t
C:\Users\kalpe\AppData\Local\Temp\ccC8Iu7o.s:958    .text.xQueueGenericCreate:00000000 xQueueGenericCreate
C:\Users\kalpe\AppData\Local\Temp\ccC8Iu7o.s:1060   .text.xQueueGetMutexHolder:00000000 $t
C:\Users\kalpe\AppData\Local\Temp\ccC8Iu7o.s:1066   .text.xQueueGetMutexHolder:00000000 xQueueGetMutexHolder
C:\Users\kalpe\AppData\Local\Temp\ccC8Iu7o.s:1114   .text.xQueueGetMutexHolderFromISR:00000000 $t
C:\Users\kalpe\AppData\Local\Temp\ccC8Iu7o.s:1120   .text.xQueueGetMutexHolderFromISR:00000000 xQueueGetMutexHolderFromISR
C:\Users\kalpe\AppData\Local\Temp\ccC8Iu7o.s:1178   .text.xQueueCreateCountingSemaphoreStatic:00000000 $t
C:\Users\kalpe\AppData\Local\Temp\ccC8Iu7o.s:1184   .text.xQueueCreateCountingSemaphoreStatic:00000000 xQueueCreateCountingSemaphoreStatic
C:\Users\kalpe\AppData\Local\Temp\ccC8Iu7o.s:1289   .text.xQueueCreateCountingSemaphore:00000000 $t
C:\Users\kalpe\AppData\Local\Temp\ccC8Iu7o.s:1295   .text.xQueueCreateCountingSemaphore:00000000 xQueueCreateCountingSemaphore
C:\Users\kalpe\AppData\Local\Temp\ccC8Iu7o.s:1388   .text.xQueueGenericSend:00000000 $t
C:\Users\kalpe\AppData\Local\Temp\ccC8Iu7o.s:1394   .text.xQueueGenericSend:00000000 xQueueGenericSend
C:\Users\kalpe\AppData\Local\Temp\ccC8Iu7o.s:1794   .text.prvInitialiseMutex:00000000 $t
C:\Users\kalpe\AppData\Local\Temp\ccC8Iu7o.s:1799   .text.prvInitialiseMutex:00000000 prvInitialiseMutex
C:\Users\kalpe\AppData\Local\Temp\ccC8Iu7o.s:1847   .text.xQueueCreateMutex:00000000 $t
C:\Users\kalpe\AppData\Local\Temp\ccC8Iu7o.s:1853   .text.xQueueCreateMutex:00000000 xQueueCreateMutex
C:\Users\kalpe\AppData\Local\Temp\ccC8Iu7o.s:1893   .text.xQueueCreateMutexStatic:00000000 $t
C:\Users\kalpe\AppData\Local\Temp\ccC8Iu7o.s:1899   .text.xQueueCreateMutexStatic:00000000 xQueueCreateMutexStatic
C:\Users\kalpe\AppData\Local\Temp\ccC8Iu7o.s:1951   .text.xQueueGiveMutexRecursive:00000000 $t
C:\Users\kalpe\AppData\Local\Temp\ccC8Iu7o.s:1957   .text.xQueueGiveMutexRecursive:00000000 xQueueGiveMutexRecursive
C:\Users\kalpe\AppData\Local\Temp\ccC8Iu7o.s:2053   .text.xQueueGenericSendFromISR:00000000 $t
C:\Users\kalpe\AppData\Local\Temp\ccC8Iu7o.s:2059   .text.xQueueGenericSendFromISR:00000000 xQueueGenericSendFromISR
C:\Users\kalpe\AppData\Local\Temp\ccC8Iu7o.s:2317   .text.xQueueGiveFromISR:00000000 $t
C:\Users\kalpe\AppData\Local\Temp\ccC8Iu7o.s:2323   .text.xQueueGiveFromISR:00000000 xQueueGiveFromISR
C:\Users\kalpe\AppData\Local\Temp\ccC8Iu7o.s:2584   .text.xQueueReceive:00000000 $t
C:\Users\kalpe\AppData\Local\Temp\ccC8Iu7o.s:2590   .text.xQueueReceive:00000000 xQueueReceive
C:\Users\kalpe\AppData\Local\Temp\ccC8Iu7o.s:2952   .text.xQueueSemaphoreTake:00000000 $t
C:\Users\kalpe\AppData\Local\Temp\ccC8Iu7o.s:2958   .text.xQueueSemaphoreTake:00000000 xQueueSemaphoreTake
C:\Users\kalpe\AppData\Local\Temp\ccC8Iu7o.s:3414   .text.xQueueTakeMutexRecursive:00000000 $t
C:\Users\kalpe\AppData\Local\Temp\ccC8Iu7o.s:3420   .text.xQueueTakeMutexRecursive:00000000 xQueueTakeMutexRecursive
C:\Users\kalpe\AppData\Local\Temp\ccC8Iu7o.s:3529   .text.xQueuePeek:00000000 $t
C:\Users\kalpe\AppData\Local\Temp\ccC8Iu7o.s:3535   .text.xQueuePeek:00000000 xQueuePeek
C:\Users\kalpe\AppData\Local\Temp\ccC8Iu7o.s:3899   .text.xQueueReceiveFromISR:00000000 $t
C:\Users\kalpe\AppData\Local\Temp\ccC8Iu7o.s:3905   .text.xQueueReceiveFromISR:00000000 xQueueReceiveFromISR
C:\Users\kalpe\AppData\Local\Temp\ccC8Iu7o.s:4130   .text.xQueuePeekFromISR:00000000 $t
C:\Users\kalpe\AppData\Local\Temp\ccC8Iu7o.s:4136   .text.xQueuePeekFromISR:00000000 xQueuePeekFromISR
C:\Users\kalpe\AppData\Local\Temp\ccC8Iu7o.s:4324   .text.uxQueueMessagesWaiting:00000000 $t
ARM GAS  C:\Users\kalpe\AppData\Local\Temp\ccC8Iu7o.s 			page 166


C:\Users\kalpe\AppData\Local\Temp\ccC8Iu7o.s:4330   .text.uxQueueMessagesWaiting:00000000 uxQueueMessagesWaiting
C:\Users\kalpe\AppData\Local\Temp\ccC8Iu7o.s:4395   .text.uxQueueSpacesAvailable:00000000 $t
C:\Users\kalpe\AppData\Local\Temp\ccC8Iu7o.s:4401   .text.uxQueueSpacesAvailable:00000000 uxQueueSpacesAvailable
C:\Users\kalpe\AppData\Local\Temp\ccC8Iu7o.s:4471   .text.uxQueueMessagesWaitingFromISR:00000000 $t
C:\Users\kalpe\AppData\Local\Temp\ccC8Iu7o.s:4477   .text.uxQueueMessagesWaitingFromISR:00000000 uxQueueMessagesWaitingFromISR
C:\Users\kalpe\AppData\Local\Temp\ccC8Iu7o.s:4525   .text.uxQueueGetQueueNumber:00000000 $t
C:\Users\kalpe\AppData\Local\Temp\ccC8Iu7o.s:4531   .text.uxQueueGetQueueNumber:00000000 uxQueueGetQueueNumber
C:\Users\kalpe\AppData\Local\Temp\ccC8Iu7o.s:4549   .text.vQueueSetQueueNumber:00000000 $t
C:\Users\kalpe\AppData\Local\Temp\ccC8Iu7o.s:4555   .text.vQueueSetQueueNumber:00000000 vQueueSetQueueNumber
C:\Users\kalpe\AppData\Local\Temp\ccC8Iu7o.s:4572   .text.ucQueueGetQueueType:00000000 $t
C:\Users\kalpe\AppData\Local\Temp\ccC8Iu7o.s:4578   .text.ucQueueGetQueueType:00000000 ucQueueGetQueueType
C:\Users\kalpe\AppData\Local\Temp\ccC8Iu7o.s:4596   .text.xQueueIsQueueEmptyFromISR:00000000 $t
C:\Users\kalpe\AppData\Local\Temp\ccC8Iu7o.s:4602   .text.xQueueIsQueueEmptyFromISR:00000000 xQueueIsQueueEmptyFromISR
C:\Users\kalpe\AppData\Local\Temp\ccC8Iu7o.s:4660   .text.xQueueIsQueueFullFromISR:00000000 $t
C:\Users\kalpe\AppData\Local\Temp\ccC8Iu7o.s:4666   .text.xQueueIsQueueFullFromISR:00000000 xQueueIsQueueFullFromISR
C:\Users\kalpe\AppData\Local\Temp\ccC8Iu7o.s:4727   .text.vQueueAddToRegistry:00000000 $t
C:\Users\kalpe\AppData\Local\Temp\ccC8Iu7o.s:4733   .text.vQueueAddToRegistry:00000000 vQueueAddToRegistry
C:\Users\kalpe\AppData\Local\Temp\ccC8Iu7o.s:4781   .text.vQueueAddToRegistry:00000024 $d
C:\Users\kalpe\AppData\Local\Temp\ccC8Iu7o.s:5075   .bss.xQueueRegistry:00000000 xQueueRegistry
C:\Users\kalpe\AppData\Local\Temp\ccC8Iu7o.s:4786   .text.pcQueueGetName:00000000 $t
C:\Users\kalpe\AppData\Local\Temp\ccC8Iu7o.s:4792   .text.pcQueueGetName:00000000 pcQueueGetName
C:\Users\kalpe\AppData\Local\Temp\ccC8Iu7o.s:4844   .text.pcQueueGetName:00000024 $d
C:\Users\kalpe\AppData\Local\Temp\ccC8Iu7o.s:4849   .text.vQueueUnregisterQueue:00000000 $t
C:\Users\kalpe\AppData\Local\Temp\ccC8Iu7o.s:4855   .text.vQueueUnregisterQueue:00000000 vQueueUnregisterQueue
C:\Users\kalpe\AppData\Local\Temp\ccC8Iu7o.s:4905   .text.vQueueUnregisterQueue:00000028 $d
C:\Users\kalpe\AppData\Local\Temp\ccC8Iu7o.s:4910   .text.vQueueDelete:00000000 $t
C:\Users\kalpe\AppData\Local\Temp\ccC8Iu7o.s:4916   .text.vQueueDelete:00000000 vQueueDelete
C:\Users\kalpe\AppData\Local\Temp\ccC8Iu7o.s:4991   .text.vQueueWaitForMessageRestricted:00000000 $t
C:\Users\kalpe\AppData\Local\Temp\ccC8Iu7o.s:4997   .text.vQueueWaitForMessageRestricted:00000000 vQueueWaitForMessageRestricted
C:\Users\kalpe\AppData\Local\Temp\ccC8Iu7o.s:5072   .bss.xQueueRegistry:00000000 $d

UNDEFINED SYMBOLS
vPortEnterCritical
vPortExitCritical
xTaskPriorityDisinherit
memcpy
xTaskRemoveFromEventList
vTaskMissedYield
vListInitialise
pvPortMalloc
xTaskGetSchedulerState
vTaskInternalSetTimeOutState
xTaskResumeAll
vTaskSuspendAll
xTaskCheckForTimeOut
vTaskPlaceOnEventList
xTaskGetCurrentTaskHandle
vPortValidateInterruptPriority
pvTaskIncrementMutexHeldCount
xTaskPriorityInherit
vTaskPriorityDisinheritAfterTimeout
vPortFree
vTaskPlaceOnEventListRestricted
