ARM GAS  C:\Users\kalpe\AppData\Local\Temp\ccLk4XJd.s 			page 1


   1              		.cpu cortex-m4
   2              		.arch armv7e-m
   3              		.fpu fpv4-sp-d16
   4              		.eabi_attribute 27, 1
   5              		.eabi_attribute 28, 1
   6              		.eabi_attribute 20, 1
   7              		.eabi_attribute 21, 1
   8              		.eabi_attribute 23, 3
   9              		.eabi_attribute 24, 1
  10              		.eabi_attribute 25, 1
  11              		.eabi_attribute 26, 1
  12              		.eabi_attribute 30, 1
  13              		.eabi_attribute 34, 1
  14              		.eabi_attribute 18, 4
  15              		.file	"stream_buffer.c"
  16              		.text
  17              	.Ltext0:
  18              		.cfi_sections	.debug_frame
  19              		.file 1 "Middlewares/Third_Party/FreeRTOS/Source/stream_buffer.c"
  20              		.section	.text.prvBytesInBuffer,"ax",%progbits
  21              		.align	1
  22              		.syntax unified
  23              		.thumb
  24              		.thumb_func
  26              	prvBytesInBuffer:
  27              	.LVL0:
  28              	.LFB24:
   1:Middlewares/Third_Party/FreeRTOS/Source/stream_buffer.c **** /*
   2:Middlewares/Third_Party/FreeRTOS/Source/stream_buffer.c ****  * FreeRTOS Kernel V10.3.1
   3:Middlewares/Third_Party/FreeRTOS/Source/stream_buffer.c ****  * Copyright (C) 2020 Amazon.com, Inc. or its affiliates.  All Rights Reserved.
   4:Middlewares/Third_Party/FreeRTOS/Source/stream_buffer.c ****  *
   5:Middlewares/Third_Party/FreeRTOS/Source/stream_buffer.c ****  * Permission is hereby granted, free of charge, to any person obtaining a copy of
   6:Middlewares/Third_Party/FreeRTOS/Source/stream_buffer.c ****  * this software and associated documentation files (the "Software"), to deal in
   7:Middlewares/Third_Party/FreeRTOS/Source/stream_buffer.c ****  * the Software without restriction, including without limitation the rights to
   8:Middlewares/Third_Party/FreeRTOS/Source/stream_buffer.c ****  * use, copy, modify, merge, publish, distribute, sublicense, and/or sell copies of
   9:Middlewares/Third_Party/FreeRTOS/Source/stream_buffer.c ****  * the Software, and to permit persons to whom the Software is furnished to do so,
  10:Middlewares/Third_Party/FreeRTOS/Source/stream_buffer.c ****  * subject to the following conditions:
  11:Middlewares/Third_Party/FreeRTOS/Source/stream_buffer.c ****  *
  12:Middlewares/Third_Party/FreeRTOS/Source/stream_buffer.c ****  * The above copyright notice and this permission notice shall be included in all
  13:Middlewares/Third_Party/FreeRTOS/Source/stream_buffer.c ****  * copies or substantial portions of the Software.
  14:Middlewares/Third_Party/FreeRTOS/Source/stream_buffer.c ****  *
  15:Middlewares/Third_Party/FreeRTOS/Source/stream_buffer.c ****  * THE SOFTWARE IS PROVIDED "AS IS", WITHOUT WARRANTY OF ANY KIND, EXPRESS OR
  16:Middlewares/Third_Party/FreeRTOS/Source/stream_buffer.c ****  * IMPLIED, INCLUDING BUT NOT LIMITED TO THE WARRANTIES OF MERCHANTABILITY, FITNESS
  17:Middlewares/Third_Party/FreeRTOS/Source/stream_buffer.c ****  * FOR A PARTICULAR PURPOSE AND NONINFRINGEMENT. IN NO EVENT SHALL THE AUTHORS OR
  18:Middlewares/Third_Party/FreeRTOS/Source/stream_buffer.c ****  * COPYRIGHT HOLDERS BE LIABLE FOR ANY CLAIM, DAMAGES OR OTHER LIABILITY, WHETHER
  19:Middlewares/Third_Party/FreeRTOS/Source/stream_buffer.c ****  * IN AN ACTION OF CONTRACT, TORT OR OTHERWISE, ARISING FROM, OUT OF OR IN
  20:Middlewares/Third_Party/FreeRTOS/Source/stream_buffer.c ****  * CONNECTION WITH THE SOFTWARE OR THE USE OR OTHER DEALINGS IN THE SOFTWARE.
  21:Middlewares/Third_Party/FreeRTOS/Source/stream_buffer.c ****  *
  22:Middlewares/Third_Party/FreeRTOS/Source/stream_buffer.c ****  * http://www.FreeRTOS.org
  23:Middlewares/Third_Party/FreeRTOS/Source/stream_buffer.c ****  * http://aws.amazon.com/freertos
  24:Middlewares/Third_Party/FreeRTOS/Source/stream_buffer.c ****  *
  25:Middlewares/Third_Party/FreeRTOS/Source/stream_buffer.c ****  * 1 tab == 4 spaces!
  26:Middlewares/Third_Party/FreeRTOS/Source/stream_buffer.c ****  */
  27:Middlewares/Third_Party/FreeRTOS/Source/stream_buffer.c **** 
  28:Middlewares/Third_Party/FreeRTOS/Source/stream_buffer.c **** /* Standard includes. */
  29:Middlewares/Third_Party/FreeRTOS/Source/stream_buffer.c **** #include <stdint.h>
  30:Middlewares/Third_Party/FreeRTOS/Source/stream_buffer.c **** #include <string.h>
ARM GAS  C:\Users\kalpe\AppData\Local\Temp\ccLk4XJd.s 			page 2


  31:Middlewares/Third_Party/FreeRTOS/Source/stream_buffer.c **** 
  32:Middlewares/Third_Party/FreeRTOS/Source/stream_buffer.c **** /* Defining MPU_WRAPPERS_INCLUDED_FROM_API_FILE prevents task.h from redefining
  33:Middlewares/Third_Party/FreeRTOS/Source/stream_buffer.c **** all the API functions to use the MPU wrappers.  That should only be done when
  34:Middlewares/Third_Party/FreeRTOS/Source/stream_buffer.c **** task.h is included from an application file. */
  35:Middlewares/Third_Party/FreeRTOS/Source/stream_buffer.c **** #define MPU_WRAPPERS_INCLUDED_FROM_API_FILE
  36:Middlewares/Third_Party/FreeRTOS/Source/stream_buffer.c **** 
  37:Middlewares/Third_Party/FreeRTOS/Source/stream_buffer.c **** /* FreeRTOS includes. */
  38:Middlewares/Third_Party/FreeRTOS/Source/stream_buffer.c **** #include "FreeRTOS.h"
  39:Middlewares/Third_Party/FreeRTOS/Source/stream_buffer.c **** #include "task.h"
  40:Middlewares/Third_Party/FreeRTOS/Source/stream_buffer.c **** #include "stream_buffer.h"
  41:Middlewares/Third_Party/FreeRTOS/Source/stream_buffer.c **** 
  42:Middlewares/Third_Party/FreeRTOS/Source/stream_buffer.c **** #if( configUSE_TASK_NOTIFICATIONS != 1 )
  43:Middlewares/Third_Party/FreeRTOS/Source/stream_buffer.c **** 	#error configUSE_TASK_NOTIFICATIONS must be set to 1 to build stream_buffer.c
  44:Middlewares/Third_Party/FreeRTOS/Source/stream_buffer.c **** #endif
  45:Middlewares/Third_Party/FreeRTOS/Source/stream_buffer.c **** 
  46:Middlewares/Third_Party/FreeRTOS/Source/stream_buffer.c **** /* Lint e961, e9021 and e750 are suppressed as a MISRA exception justified
  47:Middlewares/Third_Party/FreeRTOS/Source/stream_buffer.c **** because the MPU ports require MPU_WRAPPERS_INCLUDED_FROM_API_FILE to be defined
  48:Middlewares/Third_Party/FreeRTOS/Source/stream_buffer.c **** for the header files above, but not in this file, in order to generate the
  49:Middlewares/Third_Party/FreeRTOS/Source/stream_buffer.c **** correct privileged Vs unprivileged linkage and placement. */
  50:Middlewares/Third_Party/FreeRTOS/Source/stream_buffer.c **** #undef MPU_WRAPPERS_INCLUDED_FROM_API_FILE /*lint !e961 !e750 !e9021. */
  51:Middlewares/Third_Party/FreeRTOS/Source/stream_buffer.c **** 
  52:Middlewares/Third_Party/FreeRTOS/Source/stream_buffer.c **** /* If the user has not provided application specific Rx notification macros,
  53:Middlewares/Third_Party/FreeRTOS/Source/stream_buffer.c **** or #defined the notification macros away, them provide default implementations
  54:Middlewares/Third_Party/FreeRTOS/Source/stream_buffer.c **** that uses task notifications. */
  55:Middlewares/Third_Party/FreeRTOS/Source/stream_buffer.c **** /*lint -save -e9026 Function like macros allowed and needed here so they can be overidden. */
  56:Middlewares/Third_Party/FreeRTOS/Source/stream_buffer.c **** #ifndef sbRECEIVE_COMPLETED
  57:Middlewares/Third_Party/FreeRTOS/Source/stream_buffer.c **** 	#define sbRECEIVE_COMPLETED( pxStreamBuffer )										\
  58:Middlewares/Third_Party/FreeRTOS/Source/stream_buffer.c **** 		vTaskSuspendAll();																\
  59:Middlewares/Third_Party/FreeRTOS/Source/stream_buffer.c **** 		{																				\
  60:Middlewares/Third_Party/FreeRTOS/Source/stream_buffer.c **** 			if( ( pxStreamBuffer )->xTaskWaitingToSend != NULL )						\
  61:Middlewares/Third_Party/FreeRTOS/Source/stream_buffer.c **** 			{																			\
  62:Middlewares/Third_Party/FreeRTOS/Source/stream_buffer.c **** 				( void ) xTaskNotify( ( pxStreamBuffer )->xTaskWaitingToSend,			\
  63:Middlewares/Third_Party/FreeRTOS/Source/stream_buffer.c **** 									  ( uint32_t ) 0,									\
  64:Middlewares/Third_Party/FreeRTOS/Source/stream_buffer.c **** 									  eNoAction );										\
  65:Middlewares/Third_Party/FreeRTOS/Source/stream_buffer.c **** 				( pxStreamBuffer )->xTaskWaitingToSend = NULL;							\
  66:Middlewares/Third_Party/FreeRTOS/Source/stream_buffer.c **** 			}																			\
  67:Middlewares/Third_Party/FreeRTOS/Source/stream_buffer.c **** 		}																				\
  68:Middlewares/Third_Party/FreeRTOS/Source/stream_buffer.c **** 		( void ) xTaskResumeAll();
  69:Middlewares/Third_Party/FreeRTOS/Source/stream_buffer.c **** #endif /* sbRECEIVE_COMPLETED */
  70:Middlewares/Third_Party/FreeRTOS/Source/stream_buffer.c **** 
  71:Middlewares/Third_Party/FreeRTOS/Source/stream_buffer.c **** #ifndef sbRECEIVE_COMPLETED_FROM_ISR
  72:Middlewares/Third_Party/FreeRTOS/Source/stream_buffer.c **** 	#define sbRECEIVE_COMPLETED_FROM_ISR( pxStreamBuffer,								\
  73:Middlewares/Third_Party/FreeRTOS/Source/stream_buffer.c **** 										  pxHigherPriorityTaskWoken )					\
  74:Middlewares/Third_Party/FreeRTOS/Source/stream_buffer.c **** 	{																					\
  75:Middlewares/Third_Party/FreeRTOS/Source/stream_buffer.c **** 	UBaseType_t uxSavedInterruptStatus;													\
  76:Middlewares/Third_Party/FreeRTOS/Source/stream_buffer.c **** 																						\
  77:Middlewares/Third_Party/FreeRTOS/Source/stream_buffer.c **** 		uxSavedInterruptStatus = ( UBaseType_t ) portSET_INTERRUPT_MASK_FROM_ISR();		\
  78:Middlewares/Third_Party/FreeRTOS/Source/stream_buffer.c **** 		{																				\
  79:Middlewares/Third_Party/FreeRTOS/Source/stream_buffer.c **** 			if( ( pxStreamBuffer )->xTaskWaitingToSend != NULL )						\
  80:Middlewares/Third_Party/FreeRTOS/Source/stream_buffer.c **** 			{																			\
  81:Middlewares/Third_Party/FreeRTOS/Source/stream_buffer.c **** 				( void ) xTaskNotifyFromISR( ( pxStreamBuffer )->xTaskWaitingToSend,	\
  82:Middlewares/Third_Party/FreeRTOS/Source/stream_buffer.c **** 											 ( uint32_t ) 0,							\
  83:Middlewares/Third_Party/FreeRTOS/Source/stream_buffer.c **** 											 eNoAction,									\
  84:Middlewares/Third_Party/FreeRTOS/Source/stream_buffer.c **** 											 pxHigherPriorityTaskWoken );				\
  85:Middlewares/Third_Party/FreeRTOS/Source/stream_buffer.c **** 				( pxStreamBuffer )->xTaskWaitingToSend = NULL;							\
  86:Middlewares/Third_Party/FreeRTOS/Source/stream_buffer.c **** 			}																			\
  87:Middlewares/Third_Party/FreeRTOS/Source/stream_buffer.c **** 		}																				\
ARM GAS  C:\Users\kalpe\AppData\Local\Temp\ccLk4XJd.s 			page 3


  88:Middlewares/Third_Party/FreeRTOS/Source/stream_buffer.c **** 		portCLEAR_INTERRUPT_MASK_FROM_ISR( uxSavedInterruptStatus );					\
  89:Middlewares/Third_Party/FreeRTOS/Source/stream_buffer.c **** 	}
  90:Middlewares/Third_Party/FreeRTOS/Source/stream_buffer.c **** #endif /* sbRECEIVE_COMPLETED_FROM_ISR */
  91:Middlewares/Third_Party/FreeRTOS/Source/stream_buffer.c **** 
  92:Middlewares/Third_Party/FreeRTOS/Source/stream_buffer.c **** /* If the user has not provided an application specific Tx notification macro,
  93:Middlewares/Third_Party/FreeRTOS/Source/stream_buffer.c **** or #defined the notification macro away, them provide a default implementation
  94:Middlewares/Third_Party/FreeRTOS/Source/stream_buffer.c **** that uses task notifications. */
  95:Middlewares/Third_Party/FreeRTOS/Source/stream_buffer.c **** #ifndef sbSEND_COMPLETED
  96:Middlewares/Third_Party/FreeRTOS/Source/stream_buffer.c **** 	#define sbSEND_COMPLETED( pxStreamBuffer )											\
  97:Middlewares/Third_Party/FreeRTOS/Source/stream_buffer.c **** 		vTaskSuspendAll();																\
  98:Middlewares/Third_Party/FreeRTOS/Source/stream_buffer.c **** 		{																				\
  99:Middlewares/Third_Party/FreeRTOS/Source/stream_buffer.c **** 			if( ( pxStreamBuffer )->xTaskWaitingToReceive != NULL )						\
 100:Middlewares/Third_Party/FreeRTOS/Source/stream_buffer.c **** 			{																			\
 101:Middlewares/Third_Party/FreeRTOS/Source/stream_buffer.c **** 				( void ) xTaskNotify( ( pxStreamBuffer )->xTaskWaitingToReceive,		\
 102:Middlewares/Third_Party/FreeRTOS/Source/stream_buffer.c **** 									  ( uint32_t ) 0,									\
 103:Middlewares/Third_Party/FreeRTOS/Source/stream_buffer.c **** 									  eNoAction );										\
 104:Middlewares/Third_Party/FreeRTOS/Source/stream_buffer.c **** 				( pxStreamBuffer )->xTaskWaitingToReceive = NULL;						\
 105:Middlewares/Third_Party/FreeRTOS/Source/stream_buffer.c **** 			}																			\
 106:Middlewares/Third_Party/FreeRTOS/Source/stream_buffer.c **** 		}																				\
 107:Middlewares/Third_Party/FreeRTOS/Source/stream_buffer.c **** 		( void ) xTaskResumeAll();
 108:Middlewares/Third_Party/FreeRTOS/Source/stream_buffer.c **** #endif /* sbSEND_COMPLETED */
 109:Middlewares/Third_Party/FreeRTOS/Source/stream_buffer.c **** 
 110:Middlewares/Third_Party/FreeRTOS/Source/stream_buffer.c **** #ifndef sbSEND_COMPLETE_FROM_ISR
 111:Middlewares/Third_Party/FreeRTOS/Source/stream_buffer.c **** 	#define sbSEND_COMPLETE_FROM_ISR( pxStreamBuffer, pxHigherPriorityTaskWoken )		\
 112:Middlewares/Third_Party/FreeRTOS/Source/stream_buffer.c **** 	{																					\
 113:Middlewares/Third_Party/FreeRTOS/Source/stream_buffer.c **** 	UBaseType_t uxSavedInterruptStatus;													\
 114:Middlewares/Third_Party/FreeRTOS/Source/stream_buffer.c **** 																						\
 115:Middlewares/Third_Party/FreeRTOS/Source/stream_buffer.c **** 		uxSavedInterruptStatus = ( UBaseType_t ) portSET_INTERRUPT_MASK_FROM_ISR();		\
 116:Middlewares/Third_Party/FreeRTOS/Source/stream_buffer.c **** 		{																				\
 117:Middlewares/Third_Party/FreeRTOS/Source/stream_buffer.c **** 			if( ( pxStreamBuffer )->xTaskWaitingToReceive != NULL )						\
 118:Middlewares/Third_Party/FreeRTOS/Source/stream_buffer.c **** 			{																			\
 119:Middlewares/Third_Party/FreeRTOS/Source/stream_buffer.c **** 				( void ) xTaskNotifyFromISR( ( pxStreamBuffer )->xTaskWaitingToReceive,	\
 120:Middlewares/Third_Party/FreeRTOS/Source/stream_buffer.c **** 											 ( uint32_t ) 0,							\
 121:Middlewares/Third_Party/FreeRTOS/Source/stream_buffer.c **** 											 eNoAction,									\
 122:Middlewares/Third_Party/FreeRTOS/Source/stream_buffer.c **** 											 pxHigherPriorityTaskWoken );				\
 123:Middlewares/Third_Party/FreeRTOS/Source/stream_buffer.c **** 				( pxStreamBuffer )->xTaskWaitingToReceive = NULL;						\
 124:Middlewares/Third_Party/FreeRTOS/Source/stream_buffer.c **** 			}																			\
 125:Middlewares/Third_Party/FreeRTOS/Source/stream_buffer.c **** 		}																				\
 126:Middlewares/Third_Party/FreeRTOS/Source/stream_buffer.c **** 		portCLEAR_INTERRUPT_MASK_FROM_ISR( uxSavedInterruptStatus );					\
 127:Middlewares/Third_Party/FreeRTOS/Source/stream_buffer.c **** 	}
 128:Middlewares/Third_Party/FreeRTOS/Source/stream_buffer.c **** #endif /* sbSEND_COMPLETE_FROM_ISR */
 129:Middlewares/Third_Party/FreeRTOS/Source/stream_buffer.c **** /*lint -restore (9026) */
 130:Middlewares/Third_Party/FreeRTOS/Source/stream_buffer.c **** 
 131:Middlewares/Third_Party/FreeRTOS/Source/stream_buffer.c **** /* The number of bytes used to hold the length of a message in the buffer. */
 132:Middlewares/Third_Party/FreeRTOS/Source/stream_buffer.c **** #define sbBYTES_TO_STORE_MESSAGE_LENGTH ( sizeof( configMESSAGE_BUFFER_LENGTH_TYPE ) )
 133:Middlewares/Third_Party/FreeRTOS/Source/stream_buffer.c **** 
 134:Middlewares/Third_Party/FreeRTOS/Source/stream_buffer.c **** /* Bits stored in the ucFlags field of the stream buffer. */
 135:Middlewares/Third_Party/FreeRTOS/Source/stream_buffer.c **** #define sbFLAGS_IS_MESSAGE_BUFFER		( ( uint8_t ) 1 ) /* Set if the stream buffer was created as a m
 136:Middlewares/Third_Party/FreeRTOS/Source/stream_buffer.c **** #define sbFLAGS_IS_STATICALLY_ALLOCATED ( ( uint8_t ) 2 ) /* Set if the stream buffer was created u
 137:Middlewares/Third_Party/FreeRTOS/Source/stream_buffer.c **** 
 138:Middlewares/Third_Party/FreeRTOS/Source/stream_buffer.c **** /*-----------------------------------------------------------*/
 139:Middlewares/Third_Party/FreeRTOS/Source/stream_buffer.c **** 
 140:Middlewares/Third_Party/FreeRTOS/Source/stream_buffer.c **** /* Structure that hold state information on the buffer. */
 141:Middlewares/Third_Party/FreeRTOS/Source/stream_buffer.c **** typedef struct StreamBufferDef_t /*lint !e9058 Style convention uses tag. */
 142:Middlewares/Third_Party/FreeRTOS/Source/stream_buffer.c **** {
 143:Middlewares/Third_Party/FreeRTOS/Source/stream_buffer.c **** 	volatile size_t xTail;				/* Index to the next item to read within the buffer. */
 144:Middlewares/Third_Party/FreeRTOS/Source/stream_buffer.c **** 	volatile size_t xHead;				/* Index to the next item to write within the buffer. */
ARM GAS  C:\Users\kalpe\AppData\Local\Temp\ccLk4XJd.s 			page 4


 145:Middlewares/Third_Party/FreeRTOS/Source/stream_buffer.c **** 	size_t xLength;						/* The length of the buffer pointed to by pucBuffer. */
 146:Middlewares/Third_Party/FreeRTOS/Source/stream_buffer.c **** 	size_t xTriggerLevelBytes;			/* The number of bytes that must be in the stream buffer before a tas
 147:Middlewares/Third_Party/FreeRTOS/Source/stream_buffer.c **** 	volatile TaskHandle_t xTaskWaitingToReceive; /* Holds the handle of a task waiting for data, or NU
 148:Middlewares/Third_Party/FreeRTOS/Source/stream_buffer.c **** 	volatile TaskHandle_t xTaskWaitingToSend;	/* Holds the handle of a task waiting to send data to a 
 149:Middlewares/Third_Party/FreeRTOS/Source/stream_buffer.c **** 	uint8_t *pucBuffer;					/* Points to the buffer itself - that is - the RAM that stores the data pa
 150:Middlewares/Third_Party/FreeRTOS/Source/stream_buffer.c **** 	uint8_t ucFlags;
 151:Middlewares/Third_Party/FreeRTOS/Source/stream_buffer.c **** 
 152:Middlewares/Third_Party/FreeRTOS/Source/stream_buffer.c **** 	#if ( configUSE_TRACE_FACILITY == 1 )
 153:Middlewares/Third_Party/FreeRTOS/Source/stream_buffer.c **** 		UBaseType_t uxStreamBufferNumber;		/* Used for tracing purposes. */
 154:Middlewares/Third_Party/FreeRTOS/Source/stream_buffer.c **** 	#endif
 155:Middlewares/Third_Party/FreeRTOS/Source/stream_buffer.c **** } StreamBuffer_t;
 156:Middlewares/Third_Party/FreeRTOS/Source/stream_buffer.c **** 
 157:Middlewares/Third_Party/FreeRTOS/Source/stream_buffer.c **** /*
 158:Middlewares/Third_Party/FreeRTOS/Source/stream_buffer.c ****  * The number of bytes available to be read from the buffer.
 159:Middlewares/Third_Party/FreeRTOS/Source/stream_buffer.c ****  */
 160:Middlewares/Third_Party/FreeRTOS/Source/stream_buffer.c **** static size_t prvBytesInBuffer( const StreamBuffer_t * const pxStreamBuffer ) PRIVILEGED_FUNCTION;
 161:Middlewares/Third_Party/FreeRTOS/Source/stream_buffer.c **** 
 162:Middlewares/Third_Party/FreeRTOS/Source/stream_buffer.c **** /*
 163:Middlewares/Third_Party/FreeRTOS/Source/stream_buffer.c ****  * Add xCount bytes from pucData into the pxStreamBuffer message buffer.
 164:Middlewares/Third_Party/FreeRTOS/Source/stream_buffer.c ****  * Returns the number of bytes written, which will either equal xCount in the
 165:Middlewares/Third_Party/FreeRTOS/Source/stream_buffer.c ****  * success case, or 0 if there was not enough space in the buffer (in which case
 166:Middlewares/Third_Party/FreeRTOS/Source/stream_buffer.c ****  * no data is written into the buffer).
 167:Middlewares/Third_Party/FreeRTOS/Source/stream_buffer.c ****  */
 168:Middlewares/Third_Party/FreeRTOS/Source/stream_buffer.c **** static size_t prvWriteBytesToBuffer( StreamBuffer_t * const pxStreamBuffer, const uint8_t *pucData,
 169:Middlewares/Third_Party/FreeRTOS/Source/stream_buffer.c **** 
 170:Middlewares/Third_Party/FreeRTOS/Source/stream_buffer.c **** /*
 171:Middlewares/Third_Party/FreeRTOS/Source/stream_buffer.c ****  * If the stream buffer is being used as a message buffer, then reads an entire
 172:Middlewares/Third_Party/FreeRTOS/Source/stream_buffer.c ****  * message out of the buffer.  If the stream buffer is being used as a stream
 173:Middlewares/Third_Party/FreeRTOS/Source/stream_buffer.c ****  * buffer then read as many bytes as possible from the buffer.
 174:Middlewares/Third_Party/FreeRTOS/Source/stream_buffer.c ****  * prvReadBytesFromBuffer() is called to actually extract the bytes from the
 175:Middlewares/Third_Party/FreeRTOS/Source/stream_buffer.c ****  * buffer's data storage area.
 176:Middlewares/Third_Party/FreeRTOS/Source/stream_buffer.c ****  */
 177:Middlewares/Third_Party/FreeRTOS/Source/stream_buffer.c **** static size_t prvReadMessageFromBuffer( StreamBuffer_t *pxStreamBuffer,
 178:Middlewares/Third_Party/FreeRTOS/Source/stream_buffer.c **** 										void *pvRxData,
 179:Middlewares/Third_Party/FreeRTOS/Source/stream_buffer.c **** 										size_t xBufferLengthBytes,
 180:Middlewares/Third_Party/FreeRTOS/Source/stream_buffer.c **** 										size_t xBytesAvailable,
 181:Middlewares/Third_Party/FreeRTOS/Source/stream_buffer.c **** 										size_t xBytesToStoreMessageLength ) PRIVILEGED_FUNCTION;
 182:Middlewares/Third_Party/FreeRTOS/Source/stream_buffer.c **** 
 183:Middlewares/Third_Party/FreeRTOS/Source/stream_buffer.c **** /*
 184:Middlewares/Third_Party/FreeRTOS/Source/stream_buffer.c ****  * If the stream buffer is being used as a message buffer, then writes an entire
 185:Middlewares/Third_Party/FreeRTOS/Source/stream_buffer.c ****  * message to the buffer.  If the stream buffer is being used as a stream
 186:Middlewares/Third_Party/FreeRTOS/Source/stream_buffer.c ****  * buffer then write as many bytes as possible to the buffer.
 187:Middlewares/Third_Party/FreeRTOS/Source/stream_buffer.c ****  * prvWriteBytestoBuffer() is called to actually send the bytes to the buffer's
 188:Middlewares/Third_Party/FreeRTOS/Source/stream_buffer.c ****  * data storage area.
 189:Middlewares/Third_Party/FreeRTOS/Source/stream_buffer.c ****  */
 190:Middlewares/Third_Party/FreeRTOS/Source/stream_buffer.c **** static size_t prvWriteMessageToBuffer(  StreamBuffer_t * const pxStreamBuffer,
 191:Middlewares/Third_Party/FreeRTOS/Source/stream_buffer.c **** 										const void * pvTxData,
 192:Middlewares/Third_Party/FreeRTOS/Source/stream_buffer.c **** 										size_t xDataLengthBytes,
 193:Middlewares/Third_Party/FreeRTOS/Source/stream_buffer.c **** 										size_t xSpace,
 194:Middlewares/Third_Party/FreeRTOS/Source/stream_buffer.c **** 										size_t xRequiredSpace ) PRIVILEGED_FUNCTION;
 195:Middlewares/Third_Party/FreeRTOS/Source/stream_buffer.c **** 
 196:Middlewares/Third_Party/FreeRTOS/Source/stream_buffer.c **** /*
 197:Middlewares/Third_Party/FreeRTOS/Source/stream_buffer.c ****  * Read xMaxCount bytes from the pxStreamBuffer message buffer and write them
 198:Middlewares/Third_Party/FreeRTOS/Source/stream_buffer.c ****  * to pucData.
 199:Middlewares/Third_Party/FreeRTOS/Source/stream_buffer.c ****  */
 200:Middlewares/Third_Party/FreeRTOS/Source/stream_buffer.c **** static size_t prvReadBytesFromBuffer( StreamBuffer_t *pxStreamBuffer,
 201:Middlewares/Third_Party/FreeRTOS/Source/stream_buffer.c **** 									  uint8_t *pucData,
ARM GAS  C:\Users\kalpe\AppData\Local\Temp\ccLk4XJd.s 			page 5


 202:Middlewares/Third_Party/FreeRTOS/Source/stream_buffer.c **** 									  size_t xMaxCount,
 203:Middlewares/Third_Party/FreeRTOS/Source/stream_buffer.c **** 									  size_t xBytesAvailable ) PRIVILEGED_FUNCTION;
 204:Middlewares/Third_Party/FreeRTOS/Source/stream_buffer.c **** 
 205:Middlewares/Third_Party/FreeRTOS/Source/stream_buffer.c **** /*
 206:Middlewares/Third_Party/FreeRTOS/Source/stream_buffer.c ****  * Called by both pxStreamBufferCreate() and pxStreamBufferCreateStatic() to
 207:Middlewares/Third_Party/FreeRTOS/Source/stream_buffer.c ****  * initialise the members of the newly created stream buffer structure.
 208:Middlewares/Third_Party/FreeRTOS/Source/stream_buffer.c ****  */
 209:Middlewares/Third_Party/FreeRTOS/Source/stream_buffer.c **** static void prvInitialiseNewStreamBuffer( StreamBuffer_t * const pxStreamBuffer,
 210:Middlewares/Third_Party/FreeRTOS/Source/stream_buffer.c **** 										  uint8_t * const pucBuffer,
 211:Middlewares/Third_Party/FreeRTOS/Source/stream_buffer.c **** 										  size_t xBufferSizeBytes,
 212:Middlewares/Third_Party/FreeRTOS/Source/stream_buffer.c **** 										  size_t xTriggerLevelBytes,
 213:Middlewares/Third_Party/FreeRTOS/Source/stream_buffer.c **** 										  uint8_t ucFlags ) PRIVILEGED_FUNCTION;
 214:Middlewares/Third_Party/FreeRTOS/Source/stream_buffer.c **** 
 215:Middlewares/Third_Party/FreeRTOS/Source/stream_buffer.c **** /*-----------------------------------------------------------*/
 216:Middlewares/Third_Party/FreeRTOS/Source/stream_buffer.c **** 
 217:Middlewares/Third_Party/FreeRTOS/Source/stream_buffer.c **** #if( configSUPPORT_DYNAMIC_ALLOCATION == 1 )
 218:Middlewares/Third_Party/FreeRTOS/Source/stream_buffer.c **** 
 219:Middlewares/Third_Party/FreeRTOS/Source/stream_buffer.c **** 	StreamBufferHandle_t xStreamBufferGenericCreate( size_t xBufferSizeBytes, size_t xTriggerLevelByte
 220:Middlewares/Third_Party/FreeRTOS/Source/stream_buffer.c **** 	{
 221:Middlewares/Third_Party/FreeRTOS/Source/stream_buffer.c **** 	uint8_t *pucAllocatedMemory;
 222:Middlewares/Third_Party/FreeRTOS/Source/stream_buffer.c **** 	uint8_t ucFlags;
 223:Middlewares/Third_Party/FreeRTOS/Source/stream_buffer.c **** 
 224:Middlewares/Third_Party/FreeRTOS/Source/stream_buffer.c **** 		/* In case the stream buffer is going to be used as a message buffer
 225:Middlewares/Third_Party/FreeRTOS/Source/stream_buffer.c **** 		(that is, it will hold discrete messages with a little meta data that
 226:Middlewares/Third_Party/FreeRTOS/Source/stream_buffer.c **** 		says how big the next message is) check the buffer will be large enough
 227:Middlewares/Third_Party/FreeRTOS/Source/stream_buffer.c **** 		to hold at least one message. */
 228:Middlewares/Third_Party/FreeRTOS/Source/stream_buffer.c **** 		if( xIsMessageBuffer == pdTRUE )
 229:Middlewares/Third_Party/FreeRTOS/Source/stream_buffer.c **** 		{
 230:Middlewares/Third_Party/FreeRTOS/Source/stream_buffer.c **** 			/* Is a message buffer but not statically allocated. */
 231:Middlewares/Third_Party/FreeRTOS/Source/stream_buffer.c **** 			ucFlags = sbFLAGS_IS_MESSAGE_BUFFER;
 232:Middlewares/Third_Party/FreeRTOS/Source/stream_buffer.c **** 			configASSERT( xBufferSizeBytes > sbBYTES_TO_STORE_MESSAGE_LENGTH );
 233:Middlewares/Third_Party/FreeRTOS/Source/stream_buffer.c **** 		}
 234:Middlewares/Third_Party/FreeRTOS/Source/stream_buffer.c **** 		else
 235:Middlewares/Third_Party/FreeRTOS/Source/stream_buffer.c **** 		{
 236:Middlewares/Third_Party/FreeRTOS/Source/stream_buffer.c **** 			/* Not a message buffer and not statically allocated. */
 237:Middlewares/Third_Party/FreeRTOS/Source/stream_buffer.c **** 			ucFlags = 0;
 238:Middlewares/Third_Party/FreeRTOS/Source/stream_buffer.c **** 			configASSERT( xBufferSizeBytes > 0 );
 239:Middlewares/Third_Party/FreeRTOS/Source/stream_buffer.c **** 		}
 240:Middlewares/Third_Party/FreeRTOS/Source/stream_buffer.c **** 		configASSERT( xTriggerLevelBytes <= xBufferSizeBytes );
 241:Middlewares/Third_Party/FreeRTOS/Source/stream_buffer.c **** 
 242:Middlewares/Third_Party/FreeRTOS/Source/stream_buffer.c **** 		/* A trigger level of 0 would cause a waiting task to unblock even when
 243:Middlewares/Third_Party/FreeRTOS/Source/stream_buffer.c **** 		the buffer was empty. */
 244:Middlewares/Third_Party/FreeRTOS/Source/stream_buffer.c **** 		if( xTriggerLevelBytes == ( size_t ) 0 )
 245:Middlewares/Third_Party/FreeRTOS/Source/stream_buffer.c **** 		{
 246:Middlewares/Third_Party/FreeRTOS/Source/stream_buffer.c **** 			xTriggerLevelBytes = ( size_t ) 1;
 247:Middlewares/Third_Party/FreeRTOS/Source/stream_buffer.c **** 		}
 248:Middlewares/Third_Party/FreeRTOS/Source/stream_buffer.c **** 
 249:Middlewares/Third_Party/FreeRTOS/Source/stream_buffer.c **** 		/* A stream buffer requires a StreamBuffer_t structure and a buffer.
 250:Middlewares/Third_Party/FreeRTOS/Source/stream_buffer.c **** 		Both are allocated in a single call to pvPortMalloc().  The
 251:Middlewares/Third_Party/FreeRTOS/Source/stream_buffer.c **** 		StreamBuffer_t structure is placed at the start of the allocated memory
 252:Middlewares/Third_Party/FreeRTOS/Source/stream_buffer.c **** 		and the buffer follows immediately after.  The requested size is
 253:Middlewares/Third_Party/FreeRTOS/Source/stream_buffer.c **** 		incremented so the free space is returned as the user would expect -
 254:Middlewares/Third_Party/FreeRTOS/Source/stream_buffer.c **** 		this is a quirk of the implementation that means otherwise the free
 255:Middlewares/Third_Party/FreeRTOS/Source/stream_buffer.c **** 		space would be reported as one byte smaller than would be logically
 256:Middlewares/Third_Party/FreeRTOS/Source/stream_buffer.c **** 		expected. */
 257:Middlewares/Third_Party/FreeRTOS/Source/stream_buffer.c **** 		xBufferSizeBytes++;
 258:Middlewares/Third_Party/FreeRTOS/Source/stream_buffer.c **** 		pucAllocatedMemory = ( uint8_t * ) pvPortMalloc( xBufferSizeBytes + sizeof( StreamBuffer_t ) ); /
ARM GAS  C:\Users\kalpe\AppData\Local\Temp\ccLk4XJd.s 			page 6


 259:Middlewares/Third_Party/FreeRTOS/Source/stream_buffer.c **** 
 260:Middlewares/Third_Party/FreeRTOS/Source/stream_buffer.c **** 		if( pucAllocatedMemory != NULL )
 261:Middlewares/Third_Party/FreeRTOS/Source/stream_buffer.c **** 		{
 262:Middlewares/Third_Party/FreeRTOS/Source/stream_buffer.c **** 			prvInitialiseNewStreamBuffer( ( StreamBuffer_t * ) pucAllocatedMemory, /* Structure at the start
 263:Middlewares/Third_Party/FreeRTOS/Source/stream_buffer.c **** 										   pucAllocatedMemory + sizeof( StreamBuffer_t ),  /* Storage area follows. */ /*lint !e9
 264:Middlewares/Third_Party/FreeRTOS/Source/stream_buffer.c **** 										   xBufferSizeBytes,
 265:Middlewares/Third_Party/FreeRTOS/Source/stream_buffer.c **** 										   xTriggerLevelBytes,
 266:Middlewares/Third_Party/FreeRTOS/Source/stream_buffer.c **** 										   ucFlags );
 267:Middlewares/Third_Party/FreeRTOS/Source/stream_buffer.c **** 
 268:Middlewares/Third_Party/FreeRTOS/Source/stream_buffer.c **** 			traceSTREAM_BUFFER_CREATE( ( ( StreamBuffer_t * ) pucAllocatedMemory ), xIsMessageBuffer );
 269:Middlewares/Third_Party/FreeRTOS/Source/stream_buffer.c **** 		}
 270:Middlewares/Third_Party/FreeRTOS/Source/stream_buffer.c **** 		else
 271:Middlewares/Third_Party/FreeRTOS/Source/stream_buffer.c **** 		{
 272:Middlewares/Third_Party/FreeRTOS/Source/stream_buffer.c **** 			traceSTREAM_BUFFER_CREATE_FAILED( xIsMessageBuffer );
 273:Middlewares/Third_Party/FreeRTOS/Source/stream_buffer.c **** 		}
 274:Middlewares/Third_Party/FreeRTOS/Source/stream_buffer.c **** 
 275:Middlewares/Third_Party/FreeRTOS/Source/stream_buffer.c **** 		return ( StreamBufferHandle_t ) pucAllocatedMemory; /*lint !e9087 !e826 Safe cast as allocated me
 276:Middlewares/Third_Party/FreeRTOS/Source/stream_buffer.c **** 	}
 277:Middlewares/Third_Party/FreeRTOS/Source/stream_buffer.c **** 
 278:Middlewares/Third_Party/FreeRTOS/Source/stream_buffer.c **** #endif /* configSUPPORT_DYNAMIC_ALLOCATION */
 279:Middlewares/Third_Party/FreeRTOS/Source/stream_buffer.c **** /*-----------------------------------------------------------*/
 280:Middlewares/Third_Party/FreeRTOS/Source/stream_buffer.c **** 
 281:Middlewares/Third_Party/FreeRTOS/Source/stream_buffer.c **** #if( configSUPPORT_STATIC_ALLOCATION == 1 )
 282:Middlewares/Third_Party/FreeRTOS/Source/stream_buffer.c **** 
 283:Middlewares/Third_Party/FreeRTOS/Source/stream_buffer.c **** 	StreamBufferHandle_t xStreamBufferGenericCreateStatic( size_t xBufferSizeBytes,
 284:Middlewares/Third_Party/FreeRTOS/Source/stream_buffer.c **** 														   size_t xTriggerLevelBytes,
 285:Middlewares/Third_Party/FreeRTOS/Source/stream_buffer.c **** 														   BaseType_t xIsMessageBuffer,
 286:Middlewares/Third_Party/FreeRTOS/Source/stream_buffer.c **** 														   uint8_t * const pucStreamBufferStorageArea,
 287:Middlewares/Third_Party/FreeRTOS/Source/stream_buffer.c **** 														   StaticStreamBuffer_t * const pxStaticStreamBuffer )
 288:Middlewares/Third_Party/FreeRTOS/Source/stream_buffer.c **** 	{
 289:Middlewares/Third_Party/FreeRTOS/Source/stream_buffer.c **** 	StreamBuffer_t * const pxStreamBuffer = ( StreamBuffer_t * ) pxStaticStreamBuffer; /*lint !e740 !e
 290:Middlewares/Third_Party/FreeRTOS/Source/stream_buffer.c **** 	StreamBufferHandle_t xReturn;
 291:Middlewares/Third_Party/FreeRTOS/Source/stream_buffer.c **** 	uint8_t ucFlags;
 292:Middlewares/Third_Party/FreeRTOS/Source/stream_buffer.c **** 
 293:Middlewares/Third_Party/FreeRTOS/Source/stream_buffer.c **** 		configASSERT( pucStreamBufferStorageArea );
 294:Middlewares/Third_Party/FreeRTOS/Source/stream_buffer.c **** 		configASSERT( pxStaticStreamBuffer );
 295:Middlewares/Third_Party/FreeRTOS/Source/stream_buffer.c **** 		configASSERT( xTriggerLevelBytes <= xBufferSizeBytes );
 296:Middlewares/Third_Party/FreeRTOS/Source/stream_buffer.c **** 
 297:Middlewares/Third_Party/FreeRTOS/Source/stream_buffer.c **** 		/* A trigger level of 0 would cause a waiting task to unblock even when
 298:Middlewares/Third_Party/FreeRTOS/Source/stream_buffer.c **** 		the buffer was empty. */
 299:Middlewares/Third_Party/FreeRTOS/Source/stream_buffer.c **** 		if( xTriggerLevelBytes == ( size_t ) 0 )
 300:Middlewares/Third_Party/FreeRTOS/Source/stream_buffer.c **** 		{
 301:Middlewares/Third_Party/FreeRTOS/Source/stream_buffer.c **** 			xTriggerLevelBytes = ( size_t ) 1;
 302:Middlewares/Third_Party/FreeRTOS/Source/stream_buffer.c **** 		}
 303:Middlewares/Third_Party/FreeRTOS/Source/stream_buffer.c **** 
 304:Middlewares/Third_Party/FreeRTOS/Source/stream_buffer.c **** 		if( xIsMessageBuffer != pdFALSE )
 305:Middlewares/Third_Party/FreeRTOS/Source/stream_buffer.c **** 		{
 306:Middlewares/Third_Party/FreeRTOS/Source/stream_buffer.c **** 			/* Statically allocated message buffer. */
 307:Middlewares/Third_Party/FreeRTOS/Source/stream_buffer.c **** 			ucFlags = sbFLAGS_IS_MESSAGE_BUFFER | sbFLAGS_IS_STATICALLY_ALLOCATED;
 308:Middlewares/Third_Party/FreeRTOS/Source/stream_buffer.c **** 		}
 309:Middlewares/Third_Party/FreeRTOS/Source/stream_buffer.c **** 		else
 310:Middlewares/Third_Party/FreeRTOS/Source/stream_buffer.c **** 		{
 311:Middlewares/Third_Party/FreeRTOS/Source/stream_buffer.c **** 			/* Statically allocated stream buffer. */
 312:Middlewares/Third_Party/FreeRTOS/Source/stream_buffer.c **** 			ucFlags = sbFLAGS_IS_STATICALLY_ALLOCATED;
 313:Middlewares/Third_Party/FreeRTOS/Source/stream_buffer.c **** 		}
 314:Middlewares/Third_Party/FreeRTOS/Source/stream_buffer.c **** 
 315:Middlewares/Third_Party/FreeRTOS/Source/stream_buffer.c **** 		/* In case the stream buffer is going to be used as a message buffer
ARM GAS  C:\Users\kalpe\AppData\Local\Temp\ccLk4XJd.s 			page 7


 316:Middlewares/Third_Party/FreeRTOS/Source/stream_buffer.c **** 		(that is, it will hold discrete messages with a little meta data that
 317:Middlewares/Third_Party/FreeRTOS/Source/stream_buffer.c **** 		says how big the next message is) check the buffer will be large enough
 318:Middlewares/Third_Party/FreeRTOS/Source/stream_buffer.c **** 		to hold at least one message. */
 319:Middlewares/Third_Party/FreeRTOS/Source/stream_buffer.c **** 		configASSERT( xBufferSizeBytes > sbBYTES_TO_STORE_MESSAGE_LENGTH );
 320:Middlewares/Third_Party/FreeRTOS/Source/stream_buffer.c **** 
 321:Middlewares/Third_Party/FreeRTOS/Source/stream_buffer.c **** 		#if( configASSERT_DEFINED == 1 )
 322:Middlewares/Third_Party/FreeRTOS/Source/stream_buffer.c **** 		{
 323:Middlewares/Third_Party/FreeRTOS/Source/stream_buffer.c **** 			/* Sanity check that the size of the structure used to declare a
 324:Middlewares/Third_Party/FreeRTOS/Source/stream_buffer.c **** 			variable of type StaticStreamBuffer_t equals the size of the real
 325:Middlewares/Third_Party/FreeRTOS/Source/stream_buffer.c **** 			message buffer structure. */
 326:Middlewares/Third_Party/FreeRTOS/Source/stream_buffer.c **** 			volatile size_t xSize = sizeof( StaticStreamBuffer_t );
 327:Middlewares/Third_Party/FreeRTOS/Source/stream_buffer.c **** 			configASSERT( xSize == sizeof( StreamBuffer_t ) );
 328:Middlewares/Third_Party/FreeRTOS/Source/stream_buffer.c **** 		} /*lint !e529 xSize is referenced is configASSERT() is defined. */
 329:Middlewares/Third_Party/FreeRTOS/Source/stream_buffer.c **** 		#endif /* configASSERT_DEFINED */
 330:Middlewares/Third_Party/FreeRTOS/Source/stream_buffer.c **** 
 331:Middlewares/Third_Party/FreeRTOS/Source/stream_buffer.c **** 		if( ( pucStreamBufferStorageArea != NULL ) && ( pxStaticStreamBuffer != NULL ) )
 332:Middlewares/Third_Party/FreeRTOS/Source/stream_buffer.c **** 		{
 333:Middlewares/Third_Party/FreeRTOS/Source/stream_buffer.c **** 			prvInitialiseNewStreamBuffer( pxStreamBuffer,
 334:Middlewares/Third_Party/FreeRTOS/Source/stream_buffer.c **** 										  pucStreamBufferStorageArea,
 335:Middlewares/Third_Party/FreeRTOS/Source/stream_buffer.c **** 										  xBufferSizeBytes,
 336:Middlewares/Third_Party/FreeRTOS/Source/stream_buffer.c **** 										  xTriggerLevelBytes,
 337:Middlewares/Third_Party/FreeRTOS/Source/stream_buffer.c **** 										  ucFlags );
 338:Middlewares/Third_Party/FreeRTOS/Source/stream_buffer.c **** 
 339:Middlewares/Third_Party/FreeRTOS/Source/stream_buffer.c **** 			/* Remember this was statically allocated in case it is ever deleted
 340:Middlewares/Third_Party/FreeRTOS/Source/stream_buffer.c **** 			again. */
 341:Middlewares/Third_Party/FreeRTOS/Source/stream_buffer.c **** 			pxStreamBuffer->ucFlags |= sbFLAGS_IS_STATICALLY_ALLOCATED;
 342:Middlewares/Third_Party/FreeRTOS/Source/stream_buffer.c **** 
 343:Middlewares/Third_Party/FreeRTOS/Source/stream_buffer.c **** 			traceSTREAM_BUFFER_CREATE( pxStreamBuffer, xIsMessageBuffer );
 344:Middlewares/Third_Party/FreeRTOS/Source/stream_buffer.c **** 
 345:Middlewares/Third_Party/FreeRTOS/Source/stream_buffer.c **** 			xReturn = ( StreamBufferHandle_t ) pxStaticStreamBuffer; /*lint !e9087 Data hiding requires cast
 346:Middlewares/Third_Party/FreeRTOS/Source/stream_buffer.c **** 		}
 347:Middlewares/Third_Party/FreeRTOS/Source/stream_buffer.c **** 		else
 348:Middlewares/Third_Party/FreeRTOS/Source/stream_buffer.c **** 		{
 349:Middlewares/Third_Party/FreeRTOS/Source/stream_buffer.c **** 			xReturn = NULL;
 350:Middlewares/Third_Party/FreeRTOS/Source/stream_buffer.c **** 			traceSTREAM_BUFFER_CREATE_STATIC_FAILED( xReturn, xIsMessageBuffer );
 351:Middlewares/Third_Party/FreeRTOS/Source/stream_buffer.c **** 		}
 352:Middlewares/Third_Party/FreeRTOS/Source/stream_buffer.c **** 
 353:Middlewares/Third_Party/FreeRTOS/Source/stream_buffer.c **** 		return xReturn;
 354:Middlewares/Third_Party/FreeRTOS/Source/stream_buffer.c **** 	}
 355:Middlewares/Third_Party/FreeRTOS/Source/stream_buffer.c **** 
 356:Middlewares/Third_Party/FreeRTOS/Source/stream_buffer.c **** #endif /* ( configSUPPORT_STATIC_ALLOCATION == 1 ) */
 357:Middlewares/Third_Party/FreeRTOS/Source/stream_buffer.c **** /*-----------------------------------------------------------*/
 358:Middlewares/Third_Party/FreeRTOS/Source/stream_buffer.c **** 
 359:Middlewares/Third_Party/FreeRTOS/Source/stream_buffer.c **** void vStreamBufferDelete( StreamBufferHandle_t xStreamBuffer )
 360:Middlewares/Third_Party/FreeRTOS/Source/stream_buffer.c **** {
 361:Middlewares/Third_Party/FreeRTOS/Source/stream_buffer.c **** StreamBuffer_t * pxStreamBuffer = xStreamBuffer;
 362:Middlewares/Third_Party/FreeRTOS/Source/stream_buffer.c **** 
 363:Middlewares/Third_Party/FreeRTOS/Source/stream_buffer.c **** 	configASSERT( pxStreamBuffer );
 364:Middlewares/Third_Party/FreeRTOS/Source/stream_buffer.c **** 
 365:Middlewares/Third_Party/FreeRTOS/Source/stream_buffer.c **** 	traceSTREAM_BUFFER_DELETE( xStreamBuffer );
 366:Middlewares/Third_Party/FreeRTOS/Source/stream_buffer.c **** 
 367:Middlewares/Third_Party/FreeRTOS/Source/stream_buffer.c **** 	if( ( pxStreamBuffer->ucFlags & sbFLAGS_IS_STATICALLY_ALLOCATED ) == ( uint8_t ) pdFALSE )
 368:Middlewares/Third_Party/FreeRTOS/Source/stream_buffer.c **** 	{
 369:Middlewares/Third_Party/FreeRTOS/Source/stream_buffer.c **** 		#if( configSUPPORT_DYNAMIC_ALLOCATION == 1 )
 370:Middlewares/Third_Party/FreeRTOS/Source/stream_buffer.c **** 		{
 371:Middlewares/Third_Party/FreeRTOS/Source/stream_buffer.c **** 			/* Both the structure and the buffer were allocated using a single call
 372:Middlewares/Third_Party/FreeRTOS/Source/stream_buffer.c **** 			to pvPortMalloc(), hence only one call to vPortFree() is required. */
ARM GAS  C:\Users\kalpe\AppData\Local\Temp\ccLk4XJd.s 			page 8


 373:Middlewares/Third_Party/FreeRTOS/Source/stream_buffer.c **** 			vPortFree( ( void * ) pxStreamBuffer ); /*lint !e9087 Standard free() semantics require void *, 
 374:Middlewares/Third_Party/FreeRTOS/Source/stream_buffer.c **** 		}
 375:Middlewares/Third_Party/FreeRTOS/Source/stream_buffer.c **** 		#else
 376:Middlewares/Third_Party/FreeRTOS/Source/stream_buffer.c **** 		{
 377:Middlewares/Third_Party/FreeRTOS/Source/stream_buffer.c **** 			/* Should not be possible to get here, ucFlags must be corrupt.
 378:Middlewares/Third_Party/FreeRTOS/Source/stream_buffer.c **** 			Force an assert. */
 379:Middlewares/Third_Party/FreeRTOS/Source/stream_buffer.c **** 			configASSERT( xStreamBuffer == ( StreamBufferHandle_t ) ~0 );
 380:Middlewares/Third_Party/FreeRTOS/Source/stream_buffer.c **** 		}
 381:Middlewares/Third_Party/FreeRTOS/Source/stream_buffer.c **** 		#endif
 382:Middlewares/Third_Party/FreeRTOS/Source/stream_buffer.c **** 	}
 383:Middlewares/Third_Party/FreeRTOS/Source/stream_buffer.c **** 	else
 384:Middlewares/Third_Party/FreeRTOS/Source/stream_buffer.c **** 	{
 385:Middlewares/Third_Party/FreeRTOS/Source/stream_buffer.c **** 		/* The structure and buffer were not allocated dynamically and cannot be
 386:Middlewares/Third_Party/FreeRTOS/Source/stream_buffer.c **** 		freed - just scrub the structure so future use will assert. */
 387:Middlewares/Third_Party/FreeRTOS/Source/stream_buffer.c **** 		( void ) memset( pxStreamBuffer, 0x00, sizeof( StreamBuffer_t ) );
 388:Middlewares/Third_Party/FreeRTOS/Source/stream_buffer.c **** 	}
 389:Middlewares/Third_Party/FreeRTOS/Source/stream_buffer.c **** }
 390:Middlewares/Third_Party/FreeRTOS/Source/stream_buffer.c **** /*-----------------------------------------------------------*/
 391:Middlewares/Third_Party/FreeRTOS/Source/stream_buffer.c **** 
 392:Middlewares/Third_Party/FreeRTOS/Source/stream_buffer.c **** BaseType_t xStreamBufferReset( StreamBufferHandle_t xStreamBuffer )
 393:Middlewares/Third_Party/FreeRTOS/Source/stream_buffer.c **** {
 394:Middlewares/Third_Party/FreeRTOS/Source/stream_buffer.c **** StreamBuffer_t * const pxStreamBuffer = xStreamBuffer;
 395:Middlewares/Third_Party/FreeRTOS/Source/stream_buffer.c **** BaseType_t xReturn = pdFAIL;
 396:Middlewares/Third_Party/FreeRTOS/Source/stream_buffer.c **** 
 397:Middlewares/Third_Party/FreeRTOS/Source/stream_buffer.c **** #if( configUSE_TRACE_FACILITY == 1 )
 398:Middlewares/Third_Party/FreeRTOS/Source/stream_buffer.c **** 	UBaseType_t uxStreamBufferNumber;
 399:Middlewares/Third_Party/FreeRTOS/Source/stream_buffer.c **** #endif
 400:Middlewares/Third_Party/FreeRTOS/Source/stream_buffer.c **** 
 401:Middlewares/Third_Party/FreeRTOS/Source/stream_buffer.c **** 	configASSERT( pxStreamBuffer );
 402:Middlewares/Third_Party/FreeRTOS/Source/stream_buffer.c **** 
 403:Middlewares/Third_Party/FreeRTOS/Source/stream_buffer.c **** 	#if( configUSE_TRACE_FACILITY == 1 )
 404:Middlewares/Third_Party/FreeRTOS/Source/stream_buffer.c **** 	{
 405:Middlewares/Third_Party/FreeRTOS/Source/stream_buffer.c **** 		/* Store the stream buffer number so it can be restored after the
 406:Middlewares/Third_Party/FreeRTOS/Source/stream_buffer.c **** 		reset. */
 407:Middlewares/Third_Party/FreeRTOS/Source/stream_buffer.c **** 		uxStreamBufferNumber = pxStreamBuffer->uxStreamBufferNumber;
 408:Middlewares/Third_Party/FreeRTOS/Source/stream_buffer.c **** 	}
 409:Middlewares/Third_Party/FreeRTOS/Source/stream_buffer.c **** 	#endif
 410:Middlewares/Third_Party/FreeRTOS/Source/stream_buffer.c **** 
 411:Middlewares/Third_Party/FreeRTOS/Source/stream_buffer.c **** 	/* Can only reset a message buffer if there are no tasks blocked on it. */
 412:Middlewares/Third_Party/FreeRTOS/Source/stream_buffer.c **** 	taskENTER_CRITICAL();
 413:Middlewares/Third_Party/FreeRTOS/Source/stream_buffer.c **** 	{
 414:Middlewares/Third_Party/FreeRTOS/Source/stream_buffer.c **** 		if( pxStreamBuffer->xTaskWaitingToReceive == NULL )
 415:Middlewares/Third_Party/FreeRTOS/Source/stream_buffer.c **** 		{
 416:Middlewares/Third_Party/FreeRTOS/Source/stream_buffer.c **** 			if( pxStreamBuffer->xTaskWaitingToSend == NULL )
 417:Middlewares/Third_Party/FreeRTOS/Source/stream_buffer.c **** 			{
 418:Middlewares/Third_Party/FreeRTOS/Source/stream_buffer.c **** 				prvInitialiseNewStreamBuffer( pxStreamBuffer,
 419:Middlewares/Third_Party/FreeRTOS/Source/stream_buffer.c **** 											  pxStreamBuffer->pucBuffer,
 420:Middlewares/Third_Party/FreeRTOS/Source/stream_buffer.c **** 											  pxStreamBuffer->xLength,
 421:Middlewares/Third_Party/FreeRTOS/Source/stream_buffer.c **** 											  pxStreamBuffer->xTriggerLevelBytes,
 422:Middlewares/Third_Party/FreeRTOS/Source/stream_buffer.c **** 											  pxStreamBuffer->ucFlags );
 423:Middlewares/Third_Party/FreeRTOS/Source/stream_buffer.c **** 				xReturn = pdPASS;
 424:Middlewares/Third_Party/FreeRTOS/Source/stream_buffer.c **** 
 425:Middlewares/Third_Party/FreeRTOS/Source/stream_buffer.c **** 				#if( configUSE_TRACE_FACILITY == 1 )
 426:Middlewares/Third_Party/FreeRTOS/Source/stream_buffer.c **** 				{
 427:Middlewares/Third_Party/FreeRTOS/Source/stream_buffer.c **** 					pxStreamBuffer->uxStreamBufferNumber = uxStreamBufferNumber;
 428:Middlewares/Third_Party/FreeRTOS/Source/stream_buffer.c **** 				}
 429:Middlewares/Third_Party/FreeRTOS/Source/stream_buffer.c **** 				#endif
ARM GAS  C:\Users\kalpe\AppData\Local\Temp\ccLk4XJd.s 			page 9


 430:Middlewares/Third_Party/FreeRTOS/Source/stream_buffer.c **** 
 431:Middlewares/Third_Party/FreeRTOS/Source/stream_buffer.c **** 				traceSTREAM_BUFFER_RESET( xStreamBuffer );
 432:Middlewares/Third_Party/FreeRTOS/Source/stream_buffer.c **** 			}
 433:Middlewares/Third_Party/FreeRTOS/Source/stream_buffer.c **** 		}
 434:Middlewares/Third_Party/FreeRTOS/Source/stream_buffer.c **** 	}
 435:Middlewares/Third_Party/FreeRTOS/Source/stream_buffer.c **** 	taskEXIT_CRITICAL();
 436:Middlewares/Third_Party/FreeRTOS/Source/stream_buffer.c **** 
 437:Middlewares/Third_Party/FreeRTOS/Source/stream_buffer.c **** 	return xReturn;
 438:Middlewares/Third_Party/FreeRTOS/Source/stream_buffer.c **** }
 439:Middlewares/Third_Party/FreeRTOS/Source/stream_buffer.c **** /*-----------------------------------------------------------*/
 440:Middlewares/Third_Party/FreeRTOS/Source/stream_buffer.c **** 
 441:Middlewares/Third_Party/FreeRTOS/Source/stream_buffer.c **** BaseType_t xStreamBufferSetTriggerLevel( StreamBufferHandle_t xStreamBuffer, size_t xTriggerLevel )
 442:Middlewares/Third_Party/FreeRTOS/Source/stream_buffer.c **** {
 443:Middlewares/Third_Party/FreeRTOS/Source/stream_buffer.c **** StreamBuffer_t * const pxStreamBuffer = xStreamBuffer;
 444:Middlewares/Third_Party/FreeRTOS/Source/stream_buffer.c **** BaseType_t xReturn;
 445:Middlewares/Third_Party/FreeRTOS/Source/stream_buffer.c **** 
 446:Middlewares/Third_Party/FreeRTOS/Source/stream_buffer.c **** 	configASSERT( pxStreamBuffer );
 447:Middlewares/Third_Party/FreeRTOS/Source/stream_buffer.c **** 
 448:Middlewares/Third_Party/FreeRTOS/Source/stream_buffer.c **** 	/* It is not valid for the trigger level to be 0. */
 449:Middlewares/Third_Party/FreeRTOS/Source/stream_buffer.c **** 	if( xTriggerLevel == ( size_t ) 0 )
 450:Middlewares/Third_Party/FreeRTOS/Source/stream_buffer.c **** 	{
 451:Middlewares/Third_Party/FreeRTOS/Source/stream_buffer.c **** 		xTriggerLevel = ( size_t ) 1;
 452:Middlewares/Third_Party/FreeRTOS/Source/stream_buffer.c **** 	}
 453:Middlewares/Third_Party/FreeRTOS/Source/stream_buffer.c **** 
 454:Middlewares/Third_Party/FreeRTOS/Source/stream_buffer.c **** 	/* The trigger level is the number of bytes that must be in the stream
 455:Middlewares/Third_Party/FreeRTOS/Source/stream_buffer.c **** 	buffer before a task that is waiting for data is unblocked. */
 456:Middlewares/Third_Party/FreeRTOS/Source/stream_buffer.c **** 	if( xTriggerLevel <= pxStreamBuffer->xLength )
 457:Middlewares/Third_Party/FreeRTOS/Source/stream_buffer.c **** 	{
 458:Middlewares/Third_Party/FreeRTOS/Source/stream_buffer.c **** 		pxStreamBuffer->xTriggerLevelBytes = xTriggerLevel;
 459:Middlewares/Third_Party/FreeRTOS/Source/stream_buffer.c **** 		xReturn = pdPASS;
 460:Middlewares/Third_Party/FreeRTOS/Source/stream_buffer.c **** 	}
 461:Middlewares/Third_Party/FreeRTOS/Source/stream_buffer.c **** 	else
 462:Middlewares/Third_Party/FreeRTOS/Source/stream_buffer.c **** 	{
 463:Middlewares/Third_Party/FreeRTOS/Source/stream_buffer.c **** 		xReturn = pdFALSE;
 464:Middlewares/Third_Party/FreeRTOS/Source/stream_buffer.c **** 	}
 465:Middlewares/Third_Party/FreeRTOS/Source/stream_buffer.c **** 
 466:Middlewares/Third_Party/FreeRTOS/Source/stream_buffer.c **** 	return xReturn;
 467:Middlewares/Third_Party/FreeRTOS/Source/stream_buffer.c **** }
 468:Middlewares/Third_Party/FreeRTOS/Source/stream_buffer.c **** /*-----------------------------------------------------------*/
 469:Middlewares/Third_Party/FreeRTOS/Source/stream_buffer.c **** 
 470:Middlewares/Third_Party/FreeRTOS/Source/stream_buffer.c **** size_t xStreamBufferSpacesAvailable( StreamBufferHandle_t xStreamBuffer )
 471:Middlewares/Third_Party/FreeRTOS/Source/stream_buffer.c **** {
 472:Middlewares/Third_Party/FreeRTOS/Source/stream_buffer.c **** const StreamBuffer_t * const pxStreamBuffer = xStreamBuffer;
 473:Middlewares/Third_Party/FreeRTOS/Source/stream_buffer.c **** size_t xSpace;
 474:Middlewares/Third_Party/FreeRTOS/Source/stream_buffer.c **** 
 475:Middlewares/Third_Party/FreeRTOS/Source/stream_buffer.c **** 	configASSERT( pxStreamBuffer );
 476:Middlewares/Third_Party/FreeRTOS/Source/stream_buffer.c **** 
 477:Middlewares/Third_Party/FreeRTOS/Source/stream_buffer.c **** 	xSpace = pxStreamBuffer->xLength + pxStreamBuffer->xTail;
 478:Middlewares/Third_Party/FreeRTOS/Source/stream_buffer.c **** 	xSpace -= pxStreamBuffer->xHead;
 479:Middlewares/Third_Party/FreeRTOS/Source/stream_buffer.c **** 	xSpace -= ( size_t ) 1;
 480:Middlewares/Third_Party/FreeRTOS/Source/stream_buffer.c **** 
 481:Middlewares/Third_Party/FreeRTOS/Source/stream_buffer.c **** 	if( xSpace >= pxStreamBuffer->xLength )
 482:Middlewares/Third_Party/FreeRTOS/Source/stream_buffer.c **** 	{
 483:Middlewares/Third_Party/FreeRTOS/Source/stream_buffer.c **** 		xSpace -= pxStreamBuffer->xLength;
 484:Middlewares/Third_Party/FreeRTOS/Source/stream_buffer.c **** 	}
 485:Middlewares/Third_Party/FreeRTOS/Source/stream_buffer.c **** 	else
 486:Middlewares/Third_Party/FreeRTOS/Source/stream_buffer.c **** 	{
ARM GAS  C:\Users\kalpe\AppData\Local\Temp\ccLk4XJd.s 			page 10


 487:Middlewares/Third_Party/FreeRTOS/Source/stream_buffer.c **** 		mtCOVERAGE_TEST_MARKER();
 488:Middlewares/Third_Party/FreeRTOS/Source/stream_buffer.c **** 	}
 489:Middlewares/Third_Party/FreeRTOS/Source/stream_buffer.c **** 
 490:Middlewares/Third_Party/FreeRTOS/Source/stream_buffer.c **** 	return xSpace;
 491:Middlewares/Third_Party/FreeRTOS/Source/stream_buffer.c **** }
 492:Middlewares/Third_Party/FreeRTOS/Source/stream_buffer.c **** /*-----------------------------------------------------------*/
 493:Middlewares/Third_Party/FreeRTOS/Source/stream_buffer.c **** 
 494:Middlewares/Third_Party/FreeRTOS/Source/stream_buffer.c **** size_t xStreamBufferBytesAvailable( StreamBufferHandle_t xStreamBuffer )
 495:Middlewares/Third_Party/FreeRTOS/Source/stream_buffer.c **** {
 496:Middlewares/Third_Party/FreeRTOS/Source/stream_buffer.c **** const StreamBuffer_t * const pxStreamBuffer = xStreamBuffer;
 497:Middlewares/Third_Party/FreeRTOS/Source/stream_buffer.c **** size_t xReturn;
 498:Middlewares/Third_Party/FreeRTOS/Source/stream_buffer.c **** 
 499:Middlewares/Third_Party/FreeRTOS/Source/stream_buffer.c **** 	configASSERT( pxStreamBuffer );
 500:Middlewares/Third_Party/FreeRTOS/Source/stream_buffer.c **** 
 501:Middlewares/Third_Party/FreeRTOS/Source/stream_buffer.c **** 	xReturn = prvBytesInBuffer( pxStreamBuffer );
 502:Middlewares/Third_Party/FreeRTOS/Source/stream_buffer.c **** 	return xReturn;
 503:Middlewares/Third_Party/FreeRTOS/Source/stream_buffer.c **** }
 504:Middlewares/Third_Party/FreeRTOS/Source/stream_buffer.c **** /*-----------------------------------------------------------*/
 505:Middlewares/Third_Party/FreeRTOS/Source/stream_buffer.c **** 
 506:Middlewares/Third_Party/FreeRTOS/Source/stream_buffer.c **** size_t xStreamBufferSend( StreamBufferHandle_t xStreamBuffer,
 507:Middlewares/Third_Party/FreeRTOS/Source/stream_buffer.c **** 						  const void *pvTxData,
 508:Middlewares/Third_Party/FreeRTOS/Source/stream_buffer.c **** 						  size_t xDataLengthBytes,
 509:Middlewares/Third_Party/FreeRTOS/Source/stream_buffer.c **** 						  TickType_t xTicksToWait )
 510:Middlewares/Third_Party/FreeRTOS/Source/stream_buffer.c **** {
 511:Middlewares/Third_Party/FreeRTOS/Source/stream_buffer.c **** StreamBuffer_t * const pxStreamBuffer = xStreamBuffer;
 512:Middlewares/Third_Party/FreeRTOS/Source/stream_buffer.c **** size_t xReturn, xSpace = 0;
 513:Middlewares/Third_Party/FreeRTOS/Source/stream_buffer.c **** size_t xRequiredSpace = xDataLengthBytes;
 514:Middlewares/Third_Party/FreeRTOS/Source/stream_buffer.c **** TimeOut_t xTimeOut;
 515:Middlewares/Third_Party/FreeRTOS/Source/stream_buffer.c **** 
 516:Middlewares/Third_Party/FreeRTOS/Source/stream_buffer.c **** 	configASSERT( pvTxData );
 517:Middlewares/Third_Party/FreeRTOS/Source/stream_buffer.c **** 	configASSERT( pxStreamBuffer );
 518:Middlewares/Third_Party/FreeRTOS/Source/stream_buffer.c **** 
 519:Middlewares/Third_Party/FreeRTOS/Source/stream_buffer.c **** 	/* This send function is used to write to both message buffers and stream
 520:Middlewares/Third_Party/FreeRTOS/Source/stream_buffer.c **** 	buffers.  If this is a message buffer then the space needed must be
 521:Middlewares/Third_Party/FreeRTOS/Source/stream_buffer.c **** 	increased by the amount of bytes needed to store the length of the
 522:Middlewares/Third_Party/FreeRTOS/Source/stream_buffer.c **** 	message. */
 523:Middlewares/Third_Party/FreeRTOS/Source/stream_buffer.c **** 	if( ( pxStreamBuffer->ucFlags & sbFLAGS_IS_MESSAGE_BUFFER ) != ( uint8_t ) 0 )
 524:Middlewares/Third_Party/FreeRTOS/Source/stream_buffer.c **** 	{
 525:Middlewares/Third_Party/FreeRTOS/Source/stream_buffer.c **** 		xRequiredSpace += sbBYTES_TO_STORE_MESSAGE_LENGTH;
 526:Middlewares/Third_Party/FreeRTOS/Source/stream_buffer.c **** 
 527:Middlewares/Third_Party/FreeRTOS/Source/stream_buffer.c **** 		/* Overflow? */
 528:Middlewares/Third_Party/FreeRTOS/Source/stream_buffer.c **** 		configASSERT( xRequiredSpace > xDataLengthBytes );
 529:Middlewares/Third_Party/FreeRTOS/Source/stream_buffer.c **** 	}
 530:Middlewares/Third_Party/FreeRTOS/Source/stream_buffer.c **** 	else
 531:Middlewares/Third_Party/FreeRTOS/Source/stream_buffer.c **** 	{
 532:Middlewares/Third_Party/FreeRTOS/Source/stream_buffer.c **** 		mtCOVERAGE_TEST_MARKER();
 533:Middlewares/Third_Party/FreeRTOS/Source/stream_buffer.c **** 	}
 534:Middlewares/Third_Party/FreeRTOS/Source/stream_buffer.c **** 
 535:Middlewares/Third_Party/FreeRTOS/Source/stream_buffer.c **** 	if( xTicksToWait != ( TickType_t ) 0 )
 536:Middlewares/Third_Party/FreeRTOS/Source/stream_buffer.c **** 	{
 537:Middlewares/Third_Party/FreeRTOS/Source/stream_buffer.c **** 		vTaskSetTimeOutState( &xTimeOut );
 538:Middlewares/Third_Party/FreeRTOS/Source/stream_buffer.c **** 
 539:Middlewares/Third_Party/FreeRTOS/Source/stream_buffer.c **** 		do
 540:Middlewares/Third_Party/FreeRTOS/Source/stream_buffer.c **** 		{
 541:Middlewares/Third_Party/FreeRTOS/Source/stream_buffer.c **** 			/* Wait until the required number of bytes are free in the message
 542:Middlewares/Third_Party/FreeRTOS/Source/stream_buffer.c **** 			buffer. */
 543:Middlewares/Third_Party/FreeRTOS/Source/stream_buffer.c **** 			taskENTER_CRITICAL();
ARM GAS  C:\Users\kalpe\AppData\Local\Temp\ccLk4XJd.s 			page 11


 544:Middlewares/Third_Party/FreeRTOS/Source/stream_buffer.c **** 			{
 545:Middlewares/Third_Party/FreeRTOS/Source/stream_buffer.c **** 				xSpace = xStreamBufferSpacesAvailable( pxStreamBuffer );
 546:Middlewares/Third_Party/FreeRTOS/Source/stream_buffer.c **** 
 547:Middlewares/Third_Party/FreeRTOS/Source/stream_buffer.c **** 				if( xSpace < xRequiredSpace )
 548:Middlewares/Third_Party/FreeRTOS/Source/stream_buffer.c **** 				{
 549:Middlewares/Third_Party/FreeRTOS/Source/stream_buffer.c **** 					/* Clear notification state as going to wait for space. */
 550:Middlewares/Third_Party/FreeRTOS/Source/stream_buffer.c **** 					( void ) xTaskNotifyStateClear( NULL );
 551:Middlewares/Third_Party/FreeRTOS/Source/stream_buffer.c **** 
 552:Middlewares/Third_Party/FreeRTOS/Source/stream_buffer.c **** 					/* Should only be one writer. */
 553:Middlewares/Third_Party/FreeRTOS/Source/stream_buffer.c **** 					configASSERT( pxStreamBuffer->xTaskWaitingToSend == NULL );
 554:Middlewares/Third_Party/FreeRTOS/Source/stream_buffer.c **** 					pxStreamBuffer->xTaskWaitingToSend = xTaskGetCurrentTaskHandle();
 555:Middlewares/Third_Party/FreeRTOS/Source/stream_buffer.c **** 				}
 556:Middlewares/Third_Party/FreeRTOS/Source/stream_buffer.c **** 				else
 557:Middlewares/Third_Party/FreeRTOS/Source/stream_buffer.c **** 				{
 558:Middlewares/Third_Party/FreeRTOS/Source/stream_buffer.c **** 					taskEXIT_CRITICAL();
 559:Middlewares/Third_Party/FreeRTOS/Source/stream_buffer.c **** 					break;
 560:Middlewares/Third_Party/FreeRTOS/Source/stream_buffer.c **** 				}
 561:Middlewares/Third_Party/FreeRTOS/Source/stream_buffer.c **** 			}
 562:Middlewares/Third_Party/FreeRTOS/Source/stream_buffer.c **** 			taskEXIT_CRITICAL();
 563:Middlewares/Third_Party/FreeRTOS/Source/stream_buffer.c **** 
 564:Middlewares/Third_Party/FreeRTOS/Source/stream_buffer.c **** 			traceBLOCKING_ON_STREAM_BUFFER_SEND( xStreamBuffer );
 565:Middlewares/Third_Party/FreeRTOS/Source/stream_buffer.c **** 			( void ) xTaskNotifyWait( ( uint32_t ) 0, ( uint32_t ) 0, NULL, xTicksToWait );
 566:Middlewares/Third_Party/FreeRTOS/Source/stream_buffer.c **** 			pxStreamBuffer->xTaskWaitingToSend = NULL;
 567:Middlewares/Third_Party/FreeRTOS/Source/stream_buffer.c **** 
 568:Middlewares/Third_Party/FreeRTOS/Source/stream_buffer.c **** 		} while( xTaskCheckForTimeOut( &xTimeOut, &xTicksToWait ) == pdFALSE );
 569:Middlewares/Third_Party/FreeRTOS/Source/stream_buffer.c **** 	}
 570:Middlewares/Third_Party/FreeRTOS/Source/stream_buffer.c **** 	else
 571:Middlewares/Third_Party/FreeRTOS/Source/stream_buffer.c **** 	{
 572:Middlewares/Third_Party/FreeRTOS/Source/stream_buffer.c **** 		mtCOVERAGE_TEST_MARKER();
 573:Middlewares/Third_Party/FreeRTOS/Source/stream_buffer.c **** 	}
 574:Middlewares/Third_Party/FreeRTOS/Source/stream_buffer.c **** 
 575:Middlewares/Third_Party/FreeRTOS/Source/stream_buffer.c **** 	if( xSpace == ( size_t ) 0 )
 576:Middlewares/Third_Party/FreeRTOS/Source/stream_buffer.c **** 	{
 577:Middlewares/Third_Party/FreeRTOS/Source/stream_buffer.c **** 		xSpace = xStreamBufferSpacesAvailable( pxStreamBuffer );
 578:Middlewares/Third_Party/FreeRTOS/Source/stream_buffer.c **** 	}
 579:Middlewares/Third_Party/FreeRTOS/Source/stream_buffer.c **** 	else
 580:Middlewares/Third_Party/FreeRTOS/Source/stream_buffer.c **** 	{
 581:Middlewares/Third_Party/FreeRTOS/Source/stream_buffer.c **** 		mtCOVERAGE_TEST_MARKER();
 582:Middlewares/Third_Party/FreeRTOS/Source/stream_buffer.c **** 	}
 583:Middlewares/Third_Party/FreeRTOS/Source/stream_buffer.c **** 
 584:Middlewares/Third_Party/FreeRTOS/Source/stream_buffer.c **** 	xReturn = prvWriteMessageToBuffer( pxStreamBuffer, pvTxData, xDataLengthBytes, xSpace, xRequiredSp
 585:Middlewares/Third_Party/FreeRTOS/Source/stream_buffer.c **** 
 586:Middlewares/Third_Party/FreeRTOS/Source/stream_buffer.c **** 	if( xReturn > ( size_t ) 0 )
 587:Middlewares/Third_Party/FreeRTOS/Source/stream_buffer.c **** 	{
 588:Middlewares/Third_Party/FreeRTOS/Source/stream_buffer.c **** 		traceSTREAM_BUFFER_SEND( xStreamBuffer, xReturn );
 589:Middlewares/Third_Party/FreeRTOS/Source/stream_buffer.c **** 
 590:Middlewares/Third_Party/FreeRTOS/Source/stream_buffer.c **** 		/* Was a task waiting for the data? */
 591:Middlewares/Third_Party/FreeRTOS/Source/stream_buffer.c **** 		if( prvBytesInBuffer( pxStreamBuffer ) >= pxStreamBuffer->xTriggerLevelBytes )
 592:Middlewares/Third_Party/FreeRTOS/Source/stream_buffer.c **** 		{
 593:Middlewares/Third_Party/FreeRTOS/Source/stream_buffer.c **** 			sbSEND_COMPLETED( pxStreamBuffer );
 594:Middlewares/Third_Party/FreeRTOS/Source/stream_buffer.c **** 		}
 595:Middlewares/Third_Party/FreeRTOS/Source/stream_buffer.c **** 		else
 596:Middlewares/Third_Party/FreeRTOS/Source/stream_buffer.c **** 		{
 597:Middlewares/Third_Party/FreeRTOS/Source/stream_buffer.c **** 			mtCOVERAGE_TEST_MARKER();
 598:Middlewares/Third_Party/FreeRTOS/Source/stream_buffer.c **** 		}
 599:Middlewares/Third_Party/FreeRTOS/Source/stream_buffer.c **** 	}
 600:Middlewares/Third_Party/FreeRTOS/Source/stream_buffer.c **** 	else
ARM GAS  C:\Users\kalpe\AppData\Local\Temp\ccLk4XJd.s 			page 12


 601:Middlewares/Third_Party/FreeRTOS/Source/stream_buffer.c **** 	{
 602:Middlewares/Third_Party/FreeRTOS/Source/stream_buffer.c **** 		mtCOVERAGE_TEST_MARKER();
 603:Middlewares/Third_Party/FreeRTOS/Source/stream_buffer.c **** 		traceSTREAM_BUFFER_SEND_FAILED( xStreamBuffer );
 604:Middlewares/Third_Party/FreeRTOS/Source/stream_buffer.c **** 	}
 605:Middlewares/Third_Party/FreeRTOS/Source/stream_buffer.c **** 
 606:Middlewares/Third_Party/FreeRTOS/Source/stream_buffer.c **** 	return xReturn;
 607:Middlewares/Third_Party/FreeRTOS/Source/stream_buffer.c **** }
 608:Middlewares/Third_Party/FreeRTOS/Source/stream_buffer.c **** /*-----------------------------------------------------------*/
 609:Middlewares/Third_Party/FreeRTOS/Source/stream_buffer.c **** 
 610:Middlewares/Third_Party/FreeRTOS/Source/stream_buffer.c **** size_t xStreamBufferSendFromISR( StreamBufferHandle_t xStreamBuffer,
 611:Middlewares/Third_Party/FreeRTOS/Source/stream_buffer.c **** 								 const void *pvTxData,
 612:Middlewares/Third_Party/FreeRTOS/Source/stream_buffer.c **** 								 size_t xDataLengthBytes,
 613:Middlewares/Third_Party/FreeRTOS/Source/stream_buffer.c **** 								 BaseType_t * const pxHigherPriorityTaskWoken )
 614:Middlewares/Third_Party/FreeRTOS/Source/stream_buffer.c **** {
 615:Middlewares/Third_Party/FreeRTOS/Source/stream_buffer.c **** StreamBuffer_t * const pxStreamBuffer = xStreamBuffer;
 616:Middlewares/Third_Party/FreeRTOS/Source/stream_buffer.c **** size_t xReturn, xSpace;
 617:Middlewares/Third_Party/FreeRTOS/Source/stream_buffer.c **** size_t xRequiredSpace = xDataLengthBytes;
 618:Middlewares/Third_Party/FreeRTOS/Source/stream_buffer.c **** 
 619:Middlewares/Third_Party/FreeRTOS/Source/stream_buffer.c **** 	configASSERT( pvTxData );
 620:Middlewares/Third_Party/FreeRTOS/Source/stream_buffer.c **** 	configASSERT( pxStreamBuffer );
 621:Middlewares/Third_Party/FreeRTOS/Source/stream_buffer.c **** 
 622:Middlewares/Third_Party/FreeRTOS/Source/stream_buffer.c **** 	/* This send function is used to write to both message buffers and stream
 623:Middlewares/Third_Party/FreeRTOS/Source/stream_buffer.c **** 	buffers.  If this is a message buffer then the space needed must be
 624:Middlewares/Third_Party/FreeRTOS/Source/stream_buffer.c **** 	increased by the amount of bytes needed to store the length of the
 625:Middlewares/Third_Party/FreeRTOS/Source/stream_buffer.c **** 	message. */
 626:Middlewares/Third_Party/FreeRTOS/Source/stream_buffer.c **** 	if( ( pxStreamBuffer->ucFlags & sbFLAGS_IS_MESSAGE_BUFFER ) != ( uint8_t ) 0 )
 627:Middlewares/Third_Party/FreeRTOS/Source/stream_buffer.c **** 	{
 628:Middlewares/Third_Party/FreeRTOS/Source/stream_buffer.c **** 		xRequiredSpace += sbBYTES_TO_STORE_MESSAGE_LENGTH;
 629:Middlewares/Third_Party/FreeRTOS/Source/stream_buffer.c **** 	}
 630:Middlewares/Third_Party/FreeRTOS/Source/stream_buffer.c **** 	else
 631:Middlewares/Third_Party/FreeRTOS/Source/stream_buffer.c **** 	{
 632:Middlewares/Third_Party/FreeRTOS/Source/stream_buffer.c **** 		mtCOVERAGE_TEST_MARKER();
 633:Middlewares/Third_Party/FreeRTOS/Source/stream_buffer.c **** 	}
 634:Middlewares/Third_Party/FreeRTOS/Source/stream_buffer.c **** 
 635:Middlewares/Third_Party/FreeRTOS/Source/stream_buffer.c **** 	xSpace = xStreamBufferSpacesAvailable( pxStreamBuffer );
 636:Middlewares/Third_Party/FreeRTOS/Source/stream_buffer.c **** 	xReturn = prvWriteMessageToBuffer( pxStreamBuffer, pvTxData, xDataLengthBytes, xSpace, xRequiredSp
 637:Middlewares/Third_Party/FreeRTOS/Source/stream_buffer.c **** 
 638:Middlewares/Third_Party/FreeRTOS/Source/stream_buffer.c **** 	if( xReturn > ( size_t ) 0 )
 639:Middlewares/Third_Party/FreeRTOS/Source/stream_buffer.c **** 	{
 640:Middlewares/Third_Party/FreeRTOS/Source/stream_buffer.c **** 		/* Was a task waiting for the data? */
 641:Middlewares/Third_Party/FreeRTOS/Source/stream_buffer.c **** 		if( prvBytesInBuffer( pxStreamBuffer ) >= pxStreamBuffer->xTriggerLevelBytes )
 642:Middlewares/Third_Party/FreeRTOS/Source/stream_buffer.c **** 		{
 643:Middlewares/Third_Party/FreeRTOS/Source/stream_buffer.c **** 			sbSEND_COMPLETE_FROM_ISR( pxStreamBuffer, pxHigherPriorityTaskWoken );
 644:Middlewares/Third_Party/FreeRTOS/Source/stream_buffer.c **** 		}
 645:Middlewares/Third_Party/FreeRTOS/Source/stream_buffer.c **** 		else
 646:Middlewares/Third_Party/FreeRTOS/Source/stream_buffer.c **** 		{
 647:Middlewares/Third_Party/FreeRTOS/Source/stream_buffer.c **** 			mtCOVERAGE_TEST_MARKER();
 648:Middlewares/Third_Party/FreeRTOS/Source/stream_buffer.c **** 		}
 649:Middlewares/Third_Party/FreeRTOS/Source/stream_buffer.c **** 	}
 650:Middlewares/Third_Party/FreeRTOS/Source/stream_buffer.c **** 	else
 651:Middlewares/Third_Party/FreeRTOS/Source/stream_buffer.c **** 	{
 652:Middlewares/Third_Party/FreeRTOS/Source/stream_buffer.c **** 		mtCOVERAGE_TEST_MARKER();
 653:Middlewares/Third_Party/FreeRTOS/Source/stream_buffer.c **** 	}
 654:Middlewares/Third_Party/FreeRTOS/Source/stream_buffer.c **** 
 655:Middlewares/Third_Party/FreeRTOS/Source/stream_buffer.c **** 	traceSTREAM_BUFFER_SEND_FROM_ISR( xStreamBuffer, xReturn );
 656:Middlewares/Third_Party/FreeRTOS/Source/stream_buffer.c **** 
 657:Middlewares/Third_Party/FreeRTOS/Source/stream_buffer.c **** 	return xReturn;
ARM GAS  C:\Users\kalpe\AppData\Local\Temp\ccLk4XJd.s 			page 13


 658:Middlewares/Third_Party/FreeRTOS/Source/stream_buffer.c **** }
 659:Middlewares/Third_Party/FreeRTOS/Source/stream_buffer.c **** /*-----------------------------------------------------------*/
 660:Middlewares/Third_Party/FreeRTOS/Source/stream_buffer.c **** 
 661:Middlewares/Third_Party/FreeRTOS/Source/stream_buffer.c **** static size_t prvWriteMessageToBuffer( StreamBuffer_t * const pxStreamBuffer,
 662:Middlewares/Third_Party/FreeRTOS/Source/stream_buffer.c **** 									   const void * pvTxData,
 663:Middlewares/Third_Party/FreeRTOS/Source/stream_buffer.c **** 									   size_t xDataLengthBytes,
 664:Middlewares/Third_Party/FreeRTOS/Source/stream_buffer.c **** 									   size_t xSpace,
 665:Middlewares/Third_Party/FreeRTOS/Source/stream_buffer.c **** 									   size_t xRequiredSpace )
 666:Middlewares/Third_Party/FreeRTOS/Source/stream_buffer.c **** {
 667:Middlewares/Third_Party/FreeRTOS/Source/stream_buffer.c **** 	BaseType_t xShouldWrite;
 668:Middlewares/Third_Party/FreeRTOS/Source/stream_buffer.c **** 	size_t xReturn;
 669:Middlewares/Third_Party/FreeRTOS/Source/stream_buffer.c **** 
 670:Middlewares/Third_Party/FreeRTOS/Source/stream_buffer.c **** 	if( xSpace == ( size_t ) 0 )
 671:Middlewares/Third_Party/FreeRTOS/Source/stream_buffer.c **** 	{
 672:Middlewares/Third_Party/FreeRTOS/Source/stream_buffer.c **** 		/* Doesn't matter if this is a stream buffer or a message buffer, there
 673:Middlewares/Third_Party/FreeRTOS/Source/stream_buffer.c **** 		is no space to write. */
 674:Middlewares/Third_Party/FreeRTOS/Source/stream_buffer.c **** 		xShouldWrite = pdFALSE;
 675:Middlewares/Third_Party/FreeRTOS/Source/stream_buffer.c **** 	}
 676:Middlewares/Third_Party/FreeRTOS/Source/stream_buffer.c **** 	else if( ( pxStreamBuffer->ucFlags & sbFLAGS_IS_MESSAGE_BUFFER ) == ( uint8_t ) 0 )
 677:Middlewares/Third_Party/FreeRTOS/Source/stream_buffer.c **** 	{
 678:Middlewares/Third_Party/FreeRTOS/Source/stream_buffer.c **** 		/* This is a stream buffer, as opposed to a message buffer, so writing a
 679:Middlewares/Third_Party/FreeRTOS/Source/stream_buffer.c **** 		stream of bytes rather than discrete messages.  Write as many bytes as
 680:Middlewares/Third_Party/FreeRTOS/Source/stream_buffer.c **** 		possible. */
 681:Middlewares/Third_Party/FreeRTOS/Source/stream_buffer.c **** 		xShouldWrite = pdTRUE;
 682:Middlewares/Third_Party/FreeRTOS/Source/stream_buffer.c **** 		xDataLengthBytes = configMIN( xDataLengthBytes, xSpace );
 683:Middlewares/Third_Party/FreeRTOS/Source/stream_buffer.c **** 	}
 684:Middlewares/Third_Party/FreeRTOS/Source/stream_buffer.c **** 	else if( xSpace >= xRequiredSpace )
 685:Middlewares/Third_Party/FreeRTOS/Source/stream_buffer.c **** 	{
 686:Middlewares/Third_Party/FreeRTOS/Source/stream_buffer.c **** 		/* This is a message buffer, as opposed to a stream buffer, and there
 687:Middlewares/Third_Party/FreeRTOS/Source/stream_buffer.c **** 		is enough space to write both the message length and the message itself
 688:Middlewares/Third_Party/FreeRTOS/Source/stream_buffer.c **** 		into the buffer.  Start by writing the length of the data, the data
 689:Middlewares/Third_Party/FreeRTOS/Source/stream_buffer.c **** 		itself will be written later in this function. */
 690:Middlewares/Third_Party/FreeRTOS/Source/stream_buffer.c **** 		xShouldWrite = pdTRUE;
 691:Middlewares/Third_Party/FreeRTOS/Source/stream_buffer.c **** 		( void ) prvWriteBytesToBuffer( pxStreamBuffer, ( const uint8_t * ) &( xDataLengthBytes ), sbBYTE
 692:Middlewares/Third_Party/FreeRTOS/Source/stream_buffer.c **** 	}
 693:Middlewares/Third_Party/FreeRTOS/Source/stream_buffer.c **** 	else
 694:Middlewares/Third_Party/FreeRTOS/Source/stream_buffer.c **** 	{
 695:Middlewares/Third_Party/FreeRTOS/Source/stream_buffer.c **** 		/* There is space available, but not enough space. */
 696:Middlewares/Third_Party/FreeRTOS/Source/stream_buffer.c **** 		xShouldWrite = pdFALSE;
 697:Middlewares/Third_Party/FreeRTOS/Source/stream_buffer.c **** 	}
 698:Middlewares/Third_Party/FreeRTOS/Source/stream_buffer.c **** 
 699:Middlewares/Third_Party/FreeRTOS/Source/stream_buffer.c **** 	if( xShouldWrite != pdFALSE )
 700:Middlewares/Third_Party/FreeRTOS/Source/stream_buffer.c **** 	{
 701:Middlewares/Third_Party/FreeRTOS/Source/stream_buffer.c **** 		/* Writes the data itself. */
 702:Middlewares/Third_Party/FreeRTOS/Source/stream_buffer.c **** 		xReturn = prvWriteBytesToBuffer( pxStreamBuffer, ( const uint8_t * ) pvTxData, xDataLengthBytes )
 703:Middlewares/Third_Party/FreeRTOS/Source/stream_buffer.c **** 	}
 704:Middlewares/Third_Party/FreeRTOS/Source/stream_buffer.c **** 	else
 705:Middlewares/Third_Party/FreeRTOS/Source/stream_buffer.c **** 	{
 706:Middlewares/Third_Party/FreeRTOS/Source/stream_buffer.c **** 		xReturn = 0;
 707:Middlewares/Third_Party/FreeRTOS/Source/stream_buffer.c **** 	}
 708:Middlewares/Third_Party/FreeRTOS/Source/stream_buffer.c **** 
 709:Middlewares/Third_Party/FreeRTOS/Source/stream_buffer.c **** 	return xReturn;
 710:Middlewares/Third_Party/FreeRTOS/Source/stream_buffer.c **** }
 711:Middlewares/Third_Party/FreeRTOS/Source/stream_buffer.c **** /*-----------------------------------------------------------*/
 712:Middlewares/Third_Party/FreeRTOS/Source/stream_buffer.c **** 
 713:Middlewares/Third_Party/FreeRTOS/Source/stream_buffer.c **** size_t xStreamBufferReceive( StreamBufferHandle_t xStreamBuffer,
 714:Middlewares/Third_Party/FreeRTOS/Source/stream_buffer.c **** 							 void *pvRxData,
ARM GAS  C:\Users\kalpe\AppData\Local\Temp\ccLk4XJd.s 			page 14


 715:Middlewares/Third_Party/FreeRTOS/Source/stream_buffer.c **** 							 size_t xBufferLengthBytes,
 716:Middlewares/Third_Party/FreeRTOS/Source/stream_buffer.c **** 							 TickType_t xTicksToWait )
 717:Middlewares/Third_Party/FreeRTOS/Source/stream_buffer.c **** {
 718:Middlewares/Third_Party/FreeRTOS/Source/stream_buffer.c **** StreamBuffer_t * const pxStreamBuffer = xStreamBuffer;
 719:Middlewares/Third_Party/FreeRTOS/Source/stream_buffer.c **** size_t xReceivedLength = 0, xBytesAvailable, xBytesToStoreMessageLength;
 720:Middlewares/Third_Party/FreeRTOS/Source/stream_buffer.c **** 
 721:Middlewares/Third_Party/FreeRTOS/Source/stream_buffer.c **** 	configASSERT( pvRxData );
 722:Middlewares/Third_Party/FreeRTOS/Source/stream_buffer.c **** 	configASSERT( pxStreamBuffer );
 723:Middlewares/Third_Party/FreeRTOS/Source/stream_buffer.c **** 
 724:Middlewares/Third_Party/FreeRTOS/Source/stream_buffer.c **** 	/* This receive function is used by both message buffers, which store
 725:Middlewares/Third_Party/FreeRTOS/Source/stream_buffer.c **** 	discrete messages, and stream buffers, which store a continuous stream of
 726:Middlewares/Third_Party/FreeRTOS/Source/stream_buffer.c **** 	bytes.  Discrete messages include an additional
 727:Middlewares/Third_Party/FreeRTOS/Source/stream_buffer.c **** 	sbBYTES_TO_STORE_MESSAGE_LENGTH bytes that hold the length of the
 728:Middlewares/Third_Party/FreeRTOS/Source/stream_buffer.c **** 	message. */
 729:Middlewares/Third_Party/FreeRTOS/Source/stream_buffer.c **** 	if( ( pxStreamBuffer->ucFlags & sbFLAGS_IS_MESSAGE_BUFFER ) != ( uint8_t ) 0 )
 730:Middlewares/Third_Party/FreeRTOS/Source/stream_buffer.c **** 	{
 731:Middlewares/Third_Party/FreeRTOS/Source/stream_buffer.c **** 		xBytesToStoreMessageLength = sbBYTES_TO_STORE_MESSAGE_LENGTH;
 732:Middlewares/Third_Party/FreeRTOS/Source/stream_buffer.c **** 	}
 733:Middlewares/Third_Party/FreeRTOS/Source/stream_buffer.c **** 	else
 734:Middlewares/Third_Party/FreeRTOS/Source/stream_buffer.c **** 	{
 735:Middlewares/Third_Party/FreeRTOS/Source/stream_buffer.c **** 		xBytesToStoreMessageLength = 0;
 736:Middlewares/Third_Party/FreeRTOS/Source/stream_buffer.c **** 	}
 737:Middlewares/Third_Party/FreeRTOS/Source/stream_buffer.c **** 
 738:Middlewares/Third_Party/FreeRTOS/Source/stream_buffer.c **** 	if( xTicksToWait != ( TickType_t ) 0 )
 739:Middlewares/Third_Party/FreeRTOS/Source/stream_buffer.c **** 	{
 740:Middlewares/Third_Party/FreeRTOS/Source/stream_buffer.c **** 		/* Checking if there is data and clearing the notification state must be
 741:Middlewares/Third_Party/FreeRTOS/Source/stream_buffer.c **** 		performed atomically. */
 742:Middlewares/Third_Party/FreeRTOS/Source/stream_buffer.c **** 		taskENTER_CRITICAL();
 743:Middlewares/Third_Party/FreeRTOS/Source/stream_buffer.c **** 		{
 744:Middlewares/Third_Party/FreeRTOS/Source/stream_buffer.c **** 			xBytesAvailable = prvBytesInBuffer( pxStreamBuffer );
 745:Middlewares/Third_Party/FreeRTOS/Source/stream_buffer.c **** 
 746:Middlewares/Third_Party/FreeRTOS/Source/stream_buffer.c **** 			/* If this function was invoked by a message buffer read then
 747:Middlewares/Third_Party/FreeRTOS/Source/stream_buffer.c **** 			xBytesToStoreMessageLength holds the number of bytes used to hold
 748:Middlewares/Third_Party/FreeRTOS/Source/stream_buffer.c **** 			the length of the next discrete message.  If this function was
 749:Middlewares/Third_Party/FreeRTOS/Source/stream_buffer.c **** 			invoked by a stream buffer read then xBytesToStoreMessageLength will
 750:Middlewares/Third_Party/FreeRTOS/Source/stream_buffer.c **** 			be 0. */
 751:Middlewares/Third_Party/FreeRTOS/Source/stream_buffer.c **** 			if( xBytesAvailable <= xBytesToStoreMessageLength )
 752:Middlewares/Third_Party/FreeRTOS/Source/stream_buffer.c **** 			{
 753:Middlewares/Third_Party/FreeRTOS/Source/stream_buffer.c **** 				/* Clear notification state as going to wait for data. */
 754:Middlewares/Third_Party/FreeRTOS/Source/stream_buffer.c **** 				( void ) xTaskNotifyStateClear( NULL );
 755:Middlewares/Third_Party/FreeRTOS/Source/stream_buffer.c **** 
 756:Middlewares/Third_Party/FreeRTOS/Source/stream_buffer.c **** 				/* Should only be one reader. */
 757:Middlewares/Third_Party/FreeRTOS/Source/stream_buffer.c **** 				configASSERT( pxStreamBuffer->xTaskWaitingToReceive == NULL );
 758:Middlewares/Third_Party/FreeRTOS/Source/stream_buffer.c **** 				pxStreamBuffer->xTaskWaitingToReceive = xTaskGetCurrentTaskHandle();
 759:Middlewares/Third_Party/FreeRTOS/Source/stream_buffer.c **** 			}
 760:Middlewares/Third_Party/FreeRTOS/Source/stream_buffer.c **** 			else
 761:Middlewares/Third_Party/FreeRTOS/Source/stream_buffer.c **** 			{
 762:Middlewares/Third_Party/FreeRTOS/Source/stream_buffer.c **** 				mtCOVERAGE_TEST_MARKER();
 763:Middlewares/Third_Party/FreeRTOS/Source/stream_buffer.c **** 			}
 764:Middlewares/Third_Party/FreeRTOS/Source/stream_buffer.c **** 		}
 765:Middlewares/Third_Party/FreeRTOS/Source/stream_buffer.c **** 		taskEXIT_CRITICAL();
 766:Middlewares/Third_Party/FreeRTOS/Source/stream_buffer.c **** 
 767:Middlewares/Third_Party/FreeRTOS/Source/stream_buffer.c **** 		if( xBytesAvailable <= xBytesToStoreMessageLength )
 768:Middlewares/Third_Party/FreeRTOS/Source/stream_buffer.c **** 		{
 769:Middlewares/Third_Party/FreeRTOS/Source/stream_buffer.c **** 			/* Wait for data to be available. */
 770:Middlewares/Third_Party/FreeRTOS/Source/stream_buffer.c **** 			traceBLOCKING_ON_STREAM_BUFFER_RECEIVE( xStreamBuffer );
 771:Middlewares/Third_Party/FreeRTOS/Source/stream_buffer.c **** 			( void ) xTaskNotifyWait( ( uint32_t ) 0, ( uint32_t ) 0, NULL, xTicksToWait );
ARM GAS  C:\Users\kalpe\AppData\Local\Temp\ccLk4XJd.s 			page 15


 772:Middlewares/Third_Party/FreeRTOS/Source/stream_buffer.c **** 			pxStreamBuffer->xTaskWaitingToReceive = NULL;
 773:Middlewares/Third_Party/FreeRTOS/Source/stream_buffer.c **** 
 774:Middlewares/Third_Party/FreeRTOS/Source/stream_buffer.c **** 			/* Recheck the data available after blocking. */
 775:Middlewares/Third_Party/FreeRTOS/Source/stream_buffer.c **** 			xBytesAvailable = prvBytesInBuffer( pxStreamBuffer );
 776:Middlewares/Third_Party/FreeRTOS/Source/stream_buffer.c **** 		}
 777:Middlewares/Third_Party/FreeRTOS/Source/stream_buffer.c **** 		else
 778:Middlewares/Third_Party/FreeRTOS/Source/stream_buffer.c **** 		{
 779:Middlewares/Third_Party/FreeRTOS/Source/stream_buffer.c **** 			mtCOVERAGE_TEST_MARKER();
 780:Middlewares/Third_Party/FreeRTOS/Source/stream_buffer.c **** 		}
 781:Middlewares/Third_Party/FreeRTOS/Source/stream_buffer.c **** 	}
 782:Middlewares/Third_Party/FreeRTOS/Source/stream_buffer.c **** 	else
 783:Middlewares/Third_Party/FreeRTOS/Source/stream_buffer.c **** 	{
 784:Middlewares/Third_Party/FreeRTOS/Source/stream_buffer.c **** 		xBytesAvailable = prvBytesInBuffer( pxStreamBuffer );
 785:Middlewares/Third_Party/FreeRTOS/Source/stream_buffer.c **** 	}
 786:Middlewares/Third_Party/FreeRTOS/Source/stream_buffer.c **** 
 787:Middlewares/Third_Party/FreeRTOS/Source/stream_buffer.c **** 	/* Whether receiving a discrete message (where xBytesToStoreMessageLength
 788:Middlewares/Third_Party/FreeRTOS/Source/stream_buffer.c **** 	holds the number of bytes used to store the message length) or a stream of
 789:Middlewares/Third_Party/FreeRTOS/Source/stream_buffer.c **** 	bytes (where xBytesToStoreMessageLength is zero), the number of bytes
 790:Middlewares/Third_Party/FreeRTOS/Source/stream_buffer.c **** 	available must be greater than xBytesToStoreMessageLength to be able to
 791:Middlewares/Third_Party/FreeRTOS/Source/stream_buffer.c **** 	read bytes from the buffer. */
 792:Middlewares/Third_Party/FreeRTOS/Source/stream_buffer.c **** 	if( xBytesAvailable > xBytesToStoreMessageLength )
 793:Middlewares/Third_Party/FreeRTOS/Source/stream_buffer.c **** 	{
 794:Middlewares/Third_Party/FreeRTOS/Source/stream_buffer.c **** 		xReceivedLength = prvReadMessageFromBuffer( pxStreamBuffer, pvRxData, xBufferLengthBytes, xBytesA
 795:Middlewares/Third_Party/FreeRTOS/Source/stream_buffer.c **** 
 796:Middlewares/Third_Party/FreeRTOS/Source/stream_buffer.c **** 		/* Was a task waiting for space in the buffer? */
 797:Middlewares/Third_Party/FreeRTOS/Source/stream_buffer.c **** 		if( xReceivedLength != ( size_t ) 0 )
 798:Middlewares/Third_Party/FreeRTOS/Source/stream_buffer.c **** 		{
 799:Middlewares/Third_Party/FreeRTOS/Source/stream_buffer.c **** 			traceSTREAM_BUFFER_RECEIVE( xStreamBuffer, xReceivedLength );
 800:Middlewares/Third_Party/FreeRTOS/Source/stream_buffer.c **** 			sbRECEIVE_COMPLETED( pxStreamBuffer );
 801:Middlewares/Third_Party/FreeRTOS/Source/stream_buffer.c **** 		}
 802:Middlewares/Third_Party/FreeRTOS/Source/stream_buffer.c **** 		else
 803:Middlewares/Third_Party/FreeRTOS/Source/stream_buffer.c **** 		{
 804:Middlewares/Third_Party/FreeRTOS/Source/stream_buffer.c **** 			mtCOVERAGE_TEST_MARKER();
 805:Middlewares/Third_Party/FreeRTOS/Source/stream_buffer.c **** 		}
 806:Middlewares/Third_Party/FreeRTOS/Source/stream_buffer.c **** 	}
 807:Middlewares/Third_Party/FreeRTOS/Source/stream_buffer.c **** 	else
 808:Middlewares/Third_Party/FreeRTOS/Source/stream_buffer.c **** 	{
 809:Middlewares/Third_Party/FreeRTOS/Source/stream_buffer.c **** 		traceSTREAM_BUFFER_RECEIVE_FAILED( xStreamBuffer );
 810:Middlewares/Third_Party/FreeRTOS/Source/stream_buffer.c **** 		mtCOVERAGE_TEST_MARKER();
 811:Middlewares/Third_Party/FreeRTOS/Source/stream_buffer.c **** 	}
 812:Middlewares/Third_Party/FreeRTOS/Source/stream_buffer.c **** 
 813:Middlewares/Third_Party/FreeRTOS/Source/stream_buffer.c **** 	return xReceivedLength;
 814:Middlewares/Third_Party/FreeRTOS/Source/stream_buffer.c **** }
 815:Middlewares/Third_Party/FreeRTOS/Source/stream_buffer.c **** /*-----------------------------------------------------------*/
 816:Middlewares/Third_Party/FreeRTOS/Source/stream_buffer.c **** 
 817:Middlewares/Third_Party/FreeRTOS/Source/stream_buffer.c **** size_t xStreamBufferNextMessageLengthBytes( StreamBufferHandle_t xStreamBuffer )
 818:Middlewares/Third_Party/FreeRTOS/Source/stream_buffer.c **** {
 819:Middlewares/Third_Party/FreeRTOS/Source/stream_buffer.c **** StreamBuffer_t * const pxStreamBuffer = xStreamBuffer;
 820:Middlewares/Third_Party/FreeRTOS/Source/stream_buffer.c **** size_t xReturn, xBytesAvailable, xOriginalTail;
 821:Middlewares/Third_Party/FreeRTOS/Source/stream_buffer.c **** configMESSAGE_BUFFER_LENGTH_TYPE xTempReturn;
 822:Middlewares/Third_Party/FreeRTOS/Source/stream_buffer.c **** 
 823:Middlewares/Third_Party/FreeRTOS/Source/stream_buffer.c **** 	configASSERT( pxStreamBuffer );
 824:Middlewares/Third_Party/FreeRTOS/Source/stream_buffer.c **** 
 825:Middlewares/Third_Party/FreeRTOS/Source/stream_buffer.c **** 	/* Ensure the stream buffer is being used as a message buffer. */
 826:Middlewares/Third_Party/FreeRTOS/Source/stream_buffer.c **** 	if( ( pxStreamBuffer->ucFlags & sbFLAGS_IS_MESSAGE_BUFFER ) != ( uint8_t ) 0 )
 827:Middlewares/Third_Party/FreeRTOS/Source/stream_buffer.c **** 	{
 828:Middlewares/Third_Party/FreeRTOS/Source/stream_buffer.c **** 		xBytesAvailable = prvBytesInBuffer( pxStreamBuffer );
ARM GAS  C:\Users\kalpe\AppData\Local\Temp\ccLk4XJd.s 			page 16


 829:Middlewares/Third_Party/FreeRTOS/Source/stream_buffer.c **** 		if( xBytesAvailable > sbBYTES_TO_STORE_MESSAGE_LENGTH )
 830:Middlewares/Third_Party/FreeRTOS/Source/stream_buffer.c **** 		{
 831:Middlewares/Third_Party/FreeRTOS/Source/stream_buffer.c **** 			/* The number of bytes available is greater than the number of bytes
 832:Middlewares/Third_Party/FreeRTOS/Source/stream_buffer.c **** 			required to hold the length of the next message, so another message
 833:Middlewares/Third_Party/FreeRTOS/Source/stream_buffer.c **** 			is available.  Return its length without removing the length bytes
 834:Middlewares/Third_Party/FreeRTOS/Source/stream_buffer.c **** 			from the buffer.  A copy of the tail is stored so the buffer can be
 835:Middlewares/Third_Party/FreeRTOS/Source/stream_buffer.c **** 			returned to its prior state as the message is not actually being
 836:Middlewares/Third_Party/FreeRTOS/Source/stream_buffer.c **** 			removed from the buffer. */
 837:Middlewares/Third_Party/FreeRTOS/Source/stream_buffer.c **** 			xOriginalTail = pxStreamBuffer->xTail;
 838:Middlewares/Third_Party/FreeRTOS/Source/stream_buffer.c **** 			( void ) prvReadBytesFromBuffer( pxStreamBuffer, ( uint8_t * ) &xTempReturn, sbBYTES_TO_STORE_ME
 839:Middlewares/Third_Party/FreeRTOS/Source/stream_buffer.c **** 			xReturn = ( size_t ) xTempReturn;
 840:Middlewares/Third_Party/FreeRTOS/Source/stream_buffer.c **** 			pxStreamBuffer->xTail = xOriginalTail;
 841:Middlewares/Third_Party/FreeRTOS/Source/stream_buffer.c **** 		}
 842:Middlewares/Third_Party/FreeRTOS/Source/stream_buffer.c **** 		else
 843:Middlewares/Third_Party/FreeRTOS/Source/stream_buffer.c **** 		{
 844:Middlewares/Third_Party/FreeRTOS/Source/stream_buffer.c **** 			/* The minimum amount of bytes in a message buffer is
 845:Middlewares/Third_Party/FreeRTOS/Source/stream_buffer.c **** 			( sbBYTES_TO_STORE_MESSAGE_LENGTH + 1 ), so if xBytesAvailable is
 846:Middlewares/Third_Party/FreeRTOS/Source/stream_buffer.c **** 			less than sbBYTES_TO_STORE_MESSAGE_LENGTH the only other valid
 847:Middlewares/Third_Party/FreeRTOS/Source/stream_buffer.c **** 			value is 0. */
 848:Middlewares/Third_Party/FreeRTOS/Source/stream_buffer.c **** 			configASSERT( xBytesAvailable == 0 );
 849:Middlewares/Third_Party/FreeRTOS/Source/stream_buffer.c **** 			xReturn = 0;
 850:Middlewares/Third_Party/FreeRTOS/Source/stream_buffer.c **** 		}
 851:Middlewares/Third_Party/FreeRTOS/Source/stream_buffer.c **** 	}
 852:Middlewares/Third_Party/FreeRTOS/Source/stream_buffer.c **** 	else
 853:Middlewares/Third_Party/FreeRTOS/Source/stream_buffer.c **** 	{
 854:Middlewares/Third_Party/FreeRTOS/Source/stream_buffer.c **** 		xReturn = 0;
 855:Middlewares/Third_Party/FreeRTOS/Source/stream_buffer.c **** 	}
 856:Middlewares/Third_Party/FreeRTOS/Source/stream_buffer.c **** 
 857:Middlewares/Third_Party/FreeRTOS/Source/stream_buffer.c **** 	return xReturn;
 858:Middlewares/Third_Party/FreeRTOS/Source/stream_buffer.c **** }
 859:Middlewares/Third_Party/FreeRTOS/Source/stream_buffer.c **** /*-----------------------------------------------------------*/
 860:Middlewares/Third_Party/FreeRTOS/Source/stream_buffer.c **** 
 861:Middlewares/Third_Party/FreeRTOS/Source/stream_buffer.c **** size_t xStreamBufferReceiveFromISR( StreamBufferHandle_t xStreamBuffer,
 862:Middlewares/Third_Party/FreeRTOS/Source/stream_buffer.c **** 									void *pvRxData,
 863:Middlewares/Third_Party/FreeRTOS/Source/stream_buffer.c **** 									size_t xBufferLengthBytes,
 864:Middlewares/Third_Party/FreeRTOS/Source/stream_buffer.c **** 									BaseType_t * const pxHigherPriorityTaskWoken )
 865:Middlewares/Third_Party/FreeRTOS/Source/stream_buffer.c **** {
 866:Middlewares/Third_Party/FreeRTOS/Source/stream_buffer.c **** StreamBuffer_t * const pxStreamBuffer = xStreamBuffer;
 867:Middlewares/Third_Party/FreeRTOS/Source/stream_buffer.c **** size_t xReceivedLength = 0, xBytesAvailable, xBytesToStoreMessageLength;
 868:Middlewares/Third_Party/FreeRTOS/Source/stream_buffer.c **** 
 869:Middlewares/Third_Party/FreeRTOS/Source/stream_buffer.c **** 	configASSERT( pvRxData );
 870:Middlewares/Third_Party/FreeRTOS/Source/stream_buffer.c **** 	configASSERT( pxStreamBuffer );
 871:Middlewares/Third_Party/FreeRTOS/Source/stream_buffer.c **** 
 872:Middlewares/Third_Party/FreeRTOS/Source/stream_buffer.c **** 	/* This receive function is used by both message buffers, which store
 873:Middlewares/Third_Party/FreeRTOS/Source/stream_buffer.c **** 	discrete messages, and stream buffers, which store a continuous stream of
 874:Middlewares/Third_Party/FreeRTOS/Source/stream_buffer.c **** 	bytes.  Discrete messages include an additional
 875:Middlewares/Third_Party/FreeRTOS/Source/stream_buffer.c **** 	sbBYTES_TO_STORE_MESSAGE_LENGTH bytes that hold the length of the
 876:Middlewares/Third_Party/FreeRTOS/Source/stream_buffer.c **** 	message. */
 877:Middlewares/Third_Party/FreeRTOS/Source/stream_buffer.c **** 	if( ( pxStreamBuffer->ucFlags & sbFLAGS_IS_MESSAGE_BUFFER ) != ( uint8_t ) 0 )
 878:Middlewares/Third_Party/FreeRTOS/Source/stream_buffer.c **** 	{
 879:Middlewares/Third_Party/FreeRTOS/Source/stream_buffer.c **** 		xBytesToStoreMessageLength = sbBYTES_TO_STORE_MESSAGE_LENGTH;
 880:Middlewares/Third_Party/FreeRTOS/Source/stream_buffer.c **** 	}
 881:Middlewares/Third_Party/FreeRTOS/Source/stream_buffer.c **** 	else
 882:Middlewares/Third_Party/FreeRTOS/Source/stream_buffer.c **** 	{
 883:Middlewares/Third_Party/FreeRTOS/Source/stream_buffer.c **** 		xBytesToStoreMessageLength = 0;
 884:Middlewares/Third_Party/FreeRTOS/Source/stream_buffer.c **** 	}
 885:Middlewares/Third_Party/FreeRTOS/Source/stream_buffer.c **** 
ARM GAS  C:\Users\kalpe\AppData\Local\Temp\ccLk4XJd.s 			page 17


 886:Middlewares/Third_Party/FreeRTOS/Source/stream_buffer.c **** 	xBytesAvailable = prvBytesInBuffer( pxStreamBuffer );
 887:Middlewares/Third_Party/FreeRTOS/Source/stream_buffer.c **** 
 888:Middlewares/Third_Party/FreeRTOS/Source/stream_buffer.c **** 	/* Whether receiving a discrete message (where xBytesToStoreMessageLength
 889:Middlewares/Third_Party/FreeRTOS/Source/stream_buffer.c **** 	holds the number of bytes used to store the message length) or a stream of
 890:Middlewares/Third_Party/FreeRTOS/Source/stream_buffer.c **** 	bytes (where xBytesToStoreMessageLength is zero), the number of bytes
 891:Middlewares/Third_Party/FreeRTOS/Source/stream_buffer.c **** 	available must be greater than xBytesToStoreMessageLength to be able to
 892:Middlewares/Third_Party/FreeRTOS/Source/stream_buffer.c **** 	read bytes from the buffer. */
 893:Middlewares/Third_Party/FreeRTOS/Source/stream_buffer.c **** 	if( xBytesAvailable > xBytesToStoreMessageLength )
 894:Middlewares/Third_Party/FreeRTOS/Source/stream_buffer.c **** 	{
 895:Middlewares/Third_Party/FreeRTOS/Source/stream_buffer.c **** 		xReceivedLength = prvReadMessageFromBuffer( pxStreamBuffer, pvRxData, xBufferLengthBytes, xBytesA
 896:Middlewares/Third_Party/FreeRTOS/Source/stream_buffer.c **** 
 897:Middlewares/Third_Party/FreeRTOS/Source/stream_buffer.c **** 		/* Was a task waiting for space in the buffer? */
 898:Middlewares/Third_Party/FreeRTOS/Source/stream_buffer.c **** 		if( xReceivedLength != ( size_t ) 0 )
 899:Middlewares/Third_Party/FreeRTOS/Source/stream_buffer.c **** 		{
 900:Middlewares/Third_Party/FreeRTOS/Source/stream_buffer.c **** 			sbRECEIVE_COMPLETED_FROM_ISR( pxStreamBuffer, pxHigherPriorityTaskWoken );
 901:Middlewares/Third_Party/FreeRTOS/Source/stream_buffer.c **** 		}
 902:Middlewares/Third_Party/FreeRTOS/Source/stream_buffer.c **** 		else
 903:Middlewares/Third_Party/FreeRTOS/Source/stream_buffer.c **** 		{
 904:Middlewares/Third_Party/FreeRTOS/Source/stream_buffer.c **** 			mtCOVERAGE_TEST_MARKER();
 905:Middlewares/Third_Party/FreeRTOS/Source/stream_buffer.c **** 		}
 906:Middlewares/Third_Party/FreeRTOS/Source/stream_buffer.c **** 	}
 907:Middlewares/Third_Party/FreeRTOS/Source/stream_buffer.c **** 	else
 908:Middlewares/Third_Party/FreeRTOS/Source/stream_buffer.c **** 	{
 909:Middlewares/Third_Party/FreeRTOS/Source/stream_buffer.c **** 		mtCOVERAGE_TEST_MARKER();
 910:Middlewares/Third_Party/FreeRTOS/Source/stream_buffer.c **** 	}
 911:Middlewares/Third_Party/FreeRTOS/Source/stream_buffer.c **** 
 912:Middlewares/Third_Party/FreeRTOS/Source/stream_buffer.c **** 	traceSTREAM_BUFFER_RECEIVE_FROM_ISR( xStreamBuffer, xReceivedLength );
 913:Middlewares/Third_Party/FreeRTOS/Source/stream_buffer.c **** 
 914:Middlewares/Third_Party/FreeRTOS/Source/stream_buffer.c **** 	return xReceivedLength;
 915:Middlewares/Third_Party/FreeRTOS/Source/stream_buffer.c **** }
 916:Middlewares/Third_Party/FreeRTOS/Source/stream_buffer.c **** /*-----------------------------------------------------------*/
 917:Middlewares/Third_Party/FreeRTOS/Source/stream_buffer.c **** 
 918:Middlewares/Third_Party/FreeRTOS/Source/stream_buffer.c **** static size_t prvReadMessageFromBuffer( StreamBuffer_t *pxStreamBuffer,
 919:Middlewares/Third_Party/FreeRTOS/Source/stream_buffer.c **** 										void *pvRxData,
 920:Middlewares/Third_Party/FreeRTOS/Source/stream_buffer.c **** 										size_t xBufferLengthBytes,
 921:Middlewares/Third_Party/FreeRTOS/Source/stream_buffer.c **** 										size_t xBytesAvailable,
 922:Middlewares/Third_Party/FreeRTOS/Source/stream_buffer.c **** 										size_t xBytesToStoreMessageLength )
 923:Middlewares/Third_Party/FreeRTOS/Source/stream_buffer.c **** {
 924:Middlewares/Third_Party/FreeRTOS/Source/stream_buffer.c **** size_t xOriginalTail, xReceivedLength, xNextMessageLength;
 925:Middlewares/Third_Party/FreeRTOS/Source/stream_buffer.c **** configMESSAGE_BUFFER_LENGTH_TYPE xTempNextMessageLength;
 926:Middlewares/Third_Party/FreeRTOS/Source/stream_buffer.c **** 
 927:Middlewares/Third_Party/FreeRTOS/Source/stream_buffer.c **** 	if( xBytesToStoreMessageLength != ( size_t ) 0 )
 928:Middlewares/Third_Party/FreeRTOS/Source/stream_buffer.c **** 	{
 929:Middlewares/Third_Party/FreeRTOS/Source/stream_buffer.c **** 		/* A discrete message is being received.  First receive the length
 930:Middlewares/Third_Party/FreeRTOS/Source/stream_buffer.c **** 		of the message.  A copy of the tail is stored so the buffer can be
 931:Middlewares/Third_Party/FreeRTOS/Source/stream_buffer.c **** 		returned to its prior state if the length of the message is too
 932:Middlewares/Third_Party/FreeRTOS/Source/stream_buffer.c **** 		large for the provided buffer. */
 933:Middlewares/Third_Party/FreeRTOS/Source/stream_buffer.c **** 		xOriginalTail = pxStreamBuffer->xTail;
 934:Middlewares/Third_Party/FreeRTOS/Source/stream_buffer.c **** 		( void ) prvReadBytesFromBuffer( pxStreamBuffer, ( uint8_t * ) &xTempNextMessageLength, xBytesToS
 935:Middlewares/Third_Party/FreeRTOS/Source/stream_buffer.c **** 		xNextMessageLength = ( size_t ) xTempNextMessageLength;
 936:Middlewares/Third_Party/FreeRTOS/Source/stream_buffer.c **** 
 937:Middlewares/Third_Party/FreeRTOS/Source/stream_buffer.c **** 		/* Reduce the number of bytes available by the number of bytes just
 938:Middlewares/Third_Party/FreeRTOS/Source/stream_buffer.c **** 		read out. */
 939:Middlewares/Third_Party/FreeRTOS/Source/stream_buffer.c **** 		xBytesAvailable -= xBytesToStoreMessageLength;
 940:Middlewares/Third_Party/FreeRTOS/Source/stream_buffer.c **** 
 941:Middlewares/Third_Party/FreeRTOS/Source/stream_buffer.c **** 		/* Check there is enough space in the buffer provided by the
 942:Middlewares/Third_Party/FreeRTOS/Source/stream_buffer.c **** 		user. */
ARM GAS  C:\Users\kalpe\AppData\Local\Temp\ccLk4XJd.s 			page 18


 943:Middlewares/Third_Party/FreeRTOS/Source/stream_buffer.c **** 		if( xNextMessageLength > xBufferLengthBytes )
 944:Middlewares/Third_Party/FreeRTOS/Source/stream_buffer.c **** 		{
 945:Middlewares/Third_Party/FreeRTOS/Source/stream_buffer.c **** 			/* The user has provided insufficient space to read the message
 946:Middlewares/Third_Party/FreeRTOS/Source/stream_buffer.c **** 			so return the buffer to its previous state (so the length of
 947:Middlewares/Third_Party/FreeRTOS/Source/stream_buffer.c **** 			the message is in the buffer again). */
 948:Middlewares/Third_Party/FreeRTOS/Source/stream_buffer.c **** 			pxStreamBuffer->xTail = xOriginalTail;
 949:Middlewares/Third_Party/FreeRTOS/Source/stream_buffer.c **** 			xNextMessageLength = 0;
 950:Middlewares/Third_Party/FreeRTOS/Source/stream_buffer.c **** 		}
 951:Middlewares/Third_Party/FreeRTOS/Source/stream_buffer.c **** 		else
 952:Middlewares/Third_Party/FreeRTOS/Source/stream_buffer.c **** 		{
 953:Middlewares/Third_Party/FreeRTOS/Source/stream_buffer.c **** 			mtCOVERAGE_TEST_MARKER();
 954:Middlewares/Third_Party/FreeRTOS/Source/stream_buffer.c **** 		}
 955:Middlewares/Third_Party/FreeRTOS/Source/stream_buffer.c **** 	}
 956:Middlewares/Third_Party/FreeRTOS/Source/stream_buffer.c **** 	else
 957:Middlewares/Third_Party/FreeRTOS/Source/stream_buffer.c **** 	{
 958:Middlewares/Third_Party/FreeRTOS/Source/stream_buffer.c **** 		/* A stream of bytes is being received (as opposed to a discrete
 959:Middlewares/Third_Party/FreeRTOS/Source/stream_buffer.c **** 		message), so read as many bytes as possible. */
 960:Middlewares/Third_Party/FreeRTOS/Source/stream_buffer.c **** 		xNextMessageLength = xBufferLengthBytes;
 961:Middlewares/Third_Party/FreeRTOS/Source/stream_buffer.c **** 	}
 962:Middlewares/Third_Party/FreeRTOS/Source/stream_buffer.c **** 
 963:Middlewares/Third_Party/FreeRTOS/Source/stream_buffer.c **** 	/* Read the actual data. */
 964:Middlewares/Third_Party/FreeRTOS/Source/stream_buffer.c **** 	xReceivedLength = prvReadBytesFromBuffer( pxStreamBuffer, ( uint8_t * ) pvRxData, xNextMessageLeng
 965:Middlewares/Third_Party/FreeRTOS/Source/stream_buffer.c **** 
 966:Middlewares/Third_Party/FreeRTOS/Source/stream_buffer.c **** 	return xReceivedLength;
 967:Middlewares/Third_Party/FreeRTOS/Source/stream_buffer.c **** }
 968:Middlewares/Third_Party/FreeRTOS/Source/stream_buffer.c **** /*-----------------------------------------------------------*/
 969:Middlewares/Third_Party/FreeRTOS/Source/stream_buffer.c **** 
 970:Middlewares/Third_Party/FreeRTOS/Source/stream_buffer.c **** BaseType_t xStreamBufferIsEmpty( StreamBufferHandle_t xStreamBuffer )
 971:Middlewares/Third_Party/FreeRTOS/Source/stream_buffer.c **** {
 972:Middlewares/Third_Party/FreeRTOS/Source/stream_buffer.c **** const StreamBuffer_t * const pxStreamBuffer = xStreamBuffer;
 973:Middlewares/Third_Party/FreeRTOS/Source/stream_buffer.c **** BaseType_t xReturn;
 974:Middlewares/Third_Party/FreeRTOS/Source/stream_buffer.c **** size_t xTail;
 975:Middlewares/Third_Party/FreeRTOS/Source/stream_buffer.c **** 
 976:Middlewares/Third_Party/FreeRTOS/Source/stream_buffer.c **** 	configASSERT( pxStreamBuffer );
 977:Middlewares/Third_Party/FreeRTOS/Source/stream_buffer.c **** 
 978:Middlewares/Third_Party/FreeRTOS/Source/stream_buffer.c **** 	/* True if no bytes are available. */
 979:Middlewares/Third_Party/FreeRTOS/Source/stream_buffer.c **** 	xTail = pxStreamBuffer->xTail;
 980:Middlewares/Third_Party/FreeRTOS/Source/stream_buffer.c **** 	if( pxStreamBuffer->xHead == xTail )
 981:Middlewares/Third_Party/FreeRTOS/Source/stream_buffer.c **** 	{
 982:Middlewares/Third_Party/FreeRTOS/Source/stream_buffer.c **** 		xReturn = pdTRUE;
 983:Middlewares/Third_Party/FreeRTOS/Source/stream_buffer.c **** 	}
 984:Middlewares/Third_Party/FreeRTOS/Source/stream_buffer.c **** 	else
 985:Middlewares/Third_Party/FreeRTOS/Source/stream_buffer.c **** 	{
 986:Middlewares/Third_Party/FreeRTOS/Source/stream_buffer.c **** 		xReturn = pdFALSE;
 987:Middlewares/Third_Party/FreeRTOS/Source/stream_buffer.c **** 	}
 988:Middlewares/Third_Party/FreeRTOS/Source/stream_buffer.c **** 
 989:Middlewares/Third_Party/FreeRTOS/Source/stream_buffer.c **** 	return xReturn;
 990:Middlewares/Third_Party/FreeRTOS/Source/stream_buffer.c **** }
 991:Middlewares/Third_Party/FreeRTOS/Source/stream_buffer.c **** /*-----------------------------------------------------------*/
 992:Middlewares/Third_Party/FreeRTOS/Source/stream_buffer.c **** 
 993:Middlewares/Third_Party/FreeRTOS/Source/stream_buffer.c **** BaseType_t xStreamBufferIsFull( StreamBufferHandle_t xStreamBuffer )
 994:Middlewares/Third_Party/FreeRTOS/Source/stream_buffer.c **** {
 995:Middlewares/Third_Party/FreeRTOS/Source/stream_buffer.c **** BaseType_t xReturn;
 996:Middlewares/Third_Party/FreeRTOS/Source/stream_buffer.c **** size_t xBytesToStoreMessageLength;
 997:Middlewares/Third_Party/FreeRTOS/Source/stream_buffer.c **** const StreamBuffer_t * const pxStreamBuffer = xStreamBuffer;
 998:Middlewares/Third_Party/FreeRTOS/Source/stream_buffer.c **** 
 999:Middlewares/Third_Party/FreeRTOS/Source/stream_buffer.c **** 	configASSERT( pxStreamBuffer );
ARM GAS  C:\Users\kalpe\AppData\Local\Temp\ccLk4XJd.s 			page 19


1000:Middlewares/Third_Party/FreeRTOS/Source/stream_buffer.c **** 
1001:Middlewares/Third_Party/FreeRTOS/Source/stream_buffer.c **** 	/* This generic version of the receive function is used by both message
1002:Middlewares/Third_Party/FreeRTOS/Source/stream_buffer.c **** 	buffers, which store discrete messages, and stream buffers, which store a
1003:Middlewares/Third_Party/FreeRTOS/Source/stream_buffer.c **** 	continuous stream of bytes.  Discrete messages include an additional
1004:Middlewares/Third_Party/FreeRTOS/Source/stream_buffer.c **** 	sbBYTES_TO_STORE_MESSAGE_LENGTH bytes that hold the length of the message. */
1005:Middlewares/Third_Party/FreeRTOS/Source/stream_buffer.c **** 	if( ( pxStreamBuffer->ucFlags & sbFLAGS_IS_MESSAGE_BUFFER ) != ( uint8_t ) 0 )
1006:Middlewares/Third_Party/FreeRTOS/Source/stream_buffer.c **** 	{
1007:Middlewares/Third_Party/FreeRTOS/Source/stream_buffer.c **** 		xBytesToStoreMessageLength = sbBYTES_TO_STORE_MESSAGE_LENGTH;
1008:Middlewares/Third_Party/FreeRTOS/Source/stream_buffer.c **** 	}
1009:Middlewares/Third_Party/FreeRTOS/Source/stream_buffer.c **** 	else
1010:Middlewares/Third_Party/FreeRTOS/Source/stream_buffer.c **** 	{
1011:Middlewares/Third_Party/FreeRTOS/Source/stream_buffer.c **** 		xBytesToStoreMessageLength = 0;
1012:Middlewares/Third_Party/FreeRTOS/Source/stream_buffer.c **** 	}
1013:Middlewares/Third_Party/FreeRTOS/Source/stream_buffer.c **** 
1014:Middlewares/Third_Party/FreeRTOS/Source/stream_buffer.c **** 	/* True if the available space equals zero. */
1015:Middlewares/Third_Party/FreeRTOS/Source/stream_buffer.c **** 	if( xStreamBufferSpacesAvailable( xStreamBuffer ) <= xBytesToStoreMessageLength )
1016:Middlewares/Third_Party/FreeRTOS/Source/stream_buffer.c **** 	{
1017:Middlewares/Third_Party/FreeRTOS/Source/stream_buffer.c **** 		xReturn = pdTRUE;
1018:Middlewares/Third_Party/FreeRTOS/Source/stream_buffer.c **** 	}
1019:Middlewares/Third_Party/FreeRTOS/Source/stream_buffer.c **** 	else
1020:Middlewares/Third_Party/FreeRTOS/Source/stream_buffer.c **** 	{
1021:Middlewares/Third_Party/FreeRTOS/Source/stream_buffer.c **** 		xReturn = pdFALSE;
1022:Middlewares/Third_Party/FreeRTOS/Source/stream_buffer.c **** 	}
1023:Middlewares/Third_Party/FreeRTOS/Source/stream_buffer.c **** 
1024:Middlewares/Third_Party/FreeRTOS/Source/stream_buffer.c **** 	return xReturn;
1025:Middlewares/Third_Party/FreeRTOS/Source/stream_buffer.c **** }
1026:Middlewares/Third_Party/FreeRTOS/Source/stream_buffer.c **** /*-----------------------------------------------------------*/
1027:Middlewares/Third_Party/FreeRTOS/Source/stream_buffer.c **** 
1028:Middlewares/Third_Party/FreeRTOS/Source/stream_buffer.c **** BaseType_t xStreamBufferSendCompletedFromISR( StreamBufferHandle_t xStreamBuffer, BaseType_t *pxHig
1029:Middlewares/Third_Party/FreeRTOS/Source/stream_buffer.c **** {
1030:Middlewares/Third_Party/FreeRTOS/Source/stream_buffer.c **** StreamBuffer_t * const pxStreamBuffer = xStreamBuffer;
1031:Middlewares/Third_Party/FreeRTOS/Source/stream_buffer.c **** BaseType_t xReturn;
1032:Middlewares/Third_Party/FreeRTOS/Source/stream_buffer.c **** UBaseType_t uxSavedInterruptStatus;
1033:Middlewares/Third_Party/FreeRTOS/Source/stream_buffer.c **** 
1034:Middlewares/Third_Party/FreeRTOS/Source/stream_buffer.c **** 	configASSERT( pxStreamBuffer );
1035:Middlewares/Third_Party/FreeRTOS/Source/stream_buffer.c **** 
1036:Middlewares/Third_Party/FreeRTOS/Source/stream_buffer.c **** 	uxSavedInterruptStatus = ( UBaseType_t ) portSET_INTERRUPT_MASK_FROM_ISR();
1037:Middlewares/Third_Party/FreeRTOS/Source/stream_buffer.c **** 	{
1038:Middlewares/Third_Party/FreeRTOS/Source/stream_buffer.c **** 		if( ( pxStreamBuffer )->xTaskWaitingToReceive != NULL )
1039:Middlewares/Third_Party/FreeRTOS/Source/stream_buffer.c **** 		{
1040:Middlewares/Third_Party/FreeRTOS/Source/stream_buffer.c **** 			( void ) xTaskNotifyFromISR( ( pxStreamBuffer )->xTaskWaitingToReceive,
1041:Middlewares/Third_Party/FreeRTOS/Source/stream_buffer.c **** 										 ( uint32_t ) 0,
1042:Middlewares/Third_Party/FreeRTOS/Source/stream_buffer.c **** 										 eNoAction,
1043:Middlewares/Third_Party/FreeRTOS/Source/stream_buffer.c **** 										 pxHigherPriorityTaskWoken );
1044:Middlewares/Third_Party/FreeRTOS/Source/stream_buffer.c **** 			( pxStreamBuffer )->xTaskWaitingToReceive = NULL;
1045:Middlewares/Third_Party/FreeRTOS/Source/stream_buffer.c **** 			xReturn = pdTRUE;
1046:Middlewares/Third_Party/FreeRTOS/Source/stream_buffer.c **** 		}
1047:Middlewares/Third_Party/FreeRTOS/Source/stream_buffer.c **** 		else
1048:Middlewares/Third_Party/FreeRTOS/Source/stream_buffer.c **** 		{
1049:Middlewares/Third_Party/FreeRTOS/Source/stream_buffer.c **** 			xReturn = pdFALSE;
1050:Middlewares/Third_Party/FreeRTOS/Source/stream_buffer.c **** 		}
1051:Middlewares/Third_Party/FreeRTOS/Source/stream_buffer.c **** 	}
1052:Middlewares/Third_Party/FreeRTOS/Source/stream_buffer.c **** 	portCLEAR_INTERRUPT_MASK_FROM_ISR( uxSavedInterruptStatus );
1053:Middlewares/Third_Party/FreeRTOS/Source/stream_buffer.c **** 
1054:Middlewares/Third_Party/FreeRTOS/Source/stream_buffer.c **** 	return xReturn;
1055:Middlewares/Third_Party/FreeRTOS/Source/stream_buffer.c **** }
1056:Middlewares/Third_Party/FreeRTOS/Source/stream_buffer.c **** /*-----------------------------------------------------------*/
ARM GAS  C:\Users\kalpe\AppData\Local\Temp\ccLk4XJd.s 			page 20


1057:Middlewares/Third_Party/FreeRTOS/Source/stream_buffer.c **** 
1058:Middlewares/Third_Party/FreeRTOS/Source/stream_buffer.c **** BaseType_t xStreamBufferReceiveCompletedFromISR( StreamBufferHandle_t xStreamBuffer, BaseType_t *px
1059:Middlewares/Third_Party/FreeRTOS/Source/stream_buffer.c **** {
1060:Middlewares/Third_Party/FreeRTOS/Source/stream_buffer.c **** StreamBuffer_t * const pxStreamBuffer = xStreamBuffer;
1061:Middlewares/Third_Party/FreeRTOS/Source/stream_buffer.c **** BaseType_t xReturn;
1062:Middlewares/Third_Party/FreeRTOS/Source/stream_buffer.c **** UBaseType_t uxSavedInterruptStatus;
1063:Middlewares/Third_Party/FreeRTOS/Source/stream_buffer.c **** 
1064:Middlewares/Third_Party/FreeRTOS/Source/stream_buffer.c **** 	configASSERT( pxStreamBuffer );
1065:Middlewares/Third_Party/FreeRTOS/Source/stream_buffer.c **** 
1066:Middlewares/Third_Party/FreeRTOS/Source/stream_buffer.c **** 	uxSavedInterruptStatus = ( UBaseType_t ) portSET_INTERRUPT_MASK_FROM_ISR();
1067:Middlewares/Third_Party/FreeRTOS/Source/stream_buffer.c **** 	{
1068:Middlewares/Third_Party/FreeRTOS/Source/stream_buffer.c **** 		if( ( pxStreamBuffer )->xTaskWaitingToSend != NULL )
1069:Middlewares/Third_Party/FreeRTOS/Source/stream_buffer.c **** 		{
1070:Middlewares/Third_Party/FreeRTOS/Source/stream_buffer.c **** 			( void ) xTaskNotifyFromISR( ( pxStreamBuffer )->xTaskWaitingToSend,
1071:Middlewares/Third_Party/FreeRTOS/Source/stream_buffer.c **** 										 ( uint32_t ) 0,
1072:Middlewares/Third_Party/FreeRTOS/Source/stream_buffer.c **** 										 eNoAction,
1073:Middlewares/Third_Party/FreeRTOS/Source/stream_buffer.c **** 										 pxHigherPriorityTaskWoken );
1074:Middlewares/Third_Party/FreeRTOS/Source/stream_buffer.c **** 			( pxStreamBuffer )->xTaskWaitingToSend = NULL;
1075:Middlewares/Third_Party/FreeRTOS/Source/stream_buffer.c **** 			xReturn = pdTRUE;
1076:Middlewares/Third_Party/FreeRTOS/Source/stream_buffer.c **** 		}
1077:Middlewares/Third_Party/FreeRTOS/Source/stream_buffer.c **** 		else
1078:Middlewares/Third_Party/FreeRTOS/Source/stream_buffer.c **** 		{
1079:Middlewares/Third_Party/FreeRTOS/Source/stream_buffer.c **** 			xReturn = pdFALSE;
1080:Middlewares/Third_Party/FreeRTOS/Source/stream_buffer.c **** 		}
1081:Middlewares/Third_Party/FreeRTOS/Source/stream_buffer.c **** 	}
1082:Middlewares/Third_Party/FreeRTOS/Source/stream_buffer.c **** 	portCLEAR_INTERRUPT_MASK_FROM_ISR( uxSavedInterruptStatus );
1083:Middlewares/Third_Party/FreeRTOS/Source/stream_buffer.c **** 
1084:Middlewares/Third_Party/FreeRTOS/Source/stream_buffer.c **** 	return xReturn;
1085:Middlewares/Third_Party/FreeRTOS/Source/stream_buffer.c **** }
1086:Middlewares/Third_Party/FreeRTOS/Source/stream_buffer.c **** /*-----------------------------------------------------------*/
1087:Middlewares/Third_Party/FreeRTOS/Source/stream_buffer.c **** 
1088:Middlewares/Third_Party/FreeRTOS/Source/stream_buffer.c **** static size_t prvWriteBytesToBuffer( StreamBuffer_t * const pxStreamBuffer, const uint8_t *pucData,
1089:Middlewares/Third_Party/FreeRTOS/Source/stream_buffer.c **** {
1090:Middlewares/Third_Party/FreeRTOS/Source/stream_buffer.c **** size_t xNextHead, xFirstLength;
1091:Middlewares/Third_Party/FreeRTOS/Source/stream_buffer.c **** 
1092:Middlewares/Third_Party/FreeRTOS/Source/stream_buffer.c **** 	configASSERT( xCount > ( size_t ) 0 );
1093:Middlewares/Third_Party/FreeRTOS/Source/stream_buffer.c **** 
1094:Middlewares/Third_Party/FreeRTOS/Source/stream_buffer.c **** 	xNextHead = pxStreamBuffer->xHead;
1095:Middlewares/Third_Party/FreeRTOS/Source/stream_buffer.c **** 
1096:Middlewares/Third_Party/FreeRTOS/Source/stream_buffer.c **** 	/* Calculate the number of bytes that can be added in the first write -
1097:Middlewares/Third_Party/FreeRTOS/Source/stream_buffer.c **** 	which may be less than the total number of bytes that need to be added if
1098:Middlewares/Third_Party/FreeRTOS/Source/stream_buffer.c **** 	the buffer will wrap back to the beginning. */
1099:Middlewares/Third_Party/FreeRTOS/Source/stream_buffer.c **** 	xFirstLength = configMIN( pxStreamBuffer->xLength - xNextHead, xCount );
1100:Middlewares/Third_Party/FreeRTOS/Source/stream_buffer.c **** 
1101:Middlewares/Third_Party/FreeRTOS/Source/stream_buffer.c **** 	/* Write as many bytes as can be written in the first write. */
1102:Middlewares/Third_Party/FreeRTOS/Source/stream_buffer.c **** 	configASSERT( ( xNextHead + xFirstLength ) <= pxStreamBuffer->xLength );
1103:Middlewares/Third_Party/FreeRTOS/Source/stream_buffer.c **** 	( void ) memcpy( ( void* ) ( &( pxStreamBuffer->pucBuffer[ xNextHead ] ) ), ( const void * ) pucDa
1104:Middlewares/Third_Party/FreeRTOS/Source/stream_buffer.c **** 
1105:Middlewares/Third_Party/FreeRTOS/Source/stream_buffer.c **** 	/* If the number of bytes written was less than the number that could be
1106:Middlewares/Third_Party/FreeRTOS/Source/stream_buffer.c **** 	written in the first write... */
1107:Middlewares/Third_Party/FreeRTOS/Source/stream_buffer.c **** 	if( xCount > xFirstLength )
1108:Middlewares/Third_Party/FreeRTOS/Source/stream_buffer.c **** 	{
1109:Middlewares/Third_Party/FreeRTOS/Source/stream_buffer.c **** 		/* ...then write the remaining bytes to the start of the buffer. */
1110:Middlewares/Third_Party/FreeRTOS/Source/stream_buffer.c **** 		configASSERT( ( xCount - xFirstLength ) <= pxStreamBuffer->xLength );
1111:Middlewares/Third_Party/FreeRTOS/Source/stream_buffer.c **** 		( void ) memcpy( ( void * ) pxStreamBuffer->pucBuffer, ( const void * ) &( pucData[ xFirstLength 
1112:Middlewares/Third_Party/FreeRTOS/Source/stream_buffer.c **** 	}
1113:Middlewares/Third_Party/FreeRTOS/Source/stream_buffer.c **** 	else
ARM GAS  C:\Users\kalpe\AppData\Local\Temp\ccLk4XJd.s 			page 21


1114:Middlewares/Third_Party/FreeRTOS/Source/stream_buffer.c **** 	{
1115:Middlewares/Third_Party/FreeRTOS/Source/stream_buffer.c **** 		mtCOVERAGE_TEST_MARKER();
1116:Middlewares/Third_Party/FreeRTOS/Source/stream_buffer.c **** 	}
1117:Middlewares/Third_Party/FreeRTOS/Source/stream_buffer.c **** 
1118:Middlewares/Third_Party/FreeRTOS/Source/stream_buffer.c **** 	xNextHead += xCount;
1119:Middlewares/Third_Party/FreeRTOS/Source/stream_buffer.c **** 	if( xNextHead >= pxStreamBuffer->xLength )
1120:Middlewares/Third_Party/FreeRTOS/Source/stream_buffer.c **** 	{
1121:Middlewares/Third_Party/FreeRTOS/Source/stream_buffer.c **** 		xNextHead -= pxStreamBuffer->xLength;
1122:Middlewares/Third_Party/FreeRTOS/Source/stream_buffer.c **** 	}
1123:Middlewares/Third_Party/FreeRTOS/Source/stream_buffer.c **** 	else
1124:Middlewares/Third_Party/FreeRTOS/Source/stream_buffer.c **** 	{
1125:Middlewares/Third_Party/FreeRTOS/Source/stream_buffer.c **** 		mtCOVERAGE_TEST_MARKER();
1126:Middlewares/Third_Party/FreeRTOS/Source/stream_buffer.c **** 	}
1127:Middlewares/Third_Party/FreeRTOS/Source/stream_buffer.c **** 
1128:Middlewares/Third_Party/FreeRTOS/Source/stream_buffer.c **** 	pxStreamBuffer->xHead = xNextHead;
1129:Middlewares/Third_Party/FreeRTOS/Source/stream_buffer.c **** 
1130:Middlewares/Third_Party/FreeRTOS/Source/stream_buffer.c **** 	return xCount;
1131:Middlewares/Third_Party/FreeRTOS/Source/stream_buffer.c **** }
1132:Middlewares/Third_Party/FreeRTOS/Source/stream_buffer.c **** /*-----------------------------------------------------------*/
1133:Middlewares/Third_Party/FreeRTOS/Source/stream_buffer.c **** 
1134:Middlewares/Third_Party/FreeRTOS/Source/stream_buffer.c **** static size_t prvReadBytesFromBuffer( StreamBuffer_t *pxStreamBuffer, uint8_t *pucData, size_t xMax
1135:Middlewares/Third_Party/FreeRTOS/Source/stream_buffer.c **** {
1136:Middlewares/Third_Party/FreeRTOS/Source/stream_buffer.c **** size_t xCount, xFirstLength, xNextTail;
1137:Middlewares/Third_Party/FreeRTOS/Source/stream_buffer.c **** 
1138:Middlewares/Third_Party/FreeRTOS/Source/stream_buffer.c **** 	/* Use the minimum of the wanted bytes and the available bytes. */
1139:Middlewares/Third_Party/FreeRTOS/Source/stream_buffer.c **** 	xCount = configMIN( xBytesAvailable, xMaxCount );
1140:Middlewares/Third_Party/FreeRTOS/Source/stream_buffer.c **** 
1141:Middlewares/Third_Party/FreeRTOS/Source/stream_buffer.c **** 	if( xCount > ( size_t ) 0 )
1142:Middlewares/Third_Party/FreeRTOS/Source/stream_buffer.c **** 	{
1143:Middlewares/Third_Party/FreeRTOS/Source/stream_buffer.c **** 		xNextTail = pxStreamBuffer->xTail;
1144:Middlewares/Third_Party/FreeRTOS/Source/stream_buffer.c **** 
1145:Middlewares/Third_Party/FreeRTOS/Source/stream_buffer.c **** 		/* Calculate the number of bytes that can be read - which may be
1146:Middlewares/Third_Party/FreeRTOS/Source/stream_buffer.c **** 		less than the number wanted if the data wraps around to the start of
1147:Middlewares/Third_Party/FreeRTOS/Source/stream_buffer.c **** 		the buffer. */
1148:Middlewares/Third_Party/FreeRTOS/Source/stream_buffer.c **** 		xFirstLength = configMIN( pxStreamBuffer->xLength - xNextTail, xCount );
1149:Middlewares/Third_Party/FreeRTOS/Source/stream_buffer.c **** 
1150:Middlewares/Third_Party/FreeRTOS/Source/stream_buffer.c **** 		/* Obtain the number of bytes it is possible to obtain in the first
1151:Middlewares/Third_Party/FreeRTOS/Source/stream_buffer.c **** 		read.  Asserts check bounds of read and write. */
1152:Middlewares/Third_Party/FreeRTOS/Source/stream_buffer.c **** 		configASSERT( xFirstLength <= xMaxCount );
1153:Middlewares/Third_Party/FreeRTOS/Source/stream_buffer.c **** 		configASSERT( ( xNextTail + xFirstLength ) <= pxStreamBuffer->xLength );
1154:Middlewares/Third_Party/FreeRTOS/Source/stream_buffer.c **** 		( void ) memcpy( ( void * ) pucData, ( const void * ) &( pxStreamBuffer->pucBuffer[ xNextTail ] )
1155:Middlewares/Third_Party/FreeRTOS/Source/stream_buffer.c **** 
1156:Middlewares/Third_Party/FreeRTOS/Source/stream_buffer.c **** 		/* If the total number of wanted bytes is greater than the number
1157:Middlewares/Third_Party/FreeRTOS/Source/stream_buffer.c **** 		that could be read in the first read... */
1158:Middlewares/Third_Party/FreeRTOS/Source/stream_buffer.c **** 		if( xCount > xFirstLength )
1159:Middlewares/Third_Party/FreeRTOS/Source/stream_buffer.c **** 		{
1160:Middlewares/Third_Party/FreeRTOS/Source/stream_buffer.c **** 			/*...then read the remaining bytes from the start of the buffer. */
1161:Middlewares/Third_Party/FreeRTOS/Source/stream_buffer.c **** 			configASSERT( xCount <= xMaxCount );
1162:Middlewares/Third_Party/FreeRTOS/Source/stream_buffer.c **** 			( void ) memcpy( ( void * ) &( pucData[ xFirstLength ] ), ( void * ) ( pxStreamBuffer->pucBuffer
1163:Middlewares/Third_Party/FreeRTOS/Source/stream_buffer.c **** 		}
1164:Middlewares/Third_Party/FreeRTOS/Source/stream_buffer.c **** 		else
1165:Middlewares/Third_Party/FreeRTOS/Source/stream_buffer.c **** 		{
1166:Middlewares/Third_Party/FreeRTOS/Source/stream_buffer.c **** 			mtCOVERAGE_TEST_MARKER();
1167:Middlewares/Third_Party/FreeRTOS/Source/stream_buffer.c **** 		}
1168:Middlewares/Third_Party/FreeRTOS/Source/stream_buffer.c **** 
1169:Middlewares/Third_Party/FreeRTOS/Source/stream_buffer.c **** 		/* Move the tail pointer to effectively remove the data read from
1170:Middlewares/Third_Party/FreeRTOS/Source/stream_buffer.c **** 		the buffer. */
ARM GAS  C:\Users\kalpe\AppData\Local\Temp\ccLk4XJd.s 			page 22


1171:Middlewares/Third_Party/FreeRTOS/Source/stream_buffer.c **** 		xNextTail += xCount;
1172:Middlewares/Third_Party/FreeRTOS/Source/stream_buffer.c **** 
1173:Middlewares/Third_Party/FreeRTOS/Source/stream_buffer.c **** 		if( xNextTail >= pxStreamBuffer->xLength )
1174:Middlewares/Third_Party/FreeRTOS/Source/stream_buffer.c **** 		{
1175:Middlewares/Third_Party/FreeRTOS/Source/stream_buffer.c **** 			xNextTail -= pxStreamBuffer->xLength;
1176:Middlewares/Third_Party/FreeRTOS/Source/stream_buffer.c **** 		}
1177:Middlewares/Third_Party/FreeRTOS/Source/stream_buffer.c **** 
1178:Middlewares/Third_Party/FreeRTOS/Source/stream_buffer.c **** 		pxStreamBuffer->xTail = xNextTail;
1179:Middlewares/Third_Party/FreeRTOS/Source/stream_buffer.c **** 	}
1180:Middlewares/Third_Party/FreeRTOS/Source/stream_buffer.c **** 	else
1181:Middlewares/Third_Party/FreeRTOS/Source/stream_buffer.c **** 	{
1182:Middlewares/Third_Party/FreeRTOS/Source/stream_buffer.c **** 		mtCOVERAGE_TEST_MARKER();
1183:Middlewares/Third_Party/FreeRTOS/Source/stream_buffer.c **** 	}
1184:Middlewares/Third_Party/FreeRTOS/Source/stream_buffer.c **** 
1185:Middlewares/Third_Party/FreeRTOS/Source/stream_buffer.c **** 	return xCount;
1186:Middlewares/Third_Party/FreeRTOS/Source/stream_buffer.c **** }
1187:Middlewares/Third_Party/FreeRTOS/Source/stream_buffer.c **** /*-----------------------------------------------------------*/
1188:Middlewares/Third_Party/FreeRTOS/Source/stream_buffer.c **** 
1189:Middlewares/Third_Party/FreeRTOS/Source/stream_buffer.c **** static size_t prvBytesInBuffer( const StreamBuffer_t * const pxStreamBuffer )
1190:Middlewares/Third_Party/FreeRTOS/Source/stream_buffer.c **** {
  29              		.loc 1 1190 1 view -0
  30              		.cfi_startproc
  31              		@ args = 0, pretend = 0, frame = 0
  32              		@ frame_needed = 0, uses_anonymous_args = 0
  33              		@ link register save eliminated.
1191:Middlewares/Third_Party/FreeRTOS/Source/stream_buffer.c **** /* Returns the distance between xTail and xHead. */
1192:Middlewares/Third_Party/FreeRTOS/Source/stream_buffer.c **** size_t xCount;
  34              		.loc 1 1192 1 view .LVU1
1193:Middlewares/Third_Party/FreeRTOS/Source/stream_buffer.c **** 
1194:Middlewares/Third_Party/FreeRTOS/Source/stream_buffer.c **** 	xCount = pxStreamBuffer->xLength + pxStreamBuffer->xHead;
  35              		.loc 1 1194 2 view .LVU2
  36              		.loc 1 1194 25 is_stmt 0 view .LVU3
  37 0000 8268     		ldr	r2, [r0, #8]
  38              		.loc 1 1194 51 view .LVU4
  39 0002 4368     		ldr	r3, [r0, #4]
  40              		.loc 1 1194 9 view .LVU5
  41 0004 1344     		add	r3, r3, r2
  42              	.LVL1:
1195:Middlewares/Third_Party/FreeRTOS/Source/stream_buffer.c **** 	xCount -= pxStreamBuffer->xTail;
  43              		.loc 1 1195 2 is_stmt 1 view .LVU6
  44              		.loc 1 1195 26 is_stmt 0 view .LVU7
  45 0006 0068     		ldr	r0, [r0]
  46              	.LVL2:
  47              		.loc 1 1195 9 view .LVU8
  48 0008 181A     		subs	r0, r3, r0
  49              	.LVL3:
1196:Middlewares/Third_Party/FreeRTOS/Source/stream_buffer.c **** 	if ( xCount >= pxStreamBuffer->xLength )
  50              		.loc 1 1196 2 is_stmt 1 view .LVU9
  51              		.loc 1 1196 5 is_stmt 0 view .LVU10
  52 000a 8242     		cmp	r2, r0
  53 000c 00D8     		bhi	.L1
1197:Middlewares/Third_Party/FreeRTOS/Source/stream_buffer.c **** 	{
1198:Middlewares/Third_Party/FreeRTOS/Source/stream_buffer.c **** 		xCount -= pxStreamBuffer->xLength;
  54              		.loc 1 1198 3 is_stmt 1 view .LVU11
  55              		.loc 1 1198 10 is_stmt 0 view .LVU12
  56 000e 801A     		subs	r0, r0, r2
  57              	.LVL4:
ARM GAS  C:\Users\kalpe\AppData\Local\Temp\ccLk4XJd.s 			page 23


1199:Middlewares/Third_Party/FreeRTOS/Source/stream_buffer.c **** 	}
1200:Middlewares/Third_Party/FreeRTOS/Source/stream_buffer.c **** 	else
1201:Middlewares/Third_Party/FreeRTOS/Source/stream_buffer.c **** 	{
1202:Middlewares/Third_Party/FreeRTOS/Source/stream_buffer.c **** 		mtCOVERAGE_TEST_MARKER();
  58              		.loc 1 1202 27 is_stmt 1 view .LVU13
1203:Middlewares/Third_Party/FreeRTOS/Source/stream_buffer.c **** 	}
1204:Middlewares/Third_Party/FreeRTOS/Source/stream_buffer.c **** 
1205:Middlewares/Third_Party/FreeRTOS/Source/stream_buffer.c **** 	return xCount;
  59              		.loc 1 1205 2 view .LVU14
  60              	.L1:
1206:Middlewares/Third_Party/FreeRTOS/Source/stream_buffer.c **** }
  61              		.loc 1 1206 1 is_stmt 0 view .LVU15
  62 0010 7047     		bx	lr
  63              		.cfi_endproc
  64              	.LFE24:
  66              		.section	.text.prvInitialiseNewStreamBuffer,"ax",%progbits
  67              		.align	1
  68              		.syntax unified
  69              		.thumb
  70              		.thumb_func
  72              	prvInitialiseNewStreamBuffer:
  73              	.LVL5:
  74              	.LFB25:
1207:Middlewares/Third_Party/FreeRTOS/Source/stream_buffer.c **** /*-----------------------------------------------------------*/
1208:Middlewares/Third_Party/FreeRTOS/Source/stream_buffer.c **** 
1209:Middlewares/Third_Party/FreeRTOS/Source/stream_buffer.c **** static void prvInitialiseNewStreamBuffer( StreamBuffer_t * const pxStreamBuffer,
1210:Middlewares/Third_Party/FreeRTOS/Source/stream_buffer.c **** 										  uint8_t * const pucBuffer,
1211:Middlewares/Third_Party/FreeRTOS/Source/stream_buffer.c **** 										  size_t xBufferSizeBytes,
1212:Middlewares/Third_Party/FreeRTOS/Source/stream_buffer.c **** 										  size_t xTriggerLevelBytes,
1213:Middlewares/Third_Party/FreeRTOS/Source/stream_buffer.c **** 										  uint8_t ucFlags )
1214:Middlewares/Third_Party/FreeRTOS/Source/stream_buffer.c **** {
  75              		.loc 1 1214 1 is_stmt 1 view -0
  76              		.cfi_startproc
  77              		@ args = 4, pretend = 0, frame = 0
  78              		@ frame_needed = 0, uses_anonymous_args = 0
  79              		.loc 1 1214 1 is_stmt 0 view .LVU17
  80 0000 F8B5     		push	{r3, r4, r5, r6, r7, lr}
  81              	.LCFI0:
  82              		.cfi_def_cfa_offset 24
  83              		.cfi_offset 3, -24
  84              		.cfi_offset 4, -20
  85              		.cfi_offset 5, -16
  86              		.cfi_offset 6, -12
  87              		.cfi_offset 7, -8
  88              		.cfi_offset 14, -4
  89 0002 0546     		mov	r5, r0
  90 0004 0C46     		mov	r4, r1
  91 0006 1646     		mov	r6, r2
  92 0008 1F46     		mov	r7, r3
  93              	.LBB96:
1215:Middlewares/Third_Party/FreeRTOS/Source/stream_buffer.c **** 	/* Assert here is deliberately writing to the entire buffer to ensure it can
1216:Middlewares/Third_Party/FreeRTOS/Source/stream_buffer.c **** 	be written to without generating exceptions, and is setting the buffer to a
1217:Middlewares/Third_Party/FreeRTOS/Source/stream_buffer.c **** 	known value to assist in development/debugging. */
1218:Middlewares/Third_Party/FreeRTOS/Source/stream_buffer.c **** 	#if( configASSERT_DEFINED == 1 )
1219:Middlewares/Third_Party/FreeRTOS/Source/stream_buffer.c **** 	{
1220:Middlewares/Third_Party/FreeRTOS/Source/stream_buffer.c **** 		/* The value written just has to be identifiable when looking at the
1221:Middlewares/Third_Party/FreeRTOS/Source/stream_buffer.c **** 		memory.  Don't use 0xA5 as that is the stack fill value and could
ARM GAS  C:\Users\kalpe\AppData\Local\Temp\ccLk4XJd.s 			page 24


1222:Middlewares/Third_Party/FreeRTOS/Source/stream_buffer.c **** 		result in confusion as to what is actually being observed. */
1223:Middlewares/Third_Party/FreeRTOS/Source/stream_buffer.c **** 		const BaseType_t xWriteValue = 0x55;
  94              		.loc 1 1223 3 is_stmt 1 view .LVU18
  95              	.LVL6:
1224:Middlewares/Third_Party/FreeRTOS/Source/stream_buffer.c **** 		configASSERT( memset( pucBuffer, ( int ) xWriteValue, xBufferSizeBytes ) == pucBuffer );
  96              		.loc 1 1224 3 view .LVU19
  97 000a 5521     		movs	r1, #85
  98              	.LVL7:
  99              		.loc 1 1224 3 is_stmt 0 view .LVU20
 100 000c 2046     		mov	r0, r4
 101              	.LVL8:
 102              		.loc 1 1224 3 view .LVU21
 103 000e FFF7FEFF 		bl	memset
 104              	.LVL9:
 105              		.loc 1 1224 3 discriminator 1 view .LVU22
 106 0012 A042     		cmp	r0, r4
 107 0014 08D0     		beq	.L4
 108              		.loc 1 1224 3 is_stmt 1 discriminator 2 view .LVU23
 109              	.LBB97:
 110              	.LBI97:
 111              		.file 2 "Middlewares/Third_Party/FreeRTOS/Source/portable/GCC/ARM_CM4F/portmacro.h"
   1:Middlewares/Third_Party/FreeRTOS/Source/portable/GCC/ARM_CM4F/portmacro.h **** /*
   2:Middlewares/Third_Party/FreeRTOS/Source/portable/GCC/ARM_CM4F/portmacro.h ****  * FreeRTOS Kernel V10.3.1
   3:Middlewares/Third_Party/FreeRTOS/Source/portable/GCC/ARM_CM4F/portmacro.h ****  * Copyright (C) 2020 Amazon.com, Inc. or its affiliates.  All Rights Reserved.
   4:Middlewares/Third_Party/FreeRTOS/Source/portable/GCC/ARM_CM4F/portmacro.h ****  *
   5:Middlewares/Third_Party/FreeRTOS/Source/portable/GCC/ARM_CM4F/portmacro.h ****  * Permission is hereby granted, free of charge, to any person obtaining a copy of
   6:Middlewares/Third_Party/FreeRTOS/Source/portable/GCC/ARM_CM4F/portmacro.h ****  * this software and associated documentation files (the "Software"), to deal in
   7:Middlewares/Third_Party/FreeRTOS/Source/portable/GCC/ARM_CM4F/portmacro.h ****  * the Software without restriction, including without limitation the rights to
   8:Middlewares/Third_Party/FreeRTOS/Source/portable/GCC/ARM_CM4F/portmacro.h ****  * use, copy, modify, merge, publish, distribute, sublicense, and/or sell copies of
   9:Middlewares/Third_Party/FreeRTOS/Source/portable/GCC/ARM_CM4F/portmacro.h ****  * the Software, and to permit persons to whom the Software is furnished to do so,
  10:Middlewares/Third_Party/FreeRTOS/Source/portable/GCC/ARM_CM4F/portmacro.h ****  * subject to the following conditions:
  11:Middlewares/Third_Party/FreeRTOS/Source/portable/GCC/ARM_CM4F/portmacro.h ****  *
  12:Middlewares/Third_Party/FreeRTOS/Source/portable/GCC/ARM_CM4F/portmacro.h ****  * The above copyright notice and this permission notice shall be included in all
  13:Middlewares/Third_Party/FreeRTOS/Source/portable/GCC/ARM_CM4F/portmacro.h ****  * copies or substantial portions of the Software.
  14:Middlewares/Third_Party/FreeRTOS/Source/portable/GCC/ARM_CM4F/portmacro.h ****  *
  15:Middlewares/Third_Party/FreeRTOS/Source/portable/GCC/ARM_CM4F/portmacro.h ****  * THE SOFTWARE IS PROVIDED "AS IS", WITHOUT WARRANTY OF ANY KIND, EXPRESS OR
  16:Middlewares/Third_Party/FreeRTOS/Source/portable/GCC/ARM_CM4F/portmacro.h ****  * IMPLIED, INCLUDING BUT NOT LIMITED TO THE WARRANTIES OF MERCHANTABILITY, FITNESS
  17:Middlewares/Third_Party/FreeRTOS/Source/portable/GCC/ARM_CM4F/portmacro.h ****  * FOR A PARTICULAR PURPOSE AND NONINFRINGEMENT. IN NO EVENT SHALL THE AUTHORS OR
  18:Middlewares/Third_Party/FreeRTOS/Source/portable/GCC/ARM_CM4F/portmacro.h ****  * COPYRIGHT HOLDERS BE LIABLE FOR ANY CLAIM, DAMAGES OR OTHER LIABILITY, WHETHER
  19:Middlewares/Third_Party/FreeRTOS/Source/portable/GCC/ARM_CM4F/portmacro.h ****  * IN AN ACTION OF CONTRACT, TORT OR OTHERWISE, ARISING FROM, OUT OF OR IN
  20:Middlewares/Third_Party/FreeRTOS/Source/portable/GCC/ARM_CM4F/portmacro.h ****  * CONNECTION WITH THE SOFTWARE OR THE USE OR OTHER DEALINGS IN THE SOFTWARE.
  21:Middlewares/Third_Party/FreeRTOS/Source/portable/GCC/ARM_CM4F/portmacro.h ****  *
  22:Middlewares/Third_Party/FreeRTOS/Source/portable/GCC/ARM_CM4F/portmacro.h ****  * http://www.FreeRTOS.org
  23:Middlewares/Third_Party/FreeRTOS/Source/portable/GCC/ARM_CM4F/portmacro.h ****  * http://aws.amazon.com/freertos
  24:Middlewares/Third_Party/FreeRTOS/Source/portable/GCC/ARM_CM4F/portmacro.h ****  *
  25:Middlewares/Third_Party/FreeRTOS/Source/portable/GCC/ARM_CM4F/portmacro.h ****  * 1 tab == 4 spaces!
  26:Middlewares/Third_Party/FreeRTOS/Source/portable/GCC/ARM_CM4F/portmacro.h ****  */
  27:Middlewares/Third_Party/FreeRTOS/Source/portable/GCC/ARM_CM4F/portmacro.h **** 
  28:Middlewares/Third_Party/FreeRTOS/Source/portable/GCC/ARM_CM4F/portmacro.h **** 
  29:Middlewares/Third_Party/FreeRTOS/Source/portable/GCC/ARM_CM4F/portmacro.h **** #ifndef PORTMACRO_H
  30:Middlewares/Third_Party/FreeRTOS/Source/portable/GCC/ARM_CM4F/portmacro.h **** #define PORTMACRO_H
  31:Middlewares/Third_Party/FreeRTOS/Source/portable/GCC/ARM_CM4F/portmacro.h **** 
  32:Middlewares/Third_Party/FreeRTOS/Source/portable/GCC/ARM_CM4F/portmacro.h **** #ifdef __cplusplus
  33:Middlewares/Third_Party/FreeRTOS/Source/portable/GCC/ARM_CM4F/portmacro.h **** extern "C" {
  34:Middlewares/Third_Party/FreeRTOS/Source/portable/GCC/ARM_CM4F/portmacro.h **** #endif
  35:Middlewares/Third_Party/FreeRTOS/Source/portable/GCC/ARM_CM4F/portmacro.h **** 
  36:Middlewares/Third_Party/FreeRTOS/Source/portable/GCC/ARM_CM4F/portmacro.h **** /*-----------------------------------------------------------
ARM GAS  C:\Users\kalpe\AppData\Local\Temp\ccLk4XJd.s 			page 25


  37:Middlewares/Third_Party/FreeRTOS/Source/portable/GCC/ARM_CM4F/portmacro.h ****  * Port specific definitions.
  38:Middlewares/Third_Party/FreeRTOS/Source/portable/GCC/ARM_CM4F/portmacro.h ****  *
  39:Middlewares/Third_Party/FreeRTOS/Source/portable/GCC/ARM_CM4F/portmacro.h ****  * The settings in this file configure FreeRTOS correctly for the
  40:Middlewares/Third_Party/FreeRTOS/Source/portable/GCC/ARM_CM4F/portmacro.h ****  * given hardware and compiler.
  41:Middlewares/Third_Party/FreeRTOS/Source/portable/GCC/ARM_CM4F/portmacro.h ****  *
  42:Middlewares/Third_Party/FreeRTOS/Source/portable/GCC/ARM_CM4F/portmacro.h ****  * These settings should not be altered.
  43:Middlewares/Third_Party/FreeRTOS/Source/portable/GCC/ARM_CM4F/portmacro.h ****  *-----------------------------------------------------------
  44:Middlewares/Third_Party/FreeRTOS/Source/portable/GCC/ARM_CM4F/portmacro.h ****  */
  45:Middlewares/Third_Party/FreeRTOS/Source/portable/GCC/ARM_CM4F/portmacro.h **** 
  46:Middlewares/Third_Party/FreeRTOS/Source/portable/GCC/ARM_CM4F/portmacro.h **** /* Type definitions. */
  47:Middlewares/Third_Party/FreeRTOS/Source/portable/GCC/ARM_CM4F/portmacro.h **** #define portCHAR		char
  48:Middlewares/Third_Party/FreeRTOS/Source/portable/GCC/ARM_CM4F/portmacro.h **** #define portFLOAT		float
  49:Middlewares/Third_Party/FreeRTOS/Source/portable/GCC/ARM_CM4F/portmacro.h **** #define portDOUBLE		double
  50:Middlewares/Third_Party/FreeRTOS/Source/portable/GCC/ARM_CM4F/portmacro.h **** #define portLONG		long
  51:Middlewares/Third_Party/FreeRTOS/Source/portable/GCC/ARM_CM4F/portmacro.h **** #define portSHORT		short
  52:Middlewares/Third_Party/FreeRTOS/Source/portable/GCC/ARM_CM4F/portmacro.h **** #define portSTACK_TYPE	uint32_t
  53:Middlewares/Third_Party/FreeRTOS/Source/portable/GCC/ARM_CM4F/portmacro.h **** #define portBASE_TYPE	long
  54:Middlewares/Third_Party/FreeRTOS/Source/portable/GCC/ARM_CM4F/portmacro.h **** 
  55:Middlewares/Third_Party/FreeRTOS/Source/portable/GCC/ARM_CM4F/portmacro.h **** typedef portSTACK_TYPE StackType_t;
  56:Middlewares/Third_Party/FreeRTOS/Source/portable/GCC/ARM_CM4F/portmacro.h **** typedef long BaseType_t;
  57:Middlewares/Third_Party/FreeRTOS/Source/portable/GCC/ARM_CM4F/portmacro.h **** typedef unsigned long UBaseType_t;
  58:Middlewares/Third_Party/FreeRTOS/Source/portable/GCC/ARM_CM4F/portmacro.h **** 
  59:Middlewares/Third_Party/FreeRTOS/Source/portable/GCC/ARM_CM4F/portmacro.h **** #if( configUSE_16_BIT_TICKS == 1 )
  60:Middlewares/Third_Party/FreeRTOS/Source/portable/GCC/ARM_CM4F/portmacro.h **** 	typedef uint16_t TickType_t;
  61:Middlewares/Third_Party/FreeRTOS/Source/portable/GCC/ARM_CM4F/portmacro.h **** 	#define portMAX_DELAY ( TickType_t ) 0xffff
  62:Middlewares/Third_Party/FreeRTOS/Source/portable/GCC/ARM_CM4F/portmacro.h **** #else
  63:Middlewares/Third_Party/FreeRTOS/Source/portable/GCC/ARM_CM4F/portmacro.h **** 	typedef uint32_t TickType_t;
  64:Middlewares/Third_Party/FreeRTOS/Source/portable/GCC/ARM_CM4F/portmacro.h **** 	#define portMAX_DELAY ( TickType_t ) 0xffffffffUL
  65:Middlewares/Third_Party/FreeRTOS/Source/portable/GCC/ARM_CM4F/portmacro.h **** 
  66:Middlewares/Third_Party/FreeRTOS/Source/portable/GCC/ARM_CM4F/portmacro.h **** 	/* 32-bit tick type on a 32-bit architecture, so reads of the tick count do
  67:Middlewares/Third_Party/FreeRTOS/Source/portable/GCC/ARM_CM4F/portmacro.h **** 	not need to be guarded with a critical section. */
  68:Middlewares/Third_Party/FreeRTOS/Source/portable/GCC/ARM_CM4F/portmacro.h **** 	#define portTICK_TYPE_IS_ATOMIC 1
  69:Middlewares/Third_Party/FreeRTOS/Source/portable/GCC/ARM_CM4F/portmacro.h **** #endif
  70:Middlewares/Third_Party/FreeRTOS/Source/portable/GCC/ARM_CM4F/portmacro.h **** /*-----------------------------------------------------------*/
  71:Middlewares/Third_Party/FreeRTOS/Source/portable/GCC/ARM_CM4F/portmacro.h **** 
  72:Middlewares/Third_Party/FreeRTOS/Source/portable/GCC/ARM_CM4F/portmacro.h **** /* Architecture specifics. */
  73:Middlewares/Third_Party/FreeRTOS/Source/portable/GCC/ARM_CM4F/portmacro.h **** #define portSTACK_GROWTH			( -1 )
  74:Middlewares/Third_Party/FreeRTOS/Source/portable/GCC/ARM_CM4F/portmacro.h **** #define portTICK_PERIOD_MS			( ( TickType_t ) 1000 / configTICK_RATE_HZ )
  75:Middlewares/Third_Party/FreeRTOS/Source/portable/GCC/ARM_CM4F/portmacro.h **** #define portBYTE_ALIGNMENT			8
  76:Middlewares/Third_Party/FreeRTOS/Source/portable/GCC/ARM_CM4F/portmacro.h **** /*-----------------------------------------------------------*/
  77:Middlewares/Third_Party/FreeRTOS/Source/portable/GCC/ARM_CM4F/portmacro.h **** 
  78:Middlewares/Third_Party/FreeRTOS/Source/portable/GCC/ARM_CM4F/portmacro.h **** /* Scheduler utilities. */
  79:Middlewares/Third_Party/FreeRTOS/Source/portable/GCC/ARM_CM4F/portmacro.h **** #define portYIELD() 															\
  80:Middlewares/Third_Party/FreeRTOS/Source/portable/GCC/ARM_CM4F/portmacro.h **** {																				\
  81:Middlewares/Third_Party/FreeRTOS/Source/portable/GCC/ARM_CM4F/portmacro.h **** 	/* Set a PendSV to request a context switch. */								\
  82:Middlewares/Third_Party/FreeRTOS/Source/portable/GCC/ARM_CM4F/portmacro.h **** 	portNVIC_INT_CTRL_REG = portNVIC_PENDSVSET_BIT;								\
  83:Middlewares/Third_Party/FreeRTOS/Source/portable/GCC/ARM_CM4F/portmacro.h **** 																				\
  84:Middlewares/Third_Party/FreeRTOS/Source/portable/GCC/ARM_CM4F/portmacro.h **** 	/* Barriers are normally not required but do ensure the code is completely	\
  85:Middlewares/Third_Party/FreeRTOS/Source/portable/GCC/ARM_CM4F/portmacro.h **** 	within the specified behaviour for the architecture. */						\
  86:Middlewares/Third_Party/FreeRTOS/Source/portable/GCC/ARM_CM4F/portmacro.h **** 	__asm volatile( "dsb" ::: "memory" );										\
  87:Middlewares/Third_Party/FreeRTOS/Source/portable/GCC/ARM_CM4F/portmacro.h **** 	__asm volatile( "isb" );													\
  88:Middlewares/Third_Party/FreeRTOS/Source/portable/GCC/ARM_CM4F/portmacro.h **** }
  89:Middlewares/Third_Party/FreeRTOS/Source/portable/GCC/ARM_CM4F/portmacro.h **** 
  90:Middlewares/Third_Party/FreeRTOS/Source/portable/GCC/ARM_CM4F/portmacro.h **** #define portNVIC_INT_CTRL_REG		( * ( ( volatile uint32_t * ) 0xe000ed04 ) )
  91:Middlewares/Third_Party/FreeRTOS/Source/portable/GCC/ARM_CM4F/portmacro.h **** #define portNVIC_PENDSVSET_BIT		( 1UL << 28UL )
  92:Middlewares/Third_Party/FreeRTOS/Source/portable/GCC/ARM_CM4F/portmacro.h **** #define portEND_SWITCHING_ISR( xSwitchRequired ) if( xSwitchRequired != pdFALSE ) portYIELD()
  93:Middlewares/Third_Party/FreeRTOS/Source/portable/GCC/ARM_CM4F/portmacro.h **** #define portYIELD_FROM_ISR( x ) portEND_SWITCHING_ISR( x )
ARM GAS  C:\Users\kalpe\AppData\Local\Temp\ccLk4XJd.s 			page 26


  94:Middlewares/Third_Party/FreeRTOS/Source/portable/GCC/ARM_CM4F/portmacro.h **** /*-----------------------------------------------------------*/
  95:Middlewares/Third_Party/FreeRTOS/Source/portable/GCC/ARM_CM4F/portmacro.h **** 
  96:Middlewares/Third_Party/FreeRTOS/Source/portable/GCC/ARM_CM4F/portmacro.h **** /* Critical section management. */
  97:Middlewares/Third_Party/FreeRTOS/Source/portable/GCC/ARM_CM4F/portmacro.h **** extern void vPortEnterCritical( void );
  98:Middlewares/Third_Party/FreeRTOS/Source/portable/GCC/ARM_CM4F/portmacro.h **** extern void vPortExitCritical( void );
  99:Middlewares/Third_Party/FreeRTOS/Source/portable/GCC/ARM_CM4F/portmacro.h **** #define portSET_INTERRUPT_MASK_FROM_ISR()		ulPortRaiseBASEPRI()
 100:Middlewares/Third_Party/FreeRTOS/Source/portable/GCC/ARM_CM4F/portmacro.h **** #define portCLEAR_INTERRUPT_MASK_FROM_ISR(x)	vPortSetBASEPRI(x)
 101:Middlewares/Third_Party/FreeRTOS/Source/portable/GCC/ARM_CM4F/portmacro.h **** #define portDISABLE_INTERRUPTS()				vPortRaiseBASEPRI()
 102:Middlewares/Third_Party/FreeRTOS/Source/portable/GCC/ARM_CM4F/portmacro.h **** #define portENABLE_INTERRUPTS()					vPortSetBASEPRI(0)
 103:Middlewares/Third_Party/FreeRTOS/Source/portable/GCC/ARM_CM4F/portmacro.h **** #define portENTER_CRITICAL()					vPortEnterCritical()
 104:Middlewares/Third_Party/FreeRTOS/Source/portable/GCC/ARM_CM4F/portmacro.h **** #define portEXIT_CRITICAL()						vPortExitCritical()
 105:Middlewares/Third_Party/FreeRTOS/Source/portable/GCC/ARM_CM4F/portmacro.h **** 
 106:Middlewares/Third_Party/FreeRTOS/Source/portable/GCC/ARM_CM4F/portmacro.h **** /*-----------------------------------------------------------*/
 107:Middlewares/Third_Party/FreeRTOS/Source/portable/GCC/ARM_CM4F/portmacro.h **** 
 108:Middlewares/Third_Party/FreeRTOS/Source/portable/GCC/ARM_CM4F/portmacro.h **** /* Task function macros as described on the FreeRTOS.org WEB site.  These are
 109:Middlewares/Third_Party/FreeRTOS/Source/portable/GCC/ARM_CM4F/portmacro.h **** not necessary for to use this port.  They are defined so the common demo files
 110:Middlewares/Third_Party/FreeRTOS/Source/portable/GCC/ARM_CM4F/portmacro.h **** (which build with all the ports) will build. */
 111:Middlewares/Third_Party/FreeRTOS/Source/portable/GCC/ARM_CM4F/portmacro.h **** #define portTASK_FUNCTION_PROTO( vFunction, pvParameters ) void vFunction( void *pvParameters )
 112:Middlewares/Third_Party/FreeRTOS/Source/portable/GCC/ARM_CM4F/portmacro.h **** #define portTASK_FUNCTION( vFunction, pvParameters ) void vFunction( void *pvParameters )
 113:Middlewares/Third_Party/FreeRTOS/Source/portable/GCC/ARM_CM4F/portmacro.h **** /*-----------------------------------------------------------*/
 114:Middlewares/Third_Party/FreeRTOS/Source/portable/GCC/ARM_CM4F/portmacro.h **** 
 115:Middlewares/Third_Party/FreeRTOS/Source/portable/GCC/ARM_CM4F/portmacro.h **** /* Tickless idle/low power functionality. */
 116:Middlewares/Third_Party/FreeRTOS/Source/portable/GCC/ARM_CM4F/portmacro.h **** #ifndef portSUPPRESS_TICKS_AND_SLEEP
 117:Middlewares/Third_Party/FreeRTOS/Source/portable/GCC/ARM_CM4F/portmacro.h **** 	extern void vPortSuppressTicksAndSleep( TickType_t xExpectedIdleTime );
 118:Middlewares/Third_Party/FreeRTOS/Source/portable/GCC/ARM_CM4F/portmacro.h **** 	#define portSUPPRESS_TICKS_AND_SLEEP( xExpectedIdleTime ) vPortSuppressTicksAndSleep( xExpectedIdl
 119:Middlewares/Third_Party/FreeRTOS/Source/portable/GCC/ARM_CM4F/portmacro.h **** #endif
 120:Middlewares/Third_Party/FreeRTOS/Source/portable/GCC/ARM_CM4F/portmacro.h **** /*-----------------------------------------------------------*/
 121:Middlewares/Third_Party/FreeRTOS/Source/portable/GCC/ARM_CM4F/portmacro.h **** 
 122:Middlewares/Third_Party/FreeRTOS/Source/portable/GCC/ARM_CM4F/portmacro.h **** /* Architecture specific optimisations. */
 123:Middlewares/Third_Party/FreeRTOS/Source/portable/GCC/ARM_CM4F/portmacro.h **** #ifndef configUSE_PORT_OPTIMISED_TASK_SELECTION
 124:Middlewares/Third_Party/FreeRTOS/Source/portable/GCC/ARM_CM4F/portmacro.h **** 	#define configUSE_PORT_OPTIMISED_TASK_SELECTION 1
 125:Middlewares/Third_Party/FreeRTOS/Source/portable/GCC/ARM_CM4F/portmacro.h **** #endif
 126:Middlewares/Third_Party/FreeRTOS/Source/portable/GCC/ARM_CM4F/portmacro.h **** 
 127:Middlewares/Third_Party/FreeRTOS/Source/portable/GCC/ARM_CM4F/portmacro.h **** #if configUSE_PORT_OPTIMISED_TASK_SELECTION == 1
 128:Middlewares/Third_Party/FreeRTOS/Source/portable/GCC/ARM_CM4F/portmacro.h **** 
 129:Middlewares/Third_Party/FreeRTOS/Source/portable/GCC/ARM_CM4F/portmacro.h **** 	/* Generic helper function. */
 130:Middlewares/Third_Party/FreeRTOS/Source/portable/GCC/ARM_CM4F/portmacro.h **** 	__attribute__( ( always_inline ) ) static inline uint8_t ucPortCountLeadingZeros( uint32_t ulBitma
 131:Middlewares/Third_Party/FreeRTOS/Source/portable/GCC/ARM_CM4F/portmacro.h **** 	{
 132:Middlewares/Third_Party/FreeRTOS/Source/portable/GCC/ARM_CM4F/portmacro.h **** 	uint8_t ucReturn;
 133:Middlewares/Third_Party/FreeRTOS/Source/portable/GCC/ARM_CM4F/portmacro.h **** 
 134:Middlewares/Third_Party/FreeRTOS/Source/portable/GCC/ARM_CM4F/portmacro.h **** 		__asm volatile ( "clz %0, %1" : "=r" ( ucReturn ) : "r" ( ulBitmap ) : "memory" );
 135:Middlewares/Third_Party/FreeRTOS/Source/portable/GCC/ARM_CM4F/portmacro.h **** 		return ucReturn;
 136:Middlewares/Third_Party/FreeRTOS/Source/portable/GCC/ARM_CM4F/portmacro.h **** 	}
 137:Middlewares/Third_Party/FreeRTOS/Source/portable/GCC/ARM_CM4F/portmacro.h **** 
 138:Middlewares/Third_Party/FreeRTOS/Source/portable/GCC/ARM_CM4F/portmacro.h **** 	/* Check the configuration. */
 139:Middlewares/Third_Party/FreeRTOS/Source/portable/GCC/ARM_CM4F/portmacro.h **** 	#if( configMAX_PRIORITIES > 32 )
 140:Middlewares/Third_Party/FreeRTOS/Source/portable/GCC/ARM_CM4F/portmacro.h **** 		#error configUSE_PORT_OPTIMISED_TASK_SELECTION can only be set to 1 when configMAX_PRIORITIES is 
 141:Middlewares/Third_Party/FreeRTOS/Source/portable/GCC/ARM_CM4F/portmacro.h **** 	#endif
 142:Middlewares/Third_Party/FreeRTOS/Source/portable/GCC/ARM_CM4F/portmacro.h **** 
 143:Middlewares/Third_Party/FreeRTOS/Source/portable/GCC/ARM_CM4F/portmacro.h **** 	/* Store/clear the ready priorities in a bit map. */
 144:Middlewares/Third_Party/FreeRTOS/Source/portable/GCC/ARM_CM4F/portmacro.h **** 	#define portRECORD_READY_PRIORITY( uxPriority, uxReadyPriorities ) ( uxReadyPriorities ) |= ( 1UL 
 145:Middlewares/Third_Party/FreeRTOS/Source/portable/GCC/ARM_CM4F/portmacro.h **** 	#define portRESET_READY_PRIORITY( uxPriority, uxReadyPriorities ) ( uxReadyPriorities ) &= ~( 1UL 
 146:Middlewares/Third_Party/FreeRTOS/Source/portable/GCC/ARM_CM4F/portmacro.h **** 
 147:Middlewares/Third_Party/FreeRTOS/Source/portable/GCC/ARM_CM4F/portmacro.h **** 	/*-----------------------------------------------------------*/
 148:Middlewares/Third_Party/FreeRTOS/Source/portable/GCC/ARM_CM4F/portmacro.h **** 
 149:Middlewares/Third_Party/FreeRTOS/Source/portable/GCC/ARM_CM4F/portmacro.h **** 	#define portGET_HIGHEST_PRIORITY( uxTopPriority, uxReadyPriorities ) uxTopPriority = ( 31UL - ( ui
 150:Middlewares/Third_Party/FreeRTOS/Source/portable/GCC/ARM_CM4F/portmacro.h **** 
ARM GAS  C:\Users\kalpe\AppData\Local\Temp\ccLk4XJd.s 			page 27


 151:Middlewares/Third_Party/FreeRTOS/Source/portable/GCC/ARM_CM4F/portmacro.h **** #endif /* configUSE_PORT_OPTIMISED_TASK_SELECTION */
 152:Middlewares/Third_Party/FreeRTOS/Source/portable/GCC/ARM_CM4F/portmacro.h **** 
 153:Middlewares/Third_Party/FreeRTOS/Source/portable/GCC/ARM_CM4F/portmacro.h **** /*-----------------------------------------------------------*/
 154:Middlewares/Third_Party/FreeRTOS/Source/portable/GCC/ARM_CM4F/portmacro.h **** 
 155:Middlewares/Third_Party/FreeRTOS/Source/portable/GCC/ARM_CM4F/portmacro.h **** #ifdef configASSERT
 156:Middlewares/Third_Party/FreeRTOS/Source/portable/GCC/ARM_CM4F/portmacro.h **** 	void vPortValidateInterruptPriority( void );
 157:Middlewares/Third_Party/FreeRTOS/Source/portable/GCC/ARM_CM4F/portmacro.h **** 	#define portASSERT_IF_INTERRUPT_PRIORITY_INVALID() 	vPortValidateInterruptPriority()
 158:Middlewares/Third_Party/FreeRTOS/Source/portable/GCC/ARM_CM4F/portmacro.h **** #endif
 159:Middlewares/Third_Party/FreeRTOS/Source/portable/GCC/ARM_CM4F/portmacro.h **** 
 160:Middlewares/Third_Party/FreeRTOS/Source/portable/GCC/ARM_CM4F/portmacro.h **** /* portNOP() is not required by this port. */
 161:Middlewares/Third_Party/FreeRTOS/Source/portable/GCC/ARM_CM4F/portmacro.h **** #define portNOP()
 162:Middlewares/Third_Party/FreeRTOS/Source/portable/GCC/ARM_CM4F/portmacro.h **** 
 163:Middlewares/Third_Party/FreeRTOS/Source/portable/GCC/ARM_CM4F/portmacro.h **** #define portINLINE	__inline
 164:Middlewares/Third_Party/FreeRTOS/Source/portable/GCC/ARM_CM4F/portmacro.h **** 
 165:Middlewares/Third_Party/FreeRTOS/Source/portable/GCC/ARM_CM4F/portmacro.h **** #ifndef portFORCE_INLINE
 166:Middlewares/Third_Party/FreeRTOS/Source/portable/GCC/ARM_CM4F/portmacro.h **** 	#define portFORCE_INLINE inline __attribute__(( always_inline))
 167:Middlewares/Third_Party/FreeRTOS/Source/portable/GCC/ARM_CM4F/portmacro.h **** #endif
 168:Middlewares/Third_Party/FreeRTOS/Source/portable/GCC/ARM_CM4F/portmacro.h **** 
 169:Middlewares/Third_Party/FreeRTOS/Source/portable/GCC/ARM_CM4F/portmacro.h **** portFORCE_INLINE static BaseType_t xPortIsInsideInterrupt( void )
 170:Middlewares/Third_Party/FreeRTOS/Source/portable/GCC/ARM_CM4F/portmacro.h **** {
 171:Middlewares/Third_Party/FreeRTOS/Source/portable/GCC/ARM_CM4F/portmacro.h **** uint32_t ulCurrentInterrupt;
 172:Middlewares/Third_Party/FreeRTOS/Source/portable/GCC/ARM_CM4F/portmacro.h **** BaseType_t xReturn;
 173:Middlewares/Third_Party/FreeRTOS/Source/portable/GCC/ARM_CM4F/portmacro.h **** 
 174:Middlewares/Third_Party/FreeRTOS/Source/portable/GCC/ARM_CM4F/portmacro.h **** 	/* Obtain the number of the currently executing interrupt. */
 175:Middlewares/Third_Party/FreeRTOS/Source/portable/GCC/ARM_CM4F/portmacro.h **** 	__asm volatile( "mrs %0, ipsr" : "=r"( ulCurrentInterrupt ) :: "memory" );
 176:Middlewares/Third_Party/FreeRTOS/Source/portable/GCC/ARM_CM4F/portmacro.h **** 
 177:Middlewares/Third_Party/FreeRTOS/Source/portable/GCC/ARM_CM4F/portmacro.h **** 	if( ulCurrentInterrupt == 0 )
 178:Middlewares/Third_Party/FreeRTOS/Source/portable/GCC/ARM_CM4F/portmacro.h **** 	{
 179:Middlewares/Third_Party/FreeRTOS/Source/portable/GCC/ARM_CM4F/portmacro.h **** 		xReturn = pdFALSE;
 180:Middlewares/Third_Party/FreeRTOS/Source/portable/GCC/ARM_CM4F/portmacro.h **** 	}
 181:Middlewares/Third_Party/FreeRTOS/Source/portable/GCC/ARM_CM4F/portmacro.h **** 	else
 182:Middlewares/Third_Party/FreeRTOS/Source/portable/GCC/ARM_CM4F/portmacro.h **** 	{
 183:Middlewares/Third_Party/FreeRTOS/Source/portable/GCC/ARM_CM4F/portmacro.h **** 		xReturn = pdTRUE;
 184:Middlewares/Third_Party/FreeRTOS/Source/portable/GCC/ARM_CM4F/portmacro.h **** 	}
 185:Middlewares/Third_Party/FreeRTOS/Source/portable/GCC/ARM_CM4F/portmacro.h **** 
 186:Middlewares/Third_Party/FreeRTOS/Source/portable/GCC/ARM_CM4F/portmacro.h **** 	return xReturn;
 187:Middlewares/Third_Party/FreeRTOS/Source/portable/GCC/ARM_CM4F/portmacro.h **** }
 188:Middlewares/Third_Party/FreeRTOS/Source/portable/GCC/ARM_CM4F/portmacro.h **** 
 189:Middlewares/Third_Party/FreeRTOS/Source/portable/GCC/ARM_CM4F/portmacro.h **** /*-----------------------------------------------------------*/
 190:Middlewares/Third_Party/FreeRTOS/Source/portable/GCC/ARM_CM4F/portmacro.h **** 
 191:Middlewares/Third_Party/FreeRTOS/Source/portable/GCC/ARM_CM4F/portmacro.h **** portFORCE_INLINE static void vPortRaiseBASEPRI( void )
 112              		.loc 2 191 30 view .LVU24
 113              	.LBB98:
 192:Middlewares/Third_Party/FreeRTOS/Source/portable/GCC/ARM_CM4F/portmacro.h **** {
 193:Middlewares/Third_Party/FreeRTOS/Source/portable/GCC/ARM_CM4F/portmacro.h **** uint32_t ulNewBASEPRI;
 114              		.loc 2 193 1 view .LVU25
 194:Middlewares/Third_Party/FreeRTOS/Source/portable/GCC/ARM_CM4F/portmacro.h **** 
 195:Middlewares/Third_Party/FreeRTOS/Source/portable/GCC/ARM_CM4F/portmacro.h **** 	__asm volatile
 115              		.loc 2 195 2 view .LVU26
 116              		.syntax unified
 117              	@ 195 "Middlewares/Third_Party/FreeRTOS/Source/portable/GCC/ARM_CM4F/portmacro.h" 1
 118 0016 4FF05003 			mov r3, #80												
 119 001a 83F31188 		msr basepri, r3											
 120 001e BFF36F8F 		isb														
 121 0022 BFF34F8F 		dsb														
 122              	
 123              	@ 0 "" 2
ARM GAS  C:\Users\kalpe\AppData\Local\Temp\ccLk4XJd.s 			page 28


 124              		.thumb
 125              		.syntax unified
 126              	.L5:
 127              	.LBE98:
 128              	.LBE97:
 129              		.loc 1 1224 3 view .LVU27
 130 0026 FEE7     		b	.L5
 131              	.L4:
 132              		.loc 1 1224 90 view .LVU28
 133              	.LBE96:
1225:Middlewares/Third_Party/FreeRTOS/Source/stream_buffer.c **** 	} /*lint !e529 !e438 xWriteValue is only used if configASSERT() is defined. */
1226:Middlewares/Third_Party/FreeRTOS/Source/stream_buffer.c **** 	#endif
1227:Middlewares/Third_Party/FreeRTOS/Source/stream_buffer.c **** 
1228:Middlewares/Third_Party/FreeRTOS/Source/stream_buffer.c **** 	( void ) memset( ( void * ) pxStreamBuffer, 0x00, sizeof( StreamBuffer_t ) ); /*lint !e9087 memset
 134              		.loc 1 1228 2 view .LVU29
 135              		.loc 1 1228 11 is_stmt 0 view .LVU30
 136 0028 2422     		movs	r2, #36
 137 002a 0021     		movs	r1, #0
 138 002c 2846     		mov	r0, r5
 139 002e FFF7FEFF 		bl	memset
 140              	.LVL10:
1229:Middlewares/Third_Party/FreeRTOS/Source/stream_buffer.c **** 	pxStreamBuffer->pucBuffer = pucBuffer;
 141              		.loc 1 1229 2 is_stmt 1 view .LVU31
 142              		.loc 1 1229 28 is_stmt 0 view .LVU32
 143 0032 AC61     		str	r4, [r5, #24]
1230:Middlewares/Third_Party/FreeRTOS/Source/stream_buffer.c **** 	pxStreamBuffer->xLength = xBufferSizeBytes;
 144              		.loc 1 1230 2 is_stmt 1 view .LVU33
 145              		.loc 1 1230 26 is_stmt 0 view .LVU34
 146 0034 AE60     		str	r6, [r5, #8]
1231:Middlewares/Third_Party/FreeRTOS/Source/stream_buffer.c **** 	pxStreamBuffer->xTriggerLevelBytes = xTriggerLevelBytes;
 147              		.loc 1 1231 2 is_stmt 1 view .LVU35
 148              		.loc 1 1231 37 is_stmt 0 view .LVU36
 149 0036 EF60     		str	r7, [r5, #12]
1232:Middlewares/Third_Party/FreeRTOS/Source/stream_buffer.c **** 	pxStreamBuffer->ucFlags = ucFlags;
 150              		.loc 1 1232 2 is_stmt 1 view .LVU37
 151              		.loc 1 1232 26 is_stmt 0 view .LVU38
 152 0038 9DF81830 		ldrb	r3, [sp, #24]	@ zero_extendqisi2
 153 003c 2B77     		strb	r3, [r5, #28]
1233:Middlewares/Third_Party/FreeRTOS/Source/stream_buffer.c **** }
 154              		.loc 1 1233 1 view .LVU39
 155 003e F8BD     		pop	{r3, r4, r5, r6, r7, pc}
 156              		.loc 1 1233 1 view .LVU40
 157              		.cfi_endproc
 158              	.LFE25:
 160              		.section	.text.prvWriteBytesToBuffer,"ax",%progbits
 161              		.align	1
 162              		.syntax unified
 163              		.thumb
 164              		.thumb_func
 166              	prvWriteBytesToBuffer:
 167              	.LVL11:
 168              	.LFB22:
1089:Middlewares/Third_Party/FreeRTOS/Source/stream_buffer.c **** size_t xNextHead, xFirstLength;
 169              		.loc 1 1089 1 is_stmt 1 view -0
 170              		.cfi_startproc
 171              		@ args = 0, pretend = 0, frame = 0
 172              		@ frame_needed = 0, uses_anonymous_args = 0
ARM GAS  C:\Users\kalpe\AppData\Local\Temp\ccLk4XJd.s 			page 29


1089:Middlewares/Third_Party/FreeRTOS/Source/stream_buffer.c **** size_t xNextHead, xFirstLength;
 173              		.loc 1 1089 1 is_stmt 0 view .LVU42
 174 0000 2DE9F843 		push	{r3, r4, r5, r6, r7, r8, r9, lr}
 175              	.LCFI1:
 176              		.cfi_def_cfa_offset 32
 177              		.cfi_offset 3, -32
 178              		.cfi_offset 4, -28
 179              		.cfi_offset 5, -24
 180              		.cfi_offset 6, -20
 181              		.cfi_offset 7, -16
 182              		.cfi_offset 8, -12
 183              		.cfi_offset 9, -8
 184              		.cfi_offset 14, -4
1090:Middlewares/Third_Party/FreeRTOS/Source/stream_buffer.c **** 
 185              		.loc 1 1090 1 is_stmt 1 view .LVU43
1092:Middlewares/Third_Party/FreeRTOS/Source/stream_buffer.c **** 
 186              		.loc 1 1092 2 view .LVU44
 187 0004 42B9     		cbnz	r2, .L8
1092:Middlewares/Third_Party/FreeRTOS/Source/stream_buffer.c **** 
 188              		.loc 1 1092 2 discriminator 1 view .LVU45
 189              	.LBB99:
 190              	.LBI99:
 191:Middlewares/Third_Party/FreeRTOS/Source/portable/GCC/ARM_CM4F/portmacro.h **** {
 191              		.loc 2 191 30 view .LVU46
 192              	.LBB100:
 193:Middlewares/Third_Party/FreeRTOS/Source/portable/GCC/ARM_CM4F/portmacro.h **** 
 193              		.loc 2 193 1 view .LVU47
 194              		.loc 2 195 2 view .LVU48
 195              		.syntax unified
 196              	@ 195 "Middlewares/Third_Party/FreeRTOS/Source/portable/GCC/ARM_CM4F/portmacro.h" 1
 197 0006 4FF05003 			mov r3, #80												
 198 000a 83F31188 		msr basepri, r3											
 199 000e BFF36F8F 		isb														
 200 0012 BFF34F8F 		dsb														
 201              	
 202              	@ 0 "" 2
 203              		.thumb
 204              		.syntax unified
 205              	.L9:
 206              	.LBE100:
 207              	.LBE99:
1092:Middlewares/Third_Party/FreeRTOS/Source/stream_buffer.c **** 
 208              		.loc 1 1092 2 view .LVU49
 209 0016 FEE7     		b	.L9
 210              	.L8:
 211 0018 0446     		mov	r4, r0
 212 001a 8946     		mov	r9, r1
 213 001c 9046     		mov	r8, r2
1092:Middlewares/Third_Party/FreeRTOS/Source/stream_buffer.c **** 
 214              		.loc 1 1092 39 view .LVU50
1094:Middlewares/Third_Party/FreeRTOS/Source/stream_buffer.c **** 
 215              		.loc 1 1094 2 view .LVU51
1094:Middlewares/Third_Party/FreeRTOS/Source/stream_buffer.c **** 
 216              		.loc 1 1094 12 is_stmt 0 view .LVU52
 217 001e 4568     		ldr	r5, [r0, #4]
 218              	.LVL12:
1099:Middlewares/Third_Party/FreeRTOS/Source/stream_buffer.c **** 
ARM GAS  C:\Users\kalpe\AppData\Local\Temp\ccLk4XJd.s 			page 30


 219              		.loc 1 1099 2 is_stmt 1 view .LVU53
1099:Middlewares/Third_Party/FreeRTOS/Source/stream_buffer.c **** 
 220              		.loc 1 1099 17 is_stmt 0 view .LVU54
 221 0020 8368     		ldr	r3, [r0, #8]
 222 0022 5F1B     		subs	r7, r3, r5
1099:Middlewares/Third_Party/FreeRTOS/Source/stream_buffer.c **** 
 223              		.loc 1 1099 15 view .LVU55
 224 0024 1646     		mov	r6, r2
 225 0026 BA42     		cmp	r2, r7
 226 0028 28BF     		it	cs
 227 002a 3E46     		movcs	r6, r7
 228              	.LVL13:
1102:Middlewares/Third_Party/FreeRTOS/Source/stream_buffer.c **** 	( void ) memcpy( ( void* ) ( &( pxStreamBuffer->pucBuffer[ xNextHead ] ) ), ( const void * ) pucDa
 229              		.loc 1 1102 2 is_stmt 1 view .LVU56
 230 002c AA19     		adds	r2, r5, r6
 231              	.LVL14:
1102:Middlewares/Third_Party/FreeRTOS/Source/stream_buffer.c **** 	( void ) memcpy( ( void* ) ( &( pxStreamBuffer->pucBuffer[ xNextHead ] ) ), ( const void * ) pucDa
 232              		.loc 1 1102 2 is_stmt 0 view .LVU57
 233 002e 9342     		cmp	r3, r2
 234 0030 08D2     		bcs	.L10
1102:Middlewares/Third_Party/FreeRTOS/Source/stream_buffer.c **** 	( void ) memcpy( ( void* ) ( &( pxStreamBuffer->pucBuffer[ xNextHead ] ) ), ( const void * ) pucDa
 235              		.loc 1 1102 2 is_stmt 1 discriminator 1 view .LVU58
 236              	.LBB101:
 237              	.LBI101:
 191:Middlewares/Third_Party/FreeRTOS/Source/portable/GCC/ARM_CM4F/portmacro.h **** {
 238              		.loc 2 191 30 view .LVU59
 239              	.LBB102:
 193:Middlewares/Third_Party/FreeRTOS/Source/portable/GCC/ARM_CM4F/portmacro.h **** 
 240              		.loc 2 193 1 view .LVU60
 241              		.loc 2 195 2 view .LVU61
 242              		.syntax unified
 243              	@ 195 "Middlewares/Third_Party/FreeRTOS/Source/portable/GCC/ARM_CM4F/portmacro.h" 1
 244 0032 4FF05003 			mov r3, #80												
 245 0036 83F31188 		msr basepri, r3											
 246 003a BFF36F8F 		isb														
 247 003e BFF34F8F 		dsb														
 248              	
 249              	@ 0 "" 2
 250              		.thumb
 251              		.syntax unified
 252              	.L11:
 253              	.LBE102:
 254              	.LBE101:
1102:Middlewares/Third_Party/FreeRTOS/Source/stream_buffer.c **** 	( void ) memcpy( ( void* ) ( &( pxStreamBuffer->pucBuffer[ xNextHead ] ) ), ( const void * ) pucDa
 255              		.loc 1 1102 2 view .LVU62
 256 0042 FEE7     		b	.L11
 257              	.L10:
1102:Middlewares/Third_Party/FreeRTOS/Source/stream_buffer.c **** 	( void ) memcpy( ( void* ) ( &( pxStreamBuffer->pucBuffer[ xNextHead ] ) ), ( const void * ) pucDa
 258              		.loc 1 1102 73 view .LVU63
1103:Middlewares/Third_Party/FreeRTOS/Source/stream_buffer.c **** 
 259              		.loc 1 1103 2 view .LVU64
1103:Middlewares/Third_Party/FreeRTOS/Source/stream_buffer.c **** 
 260              		.loc 1 1103 48 is_stmt 0 view .LVU65
 261 0044 8069     		ldr	r0, [r0, #24]
 262              	.LVL15:
1103:Middlewares/Third_Party/FreeRTOS/Source/stream_buffer.c **** 
 263              		.loc 1 1103 11 view .LVU66
ARM GAS  C:\Users\kalpe\AppData\Local\Temp\ccLk4XJd.s 			page 31


 264 0046 3246     		mov	r2, r6
 265 0048 2844     		add	r0, r0, r5
 266 004a FFF7FEFF 		bl	memcpy
 267              	.LVL16:
1107:Middlewares/Third_Party/FreeRTOS/Source/stream_buffer.c **** 	{
 268              		.loc 1 1107 2 is_stmt 1 view .LVU67
1107:Middlewares/Third_Party/FreeRTOS/Source/stream_buffer.c **** 	{
 269              		.loc 1 1107 4 is_stmt 0 view .LVU68
 270 004e 4346     		mov	r3, r8
 271 0050 4745     		cmp	r7, r8
 272 0052 11D2     		bcs	.L12
 273              	.LVL17:
1110:Middlewares/Third_Party/FreeRTOS/Source/stream_buffer.c **** 		( void ) memcpy( ( void * ) pxStreamBuffer->pucBuffer, ( const void * ) &( pucData[ xFirstLength 
 274              		.loc 1 1110 3 is_stmt 1 view .LVU69
 275 0054 9A1B     		subs	r2, r3, r6
 276 0056 A368     		ldr	r3, [r4, #8]
 277              	.LVL18:
1110:Middlewares/Third_Party/FreeRTOS/Source/stream_buffer.c **** 		( void ) memcpy( ( void * ) pxStreamBuffer->pucBuffer, ( const void * ) &( pucData[ xFirstLength 
 278              		.loc 1 1110 3 is_stmt 0 view .LVU70
 279 0058 9A42     		cmp	r2, r3
 280 005a 08D9     		bls	.L13
1110:Middlewares/Third_Party/FreeRTOS/Source/stream_buffer.c **** 		( void ) memcpy( ( void * ) pxStreamBuffer->pucBuffer, ( const void * ) &( pucData[ xFirstLength 
 281              		.loc 1 1110 3 is_stmt 1 discriminator 1 view .LVU71
 282              	.LBB103:
 283              	.LBI103:
 191:Middlewares/Third_Party/FreeRTOS/Source/portable/GCC/ARM_CM4F/portmacro.h **** {
 284              		.loc 2 191 30 view .LVU72
 285              	.LBB104:
 193:Middlewares/Third_Party/FreeRTOS/Source/portable/GCC/ARM_CM4F/portmacro.h **** 
 286              		.loc 2 193 1 view .LVU73
 287              		.loc 2 195 2 view .LVU74
 288              		.syntax unified
 289              	@ 195 "Middlewares/Third_Party/FreeRTOS/Source/portable/GCC/ARM_CM4F/portmacro.h" 1
 290 005c 4FF05003 			mov r3, #80												
 291 0060 83F31188 		msr basepri, r3											
 292 0064 BFF36F8F 		isb														
 293 0068 BFF34F8F 		dsb														
 294              	
 295              	@ 0 "" 2
 296              		.thumb
 297              		.syntax unified
 298              	.L14:
 299              	.LBE104:
 300              	.LBE103:
1110:Middlewares/Third_Party/FreeRTOS/Source/stream_buffer.c **** 		( void ) memcpy( ( void * ) pxStreamBuffer->pucBuffer, ( const void * ) &( pucData[ xFirstLength 
 301              		.loc 1 1110 3 view .LVU75
 302 006c FEE7     		b	.L14
 303              	.L13:
1110:Middlewares/Third_Party/FreeRTOS/Source/stream_buffer.c **** 		( void ) memcpy( ( void * ) pxStreamBuffer->pucBuffer, ( const void * ) &( pucData[ xFirstLength 
 304              		.loc 1 1110 71 view .LVU76
1111:Middlewares/Third_Party/FreeRTOS/Source/stream_buffer.c **** 	}
 305              		.loc 1 1111 3 view .LVU77
1111:Middlewares/Third_Party/FreeRTOS/Source/stream_buffer.c **** 	}
 306              		.loc 1 1111 12 is_stmt 0 view .LVU78
 307 006e 4946     		mov	r1, r9
 308 0070 3144     		add	r1, r1, r6
 309 0072 A069     		ldr	r0, [r4, #24]
ARM GAS  C:\Users\kalpe\AppData\Local\Temp\ccLk4XJd.s 			page 32


 310 0074 FFF7FEFF 		bl	memcpy
 311              	.LVL19:
 312              	.L12:
1115:Middlewares/Third_Party/FreeRTOS/Source/stream_buffer.c **** 	}
 313              		.loc 1 1115 27 is_stmt 1 view .LVU79
1118:Middlewares/Third_Party/FreeRTOS/Source/stream_buffer.c **** 	if( xNextHead >= pxStreamBuffer->xLength )
 314              		.loc 1 1118 2 view .LVU80
1118:Middlewares/Third_Party/FreeRTOS/Source/stream_buffer.c **** 	if( xNextHead >= pxStreamBuffer->xLength )
 315              		.loc 1 1118 12 is_stmt 0 view .LVU81
 316 0078 4544     		add	r5, r5, r8
 317              	.LVL20:
1119:Middlewares/Third_Party/FreeRTOS/Source/stream_buffer.c **** 	{
 318              		.loc 1 1119 2 is_stmt 1 view .LVU82
1119:Middlewares/Third_Party/FreeRTOS/Source/stream_buffer.c **** 	{
 319              		.loc 1 1119 33 is_stmt 0 view .LVU83
 320 007a A368     		ldr	r3, [r4, #8]
1119:Middlewares/Third_Party/FreeRTOS/Source/stream_buffer.c **** 	{
 321              		.loc 1 1119 4 view .LVU84
 322 007c AB42     		cmp	r3, r5
 323 007e 00D8     		bhi	.L15
1121:Middlewares/Third_Party/FreeRTOS/Source/stream_buffer.c **** 	}
 324              		.loc 1 1121 3 is_stmt 1 view .LVU85
1121:Middlewares/Third_Party/FreeRTOS/Source/stream_buffer.c **** 	}
 325              		.loc 1 1121 13 is_stmt 0 view .LVU86
 326 0080 ED1A     		subs	r5, r5, r3
 327              	.LVL21:
 328              	.L15:
1125:Middlewares/Third_Party/FreeRTOS/Source/stream_buffer.c **** 	}
 329              		.loc 1 1125 27 is_stmt 1 view .LVU87
1128:Middlewares/Third_Party/FreeRTOS/Source/stream_buffer.c **** 
 330              		.loc 1 1128 2 view .LVU88
1128:Middlewares/Third_Party/FreeRTOS/Source/stream_buffer.c **** 
 331              		.loc 1 1128 24 is_stmt 0 view .LVU89
 332 0082 6560     		str	r5, [r4, #4]
1130:Middlewares/Third_Party/FreeRTOS/Source/stream_buffer.c **** }
 333              		.loc 1 1130 2 is_stmt 1 view .LVU90
1131:Middlewares/Third_Party/FreeRTOS/Source/stream_buffer.c **** /*-----------------------------------------------------------*/
 334              		.loc 1 1131 1 is_stmt 0 view .LVU91
 335 0084 4046     		mov	r0, r8
 336 0086 BDE8F883 		pop	{r3, r4, r5, r6, r7, r8, r9, pc}
1131:Middlewares/Third_Party/FreeRTOS/Source/stream_buffer.c **** /*-----------------------------------------------------------*/
 337              		.loc 1 1131 1 view .LVU92
 338              		.cfi_endproc
 339              	.LFE22:
 341              		.section	.text.prvWriteMessageToBuffer,"ax",%progbits
 342              		.align	1
 343              		.syntax unified
 344              		.thumb
 345              		.thumb_func
 347              	prvWriteMessageToBuffer:
 348              	.LVL22:
 349              	.LFB13:
 666:Middlewares/Third_Party/FreeRTOS/Source/stream_buffer.c **** 	BaseType_t xShouldWrite;
 350              		.loc 1 666 1 is_stmt 1 view -0
 351              		.cfi_startproc
 352              		@ args = 4, pretend = 0, frame = 8
 353              		@ frame_needed = 0, uses_anonymous_args = 0
ARM GAS  C:\Users\kalpe\AppData\Local\Temp\ccLk4XJd.s 			page 33


 666:Middlewares/Third_Party/FreeRTOS/Source/stream_buffer.c **** 	BaseType_t xShouldWrite;
 354              		.loc 1 666 1 is_stmt 0 view .LVU94
 355 0000 30B5     		push	{r4, r5, lr}
 356              	.LCFI2:
 357              		.cfi_def_cfa_offset 12
 358              		.cfi_offset 4, -12
 359              		.cfi_offset 5, -8
 360              		.cfi_offset 14, -4
 361 0002 83B0     		sub	sp, sp, #12
 362              	.LCFI3:
 363              		.cfi_def_cfa_offset 24
 364 0004 8446     		mov	ip, r0
 365 0006 0446     		mov	r4, r0
 366 0008 0192     		str	r2, [sp, #4]
 667:Middlewares/Third_Party/FreeRTOS/Source/stream_buffer.c **** 	size_t xReturn;
 367              		.loc 1 667 2 is_stmt 1 view .LVU95
 668:Middlewares/Third_Party/FreeRTOS/Source/stream_buffer.c **** 
 368              		.loc 1 668 2 view .LVU96
 670:Middlewares/Third_Party/FreeRTOS/Source/stream_buffer.c **** 	{
 369              		.loc 1 670 2 view .LVU97
 670:Middlewares/Third_Party/FreeRTOS/Source/stream_buffer.c **** 	{
 370              		.loc 1 670 4 is_stmt 0 view .LVU98
 371 000a 1846     		mov	r0, r3
 372              	.LVL23:
 670:Middlewares/Third_Party/FreeRTOS/Source/stream_buffer.c **** 	{
 373              		.loc 1 670 4 view .LVU99
 374 000c 73B1     		cbz	r3, .L18
 375 000e 0D46     		mov	r5, r1
 676:Middlewares/Third_Party/FreeRTOS/Source/stream_buffer.c **** 	{
 376              		.loc 1 676 7 is_stmt 1 view .LVU100
 676:Middlewares/Third_Party/FreeRTOS/Source/stream_buffer.c **** 	{
 377              		.loc 1 676 27 is_stmt 0 view .LVU101
 378 0010 9CF81C30 		ldrb	r3, [ip, #28]	@ zero_extendqisi2
 379              	.LVL24:
 676:Middlewares/Third_Party/FreeRTOS/Source/stream_buffer.c **** 	{
 380              		.loc 1 676 9 view .LVU102
 381 0014 13F0010F 		tst	r3, #1
 382 0018 0AD1     		bne	.L19
 681:Middlewares/Third_Party/FreeRTOS/Source/stream_buffer.c **** 		xDataLengthBytes = configMIN( xDataLengthBytes, xSpace );
 383              		.loc 1 681 3 is_stmt 1 view .LVU103
 384              	.LVL25:
 682:Middlewares/Third_Party/FreeRTOS/Source/stream_buffer.c **** 	}
 385              		.loc 1 682 3 view .LVU104
 682:Middlewares/Third_Party/FreeRTOS/Source/stream_buffer.c **** 	}
 386              		.loc 1 682 22 is_stmt 0 view .LVU105
 387 001a 9042     		cmp	r0, r2
 388 001c 28BF     		it	cs
 389 001e 1046     		movcs	r0, r2
 390              	.LVL26:
 682:Middlewares/Third_Party/FreeRTOS/Source/stream_buffer.c **** 	}
 391              		.loc 1 682 20 view .LVU106
 392 0020 0190     		str	r0, [sp, #4]
 699:Middlewares/Third_Party/FreeRTOS/Source/stream_buffer.c **** 	{
 393              		.loc 1 699 2 is_stmt 1 view .LVU107
 394              	.LVL27:
 395              	.L20:
 702:Middlewares/Third_Party/FreeRTOS/Source/stream_buffer.c **** 	}
ARM GAS  C:\Users\kalpe\AppData\Local\Temp\ccLk4XJd.s 			page 34


 396              		.loc 1 702 3 view .LVU108
 702:Middlewares/Third_Party/FreeRTOS/Source/stream_buffer.c **** 	}
 397              		.loc 1 702 13 is_stmt 0 view .LVU109
 398 0022 019A     		ldr	r2, [sp, #4]
 399 0024 2946     		mov	r1, r5
 400 0026 2046     		mov	r0, r4
 401 0028 FFF7FEFF 		bl	prvWriteBytesToBuffer
 402              	.LVL28:
 403              	.L18:
 709:Middlewares/Third_Party/FreeRTOS/Source/stream_buffer.c **** }
 404              		.loc 1 709 2 is_stmt 1 view .LVU110
 710:Middlewares/Third_Party/FreeRTOS/Source/stream_buffer.c **** /*-----------------------------------------------------------*/
 405              		.loc 1 710 1 is_stmt 0 view .LVU111
 406 002c 03B0     		add	sp, sp, #12
 407              	.LCFI4:
 408              		.cfi_remember_state
 409              		.cfi_def_cfa_offset 12
 410              		@ sp needed
 411 002e 30BD     		pop	{r4, r5, pc}
 412              	.LVL29:
 413              	.L19:
 414              	.LCFI5:
 415              		.cfi_restore_state
 684:Middlewares/Third_Party/FreeRTOS/Source/stream_buffer.c **** 	{
 416              		.loc 1 684 7 is_stmt 1 view .LVU112
 684:Middlewares/Third_Party/FreeRTOS/Source/stream_buffer.c **** 	{
 417              		.loc 1 684 9 is_stmt 0 view .LVU113
 418 0030 069B     		ldr	r3, [sp, #24]
 419 0032 9842     		cmp	r0, r3
 420 0034 01D2     		bcs	.L23
 706:Middlewares/Third_Party/FreeRTOS/Source/stream_buffer.c **** 	}
 421              		.loc 1 706 11 view .LVU114
 422 0036 0020     		movs	r0, #0
 423              	.LVL30:
 706:Middlewares/Third_Party/FreeRTOS/Source/stream_buffer.c **** 	}
 424              		.loc 1 706 11 view .LVU115
 425 0038 F8E7     		b	.L18
 426              	.LVL31:
 427              	.L23:
 690:Middlewares/Third_Party/FreeRTOS/Source/stream_buffer.c **** 		( void ) prvWriteBytesToBuffer( pxStreamBuffer, ( const uint8_t * ) &( xDataLengthBytes ), sbBYTE
 428              		.loc 1 690 3 is_stmt 1 view .LVU116
 691:Middlewares/Third_Party/FreeRTOS/Source/stream_buffer.c **** 	}
 429              		.loc 1 691 3 view .LVU117
 691:Middlewares/Third_Party/FreeRTOS/Source/stream_buffer.c **** 	}
 430              		.loc 1 691 12 is_stmt 0 view .LVU118
 431 003a 0422     		movs	r2, #4
 432              	.LVL32:
 691:Middlewares/Third_Party/FreeRTOS/Source/stream_buffer.c **** 	}
 433              		.loc 1 691 12 view .LVU119
 434 003c 0DEB0201 		add	r1, sp, r2
 435              	.LVL33:
 691:Middlewares/Third_Party/FreeRTOS/Source/stream_buffer.c **** 	}
 436              		.loc 1 691 12 view .LVU120
 437 0040 6046     		mov	r0, ip
 438              	.LVL34:
 691:Middlewares/Third_Party/FreeRTOS/Source/stream_buffer.c **** 	}
 439              		.loc 1 691 12 view .LVU121
ARM GAS  C:\Users\kalpe\AppData\Local\Temp\ccLk4XJd.s 			page 35


 440 0042 FFF7FEFF 		bl	prvWriteBytesToBuffer
 441              	.LVL35:
 699:Middlewares/Third_Party/FreeRTOS/Source/stream_buffer.c **** 	{
 442              		.loc 1 699 2 is_stmt 1 view .LVU122
 443 0046 ECE7     		b	.L20
 444              		.cfi_endproc
 445              	.LFE13:
 447              		.section	.text.prvReadBytesFromBuffer,"ax",%progbits
 448              		.align	1
 449              		.syntax unified
 450              		.thumb
 451              		.thumb_func
 453              	prvReadBytesFromBuffer:
 454              	.LVL36:
 455              	.LFB23:
1135:Middlewares/Third_Party/FreeRTOS/Source/stream_buffer.c **** size_t xCount, xFirstLength, xNextTail;
 456              		.loc 1 1135 1 view -0
 457              		.cfi_startproc
 458              		@ args = 0, pretend = 0, frame = 0
 459              		@ frame_needed = 0, uses_anonymous_args = 0
1135:Middlewares/Third_Party/FreeRTOS/Source/stream_buffer.c **** size_t xCount, xFirstLength, xNextTail;
 460              		.loc 1 1135 1 is_stmt 0 view .LVU124
 461 0000 2DE9F843 		push	{r3, r4, r5, r6, r7, r8, r9, lr}
 462              	.LCFI6:
 463              		.cfi_def_cfa_offset 32
 464              		.cfi_offset 3, -32
 465              		.cfi_offset 4, -28
 466              		.cfi_offset 5, -24
 467              		.cfi_offset 6, -20
 468              		.cfi_offset 7, -16
 469              		.cfi_offset 8, -12
 470              		.cfi_offset 9, -8
 471              		.cfi_offset 14, -4
1136:Middlewares/Third_Party/FreeRTOS/Source/stream_buffer.c **** 
 472              		.loc 1 1136 1 is_stmt 1 view .LVU125
1139:Middlewares/Third_Party/FreeRTOS/Source/stream_buffer.c **** 
 473              		.loc 1 1139 2 view .LVU126
1139:Middlewares/Third_Party/FreeRTOS/Source/stream_buffer.c **** 
 474              		.loc 1 1139 9 is_stmt 0 view .LVU127
 475 0004 1C46     		mov	r4, r3
 476 0006 9342     		cmp	r3, r2
 477 0008 28BF     		it	cs
 478 000a 1446     		movcs	r4, r2
 479              	.LVL37:
1141:Middlewares/Third_Party/FreeRTOS/Source/stream_buffer.c **** 	{
 480              		.loc 1 1141 2 is_stmt 1 view .LVU128
1141:Middlewares/Third_Party/FreeRTOS/Source/stream_buffer.c **** 	{
 481              		.loc 1 1141 4 is_stmt 0 view .LVU129
 482 000c 8CB3     		cbz	r4, .L24
 483 000e 0546     		mov	r5, r0
 484 0010 0E46     		mov	r6, r1
1143:Middlewares/Third_Party/FreeRTOS/Source/stream_buffer.c **** 
 485              		.loc 1 1143 3 is_stmt 1 view .LVU130
1143:Middlewares/Third_Party/FreeRTOS/Source/stream_buffer.c **** 
 486              		.loc 1 1143 13 is_stmt 0 view .LVU131
 487 0012 0168     		ldr	r1, [r0]
 488              	.LVL38:
ARM GAS  C:\Users\kalpe\AppData\Local\Temp\ccLk4XJd.s 			page 36


1143:Middlewares/Third_Party/FreeRTOS/Source/stream_buffer.c **** 
 489              		.loc 1 1143 13 view .LVU132
 490 0014 0F46     		mov	r7, r1
 491              	.LVL39:
1148:Middlewares/Third_Party/FreeRTOS/Source/stream_buffer.c **** 
 492              		.loc 1 1148 3 is_stmt 1 view .LVU133
1148:Middlewares/Third_Party/FreeRTOS/Source/stream_buffer.c **** 
 493              		.loc 1 1148 18 is_stmt 0 view .LVU134
 494 0016 8368     		ldr	r3, [r0, #8]
 495              	.LVL40:
1148:Middlewares/Third_Party/FreeRTOS/Source/stream_buffer.c **** 
 496              		.loc 1 1148 18 view .LVU135
 497 0018 591A     		subs	r1, r3, r1
 498              	.LVL41:
1148:Middlewares/Third_Party/FreeRTOS/Source/stream_buffer.c **** 
 499              		.loc 1 1148 18 view .LVU136
 500 001a 8946     		mov	r9, r1
1148:Middlewares/Third_Party/FreeRTOS/Source/stream_buffer.c **** 
 501              		.loc 1 1148 16 view .LVU137
 502 001c A142     		cmp	r1, r4
 503 001e 28BF     		it	cs
 504 0020 2146     		movcs	r1, r4
 505 0022 8846     		mov	r8, r1
 506              	.LVL42:
1152:Middlewares/Third_Party/FreeRTOS/Source/stream_buffer.c **** 		configASSERT( ( xNextTail + xFirstLength ) <= pxStreamBuffer->xLength );
 507              		.loc 1 1152 3 is_stmt 1 view .LVU138
 508 0024 8A42     		cmp	r2, r1
 509 0026 08D2     		bcs	.L26
1152:Middlewares/Third_Party/FreeRTOS/Source/stream_buffer.c **** 		configASSERT( ( xNextTail + xFirstLength ) <= pxStreamBuffer->xLength );
 510              		.loc 1 1152 3 discriminator 1 view .LVU139
 511              	.LBB105:
 512              	.LBI105:
 191:Middlewares/Third_Party/FreeRTOS/Source/portable/GCC/ARM_CM4F/portmacro.h **** {
 513              		.loc 2 191 30 view .LVU140
 514              	.LBB106:
 193:Middlewares/Third_Party/FreeRTOS/Source/portable/GCC/ARM_CM4F/portmacro.h **** 
 515              		.loc 2 193 1 view .LVU141
 516              		.loc 2 195 2 view .LVU142
 517              		.syntax unified
 518              	@ 195 "Middlewares/Third_Party/FreeRTOS/Source/portable/GCC/ARM_CM4F/portmacro.h" 1
 519 0028 4FF05003 			mov r3, #80												
 520 002c 83F31188 		msr basepri, r3											
 521 0030 BFF36F8F 		isb														
 522 0034 BFF34F8F 		dsb														
 523              	
 524              	@ 0 "" 2
 525              		.thumb
 526              		.syntax unified
 527              	.L27:
 528              	.LBE106:
 529              	.LBE105:
1152:Middlewares/Third_Party/FreeRTOS/Source/stream_buffer.c **** 		configASSERT( ( xNextTail + xFirstLength ) <= pxStreamBuffer->xLength );
 530              		.loc 1 1152 3 view .LVU143
 531 0038 FEE7     		b	.L27
 532              	.L26:
1152:Middlewares/Third_Party/FreeRTOS/Source/stream_buffer.c **** 		configASSERT( ( xNextTail + xFirstLength ) <= pxStreamBuffer->xLength );
 533              		.loc 1 1152 44 view .LVU144
ARM GAS  C:\Users\kalpe\AppData\Local\Temp\ccLk4XJd.s 			page 37


1153:Middlewares/Third_Party/FreeRTOS/Source/stream_buffer.c **** 		( void ) memcpy( ( void * ) pucData, ( const void * ) &( pxStreamBuffer->pucBuffer[ xNextTail ] )
 534              		.loc 1 1153 3 view .LVU145
 535 003a 3A46     		mov	r2, r7
 536              	.LVL43:
1153:Middlewares/Third_Party/FreeRTOS/Source/stream_buffer.c **** 		( void ) memcpy( ( void * ) pucData, ( const void * ) &( pxStreamBuffer->pucBuffer[ xNextTail ] )
 537              		.loc 1 1153 3 is_stmt 0 view .LVU146
 538 003c 0A44     		add	r2, r2, r1
 539 003e 9342     		cmp	r3, r2
 540 0040 08D2     		bcs	.L28
1153:Middlewares/Third_Party/FreeRTOS/Source/stream_buffer.c **** 		( void ) memcpy( ( void * ) pucData, ( const void * ) &( pxStreamBuffer->pucBuffer[ xNextTail ] )
 541              		.loc 1 1153 3 is_stmt 1 discriminator 1 view .LVU147
 542              	.LBB107:
 543              	.LBI107:
 191:Middlewares/Third_Party/FreeRTOS/Source/portable/GCC/ARM_CM4F/portmacro.h **** {
 544              		.loc 2 191 30 view .LVU148
 545              	.LBB108:
 193:Middlewares/Third_Party/FreeRTOS/Source/portable/GCC/ARM_CM4F/portmacro.h **** 
 546              		.loc 2 193 1 view .LVU149
 547              		.loc 2 195 2 view .LVU150
 548              		.syntax unified
 549              	@ 195 "Middlewares/Third_Party/FreeRTOS/Source/portable/GCC/ARM_CM4F/portmacro.h" 1
 550 0042 4FF05003 			mov r3, #80												
 551 0046 83F31188 		msr basepri, r3											
 552 004a BFF36F8F 		isb														
 553 004e BFF34F8F 		dsb														
 554              	
 555              	@ 0 "" 2
 556              		.thumb
 557              		.syntax unified
 558              	.L29:
 559              	.LBE108:
 560              	.LBE107:
1153:Middlewares/Third_Party/FreeRTOS/Source/stream_buffer.c **** 		( void ) memcpy( ( void * ) pucData, ( const void * ) &( pxStreamBuffer->pucBuffer[ xNextTail ] )
 561              		.loc 1 1153 3 view .LVU151
 562 0052 FEE7     		b	.L29
 563              	.L28:
1153:Middlewares/Third_Party/FreeRTOS/Source/stream_buffer.c **** 		( void ) memcpy( ( void * ) pucData, ( const void * ) &( pxStreamBuffer->pucBuffer[ xNextTail ] )
 564              		.loc 1 1153 74 view .LVU152
1154:Middlewares/Third_Party/FreeRTOS/Source/stream_buffer.c **** 
 565              		.loc 1 1154 3 view .LVU153
1154:Middlewares/Third_Party/FreeRTOS/Source/stream_buffer.c **** 
 566              		.loc 1 1154 74 is_stmt 0 view .LVU154
 567 0054 8169     		ldr	r1, [r0, #24]
 568              	.LVL44:
1154:Middlewares/Third_Party/FreeRTOS/Source/stream_buffer.c **** 
 569              		.loc 1 1154 12 view .LVU155
 570 0056 4246     		mov	r2, r8
 571 0058 3944     		add	r1, r1, r7
 572 005a 3046     		mov	r0, r6
 573              	.LVL45:
1154:Middlewares/Third_Party/FreeRTOS/Source/stream_buffer.c **** 
 574              		.loc 1 1154 12 view .LVU156
 575 005c FFF7FEFF 		bl	memcpy
 576              	.LVL46:
1158:Middlewares/Third_Party/FreeRTOS/Source/stream_buffer.c **** 		{
 577              		.loc 1 1158 3 is_stmt 1 view .LVU157
1158:Middlewares/Third_Party/FreeRTOS/Source/stream_buffer.c **** 		{
ARM GAS  C:\Users\kalpe\AppData\Local\Temp\ccLk4XJd.s 			page 38


 578              		.loc 1 1158 5 is_stmt 0 view .LVU158
 579 0060 A145     		cmp	r9, r4
 580 0062 09D3     		bcc	.L33
 581              	.L30:
1166:Middlewares/Third_Party/FreeRTOS/Source/stream_buffer.c **** 		}
 582              		.loc 1 1166 28 is_stmt 1 view .LVU159
1171:Middlewares/Third_Party/FreeRTOS/Source/stream_buffer.c **** 
 583              		.loc 1 1171 3 view .LVU160
1171:Middlewares/Third_Party/FreeRTOS/Source/stream_buffer.c **** 
 584              		.loc 1 1171 13 is_stmt 0 view .LVU161
 585 0064 3B46     		mov	r3, r7
 586 0066 2344     		add	r3, r3, r4
 587              	.LVL47:
1173:Middlewares/Third_Party/FreeRTOS/Source/stream_buffer.c **** 		{
 588              		.loc 1 1173 3 is_stmt 1 view .LVU162
1173:Middlewares/Third_Party/FreeRTOS/Source/stream_buffer.c **** 		{
 589              		.loc 1 1173 34 is_stmt 0 view .LVU163
 590 0068 AA68     		ldr	r2, [r5, #8]
1173:Middlewares/Third_Party/FreeRTOS/Source/stream_buffer.c **** 		{
 591              		.loc 1 1173 5 view .LVU164
 592 006a 9A42     		cmp	r2, r3
 593 006c 00D8     		bhi	.L31
1175:Middlewares/Third_Party/FreeRTOS/Source/stream_buffer.c **** 		}
 594              		.loc 1 1175 4 is_stmt 1 view .LVU165
1175:Middlewares/Third_Party/FreeRTOS/Source/stream_buffer.c **** 		}
 595              		.loc 1 1175 14 is_stmt 0 view .LVU166
 596 006e 9B1A     		subs	r3, r3, r2
 597              	.LVL48:
 598              	.L31:
1178:Middlewares/Third_Party/FreeRTOS/Source/stream_buffer.c **** 	}
 599              		.loc 1 1178 3 is_stmt 1 view .LVU167
1178:Middlewares/Third_Party/FreeRTOS/Source/stream_buffer.c **** 	}
 600              		.loc 1 1178 25 is_stmt 0 view .LVU168
 601 0070 2B60     		str	r3, [r5]
1182:Middlewares/Third_Party/FreeRTOS/Source/stream_buffer.c **** 	}
 602              		.loc 1 1182 27 is_stmt 1 view .LVU169
1185:Middlewares/Third_Party/FreeRTOS/Source/stream_buffer.c **** }
 603              		.loc 1 1185 2 view .LVU170
 604              	.LVL49:
 605              	.L24:
1186:Middlewares/Third_Party/FreeRTOS/Source/stream_buffer.c **** /*-----------------------------------------------------------*/
 606              		.loc 1 1186 1 is_stmt 0 view .LVU171
 607 0072 2046     		mov	r0, r4
 608 0074 BDE8F883 		pop	{r3, r4, r5, r6, r7, r8, r9, pc}
 609              	.LVL50:
 610              	.L33:
1161:Middlewares/Third_Party/FreeRTOS/Source/stream_buffer.c **** 			( void ) memcpy( ( void * ) &( pucData[ xFirstLength ] ), ( void * ) ( pxStreamBuffer->pucBuffer
 611              		.loc 1 1161 4 is_stmt 1 view .LVU172
1161:Middlewares/Third_Party/FreeRTOS/Source/stream_buffer.c **** 			( void ) memcpy( ( void * ) &( pucData[ xFirstLength ] ), ( void * ) ( pxStreamBuffer->pucBuffer
 612              		.loc 1 1161 39 view .LVU173
1162:Middlewares/Third_Party/FreeRTOS/Source/stream_buffer.c **** 		}
 613              		.loc 1 1162 4 view .LVU174
1162:Middlewares/Third_Party/FreeRTOS/Source/stream_buffer.c **** 		}
 614              		.loc 1 1162 13 is_stmt 0 view .LVU175
 615 0078 4346     		mov	r3, r8
 616 007a E21A     		subs	r2, r4, r3
 617 007c A969     		ldr	r1, [r5, #24]
ARM GAS  C:\Users\kalpe\AppData\Local\Temp\ccLk4XJd.s 			page 39


 618 007e 3046     		mov	r0, r6
 619 0080 4044     		add	r0, r0, r8
 620 0082 FFF7FEFF 		bl	memcpy
 621              	.LVL51:
 622 0086 EDE7     		b	.L30
 623              		.cfi_endproc
 624              	.LFE23:
 626              		.section	.text.prvReadMessageFromBuffer,"ax",%progbits
 627              		.align	1
 628              		.syntax unified
 629              		.thumb
 630              		.thumb_func
 632              	prvReadMessageFromBuffer:
 633              	.LVL52:
 634              	.LFB17:
 923:Middlewares/Third_Party/FreeRTOS/Source/stream_buffer.c **** size_t xOriginalTail, xReceivedLength, xNextMessageLength;
 635              		.loc 1 923 1 is_stmt 1 view -0
 636              		.cfi_startproc
 637              		@ args = 4, pretend = 0, frame = 8
 638              		@ frame_needed = 0, uses_anonymous_args = 0
 923:Middlewares/Third_Party/FreeRTOS/Source/stream_buffer.c **** size_t xOriginalTail, xReceivedLength, xNextMessageLength;
 639              		.loc 1 923 1 is_stmt 0 view .LVU177
 640 0000 2DE9F041 		push	{r4, r5, r6, r7, r8, lr}
 641              	.LCFI7:
 642              		.cfi_def_cfa_offset 24
 643              		.cfi_offset 4, -24
 644              		.cfi_offset 5, -20
 645              		.cfi_offset 6, -16
 646              		.cfi_offset 7, -12
 647              		.cfi_offset 8, -8
 648              		.cfi_offset 14, -4
 649 0004 82B0     		sub	sp, sp, #8
 650              	.LCFI8:
 651              		.cfi_def_cfa_offset 32
 652 0006 0646     		mov	r6, r0
 653 0008 8846     		mov	r8, r1
 654 000a 1746     		mov	r7, r2
 655 000c 1946     		mov	r1, r3
 656              	.LVL53:
 924:Middlewares/Third_Party/FreeRTOS/Source/stream_buffer.c **** configMESSAGE_BUFFER_LENGTH_TYPE xTempNextMessageLength;
 657              		.loc 1 924 1 is_stmt 1 view .LVU178
 925:Middlewares/Third_Party/FreeRTOS/Source/stream_buffer.c **** 
 658              		.loc 1 925 1 view .LVU179
 927:Middlewares/Third_Party/FreeRTOS/Source/stream_buffer.c **** 	{
 659              		.loc 1 927 2 view .LVU180
 927:Middlewares/Third_Party/FreeRTOS/Source/stream_buffer.c **** 	{
 660              		.loc 1 927 4 is_stmt 0 view .LVU181
 661 000e 089B     		ldr	r3, [sp, #32]
 662              	.LVL54:
 927:Middlewares/Third_Party/FreeRTOS/Source/stream_buffer.c **** 	{
 663              		.loc 1 927 4 view .LVU182
 664 0010 43B9     		cbnz	r3, .L38
 665              	.LVL55:
 666              	.L35:
 964:Middlewares/Third_Party/FreeRTOS/Source/stream_buffer.c **** 
 667              		.loc 1 964 2 is_stmt 1 view .LVU183
 964:Middlewares/Third_Party/FreeRTOS/Source/stream_buffer.c **** 
ARM GAS  C:\Users\kalpe\AppData\Local\Temp\ccLk4XJd.s 			page 40


 668              		.loc 1 964 20 is_stmt 0 view .LVU184
 669 0012 0B46     		mov	r3, r1
 670 0014 3A46     		mov	r2, r7
 671 0016 4146     		mov	r1, r8
 672              	.LVL56:
 964:Middlewares/Third_Party/FreeRTOS/Source/stream_buffer.c **** 
 673              		.loc 1 964 20 view .LVU185
 674 0018 3046     		mov	r0, r6
 675 001a FFF7FEFF 		bl	prvReadBytesFromBuffer
 676              	.LVL57:
 966:Middlewares/Third_Party/FreeRTOS/Source/stream_buffer.c **** }
 677              		.loc 1 966 2 is_stmt 1 view .LVU186
 967:Middlewares/Third_Party/FreeRTOS/Source/stream_buffer.c **** /*-----------------------------------------------------------*/
 678              		.loc 1 967 1 is_stmt 0 view .LVU187
 679 001e 02B0     		add	sp, sp, #8
 680              	.LCFI9:
 681              		.cfi_remember_state
 682              		.cfi_def_cfa_offset 24
 683              		@ sp needed
 684 0020 BDE8F081 		pop	{r4, r5, r6, r7, r8, pc}
 685              	.LVL58:
 686              	.L38:
 687              	.LCFI10:
 688              		.cfi_restore_state
 933:Middlewares/Third_Party/FreeRTOS/Source/stream_buffer.c **** 		( void ) prvReadBytesFromBuffer( pxStreamBuffer, ( uint8_t * ) &xTempNextMessageLength, xBytesToS
 689              		.loc 1 933 3 is_stmt 1 view .LVU188
 933:Middlewares/Third_Party/FreeRTOS/Source/stream_buffer.c **** 		( void ) prvReadBytesFromBuffer( pxStreamBuffer, ( uint8_t * ) &xTempNextMessageLength, xBytesToS
 690              		.loc 1 933 17 is_stmt 0 view .LVU189
 691 0024 0468     		ldr	r4, [r0]
 692              	.LVL59:
 934:Middlewares/Third_Party/FreeRTOS/Source/stream_buffer.c **** 		xNextMessageLength = ( size_t ) xTempNextMessageLength;
 693              		.loc 1 934 3 is_stmt 1 view .LVU190
 934:Middlewares/Third_Party/FreeRTOS/Source/stream_buffer.c **** 		xNextMessageLength = ( size_t ) xTempNextMessageLength;
 694              		.loc 1 934 12 is_stmt 0 view .LVU191
 695 0026 0D46     		mov	r5, r1
 696 0028 0B46     		mov	r3, r1
 697 002a 089A     		ldr	r2, [sp, #32]
 698              	.LVL60:
 934:Middlewares/Third_Party/FreeRTOS/Source/stream_buffer.c **** 		xNextMessageLength = ( size_t ) xTempNextMessageLength;
 699              		.loc 1 934 12 view .LVU192
 700 002c 01A9     		add	r1, sp, #4
 701              	.LVL61:
 934:Middlewares/Third_Party/FreeRTOS/Source/stream_buffer.c **** 		xNextMessageLength = ( size_t ) xTempNextMessageLength;
 702              		.loc 1 934 12 view .LVU193
 703 002e FFF7FEFF 		bl	prvReadBytesFromBuffer
 704              	.LVL62:
 935:Middlewares/Third_Party/FreeRTOS/Source/stream_buffer.c **** 
 705              		.loc 1 935 3 is_stmt 1 view .LVU194
 935:Middlewares/Third_Party/FreeRTOS/Source/stream_buffer.c **** 
 706              		.loc 1 935 22 is_stmt 0 view .LVU195
 707 0032 019B     		ldr	r3, [sp, #4]
 708              	.LVL63:
 939:Middlewares/Third_Party/FreeRTOS/Source/stream_buffer.c **** 
 709              		.loc 1 939 3 is_stmt 1 view .LVU196
 939:Middlewares/Third_Party/FreeRTOS/Source/stream_buffer.c **** 
 710              		.loc 1 939 19 is_stmt 0 view .LVU197
 711 0034 0899     		ldr	r1, [sp, #32]
ARM GAS  C:\Users\kalpe\AppData\Local\Temp\ccLk4XJd.s 			page 41


 712 0036 6A1A     		subs	r2, r5, r1
 713 0038 1146     		mov	r1, r2
 714              	.LVL64:
 943:Middlewares/Third_Party/FreeRTOS/Source/stream_buffer.c **** 		{
 715              		.loc 1 943 3 is_stmt 1 view .LVU198
 943:Middlewares/Third_Party/FreeRTOS/Source/stream_buffer.c **** 		{
 716              		.loc 1 943 5 is_stmt 0 view .LVU199
 717 003a 9F42     		cmp	r7, r3
 718 003c 03D2     		bcs	.L36
 948:Middlewares/Third_Party/FreeRTOS/Source/stream_buffer.c **** 			xNextMessageLength = 0;
 719              		.loc 1 948 4 is_stmt 1 view .LVU200
 948:Middlewares/Third_Party/FreeRTOS/Source/stream_buffer.c **** 			xNextMessageLength = 0;
 720              		.loc 1 948 26 is_stmt 0 view .LVU201
 721 003e 3460     		str	r4, [r6]
 949:Middlewares/Third_Party/FreeRTOS/Source/stream_buffer.c **** 		}
 722              		.loc 1 949 4 is_stmt 1 view .LVU202
 723              	.LVL65:
 949:Middlewares/Third_Party/FreeRTOS/Source/stream_buffer.c **** 		}
 724              		.loc 1 949 23 is_stmt 0 view .LVU203
 725 0040 0023     		movs	r3, #0
 726 0042 1F46     		mov	r7, r3
 727              	.LVL66:
 949:Middlewares/Third_Party/FreeRTOS/Source/stream_buffer.c **** 		}
 728              		.loc 1 949 23 view .LVU204
 729 0044 E5E7     		b	.L35
 730              	.LVL67:
 731              	.L36:
 935:Middlewares/Third_Party/FreeRTOS/Source/stream_buffer.c **** 
 732              		.loc 1 935 22 view .LVU205
 733 0046 1F46     		mov	r7, r3
 734              	.LVL68:
 935:Middlewares/Third_Party/FreeRTOS/Source/stream_buffer.c **** 
 735              		.loc 1 935 22 view .LVU206
 736 0048 E3E7     		b	.L35
 737              		.cfi_endproc
 738              	.LFE17:
 740              		.section	.text.xStreamBufferGenericCreate,"ax",%progbits
 741              		.align	1
 742              		.global	xStreamBufferGenericCreate
 743              		.syntax unified
 744              		.thumb
 745              		.thumb_func
 747              	xStreamBufferGenericCreate:
 748              	.LVL69:
 749              	.LFB4:
 220:Middlewares/Third_Party/FreeRTOS/Source/stream_buffer.c **** 	uint8_t *pucAllocatedMemory;
 750              		.loc 1 220 2 is_stmt 1 view -0
 751              		.cfi_startproc
 752              		@ args = 0, pretend = 0, frame = 0
 753              		@ frame_needed = 0, uses_anonymous_args = 0
 220:Middlewares/Third_Party/FreeRTOS/Source/stream_buffer.c **** 	uint8_t *pucAllocatedMemory;
 754              		.loc 1 220 2 is_stmt 0 view .LVU208
 755 0000 F0B5     		push	{r4, r5, r6, r7, lr}
 756              	.LCFI11:
 757              		.cfi_def_cfa_offset 20
 758              		.cfi_offset 4, -20
 759              		.cfi_offset 5, -16
ARM GAS  C:\Users\kalpe\AppData\Local\Temp\ccLk4XJd.s 			page 42


 760              		.cfi_offset 6, -12
 761              		.cfi_offset 7, -8
 762              		.cfi_offset 14, -4
 763 0002 83B0     		sub	sp, sp, #12
 764              	.LCFI12:
 765              		.cfi_def_cfa_offset 32
 766 0004 0D46     		mov	r5, r1
 221:Middlewares/Third_Party/FreeRTOS/Source/stream_buffer.c **** 	uint8_t ucFlags;
 767              		.loc 1 221 2 is_stmt 1 view .LVU209
 222:Middlewares/Third_Party/FreeRTOS/Source/stream_buffer.c **** 
 768              		.loc 1 222 2 view .LVU210
 228:Middlewares/Third_Party/FreeRTOS/Source/stream_buffer.c **** 		{
 769              		.loc 1 228 3 view .LVU211
 228:Middlewares/Third_Party/FreeRTOS/Source/stream_buffer.c **** 		{
 770              		.loc 1 228 5 is_stmt 0 view .LVU212
 771 0006 012A     		cmp	r2, #1
 772 0008 09D0     		beq	.L52
 237:Middlewares/Third_Party/FreeRTOS/Source/stream_buffer.c **** 			configASSERT( xBufferSizeBytes > 0 );
 773              		.loc 1 237 4 is_stmt 1 view .LVU213
 774              	.LVL70:
 238:Middlewares/Third_Party/FreeRTOS/Source/stream_buffer.c **** 		}
 775              		.loc 1 238 4 view .LVU214
 776 000a B0B9     		cbnz	r0, .L49
 238:Middlewares/Third_Party/FreeRTOS/Source/stream_buffer.c **** 		}
 777              		.loc 1 238 4 discriminator 1 view .LVU215
 778              	.LBB109:
 779              	.LBI109:
 191:Middlewares/Third_Party/FreeRTOS/Source/portable/GCC/ARM_CM4F/portmacro.h **** {
 780              		.loc 2 191 30 view .LVU216
 781              	.LBB110:
 193:Middlewares/Third_Party/FreeRTOS/Source/portable/GCC/ARM_CM4F/portmacro.h **** 
 782              		.loc 2 193 1 view .LVU217
 783              		.loc 2 195 2 view .LVU218
 784              		.syntax unified
 785              	@ 195 "Middlewares/Third_Party/FreeRTOS/Source/portable/GCC/ARM_CM4F/portmacro.h" 1
 786 000c 4FF05003 			mov r3, #80												
 787 0010 83F31188 		msr basepri, r3											
 788 0014 BFF36F8F 		isb														
 789 0018 BFF34F8F 		dsb														
 790              	
 791              	@ 0 "" 2
 792              		.thumb
 793              		.syntax unified
 794              	.L43:
 795              	.LBE110:
 796              	.LBE109:
 238:Middlewares/Third_Party/FreeRTOS/Source/stream_buffer.c **** 		}
 797              		.loc 1 238 4 view .LVU219
 798 001c FEE7     		b	.L43
 799              	.LVL71:
 800              	.L52:
 231:Middlewares/Third_Party/FreeRTOS/Source/stream_buffer.c **** 			configASSERT( xBufferSizeBytes > sbBYTES_TO_STORE_MESSAGE_LENGTH );
 801              		.loc 1 231 4 view .LVU220
 232:Middlewares/Third_Party/FreeRTOS/Source/stream_buffer.c **** 		}
 802              		.loc 1 232 4 view .LVU221
 803 001e 0428     		cmp	r0, #4
 804 0020 08D8     		bhi	.L48
ARM GAS  C:\Users\kalpe\AppData\Local\Temp\ccLk4XJd.s 			page 43


 232:Middlewares/Third_Party/FreeRTOS/Source/stream_buffer.c **** 		}
 805              		.loc 1 232 4 discriminator 1 view .LVU222
 806              	.LBB111:
 807              	.LBI111:
 191:Middlewares/Third_Party/FreeRTOS/Source/portable/GCC/ARM_CM4F/portmacro.h **** {
 808              		.loc 2 191 30 view .LVU223
 809              	.LBB112:
 193:Middlewares/Third_Party/FreeRTOS/Source/portable/GCC/ARM_CM4F/portmacro.h **** 
 810              		.loc 2 193 1 view .LVU224
 811              		.loc 2 195 2 view .LVU225
 812              		.syntax unified
 813              	@ 195 "Middlewares/Third_Party/FreeRTOS/Source/portable/GCC/ARM_CM4F/portmacro.h" 1
 814 0022 4FF05003 			mov r3, #80												
 815 0026 83F31188 		msr basepri, r3											
 816 002a BFF36F8F 		isb														
 817 002e BFF34F8F 		dsb														
 818              	
 819              	@ 0 "" 2
 820              		.thumb
 821              		.syntax unified
 822              	.L42:
 823              	.LBE112:
 824              	.LBE111:
 232:Middlewares/Third_Party/FreeRTOS/Source/stream_buffer.c **** 		}
 825              		.loc 1 232 4 view .LVU226
 826 0032 FEE7     		b	.L42
 827              	.L48:
 231:Middlewares/Third_Party/FreeRTOS/Source/stream_buffer.c **** 			configASSERT( xBufferSizeBytes > sbBYTES_TO_STORE_MESSAGE_LENGTH );
 828              		.loc 1 231 12 is_stmt 0 view .LVU227
 829 0034 0123     		movs	r3, #1
 830 0036 1E46     		mov	r6, r3
 831 0038 01E0     		b	.L41
 832              	.LVL72:
 833              	.L49:
 237:Middlewares/Third_Party/FreeRTOS/Source/stream_buffer.c **** 			configASSERT( xBufferSizeBytes > 0 );
 834              		.loc 1 237 12 view .LVU228
 835 003a 0023     		movs	r3, #0
 836 003c 1E46     		mov	r6, r3
 837              	.LVL73:
 838              	.L41:
 238:Middlewares/Third_Party/FreeRTOS/Source/stream_buffer.c **** 		}
 839              		.loc 1 238 40 is_stmt 1 view .LVU229
 240:Middlewares/Third_Party/FreeRTOS/Source/stream_buffer.c **** 
 840              		.loc 1 240 3 view .LVU230
 841 003e A842     		cmp	r0, r5
 842 0040 08D2     		bcs	.L44
 240:Middlewares/Third_Party/FreeRTOS/Source/stream_buffer.c **** 
 843              		.loc 1 240 3 discriminator 1 view .LVU231
 844              	.LBB113:
 845              	.LBI113:
 191:Middlewares/Third_Party/FreeRTOS/Source/portable/GCC/ARM_CM4F/portmacro.h **** {
 846              		.loc 2 191 30 view .LVU232
 847              	.LBB114:
 193:Middlewares/Third_Party/FreeRTOS/Source/portable/GCC/ARM_CM4F/portmacro.h **** 
 848              		.loc 2 193 1 view .LVU233
 849              		.loc 2 195 2 view .LVU234
 850              		.syntax unified
ARM GAS  C:\Users\kalpe\AppData\Local\Temp\ccLk4XJd.s 			page 44


 851              	@ 195 "Middlewares/Third_Party/FreeRTOS/Source/portable/GCC/ARM_CM4F/portmacro.h" 1
 852 0042 4FF05003 			mov r3, #80												
 853 0046 83F31188 		msr basepri, r3											
 854 004a BFF36F8F 		isb														
 855 004e BFF34F8F 		dsb														
 856              	
 857              	@ 0 "" 2
 858              		.thumb
 859              		.syntax unified
 860              	.L45:
 861              	.LBE114:
 862              	.LBE113:
 240:Middlewares/Third_Party/FreeRTOS/Source/stream_buffer.c **** 
 863              		.loc 1 240 3 view .LVU235
 864 0052 FEE7     		b	.L45
 865              	.L44:
 240:Middlewares/Third_Party/FreeRTOS/Source/stream_buffer.c **** 
 866              		.loc 1 240 57 view .LVU236
 244:Middlewares/Third_Party/FreeRTOS/Source/stream_buffer.c **** 		{
 867              		.loc 1 244 3 view .LVU237
 244:Middlewares/Third_Party/FreeRTOS/Source/stream_buffer.c **** 		{
 868              		.loc 1 244 5 is_stmt 0 view .LVU238
 869 0054 0DB9     		cbnz	r5, .L46
 246:Middlewares/Third_Party/FreeRTOS/Source/stream_buffer.c **** 		}
 870              		.loc 1 246 23 view .LVU239
 871 0056 0123     		movs	r3, #1
 872 0058 1D46     		mov	r5, r3
 873              	.L46:
 874              	.LVL74:
 257:Middlewares/Third_Party/FreeRTOS/Source/stream_buffer.c **** 		pucAllocatedMemory = ( uint8_t * ) pvPortMalloc( xBufferSizeBytes + sizeof( StreamBuffer_t ) ); /
 875              		.loc 1 257 3 is_stmt 1 view .LVU240
 257:Middlewares/Third_Party/FreeRTOS/Source/stream_buffer.c **** 		pucAllocatedMemory = ( uint8_t * ) pvPortMalloc( xBufferSizeBytes + sizeof( StreamBuffer_t ) ); /
 876              		.loc 1 257 19 is_stmt 0 view .LVU241
 877 005a 441C     		adds	r4, r0, #1
 878              	.LVL75:
 258:Middlewares/Third_Party/FreeRTOS/Source/stream_buffer.c **** 
 879              		.loc 1 258 3 is_stmt 1 view .LVU242
 258:Middlewares/Third_Party/FreeRTOS/Source/stream_buffer.c **** 
 880              		.loc 1 258 38 is_stmt 0 view .LVU243
 881 005c 2530     		adds	r0, r0, #37
 882 005e FFF7FEFF 		bl	pvPortMalloc
 883              	.LVL76:
 260:Middlewares/Third_Party/FreeRTOS/Source/stream_buffer.c **** 		{
 884              		.loc 1 260 3 is_stmt 1 view .LVU244
 260:Middlewares/Third_Party/FreeRTOS/Source/stream_buffer.c **** 		{
 885              		.loc 1 260 5 is_stmt 0 view .LVU245
 886 0062 0146     		mov	r1, r0
 887 0064 0746     		mov	r7, r0
 888 0066 28B1     		cbz	r0, .L39
 262:Middlewares/Third_Party/FreeRTOS/Source/stream_buffer.c **** 										   pucAllocatedMemory + sizeof( StreamBuffer_t ),  /* Storage area follows. */ /*lint !e9
 889              		.loc 1 262 4 is_stmt 1 view .LVU246
 890 0068 0096     		str	r6, [sp]
 891 006a 2B46     		mov	r3, r5
 892 006c 2246     		mov	r2, r4
 893 006e 2431     		adds	r1, r1, #36
 894 0070 FFF7FEFF 		bl	prvInitialiseNewStreamBuffer
 895              	.LVL77:
ARM GAS  C:\Users\kalpe\AppData\Local\Temp\ccLk4XJd.s 			page 45


 268:Middlewares/Third_Party/FreeRTOS/Source/stream_buffer.c **** 		}
 896              		.loc 1 268 94 view .LVU247
 272:Middlewares/Third_Party/FreeRTOS/Source/stream_buffer.c **** 		}
 897              		.loc 1 272 56 view .LVU248
 275:Middlewares/Third_Party/FreeRTOS/Source/stream_buffer.c **** 	}
 898              		.loc 1 275 3 view .LVU249
 899              	.L39:
 276:Middlewares/Third_Party/FreeRTOS/Source/stream_buffer.c **** 
 900              		.loc 1 276 2 is_stmt 0 view .LVU250
 901 0074 3846     		mov	r0, r7
 902 0076 03B0     		add	sp, sp, #12
 903              	.LCFI13:
 904              		.cfi_def_cfa_offset 20
 905              		@ sp needed
 906 0078 F0BD     		pop	{r4, r5, r6, r7, pc}
 276:Middlewares/Third_Party/FreeRTOS/Source/stream_buffer.c **** 
 907              		.loc 1 276 2 view .LVU251
 908              		.cfi_endproc
 909              	.LFE4:
 911              		.section	.text.xStreamBufferGenericCreateStatic,"ax",%progbits
 912              		.align	1
 913              		.global	xStreamBufferGenericCreateStatic
 914              		.syntax unified
 915              		.thumb
 916              		.thumb_func
 918              	xStreamBufferGenericCreateStatic:
 919              	.LVL78:
 920              	.LFB5:
 288:Middlewares/Third_Party/FreeRTOS/Source/stream_buffer.c **** 	StreamBuffer_t * const pxStreamBuffer = ( StreamBuffer_t * ) pxStaticStreamBuffer; /*lint !e740 !e
 921              		.loc 1 288 2 is_stmt 1 view -0
 922              		.cfi_startproc
 923              		@ args = 4, pretend = 0, frame = 8
 924              		@ frame_needed = 0, uses_anonymous_args = 0
 289:Middlewares/Third_Party/FreeRTOS/Source/stream_buffer.c **** 	StreamBufferHandle_t xReturn;
 925              		.loc 1 289 2 view .LVU253
 290:Middlewares/Third_Party/FreeRTOS/Source/stream_buffer.c **** 	uint8_t ucFlags;
 926              		.loc 1 290 2 view .LVU254
 291:Middlewares/Third_Party/FreeRTOS/Source/stream_buffer.c **** 
 927              		.loc 1 291 2 view .LVU255
 293:Middlewares/Third_Party/FreeRTOS/Source/stream_buffer.c **** 		configASSERT( pxStaticStreamBuffer );
 928              		.loc 1 293 3 view .LVU256
 929 0000 7BB1     		cbz	r3, .L70
 288:Middlewares/Third_Party/FreeRTOS/Source/stream_buffer.c **** 	StreamBuffer_t * const pxStreamBuffer = ( StreamBuffer_t * ) pxStaticStreamBuffer; /*lint !e740 !e
 930              		.loc 1 288 2 is_stmt 0 view .LVU257
 931 0002 00B5     		push	{lr}
 932              	.LCFI14:
 933              		.cfi_def_cfa_offset 4
 934              		.cfi_offset 14, -4
 935 0004 85B0     		sub	sp, sp, #20
 936              	.LCFI15:
 937              		.cfi_def_cfa_offset 24
 938 0006 9C46     		mov	ip, r3
 293:Middlewares/Third_Party/FreeRTOS/Source/stream_buffer.c **** 		configASSERT( pxStaticStreamBuffer );
 939              		.loc 1 293 45 is_stmt 1 view .LVU258
 294:Middlewares/Third_Party/FreeRTOS/Source/stream_buffer.c **** 		configASSERT( xTriggerLevelBytes <= xBufferSizeBytes );
 940              		.loc 1 294 3 view .LVU259
 941 0008 069B     		ldr	r3, [sp, #24]
ARM GAS  C:\Users\kalpe\AppData\Local\Temp\ccLk4XJd.s 			page 46


 942              	.LVL79:
 294:Middlewares/Third_Party/FreeRTOS/Source/stream_buffer.c **** 		configASSERT( xTriggerLevelBytes <= xBufferSizeBytes );
 943              		.loc 1 294 3 is_stmt 0 view .LVU260
 944 000a 9BB1     		cbz	r3, .L71
 294:Middlewares/Third_Party/FreeRTOS/Source/stream_buffer.c **** 		configASSERT( xTriggerLevelBytes <= xBufferSizeBytes );
 945              		.loc 1 294 39 is_stmt 1 view .LVU261
 295:Middlewares/Third_Party/FreeRTOS/Source/stream_buffer.c **** 
 946              		.loc 1 295 3 view .LVU262
 947 000c 8142     		cmp	r1, r0
 948 000e 1AD9     		bls	.L58
 295:Middlewares/Third_Party/FreeRTOS/Source/stream_buffer.c **** 
 949              		.loc 1 295 3 discriminator 1 view .LVU263
 950              	.LBB115:
 951              	.LBI115:
 191:Middlewares/Third_Party/FreeRTOS/Source/portable/GCC/ARM_CM4F/portmacro.h **** {
 952              		.loc 2 191 30 view .LVU264
 953              	.LBB116:
 193:Middlewares/Third_Party/FreeRTOS/Source/portable/GCC/ARM_CM4F/portmacro.h **** 
 954              		.loc 2 193 1 view .LVU265
 955              		.loc 2 195 2 view .LVU266
 956              		.syntax unified
 957              	@ 195 "Middlewares/Third_Party/FreeRTOS/Source/portable/GCC/ARM_CM4F/portmacro.h" 1
 958 0010 4FF05003 			mov r3, #80												
 959 0014 83F31188 		msr basepri, r3											
 960 0018 BFF36F8F 		isb														
 961 001c BFF34F8F 		dsb														
 962              	
 963              	@ 0 "" 2
 964              		.thumb
 965              		.syntax unified
 966              	.L59:
 967              	.LBE116:
 968              	.LBE115:
 295:Middlewares/Third_Party/FreeRTOS/Source/stream_buffer.c **** 
 969              		.loc 1 295 3 view .LVU267
 970 0020 FEE7     		b	.L59
 971              	.LVL80:
 972              	.L70:
 973              	.LCFI16:
 974              		.cfi_def_cfa_offset 0
 975              		.cfi_restore 14
 293:Middlewares/Third_Party/FreeRTOS/Source/stream_buffer.c **** 		configASSERT( pxStaticStreamBuffer );
 976              		.loc 1 293 3 discriminator 1 view .LVU268
 977              	.LBB117:
 978              	.LBI117:
 191:Middlewares/Third_Party/FreeRTOS/Source/portable/GCC/ARM_CM4F/portmacro.h **** {
 979              		.loc 2 191 30 view .LVU269
 980              	.LBB118:
 193:Middlewares/Third_Party/FreeRTOS/Source/portable/GCC/ARM_CM4F/portmacro.h **** 
 981              		.loc 2 193 1 view .LVU270
 982              		.loc 2 195 2 view .LVU271
 983              		.syntax unified
 984              	@ 195 "Middlewares/Third_Party/FreeRTOS/Source/portable/GCC/ARM_CM4F/portmacro.h" 1
 985 0022 4FF05003 			mov r3, #80												
 986 0026 83F31188 		msr basepri, r3											
 987 002a BFF36F8F 		isb														
 988 002e BFF34F8F 		dsb														
ARM GAS  C:\Users\kalpe\AppData\Local\Temp\ccLk4XJd.s 			page 47


 989              	
 990              	@ 0 "" 2
 991              	.LVL81:
 992              		.thumb
 993              		.syntax unified
 994              	.L55:
 995              		.loc 2 195 2 is_stmt 0 view .LVU272
 996              	.LBE118:
 997              	.LBE117:
 293:Middlewares/Third_Party/FreeRTOS/Source/stream_buffer.c **** 		configASSERT( pxStaticStreamBuffer );
 998              		.loc 1 293 3 is_stmt 1 view .LVU273
 999 0032 FEE7     		b	.L55
 1000              	.LVL82:
 1001              	.L71:
 1002              	.LCFI17:
 1003              		.cfi_def_cfa_offset 24
 1004              		.cfi_offset 14, -4
 294:Middlewares/Third_Party/FreeRTOS/Source/stream_buffer.c **** 		configASSERT( xTriggerLevelBytes <= xBufferSizeBytes );
 1005              		.loc 1 294 3 discriminator 1 view .LVU274
 1006              	.LBB119:
 1007              	.LBI119:
 191:Middlewares/Third_Party/FreeRTOS/Source/portable/GCC/ARM_CM4F/portmacro.h **** {
 1008              		.loc 2 191 30 view .LVU275
 1009              	.LBB120:
 193:Middlewares/Third_Party/FreeRTOS/Source/portable/GCC/ARM_CM4F/portmacro.h **** 
 1010              		.loc 2 193 1 view .LVU276
 1011              		.loc 2 195 2 view .LVU277
 1012              		.syntax unified
 1013              	@ 195 "Middlewares/Third_Party/FreeRTOS/Source/portable/GCC/ARM_CM4F/portmacro.h" 1
 1014 0034 4FF05003 			mov r3, #80												
 1015 0038 83F31188 		msr basepri, r3											
 1016 003c BFF36F8F 		isb														
 1017 0040 BFF34F8F 		dsb														
 1018              	
 1019              	@ 0 "" 2
 1020              		.thumb
 1021              		.syntax unified
 1022              	.L57:
 1023              	.LBE120:
 1024              	.LBE119:
 294:Middlewares/Third_Party/FreeRTOS/Source/stream_buffer.c **** 		configASSERT( xTriggerLevelBytes <= xBufferSizeBytes );
 1025              		.loc 1 294 3 view .LVU278
 1026 0044 FEE7     		b	.L57
 1027              	.L58:
 295:Middlewares/Third_Party/FreeRTOS/Source/stream_buffer.c **** 
 1028              		.loc 1 295 57 view .LVU279
 299:Middlewares/Third_Party/FreeRTOS/Source/stream_buffer.c **** 		{
 1029              		.loc 1 299 3 view .LVU280
 299:Middlewares/Third_Party/FreeRTOS/Source/stream_buffer.c **** 		{
 1030              		.loc 1 299 5 is_stmt 0 view .LVU281
 1031 0046 01B9     		cbnz	r1, .L60
 301:Middlewares/Third_Party/FreeRTOS/Source/stream_buffer.c **** 		}
 1032              		.loc 1 301 23 view .LVU282
 1033 0048 0121     		movs	r1, #1
 1034              	.LVL83:
 1035              	.L60:
 304:Middlewares/Third_Party/FreeRTOS/Source/stream_buffer.c **** 		{
ARM GAS  C:\Users\kalpe\AppData\Local\Temp\ccLk4XJd.s 			page 48


 1036              		.loc 1 304 3 is_stmt 1 view .LVU283
 304:Middlewares/Third_Party/FreeRTOS/Source/stream_buffer.c **** 		{
 1037              		.loc 1 304 5 is_stmt 0 view .LVU284
 1038 004a 5AB1     		cbz	r2, .L67
 307:Middlewares/Third_Party/FreeRTOS/Source/stream_buffer.c **** 		}
 1039              		.loc 1 307 12 view .LVU285
 1040 004c 0323     		movs	r3, #3
 1041              	.L61:
 1042              	.LVL84:
 319:Middlewares/Third_Party/FreeRTOS/Source/stream_buffer.c **** 
 1043              		.loc 1 319 3 is_stmt 1 view .LVU286
 1044 004e 0428     		cmp	r0, #4
 1045 0050 0AD8     		bhi	.L62
 319:Middlewares/Third_Party/FreeRTOS/Source/stream_buffer.c **** 
 1046              		.loc 1 319 3 discriminator 1 view .LVU287
 1047              	.LBB121:
 1048              	.LBI121:
 191:Middlewares/Third_Party/FreeRTOS/Source/portable/GCC/ARM_CM4F/portmacro.h **** {
 1049              		.loc 2 191 30 view .LVU288
 1050              	.LBB122:
 193:Middlewares/Third_Party/FreeRTOS/Source/portable/GCC/ARM_CM4F/portmacro.h **** 
 1051              		.loc 2 193 1 view .LVU289
 1052              		.loc 2 195 2 view .LVU290
 1053              		.syntax unified
 1054              	@ 195 "Middlewares/Third_Party/FreeRTOS/Source/portable/GCC/ARM_CM4F/portmacro.h" 1
 1055 0052 4FF05003 			mov r3, #80												
 1056 0056 83F31188 		msr basepri, r3											
 1057 005a BFF36F8F 		isb														
 1058 005e BFF34F8F 		dsb														
 1059              	
 1060              	@ 0 "" 2
 1061              	.LVL85:
 1062              		.thumb
 1063              		.syntax unified
 1064              	.L63:
 1065              		.loc 2 195 2 is_stmt 0 view .LVU291
 1066              	.LBE122:
 1067              	.LBE121:
 319:Middlewares/Third_Party/FreeRTOS/Source/stream_buffer.c **** 
 1068              		.loc 1 319 3 is_stmt 1 view .LVU292
 1069 0062 FEE7     		b	.L63
 1070              	.LVL86:
 1071              	.L67:
 312:Middlewares/Third_Party/FreeRTOS/Source/stream_buffer.c **** 		}
 1072              		.loc 1 312 12 is_stmt 0 view .LVU293
 1073 0064 0223     		movs	r3, #2
 1074 0066 F2E7     		b	.L61
 1075              	.LVL87:
 1076              	.L62:
 319:Middlewares/Third_Party/FreeRTOS/Source/stream_buffer.c **** 
 1077              		.loc 1 319 69 is_stmt 1 view .LVU294
 1078              	.LBB123:
 326:Middlewares/Third_Party/FreeRTOS/Source/stream_buffer.c **** 			configASSERT( xSize == sizeof( StreamBuffer_t ) );
 1079              		.loc 1 326 4 view .LVU295
 326:Middlewares/Third_Party/FreeRTOS/Source/stream_buffer.c **** 			configASSERT( xSize == sizeof( StreamBuffer_t ) );
 1080              		.loc 1 326 20 is_stmt 0 view .LVU296
 1081 0068 2422     		movs	r2, #36
ARM GAS  C:\Users\kalpe\AppData\Local\Temp\ccLk4XJd.s 			page 49


 1082              	.LVL88:
 326:Middlewares/Third_Party/FreeRTOS/Source/stream_buffer.c **** 			configASSERT( xSize == sizeof( StreamBuffer_t ) );
 1083              		.loc 1 326 20 view .LVU297
 1084 006a 0392     		str	r2, [sp, #12]
 327:Middlewares/Third_Party/FreeRTOS/Source/stream_buffer.c **** 		} /*lint !e529 xSize is referenced is configASSERT() is defined. */
 1085              		.loc 1 327 4 is_stmt 1 view .LVU298
 1086 006c 039A     		ldr	r2, [sp, #12]
 1087 006e 242A     		cmp	r2, #36
 1088 0070 08D0     		beq	.L64
 327:Middlewares/Third_Party/FreeRTOS/Source/stream_buffer.c **** 		} /*lint !e529 xSize is referenced is configASSERT() is defined. */
 1089              		.loc 1 327 4 discriminator 1 view .LVU299
 1090              	.LBB124:
 1091              	.LBI124:
 191:Middlewares/Third_Party/FreeRTOS/Source/portable/GCC/ARM_CM4F/portmacro.h **** {
 1092              		.loc 2 191 30 view .LVU300
 1093              	.LBB125:
 193:Middlewares/Third_Party/FreeRTOS/Source/portable/GCC/ARM_CM4F/portmacro.h **** 
 1094              		.loc 2 193 1 view .LVU301
 1095              		.loc 2 195 2 view .LVU302
 1096              		.syntax unified
 1097              	@ 195 "Middlewares/Third_Party/FreeRTOS/Source/portable/GCC/ARM_CM4F/portmacro.h" 1
 1098 0072 4FF05003 			mov r3, #80												
 1099 0076 83F31188 		msr basepri, r3											
 1100 007a BFF36F8F 		isb														
 1101 007e BFF34F8F 		dsb														
 1102              	
 1103              	@ 0 "" 2
 1104              	.LVL89:
 1105              		.thumb
 1106              		.syntax unified
 1107              	.L65:
 1108              		.loc 2 195 2 is_stmt 0 view .LVU303
 1109              	.LBE125:
 1110              	.LBE124:
 327:Middlewares/Third_Party/FreeRTOS/Source/stream_buffer.c **** 		} /*lint !e529 xSize is referenced is configASSERT() is defined. */
 1111              		.loc 1 327 4 is_stmt 1 view .LVU304
 1112 0082 FEE7     		b	.L65
 1113              	.LVL90:
 1114              	.L64:
 327:Middlewares/Third_Party/FreeRTOS/Source/stream_buffer.c **** 		} /*lint !e529 xSize is referenced is configASSERT() is defined. */
 1115              		.loc 1 327 53 view .LVU305
 1116              	.LBE123:
 331:Middlewares/Third_Party/FreeRTOS/Source/stream_buffer.c **** 		{
 1117              		.loc 1 331 3 view .LVU306
 333:Middlewares/Third_Party/FreeRTOS/Source/stream_buffer.c **** 										  pucStreamBufferStorageArea,
 1118              		.loc 1 333 4 view .LVU307
 1119 0084 0093     		str	r3, [sp]
 1120 0086 0B46     		mov	r3, r1
 1121              	.LVL91:
 333:Middlewares/Third_Party/FreeRTOS/Source/stream_buffer.c **** 										  pucStreamBufferStorageArea,
 1122              		.loc 1 333 4 is_stmt 0 view .LVU308
 1123 0088 0246     		mov	r2, r0
 1124 008a 6146     		mov	r1, ip
 1125              	.LVL92:
 333:Middlewares/Third_Party/FreeRTOS/Source/stream_buffer.c **** 										  pucStreamBufferStorageArea,
 1126              		.loc 1 333 4 view .LVU309
 1127 008c 0698     		ldr	r0, [sp, #24]
ARM GAS  C:\Users\kalpe\AppData\Local\Temp\ccLk4XJd.s 			page 50


 1128              	.LVL93:
 333:Middlewares/Third_Party/FreeRTOS/Source/stream_buffer.c **** 										  pucStreamBufferStorageArea,
 1129              		.loc 1 333 4 view .LVU310
 1130 008e FFF7FEFF 		bl	prvInitialiseNewStreamBuffer
 1131              	.LVL94:
 341:Middlewares/Third_Party/FreeRTOS/Source/stream_buffer.c **** 
 1132              		.loc 1 341 4 is_stmt 1 view .LVU311
 341:Middlewares/Third_Party/FreeRTOS/Source/stream_buffer.c **** 
 1133              		.loc 1 341 18 is_stmt 0 view .LVU312
 1134 0092 069B     		ldr	r3, [sp, #24]
 1135 0094 1B7F     		ldrb	r3, [r3, #28]	@ zero_extendqisi2
 341:Middlewares/Third_Party/FreeRTOS/Source/stream_buffer.c **** 
 1136              		.loc 1 341 28 view .LVU313
 1137 0096 43F00203 		orr	r3, r3, #2
 1138 009a 069A     		ldr	r2, [sp, #24]
 1139 009c 1377     		strb	r3, [r2, #28]
 343:Middlewares/Third_Party/FreeRTOS/Source/stream_buffer.c **** 
 1140              		.loc 1 343 65 is_stmt 1 view .LVU314
 345:Middlewares/Third_Party/FreeRTOS/Source/stream_buffer.c **** 		}
 1141              		.loc 1 345 4 view .LVU315
 1142              	.LVL95:
 350:Middlewares/Third_Party/FreeRTOS/Source/stream_buffer.c **** 		}
 1143              		.loc 1 350 72 view .LVU316
 353:Middlewares/Third_Party/FreeRTOS/Source/stream_buffer.c **** 	}
 1144              		.loc 1 353 3 view .LVU317
 354:Middlewares/Third_Party/FreeRTOS/Source/stream_buffer.c **** 
 1145              		.loc 1 354 2 is_stmt 0 view .LVU318
 1146 009e 1046     		mov	r0, r2
 1147 00a0 05B0     		add	sp, sp, #20
 1148              	.LCFI18:
 1149              		.cfi_def_cfa_offset 4
 1150              		@ sp needed
 1151 00a2 00BD     		pop	{pc}
 354:Middlewares/Third_Party/FreeRTOS/Source/stream_buffer.c **** 
 1152              		.loc 1 354 2 view .LVU319
 1153              		.cfi_endproc
 1154              	.LFE5:
 1156              		.section	.text.vStreamBufferDelete,"ax",%progbits
 1157              		.align	1
 1158              		.global	vStreamBufferDelete
 1159              		.syntax unified
 1160              		.thumb
 1161              		.thumb_func
 1163              	vStreamBufferDelete:
 1164              	.LVL96:
 1165              	.LFB6:
 360:Middlewares/Third_Party/FreeRTOS/Source/stream_buffer.c **** StreamBuffer_t * pxStreamBuffer = xStreamBuffer;
 1166              		.loc 1 360 1 is_stmt 1 view -0
 1167              		.cfi_startproc
 1168              		@ args = 0, pretend = 0, frame = 0
 1169              		@ frame_needed = 0, uses_anonymous_args = 0
 360:Middlewares/Third_Party/FreeRTOS/Source/stream_buffer.c **** StreamBuffer_t * pxStreamBuffer = xStreamBuffer;
 1170              		.loc 1 360 1 is_stmt 0 view .LVU321
 1171 0000 08B5     		push	{r3, lr}
 1172              	.LCFI19:
 1173              		.cfi_def_cfa_offset 8
 1174              		.cfi_offset 3, -8
ARM GAS  C:\Users\kalpe\AppData\Local\Temp\ccLk4XJd.s 			page 51


 1175              		.cfi_offset 14, -4
 361:Middlewares/Third_Party/FreeRTOS/Source/stream_buffer.c **** 
 1176              		.loc 1 361 1 is_stmt 1 view .LVU322
 1177              	.LVL97:
 363:Middlewares/Third_Party/FreeRTOS/Source/stream_buffer.c **** 
 1178              		.loc 1 363 2 view .LVU323
 1179 0002 30B1     		cbz	r0, .L78
 363:Middlewares/Third_Party/FreeRTOS/Source/stream_buffer.c **** 
 1180              		.loc 1 363 32 view .LVU324
 365:Middlewares/Third_Party/FreeRTOS/Source/stream_buffer.c **** 
 1181              		.loc 1 365 44 view .LVU325
 367:Middlewares/Third_Party/FreeRTOS/Source/stream_buffer.c **** 	{
 1182              		.loc 1 367 2 view .LVU326
 367:Middlewares/Third_Party/FreeRTOS/Source/stream_buffer.c **** 	{
 1183              		.loc 1 367 22 is_stmt 0 view .LVU327
 1184 0004 027F     		ldrb	r2, [r0, #28]	@ zero_extendqisi2
 367:Middlewares/Third_Party/FreeRTOS/Source/stream_buffer.c **** 	{
 1185              		.loc 1 367 4 view .LVU328
 1186 0006 12F0020F 		tst	r2, #2
 1187 000a 0BD1     		bne	.L75
 373:Middlewares/Third_Party/FreeRTOS/Source/stream_buffer.c **** 		}
 1188              		.loc 1 373 4 is_stmt 1 view .LVU329
 1189 000c FFF7FEFF 		bl	vPortFree
 1190              	.LVL98:
 1191              	.L72:
 389:Middlewares/Third_Party/FreeRTOS/Source/stream_buffer.c **** /*-----------------------------------------------------------*/
 1192              		.loc 1 389 1 is_stmt 0 view .LVU330
 1193 0010 08BD     		pop	{r3, pc}
 1194              	.LVL99:
 1195              	.L78:
 363:Middlewares/Third_Party/FreeRTOS/Source/stream_buffer.c **** 
 1196              		.loc 1 363 2 is_stmt 1 discriminator 1 view .LVU331
 1197              	.LBB126:
 1198              	.LBI126:
 191:Middlewares/Third_Party/FreeRTOS/Source/portable/GCC/ARM_CM4F/portmacro.h **** {
 1199              		.loc 2 191 30 view .LVU332
 1200              	.LBB127:
 193:Middlewares/Third_Party/FreeRTOS/Source/portable/GCC/ARM_CM4F/portmacro.h **** 
 1201              		.loc 2 193 1 view .LVU333
 1202              		.loc 2 195 2 view .LVU334
 1203              		.syntax unified
 1204              	@ 195 "Middlewares/Third_Party/FreeRTOS/Source/portable/GCC/ARM_CM4F/portmacro.h" 1
 1205 0012 4FF05003 			mov r3, #80												
 1206 0016 83F31188 		msr basepri, r3											
 1207 001a BFF36F8F 		isb														
 1208 001e BFF34F8F 		dsb														
 1209              	
 1210              	@ 0 "" 2
 1211              		.thumb
 1212              		.syntax unified
 1213              	.L74:
 1214              	.LBE127:
 1215              	.LBE126:
 363:Middlewares/Third_Party/FreeRTOS/Source/stream_buffer.c **** 
 1216              		.loc 1 363 2 view .LVU335
 1217 0022 FEE7     		b	.L74
 1218              	.L75:
ARM GAS  C:\Users\kalpe\AppData\Local\Temp\ccLk4XJd.s 			page 52


 387:Middlewares/Third_Party/FreeRTOS/Source/stream_buffer.c **** 	}
 1219              		.loc 1 387 3 view .LVU336
 387:Middlewares/Third_Party/FreeRTOS/Source/stream_buffer.c **** 	}
 1220              		.loc 1 387 12 is_stmt 0 view .LVU337
 1221 0024 2422     		movs	r2, #36
 1222 0026 0021     		movs	r1, #0
 1223 0028 FFF7FEFF 		bl	memset
 1224              	.LVL100:
 389:Middlewares/Third_Party/FreeRTOS/Source/stream_buffer.c **** /*-----------------------------------------------------------*/
 1225              		.loc 1 389 1 view .LVU338
 1226 002c F0E7     		b	.L72
 1227              		.cfi_endproc
 1228              	.LFE6:
 1230              		.section	.text.xStreamBufferReset,"ax",%progbits
 1231              		.align	1
 1232              		.global	xStreamBufferReset
 1233              		.syntax unified
 1234              		.thumb
 1235              		.thumb_func
 1237              	xStreamBufferReset:
 1238              	.LVL101:
 1239              	.LFB7:
 393:Middlewares/Third_Party/FreeRTOS/Source/stream_buffer.c **** StreamBuffer_t * const pxStreamBuffer = xStreamBuffer;
 1240              		.loc 1 393 1 is_stmt 1 view -0
 1241              		.cfi_startproc
 1242              		@ args = 0, pretend = 0, frame = 0
 1243              		@ frame_needed = 0, uses_anonymous_args = 0
 394:Middlewares/Third_Party/FreeRTOS/Source/stream_buffer.c **** BaseType_t xReturn = pdFAIL;
 1244              		.loc 1 394 1 view .LVU340
 395:Middlewares/Third_Party/FreeRTOS/Source/stream_buffer.c **** 
 1245              		.loc 1 395 1 view .LVU341
 398:Middlewares/Third_Party/FreeRTOS/Source/stream_buffer.c **** #endif
 1246              		.loc 1 398 2 view .LVU342
 401:Middlewares/Third_Party/FreeRTOS/Source/stream_buffer.c **** 
 1247              		.loc 1 401 2 view .LVU343
 1248 0000 70B1     		cbz	r0, .L87
 393:Middlewares/Third_Party/FreeRTOS/Source/stream_buffer.c **** StreamBuffer_t * const pxStreamBuffer = xStreamBuffer;
 1249              		.loc 1 393 1 is_stmt 0 view .LVU344
 1250 0002 30B5     		push	{r4, r5, lr}
 1251              	.LCFI20:
 1252              		.cfi_def_cfa_offset 12
 1253              		.cfi_offset 4, -12
 1254              		.cfi_offset 5, -8
 1255              		.cfi_offset 14, -4
 1256 0004 83B0     		sub	sp, sp, #12
 1257              	.LCFI21:
 1258              		.cfi_def_cfa_offset 24
 1259 0006 0446     		mov	r4, r0
 401:Middlewares/Third_Party/FreeRTOS/Source/stream_buffer.c **** 
 1260              		.loc 1 401 32 is_stmt 1 view .LVU345
 407:Middlewares/Third_Party/FreeRTOS/Source/stream_buffer.c **** 	}
 1261              		.loc 1 407 3 view .LVU346
 407:Middlewares/Third_Party/FreeRTOS/Source/stream_buffer.c **** 	}
 1262              		.loc 1 407 24 is_stmt 0 view .LVU347
 1263 0008 036A     		ldr	r3, [r0, #32]
 1264 000a 1D46     		mov	r5, r3
 1265              	.LVL102:
ARM GAS  C:\Users\kalpe\AppData\Local\Temp\ccLk4XJd.s 			page 53


 412:Middlewares/Third_Party/FreeRTOS/Source/stream_buffer.c **** 	{
 1266              		.loc 1 412 2 is_stmt 1 view .LVU348
 1267 000c FFF7FEFF 		bl	vPortEnterCritical
 1268              	.LVL103:
 414:Middlewares/Third_Party/FreeRTOS/Source/stream_buffer.c **** 		{
 1269              		.loc 1 414 3 view .LVU349
 414:Middlewares/Third_Party/FreeRTOS/Source/stream_buffer.c **** 		{
 1270              		.loc 1 414 21 is_stmt 0 view .LVU350
 1271 0010 2369     		ldr	r3, [r4, #16]
 414:Middlewares/Third_Party/FreeRTOS/Source/stream_buffer.c **** 		{
 1272              		.loc 1 414 5 view .LVU351
 1273 0012 73B1     		cbz	r3, .L88
 395:Middlewares/Third_Party/FreeRTOS/Source/stream_buffer.c **** 
 1274              		.loc 1 395 12 view .LVU352
 1275 0014 0024     		movs	r4, #0
 1276              	.LVL104:
 1277              	.L82:
 431:Middlewares/Third_Party/FreeRTOS/Source/stream_buffer.c **** 			}
 1278              		.loc 1 431 46 is_stmt 1 view .LVU353
 435:Middlewares/Third_Party/FreeRTOS/Source/stream_buffer.c **** 
 1279              		.loc 1 435 2 view .LVU354
 1280 0016 FFF7FEFF 		bl	vPortExitCritical
 1281              	.LVL105:
 437:Middlewares/Third_Party/FreeRTOS/Source/stream_buffer.c **** }
 1282              		.loc 1 437 2 view .LVU355
 438:Middlewares/Third_Party/FreeRTOS/Source/stream_buffer.c **** /*-----------------------------------------------------------*/
 1283              		.loc 1 438 1 is_stmt 0 view .LVU356
 1284 001a 2046     		mov	r0, r4
 1285 001c 03B0     		add	sp, sp, #12
 1286              	.LCFI22:
 1287              		.cfi_def_cfa_offset 12
 1288              		@ sp needed
 1289 001e 30BD     		pop	{r4, r5, pc}
 1290              	.LVL106:
 1291              	.L87:
 1292              	.LCFI23:
 1293              		.cfi_def_cfa_offset 0
 1294              		.cfi_restore 4
 1295              		.cfi_restore 5
 1296              		.cfi_restore 14
 401:Middlewares/Third_Party/FreeRTOS/Source/stream_buffer.c **** 
 1297              		.loc 1 401 2 is_stmt 1 discriminator 1 view .LVU357
 1298              	.LBB128:
 1299              	.LBI128:
 191:Middlewares/Third_Party/FreeRTOS/Source/portable/GCC/ARM_CM4F/portmacro.h **** {
 1300              		.loc 2 191 30 view .LVU358
 1301              	.LBB129:
 193:Middlewares/Third_Party/FreeRTOS/Source/portable/GCC/ARM_CM4F/portmacro.h **** 
 1302              		.loc 2 193 1 view .LVU359
 1303              		.loc 2 195 2 view .LVU360
 1304              		.syntax unified
 1305              	@ 195 "Middlewares/Third_Party/FreeRTOS/Source/portable/GCC/ARM_CM4F/portmacro.h" 1
 1306 0020 4FF05003 			mov r3, #80												
 1307 0024 83F31188 		msr basepri, r3											
 1308 0028 BFF36F8F 		isb														
 1309 002c BFF34F8F 		dsb														
 1310              	
ARM GAS  C:\Users\kalpe\AppData\Local\Temp\ccLk4XJd.s 			page 54


 1311              	@ 0 "" 2
 1312              		.thumb
 1313              		.syntax unified
 1314              	.L81:
 1315              	.LBE129:
 1316              	.LBE128:
 401:Middlewares/Third_Party/FreeRTOS/Source/stream_buffer.c **** 
 1317              		.loc 1 401 2 view .LVU361
 1318 0030 FEE7     		b	.L81
 1319              	.LVL107:
 1320              	.L88:
 1321              	.LCFI24:
 1322              		.cfi_def_cfa_offset 24
 1323              		.cfi_offset 4, -12
 1324              		.cfi_offset 5, -8
 1325              		.cfi_offset 14, -4
 416:Middlewares/Third_Party/FreeRTOS/Source/stream_buffer.c **** 			{
 1326              		.loc 1 416 4 view .LVU362
 416:Middlewares/Third_Party/FreeRTOS/Source/stream_buffer.c **** 			{
 1327              		.loc 1 416 22 is_stmt 0 view .LVU363
 1328 0032 6369     		ldr	r3, [r4, #20]
 416:Middlewares/Third_Party/FreeRTOS/Source/stream_buffer.c **** 			{
 1329              		.loc 1 416 6 view .LVU364
 1330 0034 0BB1     		cbz	r3, .L89
 395:Middlewares/Third_Party/FreeRTOS/Source/stream_buffer.c **** 
 1331              		.loc 1 395 12 view .LVU365
 1332 0036 0024     		movs	r4, #0
 1333              	.LVL108:
 395:Middlewares/Third_Party/FreeRTOS/Source/stream_buffer.c **** 
 1334              		.loc 1 395 12 view .LVU366
 1335 0038 EDE7     		b	.L82
 1336              	.LVL109:
 1337              	.L89:
 418:Middlewares/Third_Party/FreeRTOS/Source/stream_buffer.c **** 											  pxStreamBuffer->pucBuffer,
 1338              		.loc 1 418 5 is_stmt 1 view .LVU367
 1339 003a 237F     		ldrb	r3, [r4, #28]	@ zero_extendqisi2
 1340 003c 0093     		str	r3, [sp]
 1341 003e E368     		ldr	r3, [r4, #12]
 1342 0040 A268     		ldr	r2, [r4, #8]
 1343 0042 A169     		ldr	r1, [r4, #24]
 1344 0044 2046     		mov	r0, r4
 1345 0046 FFF7FEFF 		bl	prvInitialiseNewStreamBuffer
 1346              	.LVL110:
 423:Middlewares/Third_Party/FreeRTOS/Source/stream_buffer.c **** 
 1347              		.loc 1 423 5 view .LVU368
 427:Middlewares/Third_Party/FreeRTOS/Source/stream_buffer.c **** 				}
 1348              		.loc 1 427 6 view .LVU369
 427:Middlewares/Third_Party/FreeRTOS/Source/stream_buffer.c **** 				}
 1349              		.loc 1 427 43 is_stmt 0 view .LVU370
 1350 004a 2562     		str	r5, [r4, #32]
 423:Middlewares/Third_Party/FreeRTOS/Source/stream_buffer.c **** 
 1351              		.loc 1 423 13 view .LVU371
 1352 004c 0124     		movs	r4, #1
 1353              	.LVL111:
 423:Middlewares/Third_Party/FreeRTOS/Source/stream_buffer.c **** 
 1354              		.loc 1 423 13 view .LVU372
 1355 004e E2E7     		b	.L82
ARM GAS  C:\Users\kalpe\AppData\Local\Temp\ccLk4XJd.s 			page 55


 1356              		.cfi_endproc
 1357              	.LFE7:
 1359              		.section	.text.xStreamBufferSetTriggerLevel,"ax",%progbits
 1360              		.align	1
 1361              		.global	xStreamBufferSetTriggerLevel
 1362              		.syntax unified
 1363              		.thumb
 1364              		.thumb_func
 1366              	xStreamBufferSetTriggerLevel:
 1367              	.LVL112:
 1368              	.LFB8:
 442:Middlewares/Third_Party/FreeRTOS/Source/stream_buffer.c **** StreamBuffer_t * const pxStreamBuffer = xStreamBuffer;
 1369              		.loc 1 442 1 is_stmt 1 view -0
 1370              		.cfi_startproc
 1371              		@ args = 0, pretend = 0, frame = 0
 1372              		@ frame_needed = 0, uses_anonymous_args = 0
 1373              		@ link register save eliminated.
 443:Middlewares/Third_Party/FreeRTOS/Source/stream_buffer.c **** BaseType_t xReturn;
 1374              		.loc 1 443 1 view .LVU374
 444:Middlewares/Third_Party/FreeRTOS/Source/stream_buffer.c **** 
 1375              		.loc 1 444 1 view .LVU375
 446:Middlewares/Third_Party/FreeRTOS/Source/stream_buffer.c **** 
 1376              		.loc 1 446 2 view .LVU376
 1377 0000 0346     		mov	r3, r0
 1378 0002 38B1     		cbz	r0, .L97
 446:Middlewares/Third_Party/FreeRTOS/Source/stream_buffer.c **** 
 1379              		.loc 1 446 32 view .LVU377
 449:Middlewares/Third_Party/FreeRTOS/Source/stream_buffer.c **** 	{
 1380              		.loc 1 449 2 view .LVU378
 449:Middlewares/Third_Party/FreeRTOS/Source/stream_buffer.c **** 	{
 1381              		.loc 1 449 4 is_stmt 0 view .LVU379
 1382 0004 01B9     		cbnz	r1, .L93
 451:Middlewares/Third_Party/FreeRTOS/Source/stream_buffer.c **** 	}
 1383              		.loc 1 451 17 view .LVU380
 1384 0006 0121     		movs	r1, #1
 1385              	.LVL113:
 1386              	.L93:
 456:Middlewares/Third_Party/FreeRTOS/Source/stream_buffer.c **** 	{
 1387              		.loc 1 456 2 is_stmt 1 view .LVU381
 456:Middlewares/Third_Party/FreeRTOS/Source/stream_buffer.c **** 	{
 1388              		.loc 1 456 37 is_stmt 0 view .LVU382
 1389 0008 9A68     		ldr	r2, [r3, #8]
 456:Middlewares/Third_Party/FreeRTOS/Source/stream_buffer.c **** 	{
 1390              		.loc 1 456 4 view .LVU383
 1391 000a 8A42     		cmp	r2, r1
 1392 000c 0BD3     		bcc	.L96
 458:Middlewares/Third_Party/FreeRTOS/Source/stream_buffer.c **** 		xReturn = pdPASS;
 1393              		.loc 1 458 3 is_stmt 1 view .LVU384
 458:Middlewares/Third_Party/FreeRTOS/Source/stream_buffer.c **** 		xReturn = pdPASS;
 1394              		.loc 1 458 38 is_stmt 0 view .LVU385
 1395 000e D960     		str	r1, [r3, #12]
 459:Middlewares/Third_Party/FreeRTOS/Source/stream_buffer.c **** 	}
 1396              		.loc 1 459 3 is_stmt 1 view .LVU386
 1397              	.LVL114:
 459:Middlewares/Third_Party/FreeRTOS/Source/stream_buffer.c **** 	}
 1398              		.loc 1 459 11 is_stmt 0 view .LVU387
 1399 0010 0120     		movs	r0, #1
ARM GAS  C:\Users\kalpe\AppData\Local\Temp\ccLk4XJd.s 			page 56


 1400              	.LVL115:
 459:Middlewares/Third_Party/FreeRTOS/Source/stream_buffer.c **** 	}
 1401              		.loc 1 459 11 view .LVU388
 1402 0012 7047     		bx	lr
 1403              	.LVL116:
 1404              	.L97:
 446:Middlewares/Third_Party/FreeRTOS/Source/stream_buffer.c **** 
 1405              		.loc 1 446 2 is_stmt 1 discriminator 1 view .LVU389
 1406              	.LBB130:
 1407              	.LBI130:
 191:Middlewares/Third_Party/FreeRTOS/Source/portable/GCC/ARM_CM4F/portmacro.h **** {
 1408              		.loc 2 191 30 view .LVU390
 1409              	.LBB131:
 193:Middlewares/Third_Party/FreeRTOS/Source/portable/GCC/ARM_CM4F/portmacro.h **** 
 1410              		.loc 2 193 1 view .LVU391
 1411              		.loc 2 195 2 view .LVU392
 1412              		.syntax unified
 1413              	@ 195 "Middlewares/Third_Party/FreeRTOS/Source/portable/GCC/ARM_CM4F/portmacro.h" 1
 1414 0014 4FF05003 			mov r3, #80												
 1415 0018 83F31188 		msr basepri, r3											
 1416 001c BFF36F8F 		isb														
 1417 0020 BFF34F8F 		dsb														
 1418              	
 1419              	@ 0 "" 2
 1420              		.thumb
 1421              		.syntax unified
 1422              	.L92:
 1423              	.LBE131:
 1424              	.LBE130:
 446:Middlewares/Third_Party/FreeRTOS/Source/stream_buffer.c **** 
 1425              		.loc 1 446 2 view .LVU393
 1426 0024 FEE7     		b	.L92
 1427              	.L96:
 463:Middlewares/Third_Party/FreeRTOS/Source/stream_buffer.c **** 	}
 1428              		.loc 1 463 11 is_stmt 0 view .LVU394
 1429 0026 0020     		movs	r0, #0
 1430              	.LVL117:
 466:Middlewares/Third_Party/FreeRTOS/Source/stream_buffer.c **** }
 1431              		.loc 1 466 2 is_stmt 1 view .LVU395
 467:Middlewares/Third_Party/FreeRTOS/Source/stream_buffer.c **** /*-----------------------------------------------------------*/
 1432              		.loc 1 467 1 is_stmt 0 view .LVU396
 1433 0028 7047     		bx	lr
 1434              		.cfi_endproc
 1435              	.LFE8:
 1437              		.section	.text.xStreamBufferSpacesAvailable,"ax",%progbits
 1438              		.align	1
 1439              		.global	xStreamBufferSpacesAvailable
 1440              		.syntax unified
 1441              		.thumb
 1442              		.thumb_func
 1444              	xStreamBufferSpacesAvailable:
 1445              	.LVL118:
 1446              	.LFB9:
 471:Middlewares/Third_Party/FreeRTOS/Source/stream_buffer.c **** const StreamBuffer_t * const pxStreamBuffer = xStreamBuffer;
 1447              		.loc 1 471 1 is_stmt 1 view -0
 1448              		.cfi_startproc
 1449              		@ args = 0, pretend = 0, frame = 0
ARM GAS  C:\Users\kalpe\AppData\Local\Temp\ccLk4XJd.s 			page 57


 1450              		@ frame_needed = 0, uses_anonymous_args = 0
 1451              		@ link register save eliminated.
 472:Middlewares/Third_Party/FreeRTOS/Source/stream_buffer.c **** size_t xSpace;
 1452              		.loc 1 472 1 view .LVU398
 473:Middlewares/Third_Party/FreeRTOS/Source/stream_buffer.c **** 
 1453              		.loc 1 473 1 view .LVU399
 475:Middlewares/Third_Party/FreeRTOS/Source/stream_buffer.c **** 
 1454              		.loc 1 475 2 view .LVU400
 1455 0000 0346     		mov	r3, r0
 1456 0002 48B1     		cbz	r0, .L102
 475:Middlewares/Third_Party/FreeRTOS/Source/stream_buffer.c **** 
 1457              		.loc 1 475 32 view .LVU401
 477:Middlewares/Third_Party/FreeRTOS/Source/stream_buffer.c **** 	xSpace -= pxStreamBuffer->xHead;
 1458              		.loc 1 477 2 view .LVU402
 477:Middlewares/Third_Party/FreeRTOS/Source/stream_buffer.c **** 	xSpace -= pxStreamBuffer->xHead;
 1459              		.loc 1 477 25 is_stmt 0 view .LVU403
 1460 0004 8268     		ldr	r2, [r0, #8]
 477:Middlewares/Third_Party/FreeRTOS/Source/stream_buffer.c **** 	xSpace -= pxStreamBuffer->xHead;
 1461              		.loc 1 477 51 view .LVU404
 1462 0006 0068     		ldr	r0, [r0]
 1463              	.LVL119:
 477:Middlewares/Third_Party/FreeRTOS/Source/stream_buffer.c **** 	xSpace -= pxStreamBuffer->xHead;
 1464              		.loc 1 477 9 view .LVU405
 1465 0008 1044     		add	r0, r0, r2
 1466              	.LVL120:
 478:Middlewares/Third_Party/FreeRTOS/Source/stream_buffer.c **** 	xSpace -= ( size_t ) 1;
 1467              		.loc 1 478 2 is_stmt 1 view .LVU406
 478:Middlewares/Third_Party/FreeRTOS/Source/stream_buffer.c **** 	xSpace -= ( size_t ) 1;
 1468              		.loc 1 478 26 is_stmt 0 view .LVU407
 1469 000a 5B68     		ldr	r3, [r3, #4]
 1470              	.LVL121:
 478:Middlewares/Third_Party/FreeRTOS/Source/stream_buffer.c **** 	xSpace -= ( size_t ) 1;
 1471              		.loc 1 478 9 view .LVU408
 1472 000c C01A     		subs	r0, r0, r3
 1473              	.LVL122:
 479:Middlewares/Third_Party/FreeRTOS/Source/stream_buffer.c **** 
 1474              		.loc 1 479 2 is_stmt 1 view .LVU409
 479:Middlewares/Third_Party/FreeRTOS/Source/stream_buffer.c **** 
 1475              		.loc 1 479 9 is_stmt 0 view .LVU410
 1476 000e 0138     		subs	r0, r0, #1
 1477              	.LVL123:
 481:Middlewares/Third_Party/FreeRTOS/Source/stream_buffer.c **** 	{
 1478              		.loc 1 481 2 is_stmt 1 view .LVU411
 481:Middlewares/Third_Party/FreeRTOS/Source/stream_buffer.c **** 	{
 1479              		.loc 1 481 4 is_stmt 0 view .LVU412
 1480 0010 8242     		cmp	r2, r0
 1481 0012 00D8     		bhi	.L98
 483:Middlewares/Third_Party/FreeRTOS/Source/stream_buffer.c **** 	}
 1482              		.loc 1 483 3 is_stmt 1 view .LVU413
 483:Middlewares/Third_Party/FreeRTOS/Source/stream_buffer.c **** 	}
 1483              		.loc 1 483 10 is_stmt 0 view .LVU414
 1484 0014 801A     		subs	r0, r0, r2
 1485              	.LVL124:
 487:Middlewares/Third_Party/FreeRTOS/Source/stream_buffer.c **** 	}
 1486              		.loc 1 487 27 is_stmt 1 view .LVU415
 490:Middlewares/Third_Party/FreeRTOS/Source/stream_buffer.c **** }
 1487              		.loc 1 490 2 view .LVU416
ARM GAS  C:\Users\kalpe\AppData\Local\Temp\ccLk4XJd.s 			page 58


 1488              	.L98:
 491:Middlewares/Third_Party/FreeRTOS/Source/stream_buffer.c **** /*-----------------------------------------------------------*/
 1489              		.loc 1 491 1 is_stmt 0 view .LVU417
 1490 0016 7047     		bx	lr
 1491              	.LVL125:
 1492              	.L102:
 475:Middlewares/Third_Party/FreeRTOS/Source/stream_buffer.c **** 
 1493              		.loc 1 475 2 is_stmt 1 discriminator 1 view .LVU418
 1494              	.LBB132:
 1495              	.LBI132:
 191:Middlewares/Third_Party/FreeRTOS/Source/portable/GCC/ARM_CM4F/portmacro.h **** {
 1496              		.loc 2 191 30 view .LVU419
 1497              	.LBB133:
 193:Middlewares/Third_Party/FreeRTOS/Source/portable/GCC/ARM_CM4F/portmacro.h **** 
 1498              		.loc 2 193 1 view .LVU420
 1499              		.loc 2 195 2 view .LVU421
 1500              		.syntax unified
 1501              	@ 195 "Middlewares/Third_Party/FreeRTOS/Source/portable/GCC/ARM_CM4F/portmacro.h" 1
 1502 0018 4FF05003 			mov r3, #80												
 1503 001c 83F31188 		msr basepri, r3											
 1504 0020 BFF36F8F 		isb														
 1505 0024 BFF34F8F 		dsb														
 1506              	
 1507              	@ 0 "" 2
 1508              		.thumb
 1509              		.syntax unified
 1510              	.L100:
 1511              	.LBE133:
 1512              	.LBE132:
 475:Middlewares/Third_Party/FreeRTOS/Source/stream_buffer.c **** 
 1513              		.loc 1 475 2 view .LVU422
 1514 0028 FEE7     		b	.L100
 1515              		.cfi_endproc
 1516              	.LFE9:
 1518              		.section	.text.xStreamBufferBytesAvailable,"ax",%progbits
 1519              		.align	1
 1520              		.global	xStreamBufferBytesAvailable
 1521              		.syntax unified
 1522              		.thumb
 1523              		.thumb_func
 1525              	xStreamBufferBytesAvailable:
 1526              	.LVL126:
 1527              	.LFB10:
 495:Middlewares/Third_Party/FreeRTOS/Source/stream_buffer.c **** const StreamBuffer_t * const pxStreamBuffer = xStreamBuffer;
 1528              		.loc 1 495 1 view -0
 1529              		.cfi_startproc
 1530              		@ args = 0, pretend = 0, frame = 0
 1531              		@ frame_needed = 0, uses_anonymous_args = 0
 495:Middlewares/Third_Party/FreeRTOS/Source/stream_buffer.c **** const StreamBuffer_t * const pxStreamBuffer = xStreamBuffer;
 1532              		.loc 1 495 1 is_stmt 0 view .LVU424
 1533 0000 08B5     		push	{r3, lr}
 1534              	.LCFI25:
 1535              		.cfi_def_cfa_offset 8
 1536              		.cfi_offset 3, -8
 1537              		.cfi_offset 14, -4
 496:Middlewares/Third_Party/FreeRTOS/Source/stream_buffer.c **** size_t xReturn;
 1538              		.loc 1 496 1 is_stmt 1 view .LVU425
ARM GAS  C:\Users\kalpe\AppData\Local\Temp\ccLk4XJd.s 			page 59


 1539              	.LVL127:
 497:Middlewares/Third_Party/FreeRTOS/Source/stream_buffer.c **** 
 1540              		.loc 1 497 1 view .LVU426
 499:Middlewares/Third_Party/FreeRTOS/Source/stream_buffer.c **** 
 1541              		.loc 1 499 2 view .LVU427
 1542 0002 10B1     		cbz	r0, .L107
 499:Middlewares/Third_Party/FreeRTOS/Source/stream_buffer.c **** 
 1543              		.loc 1 499 32 view .LVU428
 501:Middlewares/Third_Party/FreeRTOS/Source/stream_buffer.c **** 	return xReturn;
 1544              		.loc 1 501 2 view .LVU429
 501:Middlewares/Third_Party/FreeRTOS/Source/stream_buffer.c **** 	return xReturn;
 1545              		.loc 1 501 12 is_stmt 0 view .LVU430
 1546 0004 FFF7FEFF 		bl	prvBytesInBuffer
 1547              	.LVL128:
 502:Middlewares/Third_Party/FreeRTOS/Source/stream_buffer.c **** }
 1548              		.loc 1 502 2 is_stmt 1 view .LVU431
 503:Middlewares/Third_Party/FreeRTOS/Source/stream_buffer.c **** /*-----------------------------------------------------------*/
 1549              		.loc 1 503 1 is_stmt 0 view .LVU432
 1550 0008 08BD     		pop	{r3, pc}
 1551              	.LVL129:
 1552              	.L107:
 499:Middlewares/Third_Party/FreeRTOS/Source/stream_buffer.c **** 
 1553              		.loc 1 499 2 is_stmt 1 discriminator 1 view .LVU433
 1554              	.LBB134:
 1555              	.LBI134:
 191:Middlewares/Third_Party/FreeRTOS/Source/portable/GCC/ARM_CM4F/portmacro.h **** {
 1556              		.loc 2 191 30 view .LVU434
 1557              	.LBB135:
 193:Middlewares/Third_Party/FreeRTOS/Source/portable/GCC/ARM_CM4F/portmacro.h **** 
 1558              		.loc 2 193 1 view .LVU435
 1559              		.loc 2 195 2 view .LVU436
 1560              		.syntax unified
 1561              	@ 195 "Middlewares/Third_Party/FreeRTOS/Source/portable/GCC/ARM_CM4F/portmacro.h" 1
 1562 000a 4FF05003 			mov r3, #80												
 1563 000e 83F31188 		msr basepri, r3											
 1564 0012 BFF36F8F 		isb														
 1565 0016 BFF34F8F 		dsb														
 1566              	
 1567              	@ 0 "" 2
 1568              		.thumb
 1569              		.syntax unified
 1570              	.L105:
 1571              	.LBE135:
 1572              	.LBE134:
 499:Middlewares/Third_Party/FreeRTOS/Source/stream_buffer.c **** 
 1573              		.loc 1 499 2 view .LVU437
 1574 001a FEE7     		b	.L105
 1575              		.cfi_endproc
 1576              	.LFE10:
 1578              		.section	.text.xStreamBufferSend,"ax",%progbits
 1579              		.align	1
 1580              		.global	xStreamBufferSend
 1581              		.syntax unified
 1582              		.thumb
 1583              		.thumb_func
 1585              	xStreamBufferSend:
 1586              	.LVL130:
ARM GAS  C:\Users\kalpe\AppData\Local\Temp\ccLk4XJd.s 			page 60


 1587              	.LFB11:
 510:Middlewares/Third_Party/FreeRTOS/Source/stream_buffer.c **** StreamBuffer_t * const pxStreamBuffer = xStreamBuffer;
 1588              		.loc 1 510 1 view -0
 1589              		.cfi_startproc
 1590              		@ args = 0, pretend = 0, frame = 16
 1591              		@ frame_needed = 0, uses_anonymous_args = 0
 510:Middlewares/Third_Party/FreeRTOS/Source/stream_buffer.c **** StreamBuffer_t * const pxStreamBuffer = xStreamBuffer;
 1592              		.loc 1 510 1 is_stmt 0 view .LVU439
 1593 0000 2DE9F041 		push	{r4, r5, r6, r7, r8, lr}
 1594              	.LCFI26:
 1595              		.cfi_def_cfa_offset 24
 1596              		.cfi_offset 4, -24
 1597              		.cfi_offset 5, -20
 1598              		.cfi_offset 6, -16
 1599              		.cfi_offset 7, -12
 1600              		.cfi_offset 8, -8
 1601              		.cfi_offset 14, -4
 1602 0004 86B0     		sub	sp, sp, #24
 1603              	.LCFI27:
 1604              		.cfi_def_cfa_offset 48
 1605 0006 0393     		str	r3, [sp, #12]
 511:Middlewares/Third_Party/FreeRTOS/Source/stream_buffer.c **** size_t xReturn, xSpace = 0;
 1606              		.loc 1 511 1 is_stmt 1 view .LVU440
 1607              	.LVL131:
 512:Middlewares/Third_Party/FreeRTOS/Source/stream_buffer.c **** size_t xRequiredSpace = xDataLengthBytes;
 1608              		.loc 1 512 1 view .LVU441
 513:Middlewares/Third_Party/FreeRTOS/Source/stream_buffer.c **** TimeOut_t xTimeOut;
 1609              		.loc 1 513 1 view .LVU442
 514:Middlewares/Third_Party/FreeRTOS/Source/stream_buffer.c **** 
 1610              		.loc 1 514 1 view .LVU443
 516:Middlewares/Third_Party/FreeRTOS/Source/stream_buffer.c **** 	configASSERT( pxStreamBuffer );
 1611              		.loc 1 516 2 view .LVU444
 1612 0008 99B1     		cbz	r1, .L126
 1613 000a 0446     		mov	r4, r0
 1614 000c 1746     		mov	r7, r2
 1615 000e 8846     		mov	r8, r1
 516:Middlewares/Third_Party/FreeRTOS/Source/stream_buffer.c **** 	configASSERT( pxStreamBuffer );
 1616              		.loc 1 516 26 view .LVU445
 517:Middlewares/Third_Party/FreeRTOS/Source/stream_buffer.c **** 
 1617              		.loc 1 517 2 view .LVU446
 1618 0010 C0B1     		cbz	r0, .L127
 517:Middlewares/Third_Party/FreeRTOS/Source/stream_buffer.c **** 
 1619              		.loc 1 517 32 view .LVU447
 523:Middlewares/Third_Party/FreeRTOS/Source/stream_buffer.c **** 	{
 1620              		.loc 1 523 2 view .LVU448
 523:Middlewares/Third_Party/FreeRTOS/Source/stream_buffer.c **** 	{
 1621              		.loc 1 523 22 is_stmt 0 view .LVU449
 1622 0012 037F     		ldrb	r3, [r0, #28]	@ zero_extendqisi2
 1623              	.LVL132:
 523:Middlewares/Third_Party/FreeRTOS/Source/stream_buffer.c **** 	{
 1624              		.loc 1 523 4 view .LVU450
 1625 0014 13F0010F 		tst	r3, #1
 1626 0018 1DD0     		beq	.L124
 525:Middlewares/Third_Party/FreeRTOS/Source/stream_buffer.c **** 
 1627              		.loc 1 525 3 is_stmt 1 view .LVU451
 525:Middlewares/Third_Party/FreeRTOS/Source/stream_buffer.c **** 
 1628              		.loc 1 525 18 is_stmt 0 view .LVU452
ARM GAS  C:\Users\kalpe\AppData\Local\Temp\ccLk4XJd.s 			page 61


 1629 001a 161D     		adds	r6, r2, #4
 1630              	.LVL133:
 528:Middlewares/Third_Party/FreeRTOS/Source/stream_buffer.c **** 	}
 1631              		.loc 1 528 3 is_stmt 1 view .LVU453
 1632 001c B242     		cmp	r2, r6
 1633 001e 1BD3     		bcc	.L113
 528:Middlewares/Third_Party/FreeRTOS/Source/stream_buffer.c **** 	}
 1634              		.loc 1 528 3 discriminator 1 view .LVU454
 1635              	.LBB136:
 1636              	.LBI136:
 191:Middlewares/Third_Party/FreeRTOS/Source/portable/GCC/ARM_CM4F/portmacro.h **** {
 1637              		.loc 2 191 30 view .LVU455
 1638              	.LBB137:
 193:Middlewares/Third_Party/FreeRTOS/Source/portable/GCC/ARM_CM4F/portmacro.h **** 
 1639              		.loc 2 193 1 view .LVU456
 1640              		.loc 2 195 2 view .LVU457
 1641              		.syntax unified
 1642              	@ 195 "Middlewares/Third_Party/FreeRTOS/Source/portable/GCC/ARM_CM4F/portmacro.h" 1
 1643 0020 4FF05003 			mov r3, #80												
 1644 0024 83F31188 		msr basepri, r3											
 1645 0028 BFF36F8F 		isb														
 1646 002c BFF34F8F 		dsb														
 1647              	
 1648              	@ 0 "" 2
 1649              		.thumb
 1650              		.syntax unified
 1651              	.L114:
 1652              	.LBE137:
 1653              	.LBE136:
 528:Middlewares/Third_Party/FreeRTOS/Source/stream_buffer.c **** 	}
 1654              		.loc 1 528 3 view .LVU458
 1655 0030 FEE7     		b	.L114
 1656              	.LVL134:
 1657              	.L126:
 516:Middlewares/Third_Party/FreeRTOS/Source/stream_buffer.c **** 	configASSERT( pxStreamBuffer );
 1658              		.loc 1 516 2 discriminator 1 view .LVU459
 1659              	.LBB138:
 1660              	.LBI138:
 191:Middlewares/Third_Party/FreeRTOS/Source/portable/GCC/ARM_CM4F/portmacro.h **** {
 1661              		.loc 2 191 30 view .LVU460
 1662              	.LBB139:
 193:Middlewares/Third_Party/FreeRTOS/Source/portable/GCC/ARM_CM4F/portmacro.h **** 
 1663              		.loc 2 193 1 view .LVU461
 1664              		.loc 2 195 2 view .LVU462
 1665              		.syntax unified
 1666              	@ 195 "Middlewares/Third_Party/FreeRTOS/Source/portable/GCC/ARM_CM4F/portmacro.h" 1
 1667 0032 4FF05003 			mov r3, #80												
 1668 0036 83F31188 		msr basepri, r3											
 1669 003a BFF36F8F 		isb														
 1670 003e BFF34F8F 		dsb														
 1671              	
 1672              	@ 0 "" 2
 1673              	.LVL135:
 1674              		.thumb
 1675              		.syntax unified
 1676              	.L110:
 1677              		.loc 2 195 2 is_stmt 0 view .LVU463
ARM GAS  C:\Users\kalpe\AppData\Local\Temp\ccLk4XJd.s 			page 62


 1678              	.LBE139:
 1679              	.LBE138:
 516:Middlewares/Third_Party/FreeRTOS/Source/stream_buffer.c **** 	configASSERT( pxStreamBuffer );
 1680              		.loc 1 516 2 is_stmt 1 view .LVU464
 1681 0042 FEE7     		b	.L110
 1682              	.LVL136:
 1683              	.L127:
 517:Middlewares/Third_Party/FreeRTOS/Source/stream_buffer.c **** 
 1684              		.loc 1 517 2 discriminator 1 view .LVU465
 1685              	.LBB140:
 1686              	.LBI140:
 191:Middlewares/Third_Party/FreeRTOS/Source/portable/GCC/ARM_CM4F/portmacro.h **** {
 1687              		.loc 2 191 30 view .LVU466
 1688              	.LBB141:
 193:Middlewares/Third_Party/FreeRTOS/Source/portable/GCC/ARM_CM4F/portmacro.h **** 
 1689              		.loc 2 193 1 view .LVU467
 1690              		.loc 2 195 2 view .LVU468
 1691              		.syntax unified
 1692              	@ 195 "Middlewares/Third_Party/FreeRTOS/Source/portable/GCC/ARM_CM4F/portmacro.h" 1
 1693 0044 4FF05003 			mov r3, #80												
 1694 0048 83F31188 		msr basepri, r3											
 1695 004c BFF36F8F 		isb														
 1696 0050 BFF34F8F 		dsb														
 1697              	
 1698              	@ 0 "" 2
 1699              	.LVL137:
 1700              		.thumb
 1701              		.syntax unified
 1702              	.L112:
 1703              		.loc 2 195 2 is_stmt 0 view .LVU469
 1704              	.LBE141:
 1705              	.LBE140:
 517:Middlewares/Third_Party/FreeRTOS/Source/stream_buffer.c **** 
 1706              		.loc 1 517 2 is_stmt 1 view .LVU470
 1707 0054 FEE7     		b	.L112
 1708              	.L124:
 513:Middlewares/Third_Party/FreeRTOS/Source/stream_buffer.c **** TimeOut_t xTimeOut;
 1709              		.loc 1 513 8 is_stmt 0 view .LVU471
 1710 0056 1646     		mov	r6, r2
 1711              	.LVL138:
 1712              	.L113:
 532:Middlewares/Third_Party/FreeRTOS/Source/stream_buffer.c **** 	}
 1713              		.loc 1 532 27 is_stmt 1 view .LVU472
 535:Middlewares/Third_Party/FreeRTOS/Source/stream_buffer.c **** 	{
 1714              		.loc 1 535 2 view .LVU473
 535:Middlewares/Third_Party/FreeRTOS/Source/stream_buffer.c **** 	{
 1715              		.loc 1 535 19 is_stmt 0 view .LVU474
 1716 0058 039B     		ldr	r3, [sp, #12]
 535:Middlewares/Third_Party/FreeRTOS/Source/stream_buffer.c **** 	{
 1717              		.loc 1 535 4 view .LVU475
 1718 005a 7BB3     		cbz	r3, .L115
 537:Middlewares/Third_Party/FreeRTOS/Source/stream_buffer.c **** 
 1719              		.loc 1 537 3 is_stmt 1 view .LVU476
 1720 005c 04A8     		add	r0, sp, #16
 1721              	.LVL139:
 537:Middlewares/Third_Party/FreeRTOS/Source/stream_buffer.c **** 
 1722              		.loc 1 537 3 is_stmt 0 view .LVU477
ARM GAS  C:\Users\kalpe\AppData\Local\Temp\ccLk4XJd.s 			page 63


 1723 005e FFF7FEFF 		bl	vTaskSetTimeOutState
 1724              	.LVL140:
 1725              	.L119:
 539:Middlewares/Third_Party/FreeRTOS/Source/stream_buffer.c **** 		{
 1726              		.loc 1 539 3 is_stmt 1 view .LVU478
 543:Middlewares/Third_Party/FreeRTOS/Source/stream_buffer.c **** 			{
 1727              		.loc 1 543 4 view .LVU479
 1728 0062 FFF7FEFF 		bl	vPortEnterCritical
 1729              	.LVL141:
 545:Middlewares/Third_Party/FreeRTOS/Source/stream_buffer.c **** 
 1730              		.loc 1 545 5 view .LVU480
 545:Middlewares/Third_Party/FreeRTOS/Source/stream_buffer.c **** 
 1731              		.loc 1 545 14 is_stmt 0 view .LVU481
 1732 0066 2046     		mov	r0, r4
 1733 0068 FFF7FEFF 		bl	xStreamBufferSpacesAvailable
 1734              	.LVL142:
 1735 006c 0546     		mov	r5, r0
 1736              	.LVL143:
 547:Middlewares/Third_Party/FreeRTOS/Source/stream_buffer.c **** 				{
 1737              		.loc 1 547 5 is_stmt 1 view .LVU482
 547:Middlewares/Third_Party/FreeRTOS/Source/stream_buffer.c **** 				{
 1738              		.loc 1 547 7 is_stmt 0 view .LVU483
 1739 006e 8642     		cmp	r6, r0
 1740 0070 21D9     		bls	.L116
 550:Middlewares/Third_Party/FreeRTOS/Source/stream_buffer.c **** 
 1741              		.loc 1 550 6 is_stmt 1 view .LVU484
 550:Middlewares/Third_Party/FreeRTOS/Source/stream_buffer.c **** 
 1742              		.loc 1 550 15 is_stmt 0 view .LVU485
 1743 0072 0020     		movs	r0, #0
 1744              	.LVL144:
 550:Middlewares/Third_Party/FreeRTOS/Source/stream_buffer.c **** 
 1745              		.loc 1 550 15 view .LVU486
 1746 0074 FFF7FEFF 		bl	xTaskNotifyStateClear
 1747              	.LVL145:
 553:Middlewares/Third_Party/FreeRTOS/Source/stream_buffer.c **** 					pxStreamBuffer->xTaskWaitingToSend = xTaskGetCurrentTaskHandle();
 1748              		.loc 1 553 6 is_stmt 1 view .LVU487
 1749 0078 6369     		ldr	r3, [r4, #20]
 1750 007a 9BB9     		cbnz	r3, .L128
 553:Middlewares/Third_Party/FreeRTOS/Source/stream_buffer.c **** 					pxStreamBuffer->xTaskWaitingToSend = xTaskGetCurrentTaskHandle();
 1751              		.loc 1 553 64 view .LVU488
 554:Middlewares/Third_Party/FreeRTOS/Source/stream_buffer.c **** 				}
 1752              		.loc 1 554 6 view .LVU489
 554:Middlewares/Third_Party/FreeRTOS/Source/stream_buffer.c **** 				}
 1753              		.loc 1 554 43 is_stmt 0 view .LVU490
 1754 007c FFF7FEFF 		bl	xTaskGetCurrentTaskHandle
 1755              	.LVL146:
 554:Middlewares/Third_Party/FreeRTOS/Source/stream_buffer.c **** 				}
 1756              		.loc 1 554 41 discriminator 1 view .LVU491
 1757 0080 6061     		str	r0, [r4, #20]
 562:Middlewares/Third_Party/FreeRTOS/Source/stream_buffer.c **** 
 1758              		.loc 1 562 4 is_stmt 1 view .LVU492
 1759 0082 FFF7FEFF 		bl	vPortExitCritical
 1760              	.LVL147:
 564:Middlewares/Third_Party/FreeRTOS/Source/stream_buffer.c **** 			( void ) xTaskNotifyWait( ( uint32_t ) 0, ( uint32_t ) 0, NULL, xTicksToWait );
 1761              		.loc 1 564 56 view .LVU493
 565:Middlewares/Third_Party/FreeRTOS/Source/stream_buffer.c **** 			pxStreamBuffer->xTaskWaitingToSend = NULL;
 1762              		.loc 1 565 4 view .LVU494
ARM GAS  C:\Users\kalpe\AppData\Local\Temp\ccLk4XJd.s 			page 64


 565:Middlewares/Third_Party/FreeRTOS/Source/stream_buffer.c **** 			pxStreamBuffer->xTaskWaitingToSend = NULL;
 1763              		.loc 1 565 13 is_stmt 0 view .LVU495
 1764 0086 039B     		ldr	r3, [sp, #12]
 1765 0088 0022     		movs	r2, #0
 1766 008a 1146     		mov	r1, r2
 1767 008c 1046     		mov	r0, r2
 1768 008e FFF7FEFF 		bl	xTaskNotifyWait
 1769              	.LVL148:
 566:Middlewares/Third_Party/FreeRTOS/Source/stream_buffer.c **** 
 1770              		.loc 1 566 4 is_stmt 1 view .LVU496
 566:Middlewares/Third_Party/FreeRTOS/Source/stream_buffer.c **** 
 1771              		.loc 1 566 39 is_stmt 0 view .LVU497
 1772 0092 0023     		movs	r3, #0
 1773 0094 6361     		str	r3, [r4, #20]
 568:Middlewares/Third_Party/FreeRTOS/Source/stream_buffer.c **** 	}
 1774              		.loc 1 568 61 is_stmt 1 view .LVU498
 568:Middlewares/Third_Party/FreeRTOS/Source/stream_buffer.c **** 	}
 1775              		.loc 1 568 12 is_stmt 0 view .LVU499
 1776 0096 03A9     		add	r1, sp, #12
 1777 0098 04A8     		add	r0, sp, #16
 1778 009a FFF7FEFF 		bl	xTaskCheckForTimeOut
 1779              	.LVL149:
 568:Middlewares/Third_Party/FreeRTOS/Source/stream_buffer.c **** 	}
 1780              		.loc 1 568 61 discriminator 1 view .LVU500
 1781 009e 0028     		cmp	r0, #0
 1782 00a0 DFD0     		beq	.L119
 1783 00a2 0AE0     		b	.L120
 1784              	.L128:
 553:Middlewares/Third_Party/FreeRTOS/Source/stream_buffer.c **** 					pxStreamBuffer->xTaskWaitingToSend = xTaskGetCurrentTaskHandle();
 1785              		.loc 1 553 6 is_stmt 1 discriminator 1 view .LVU501
 1786              	.LBB142:
 1787              	.LBI142:
 191:Middlewares/Third_Party/FreeRTOS/Source/portable/GCC/ARM_CM4F/portmacro.h **** {
 1788              		.loc 2 191 30 view .LVU502
 1789              	.LBB143:
 193:Middlewares/Third_Party/FreeRTOS/Source/portable/GCC/ARM_CM4F/portmacro.h **** 
 1790              		.loc 2 193 1 view .LVU503
 1791              		.loc 2 195 2 view .LVU504
 1792              		.syntax unified
 1793              	@ 195 "Middlewares/Third_Party/FreeRTOS/Source/portable/GCC/ARM_CM4F/portmacro.h" 1
 1794 00a4 4FF05003 			mov r3, #80												
 1795 00a8 83F31188 		msr basepri, r3											
 1796 00ac BFF36F8F 		isb														
 1797 00b0 BFF34F8F 		dsb														
 1798              	
 1799              	@ 0 "" 2
 1800              		.thumb
 1801              		.syntax unified
 1802              	.L118:
 1803              	.LBE143:
 1804              	.LBE142:
 553:Middlewares/Third_Party/FreeRTOS/Source/stream_buffer.c **** 					pxStreamBuffer->xTaskWaitingToSend = xTaskGetCurrentTaskHandle();
 1805              		.loc 1 553 6 view .LVU505
 1806 00b4 FEE7     		b	.L118
 1807              	.LVL150:
 1808              	.L116:
 558:Middlewares/Third_Party/FreeRTOS/Source/stream_buffer.c **** 					break;
ARM GAS  C:\Users\kalpe\AppData\Local\Temp\ccLk4XJd.s 			page 65


 1809              		.loc 1 558 6 view .LVU506
 1810 00b6 FFF7FEFF 		bl	vPortExitCritical
 1811              	.LVL151:
 559:Middlewares/Third_Party/FreeRTOS/Source/stream_buffer.c **** 				}
 1812              		.loc 1 559 6 view .LVU507
 1813              	.L120:
 572:Middlewares/Third_Party/FreeRTOS/Source/stream_buffer.c **** 	}
 1814              		.loc 1 572 27 view .LVU508
 575:Middlewares/Third_Party/FreeRTOS/Source/stream_buffer.c **** 	{
 1815              		.loc 1 575 2 view .LVU509
 575:Middlewares/Third_Party/FreeRTOS/Source/stream_buffer.c **** 	{
 1816              		.loc 1 575 4 is_stmt 0 view .LVU510
 1817 00ba 1DB9     		cbnz	r5, .L121
 1818              	.LVL152:
 1819              	.L115:
 577:Middlewares/Third_Party/FreeRTOS/Source/stream_buffer.c **** 	}
 1820              		.loc 1 577 3 is_stmt 1 view .LVU511
 577:Middlewares/Third_Party/FreeRTOS/Source/stream_buffer.c **** 	}
 1821              		.loc 1 577 12 is_stmt 0 view .LVU512
 1822 00bc 2046     		mov	r0, r4
 1823 00be FFF7FEFF 		bl	xStreamBufferSpacesAvailable
 1824              	.LVL153:
 1825 00c2 0546     		mov	r5, r0
 1826              	.L121:
 1827              	.LVL154:
 581:Middlewares/Third_Party/FreeRTOS/Source/stream_buffer.c **** 	}
 1828              		.loc 1 581 27 is_stmt 1 view .LVU513
 584:Middlewares/Third_Party/FreeRTOS/Source/stream_buffer.c **** 
 1829              		.loc 1 584 2 view .LVU514
 584:Middlewares/Third_Party/FreeRTOS/Source/stream_buffer.c **** 
 1830              		.loc 1 584 12 is_stmt 0 view .LVU515
 1831 00c4 0096     		str	r6, [sp]
 1832 00c6 2B46     		mov	r3, r5
 1833 00c8 3A46     		mov	r2, r7
 1834 00ca 4146     		mov	r1, r8
 1835 00cc 2046     		mov	r0, r4
 1836 00ce FFF7FEFF 		bl	prvWriteMessageToBuffer
 1837              	.LVL155:
 586:Middlewares/Third_Party/FreeRTOS/Source/stream_buffer.c **** 	{
 1838              		.loc 1 586 2 is_stmt 1 view .LVU516
 586:Middlewares/Third_Party/FreeRTOS/Source/stream_buffer.c **** 	{
 1839              		.loc 1 586 4 is_stmt 0 view .LVU517
 1840 00d2 0546     		mov	r5, r0
 1841              	.LVL156:
 586:Middlewares/Third_Party/FreeRTOS/Source/stream_buffer.c **** 	{
 1842              		.loc 1 586 4 view .LVU518
 1843 00d4 18B9     		cbnz	r0, .L129
 1844              	.LVL157:
 1845              	.L108:
 607:Middlewares/Third_Party/FreeRTOS/Source/stream_buffer.c **** /*-----------------------------------------------------------*/
 1846              		.loc 1 607 1 view .LVU519
 1847 00d6 2846     		mov	r0, r5
 1848 00d8 06B0     		add	sp, sp, #24
 1849              	.LCFI28:
 1850              		.cfi_remember_state
 1851              		.cfi_def_cfa_offset 24
 1852              		@ sp needed
ARM GAS  C:\Users\kalpe\AppData\Local\Temp\ccLk4XJd.s 			page 66


 1853 00da BDE8F081 		pop	{r4, r5, r6, r7, r8, pc}
 1854              	.LVL158:
 1855              	.L129:
 1856              	.LCFI29:
 1857              		.cfi_restore_state
 588:Middlewares/Third_Party/FreeRTOS/Source/stream_buffer.c **** 
 1858              		.loc 1 588 52 is_stmt 1 view .LVU520
 591:Middlewares/Third_Party/FreeRTOS/Source/stream_buffer.c **** 		{
 1859              		.loc 1 591 3 view .LVU521
 591:Middlewares/Third_Party/FreeRTOS/Source/stream_buffer.c **** 		{
 1860              		.loc 1 591 7 is_stmt 0 view .LVU522
 1861 00de 2046     		mov	r0, r4
 1862              	.LVL159:
 591:Middlewares/Third_Party/FreeRTOS/Source/stream_buffer.c **** 		{
 1863              		.loc 1 591 7 view .LVU523
 1864 00e0 FFF7FEFF 		bl	prvBytesInBuffer
 1865              	.LVL160:
 591:Middlewares/Third_Party/FreeRTOS/Source/stream_buffer.c **** 		{
 1866              		.loc 1 591 59 discriminator 1 view .LVU524
 1867 00e4 E368     		ldr	r3, [r4, #12]
 591:Middlewares/Third_Party/FreeRTOS/Source/stream_buffer.c **** 		{
 1868              		.loc 1 591 5 discriminator 1 view .LVU525
 1869 00e6 9842     		cmp	r0, r3
 1870 00e8 F5D3     		bcc	.L108
 593:Middlewares/Third_Party/FreeRTOS/Source/stream_buffer.c **** 		}
 1871              		.loc 1 593 4 is_stmt 1 view .LVU526
 1872 00ea FFF7FEFF 		bl	vTaskSuspendAll
 1873              	.LVL161:
 593:Middlewares/Third_Party/FreeRTOS/Source/stream_buffer.c **** 		}
 1874              		.loc 1 593 4 discriminator 1 view .LVU527
 1875 00ee 2369     		ldr	r3, [r4, #16]
 1876 00f0 3BB1     		cbz	r3, .L123
 593:Middlewares/Third_Party/FreeRTOS/Source/stream_buffer.c **** 		}
 1877              		.loc 1 593 4 discriminator 2 view .LVU528
 1878 00f2 2069     		ldr	r0, [r4, #16]
 1879 00f4 0023     		movs	r3, #0
 1880 00f6 1A46     		mov	r2, r3
 1881 00f8 1946     		mov	r1, r3
 1882 00fa FFF7FEFF 		bl	xTaskGenericNotify
 1883              	.LVL162:
 593:Middlewares/Third_Party/FreeRTOS/Source/stream_buffer.c **** 		}
 1884              		.loc 1 593 4 discriminator 4 view .LVU529
 1885 00fe 0023     		movs	r3, #0
 1886 0100 2361     		str	r3, [r4, #16]
 1887              	.L123:
 593:Middlewares/Third_Party/FreeRTOS/Source/stream_buffer.c **** 		}
 1888              		.loc 1 593 4 discriminator 5 view .LVU530
 1889 0102 FFF7FEFF 		bl	xTaskResumeAll
 1890              	.LVL163:
 593:Middlewares/Third_Party/FreeRTOS/Source/stream_buffer.c **** 		}
 1891              		.loc 1 593 38 discriminator 6 view .LVU531
 602:Middlewares/Third_Party/FreeRTOS/Source/stream_buffer.c **** 		traceSTREAM_BUFFER_SEND_FAILED( xStreamBuffer );
 1892              		.loc 1 602 27 view .LVU532
 603:Middlewares/Third_Party/FreeRTOS/Source/stream_buffer.c **** 	}
 1893              		.loc 1 603 50 view .LVU533
 606:Middlewares/Third_Party/FreeRTOS/Source/stream_buffer.c **** }
 1894              		.loc 1 606 2 view .LVU534
ARM GAS  C:\Users\kalpe\AppData\Local\Temp\ccLk4XJd.s 			page 67


 606:Middlewares/Third_Party/FreeRTOS/Source/stream_buffer.c **** }
 1895              		.loc 1 606 9 is_stmt 0 view .LVU535
 1896 0106 E6E7     		b	.L108
 1897              		.cfi_endproc
 1898              	.LFE11:
 1900              		.section	.text.xStreamBufferSendFromISR,"ax",%progbits
 1901              		.align	1
 1902              		.global	xStreamBufferSendFromISR
 1903              		.syntax unified
 1904              		.thumb
 1905              		.thumb_func
 1907              	xStreamBufferSendFromISR:
 1908              	.LVL164:
 1909              	.LFB12:
 614:Middlewares/Third_Party/FreeRTOS/Source/stream_buffer.c **** StreamBuffer_t * const pxStreamBuffer = xStreamBuffer;
 1910              		.loc 1 614 1 is_stmt 1 view -0
 1911              		.cfi_startproc
 1912              		@ args = 0, pretend = 0, frame = 0
 1913              		@ frame_needed = 0, uses_anonymous_args = 0
 615:Middlewares/Third_Party/FreeRTOS/Source/stream_buffer.c **** size_t xReturn, xSpace;
 1914              		.loc 1 615 1 view .LVU537
 616:Middlewares/Third_Party/FreeRTOS/Source/stream_buffer.c **** size_t xRequiredSpace = xDataLengthBytes;
 1915              		.loc 1 616 1 view .LVU538
 617:Middlewares/Third_Party/FreeRTOS/Source/stream_buffer.c **** 
 1916              		.loc 1 617 1 view .LVU539
 619:Middlewares/Third_Party/FreeRTOS/Source/stream_buffer.c **** 	configASSERT( pxStreamBuffer );
 1917              		.loc 1 619 2 view .LVU540
 1918 0000 F9B1     		cbz	r1, .L141
 614:Middlewares/Third_Party/FreeRTOS/Source/stream_buffer.c **** StreamBuffer_t * const pxStreamBuffer = xStreamBuffer;
 1919              		.loc 1 614 1 is_stmt 0 view .LVU541
 1920 0002 2DE9F041 		push	{r4, r5, r6, r7, r8, lr}
 1921              	.LCFI30:
 1922              		.cfi_def_cfa_offset 24
 1923              		.cfi_offset 4, -24
 1924              		.cfi_offset 5, -20
 1925              		.cfi_offset 6, -16
 1926              		.cfi_offset 7, -12
 1927              		.cfi_offset 8, -8
 1928              		.cfi_offset 14, -4
 1929 0006 82B0     		sub	sp, sp, #8
 1930              	.LCFI31:
 1931              		.cfi_def_cfa_offset 32
 1932 0008 0446     		mov	r4, r0
 1933 000a 1546     		mov	r5, r2
 1934 000c 1F46     		mov	r7, r3
 1935 000e 0E46     		mov	r6, r1
 619:Middlewares/Third_Party/FreeRTOS/Source/stream_buffer.c **** 	configASSERT( pxStreamBuffer );
 1936              		.loc 1 619 26 is_stmt 1 view .LVU542
 620:Middlewares/Third_Party/FreeRTOS/Source/stream_buffer.c **** 
 1937              		.loc 1 620 2 view .LVU543
 1938 0010 00B3     		cbz	r0, .L142
 620:Middlewares/Third_Party/FreeRTOS/Source/stream_buffer.c **** 
 1939              		.loc 1 620 32 view .LVU544
 626:Middlewares/Third_Party/FreeRTOS/Source/stream_buffer.c **** 	{
 1940              		.loc 1 626 2 view .LVU545
 626:Middlewares/Third_Party/FreeRTOS/Source/stream_buffer.c **** 	{
 1941              		.loc 1 626 22 is_stmt 0 view .LVU546
ARM GAS  C:\Users\kalpe\AppData\Local\Temp\ccLk4XJd.s 			page 68


 1942 0012 037F     		ldrb	r3, [r0, #28]	@ zero_extendqisi2
 1943              	.LVL165:
 626:Middlewares/Third_Party/FreeRTOS/Source/stream_buffer.c **** 	{
 1944              		.loc 1 626 4 view .LVU547
 1945 0014 13F0010F 		tst	r3, #1
 1946 0018 25D0     		beq	.L138
 628:Middlewares/Third_Party/FreeRTOS/Source/stream_buffer.c **** 	}
 1947              		.loc 1 628 3 is_stmt 1 view .LVU548
 628:Middlewares/Third_Party/FreeRTOS/Source/stream_buffer.c **** 	}
 1948              		.loc 1 628 18 is_stmt 0 view .LVU549
 1949 001a 1346     		mov	r3, r2
 1950 001c 0433     		adds	r3, r3, #4
 1951 001e 9846     		mov	r8, r3
 1952              	.LVL166:
 1953              	.L135:
 632:Middlewares/Third_Party/FreeRTOS/Source/stream_buffer.c **** 	}
 1954              		.loc 1 632 27 is_stmt 1 view .LVU550
 635:Middlewares/Third_Party/FreeRTOS/Source/stream_buffer.c **** 	xReturn = prvWriteMessageToBuffer( pxStreamBuffer, pvTxData, xDataLengthBytes, xSpace, xRequiredSp
 1955              		.loc 1 635 2 view .LVU551
 635:Middlewares/Third_Party/FreeRTOS/Source/stream_buffer.c **** 	xReturn = prvWriteMessageToBuffer( pxStreamBuffer, pvTxData, xDataLengthBytes, xSpace, xRequiredSp
 1956              		.loc 1 635 11 is_stmt 0 view .LVU552
 1957 0020 2046     		mov	r0, r4
 1958              	.LVL167:
 635:Middlewares/Third_Party/FreeRTOS/Source/stream_buffer.c **** 	xReturn = prvWriteMessageToBuffer( pxStreamBuffer, pvTxData, xDataLengthBytes, xSpace, xRequiredSp
 1959              		.loc 1 635 11 view .LVU553
 1960 0022 FFF7FEFF 		bl	xStreamBufferSpacesAvailable
 1961              	.LVL168:
 635:Middlewares/Third_Party/FreeRTOS/Source/stream_buffer.c **** 	xReturn = prvWriteMessageToBuffer( pxStreamBuffer, pvTxData, xDataLengthBytes, xSpace, xRequiredSp
 1962              		.loc 1 635 11 view .LVU554
 1963 0026 0346     		mov	r3, r0
 1964              	.LVL169:
 636:Middlewares/Third_Party/FreeRTOS/Source/stream_buffer.c **** 
 1965              		.loc 1 636 2 is_stmt 1 view .LVU555
 636:Middlewares/Third_Party/FreeRTOS/Source/stream_buffer.c **** 
 1966              		.loc 1 636 12 is_stmt 0 view .LVU556
 1967 0028 CDF80080 		str	r8, [sp]
 1968 002c 2A46     		mov	r2, r5
 1969 002e 3146     		mov	r1, r6
 1970 0030 2046     		mov	r0, r4
 1971              	.LVL170:
 636:Middlewares/Third_Party/FreeRTOS/Source/stream_buffer.c **** 
 1972              		.loc 1 636 12 view .LVU557
 1973 0032 FFF7FEFF 		bl	prvWriteMessageToBuffer
 1974              	.LVL171:
 638:Middlewares/Third_Party/FreeRTOS/Source/stream_buffer.c **** 	{
 1975              		.loc 1 638 2 is_stmt 1 view .LVU558
 638:Middlewares/Third_Party/FreeRTOS/Source/stream_buffer.c **** 	{
 1976              		.loc 1 638 4 is_stmt 0 view .LVU559
 1977 0036 0546     		mov	r5, r0
 1978              	.LVL172:
 638:Middlewares/Third_Party/FreeRTOS/Source/stream_buffer.c **** 	{
 1979              		.loc 1 638 4 view .LVU560
 1980 0038 B8B9     		cbnz	r0, .L143
 1981              	.LVL173:
 1982              	.L130:
 658:Middlewares/Third_Party/FreeRTOS/Source/stream_buffer.c **** /*-----------------------------------------------------------*/
 1983              		.loc 1 658 1 view .LVU561
ARM GAS  C:\Users\kalpe\AppData\Local\Temp\ccLk4XJd.s 			page 69


 1984 003a 2846     		mov	r0, r5
 1985 003c 02B0     		add	sp, sp, #8
 1986              	.LCFI32:
 1987              		.cfi_def_cfa_offset 24
 1988              		@ sp needed
 1989 003e BDE8F081 		pop	{r4, r5, r6, r7, r8, pc}
 1990              	.LVL174:
 1991              	.L141:
 1992              	.LCFI33:
 1993              		.cfi_def_cfa_offset 0
 1994              		.cfi_restore 4
 1995              		.cfi_restore 5
 1996              		.cfi_restore 6
 1997              		.cfi_restore 7
 1998              		.cfi_restore 8
 1999              		.cfi_restore 14
 619:Middlewares/Third_Party/FreeRTOS/Source/stream_buffer.c **** 	configASSERT( pxStreamBuffer );
 2000              		.loc 1 619 2 is_stmt 1 discriminator 1 view .LVU562
 2001              	.LBB144:
 2002              	.LBI144:
 191:Middlewares/Third_Party/FreeRTOS/Source/portable/GCC/ARM_CM4F/portmacro.h **** {
 2003              		.loc 2 191 30 view .LVU563
 2004              	.LBB145:
 193:Middlewares/Third_Party/FreeRTOS/Source/portable/GCC/ARM_CM4F/portmacro.h **** 
 2005              		.loc 2 193 1 view .LVU564
 2006              		.loc 2 195 2 view .LVU565
 2007              		.syntax unified
 2008              	@ 195 "Middlewares/Third_Party/FreeRTOS/Source/portable/GCC/ARM_CM4F/portmacro.h" 1
 2009 0042 4FF05003 			mov r3, #80												
 2010 0046 83F31188 		msr basepri, r3											
 2011 004a BFF36F8F 		isb														
 2012 004e BFF34F8F 		dsb														
 2013              	
 2014              	@ 0 "" 2
 2015              	.LVL175:
 2016              		.thumb
 2017              		.syntax unified
 2018              	.L132:
 2019              		.loc 2 195 2 is_stmt 0 view .LVU566
 2020              	.LBE145:
 2021              	.LBE144:
 619:Middlewares/Third_Party/FreeRTOS/Source/stream_buffer.c **** 	configASSERT( pxStreamBuffer );
 2022              		.loc 1 619 2 is_stmt 1 view .LVU567
 2023 0052 FEE7     		b	.L132
 2024              	.LVL176:
 2025              	.L142:
 2026              	.LCFI34:
 2027              		.cfi_def_cfa_offset 32
 2028              		.cfi_offset 4, -24
 2029              		.cfi_offset 5, -20
 2030              		.cfi_offset 6, -16
 2031              		.cfi_offset 7, -12
 2032              		.cfi_offset 8, -8
 2033              		.cfi_offset 14, -4
 620:Middlewares/Third_Party/FreeRTOS/Source/stream_buffer.c **** 
 2034              		.loc 1 620 2 discriminator 1 view .LVU568
 2035              	.LBB146:
ARM GAS  C:\Users\kalpe\AppData\Local\Temp\ccLk4XJd.s 			page 70


 2036              	.LBI146:
 191:Middlewares/Third_Party/FreeRTOS/Source/portable/GCC/ARM_CM4F/portmacro.h **** {
 2037              		.loc 2 191 30 view .LVU569
 2038              	.LBB147:
 193:Middlewares/Third_Party/FreeRTOS/Source/portable/GCC/ARM_CM4F/portmacro.h **** 
 2039              		.loc 2 193 1 view .LVU570
 2040              		.loc 2 195 2 view .LVU571
 2041              		.syntax unified
 2042              	@ 195 "Middlewares/Third_Party/FreeRTOS/Source/portable/GCC/ARM_CM4F/portmacro.h" 1
 2043 0054 4FF05003 			mov r3, #80												
 2044 0058 83F31188 		msr basepri, r3											
 2045 005c BFF36F8F 		isb														
 2046 0060 BFF34F8F 		dsb														
 2047              	
 2048              	@ 0 "" 2
 2049              	.LVL177:
 2050              		.thumb
 2051              		.syntax unified
 2052              	.L134:
 2053              		.loc 2 195 2 is_stmt 0 view .LVU572
 2054              	.LBE147:
 2055              	.LBE146:
 620:Middlewares/Third_Party/FreeRTOS/Source/stream_buffer.c **** 
 2056              		.loc 1 620 2 is_stmt 1 view .LVU573
 2057 0064 FEE7     		b	.L134
 2058              	.L138:
 617:Middlewares/Third_Party/FreeRTOS/Source/stream_buffer.c **** 
 2059              		.loc 1 617 8 is_stmt 0 view .LVU574
 2060 0066 9046     		mov	r8, r2
 2061 0068 DAE7     		b	.L135
 2062              	.LVL178:
 2063              	.L143:
 641:Middlewares/Third_Party/FreeRTOS/Source/stream_buffer.c **** 		{
 2064              		.loc 1 641 3 is_stmt 1 view .LVU575
 641:Middlewares/Third_Party/FreeRTOS/Source/stream_buffer.c **** 		{
 2065              		.loc 1 641 7 is_stmt 0 view .LVU576
 2066 006a 2046     		mov	r0, r4
 2067              	.LVL179:
 641:Middlewares/Third_Party/FreeRTOS/Source/stream_buffer.c **** 		{
 2068              		.loc 1 641 7 view .LVU577
 2069 006c FFF7FEFF 		bl	prvBytesInBuffer
 2070              	.LVL180:
 641:Middlewares/Third_Party/FreeRTOS/Source/stream_buffer.c **** 		{
 2071              		.loc 1 641 59 discriminator 1 view .LVU578
 2072 0070 E368     		ldr	r3, [r4, #12]
 641:Middlewares/Third_Party/FreeRTOS/Source/stream_buffer.c **** 		{
 2073              		.loc 1 641 5 discriminator 1 view .LVU579
 2074 0072 9842     		cmp	r0, r3
 2075 0074 E1D3     		bcc	.L130
 2076              	.LBB148:
 643:Middlewares/Third_Party/FreeRTOS/Source/stream_buffer.c **** 		}
 2077              		.loc 1 643 4 is_stmt 1 view .LVU580
 643:Middlewares/Third_Party/FreeRTOS/Source/stream_buffer.c **** 		}
 2078              		.loc 1 643 4 view .LVU581
 2079              	.LBB149:
 2080              	.LBI149:
 196:Middlewares/Third_Party/FreeRTOS/Source/portable/GCC/ARM_CM4F/portmacro.h **** 	(
ARM GAS  C:\Users\kalpe\AppData\Local\Temp\ccLk4XJd.s 			page 71


 197:Middlewares/Third_Party/FreeRTOS/Source/portable/GCC/ARM_CM4F/portmacro.h **** 		"	mov %0, %1												\n"	\
 198:Middlewares/Third_Party/FreeRTOS/Source/portable/GCC/ARM_CM4F/portmacro.h **** 		"	msr basepri, %0											\n" \
 199:Middlewares/Third_Party/FreeRTOS/Source/portable/GCC/ARM_CM4F/portmacro.h **** 		"	isb														\n" \
 200:Middlewares/Third_Party/FreeRTOS/Source/portable/GCC/ARM_CM4F/portmacro.h **** 		"	dsb														\n" \
 201:Middlewares/Third_Party/FreeRTOS/Source/portable/GCC/ARM_CM4F/portmacro.h **** 		:"=r" (ulNewBASEPRI) : "i" ( configMAX_SYSCALL_INTERRUPT_PRIORITY ) : "memory"
 202:Middlewares/Third_Party/FreeRTOS/Source/portable/GCC/ARM_CM4F/portmacro.h **** 	);
 203:Middlewares/Third_Party/FreeRTOS/Source/portable/GCC/ARM_CM4F/portmacro.h **** }
 204:Middlewares/Third_Party/FreeRTOS/Source/portable/GCC/ARM_CM4F/portmacro.h **** 
 205:Middlewares/Third_Party/FreeRTOS/Source/portable/GCC/ARM_CM4F/portmacro.h **** /*-----------------------------------------------------------*/
 206:Middlewares/Third_Party/FreeRTOS/Source/portable/GCC/ARM_CM4F/portmacro.h **** 
 207:Middlewares/Third_Party/FreeRTOS/Source/portable/GCC/ARM_CM4F/portmacro.h **** portFORCE_INLINE static uint32_t ulPortRaiseBASEPRI( void )
 2081              		.loc 2 207 34 view .LVU582
 2082              	.LBB150:
 208:Middlewares/Third_Party/FreeRTOS/Source/portable/GCC/ARM_CM4F/portmacro.h **** {
 209:Middlewares/Third_Party/FreeRTOS/Source/portable/GCC/ARM_CM4F/portmacro.h **** uint32_t ulOriginalBASEPRI, ulNewBASEPRI;
 2083              		.loc 2 209 1 view .LVU583
 210:Middlewares/Third_Party/FreeRTOS/Source/portable/GCC/ARM_CM4F/portmacro.h **** 
 211:Middlewares/Third_Party/FreeRTOS/Source/portable/GCC/ARM_CM4F/portmacro.h **** 	__asm volatile
 2084              		.loc 2 211 2 view .LVU584
 2085              		.syntax unified
 2086              	@ 211 "Middlewares/Third_Party/FreeRTOS/Source/portable/GCC/ARM_CM4F/portmacro.h" 1
 2087 0076 EFF31183 			mrs r3, basepri											
 2088 007a 4FF05002 		mov r2, #80												
 2089 007e 82F31188 		msr basepri, r2											
 2090 0082 BFF36F8F 		isb														
 2091 0086 BFF34F8F 		dsb														
 2092              	
 2093              	@ 0 "" 2
 2094              		.thumb
 2095              		.syntax unified
 2096 008a 1E46     		mov	r6, r3
 2097              	.LVL181:
 212:Middlewares/Third_Party/FreeRTOS/Source/portable/GCC/ARM_CM4F/portmacro.h **** 	(
 213:Middlewares/Third_Party/FreeRTOS/Source/portable/GCC/ARM_CM4F/portmacro.h **** 		"	mrs %0, basepri											\n" \
 214:Middlewares/Third_Party/FreeRTOS/Source/portable/GCC/ARM_CM4F/portmacro.h **** 		"	mov %1, %2												\n"	\
 215:Middlewares/Third_Party/FreeRTOS/Source/portable/GCC/ARM_CM4F/portmacro.h **** 		"	msr basepri, %1											\n" \
 216:Middlewares/Third_Party/FreeRTOS/Source/portable/GCC/ARM_CM4F/portmacro.h **** 		"	isb														\n" \
 217:Middlewares/Third_Party/FreeRTOS/Source/portable/GCC/ARM_CM4F/portmacro.h **** 		"	dsb														\n" \
 218:Middlewares/Third_Party/FreeRTOS/Source/portable/GCC/ARM_CM4F/portmacro.h **** 		:"=r" (ulOriginalBASEPRI), "=r" (ulNewBASEPRI) : "i" ( configMAX_SYSCALL_INTERRUPT_PRIORITY ) : "
 219:Middlewares/Third_Party/FreeRTOS/Source/portable/GCC/ARM_CM4F/portmacro.h **** 	);
 220:Middlewares/Third_Party/FreeRTOS/Source/portable/GCC/ARM_CM4F/portmacro.h **** 
 221:Middlewares/Third_Party/FreeRTOS/Source/portable/GCC/ARM_CM4F/portmacro.h **** 	/* This return will not be reached but is necessary to prevent compiler
 222:Middlewares/Third_Party/FreeRTOS/Source/portable/GCC/ARM_CM4F/portmacro.h **** 	warnings. */
 223:Middlewares/Third_Party/FreeRTOS/Source/portable/GCC/ARM_CM4F/portmacro.h **** 	return ulOriginalBASEPRI;
 2098              		.loc 2 223 2 view .LVU585
 2099              		.loc 2 223 2 is_stmt 0 view .LVU586
 2100              	.LBE150:
 2101              	.LBE149:
 643:Middlewares/Third_Party/FreeRTOS/Source/stream_buffer.c **** 		}
 2102              		.loc 1 643 4 is_stmt 1 discriminator 1 view .LVU587
 2103 008c 2369     		ldr	r3, [r4, #16]
 2104              	.LVL182:
 643:Middlewares/Third_Party/FreeRTOS/Source/stream_buffer.c **** 		}
 2105              		.loc 1 643 4 is_stmt 0 discriminator 1 view .LVU588
 2106 008e 43B1     		cbz	r3, .L137
 643:Middlewares/Third_Party/FreeRTOS/Source/stream_buffer.c **** 		}
 2107              		.loc 1 643 4 is_stmt 1 discriminator 2 view .LVU589
ARM GAS  C:\Users\kalpe\AppData\Local\Temp\ccLk4XJd.s 			page 72


 2108 0090 2069     		ldr	r0, [r4, #16]
 2109 0092 0097     		str	r7, [sp]
 2110 0094 0023     		movs	r3, #0
 2111 0096 1A46     		mov	r2, r3
 2112 0098 1946     		mov	r1, r3
 2113 009a FFF7FEFF 		bl	xTaskGenericNotifyFromISR
 2114              	.LVL183:
 643:Middlewares/Third_Party/FreeRTOS/Source/stream_buffer.c **** 		}
 2115              		.loc 1 643 4 discriminator 4 view .LVU590
 2116 009e 0023     		movs	r3, #0
 2117 00a0 2361     		str	r3, [r4, #16]
 2118              	.L137:
 643:Middlewares/Third_Party/FreeRTOS/Source/stream_buffer.c **** 		}
 2119              		.loc 1 643 4 discriminator 5 view .LVU591
 2120              	.LBB151:
 2121              	.LBI151:
 224:Middlewares/Third_Party/FreeRTOS/Source/portable/GCC/ARM_CM4F/portmacro.h **** }
 225:Middlewares/Third_Party/FreeRTOS/Source/portable/GCC/ARM_CM4F/portmacro.h **** /*-----------------------------------------------------------*/
 226:Middlewares/Third_Party/FreeRTOS/Source/portable/GCC/ARM_CM4F/portmacro.h **** 
 227:Middlewares/Third_Party/FreeRTOS/Source/portable/GCC/ARM_CM4F/portmacro.h **** portFORCE_INLINE static void vPortSetBASEPRI( uint32_t ulNewMaskValue )
 2122              		.loc 2 227 30 view .LVU592
 2123              	.LBB152:
 228:Middlewares/Third_Party/FreeRTOS/Source/portable/GCC/ARM_CM4F/portmacro.h **** {
 229:Middlewares/Third_Party/FreeRTOS/Source/portable/GCC/ARM_CM4F/portmacro.h **** 	__asm volatile
 2124              		.loc 2 229 2 view .LVU593
 2125              		.syntax unified
 2126              	@ 229 "Middlewares/Third_Party/FreeRTOS/Source/portable/GCC/ARM_CM4F/portmacro.h" 1
 2127 00a2 86F31188 			msr basepri, r6	
 2128              	@ 0 "" 2
 2129              		.thumb
 2130              		.syntax unified
 2131              	.LBE152:
 2132              	.LBE151:
 2133              	.LBE148:
 643:Middlewares/Third_Party/FreeRTOS/Source/stream_buffer.c **** 		}
 2134              		.loc 1 643 73 discriminator 6 view .LVU594
 652:Middlewares/Third_Party/FreeRTOS/Source/stream_buffer.c **** 	}
 2135              		.loc 1 652 27 view .LVU595
 655:Middlewares/Third_Party/FreeRTOS/Source/stream_buffer.c **** 
 2136              		.loc 1 655 60 view .LVU596
 657:Middlewares/Third_Party/FreeRTOS/Source/stream_buffer.c **** }
 2137              		.loc 1 657 2 view .LVU597
 657:Middlewares/Third_Party/FreeRTOS/Source/stream_buffer.c **** }
 2138              		.loc 1 657 9 is_stmt 0 view .LVU598
 2139 00a6 C8E7     		b	.L130
 2140              		.cfi_endproc
 2141              	.LFE12:
 2143              		.section	.text.xStreamBufferReceive,"ax",%progbits
 2144              		.align	1
 2145              		.global	xStreamBufferReceive
 2146              		.syntax unified
 2147              		.thumb
 2148              		.thumb_func
 2150              	xStreamBufferReceive:
 2151              	.LVL184:
 2152              	.LFB14:
 717:Middlewares/Third_Party/FreeRTOS/Source/stream_buffer.c **** StreamBuffer_t * const pxStreamBuffer = xStreamBuffer;
ARM GAS  C:\Users\kalpe\AppData\Local\Temp\ccLk4XJd.s 			page 73


 2153              		.loc 1 717 1 is_stmt 1 view -0
 2154              		.cfi_startproc
 2155              		@ args = 0, pretend = 0, frame = 0
 2156              		@ frame_needed = 0, uses_anonymous_args = 0
 718:Middlewares/Third_Party/FreeRTOS/Source/stream_buffer.c **** size_t xReceivedLength = 0, xBytesAvailable, xBytesToStoreMessageLength;
 2157              		.loc 1 718 1 view .LVU600
 719:Middlewares/Third_Party/FreeRTOS/Source/stream_buffer.c **** 
 2158              		.loc 1 719 1 view .LVU601
 721:Middlewares/Third_Party/FreeRTOS/Source/stream_buffer.c **** 	configASSERT( pxStreamBuffer );
 2159              		.loc 1 721 2 view .LVU602
 2160 0000 29B3     		cbz	r1, .L161
 717:Middlewares/Third_Party/FreeRTOS/Source/stream_buffer.c **** StreamBuffer_t * const pxStreamBuffer = xStreamBuffer;
 2161              		.loc 1 717 1 is_stmt 0 view .LVU603
 2162 0002 2DE9F043 		push	{r4, r5, r6, r7, r8, r9, lr}
 2163              	.LCFI35:
 2164              		.cfi_def_cfa_offset 28
 2165              		.cfi_offset 4, -28
 2166              		.cfi_offset 5, -24
 2167              		.cfi_offset 6, -20
 2168              		.cfi_offset 7, -16
 2169              		.cfi_offset 8, -12
 2170              		.cfi_offset 9, -8
 2171              		.cfi_offset 14, -4
 2172 0006 83B0     		sub	sp, sp, #12
 2173              	.LCFI36:
 2174              		.cfi_def_cfa_offset 40
 2175 0008 0446     		mov	r4, r0
 2176 000a 9146     		mov	r9, r2
 2177 000c 1D46     		mov	r5, r3
 2178 000e 8846     		mov	r8, r1
 721:Middlewares/Third_Party/FreeRTOS/Source/stream_buffer.c **** 	configASSERT( pxStreamBuffer );
 2179              		.loc 1 721 26 is_stmt 1 view .LVU604
 722:Middlewares/Third_Party/FreeRTOS/Source/stream_buffer.c **** 
 2180              		.loc 1 722 2 view .LVU605
 2181 0010 30B3     		cbz	r0, .L162
 722:Middlewares/Third_Party/FreeRTOS/Source/stream_buffer.c **** 
 2182              		.loc 1 722 32 view .LVU606
 729:Middlewares/Third_Party/FreeRTOS/Source/stream_buffer.c **** 	{
 2183              		.loc 1 729 2 view .LVU607
 729:Middlewares/Third_Party/FreeRTOS/Source/stream_buffer.c **** 	{
 2184              		.loc 1 729 22 is_stmt 0 view .LVU608
 2185 0012 037F     		ldrb	r3, [r0, #28]	@ zero_extendqisi2
 2186              	.LVL185:
 729:Middlewares/Third_Party/FreeRTOS/Source/stream_buffer.c **** 	{
 2187              		.loc 1 729 4 view .LVU609
 2188 0014 13F0010F 		tst	r3, #1
 2189 0018 2BD0     		beq	.L157
 731:Middlewares/Third_Party/FreeRTOS/Source/stream_buffer.c **** 	}
 2190              		.loc 1 731 30 view .LVU610
 2191 001a 0423     		movs	r3, #4
 2192 001c 1E46     		mov	r6, r3
 2193              	.L149:
 2194              	.LVL186:
 738:Middlewares/Third_Party/FreeRTOS/Source/stream_buffer.c **** 	{
 2195              		.loc 1 738 2 is_stmt 1 view .LVU611
 738:Middlewares/Third_Party/FreeRTOS/Source/stream_buffer.c **** 	{
 2196              		.loc 1 738 4 is_stmt 0 view .LVU612
ARM GAS  C:\Users\kalpe\AppData\Local\Temp\ccLk4XJd.s 			page 74


 2197 001e 002D     		cmp	r5, #0
 2198 0020 3ED0     		beq	.L150
 742:Middlewares/Third_Party/FreeRTOS/Source/stream_buffer.c **** 		{
 2199              		.loc 1 742 3 is_stmt 1 view .LVU613
 2200 0022 FFF7FEFF 		bl	vPortEnterCritical
 2201              	.LVL187:
 744:Middlewares/Third_Party/FreeRTOS/Source/stream_buffer.c **** 
 2202              		.loc 1 744 4 view .LVU614
 744:Middlewares/Third_Party/FreeRTOS/Source/stream_buffer.c **** 
 2203              		.loc 1 744 22 is_stmt 0 view .LVU615
 2204 0026 2046     		mov	r0, r4
 2205 0028 FFF7FEFF 		bl	prvBytesInBuffer
 2206              	.LVL188:
 2207 002c 0746     		mov	r7, r0
 2208              	.LVL189:
 751:Middlewares/Third_Party/FreeRTOS/Source/stream_buffer.c **** 			{
 2209              		.loc 1 751 4 is_stmt 1 view .LVU616
 751:Middlewares/Third_Party/FreeRTOS/Source/stream_buffer.c **** 			{
 2210              		.loc 1 751 6 is_stmt 0 view .LVU617
 2211 002e 8642     		cmp	r6, r0
 2212 0030 25D3     		bcc	.L151
 754:Middlewares/Third_Party/FreeRTOS/Source/stream_buffer.c **** 
 2213              		.loc 1 754 5 is_stmt 1 view .LVU618
 754:Middlewares/Third_Party/FreeRTOS/Source/stream_buffer.c **** 
 2214              		.loc 1 754 14 is_stmt 0 view .LVU619
 2215 0032 0020     		movs	r0, #0
 2216              	.LVL190:
 754:Middlewares/Third_Party/FreeRTOS/Source/stream_buffer.c **** 
 2217              		.loc 1 754 14 view .LVU620
 2218 0034 FFF7FEFF 		bl	xTaskNotifyStateClear
 2219              	.LVL191:
 757:Middlewares/Third_Party/FreeRTOS/Source/stream_buffer.c **** 				pxStreamBuffer->xTaskWaitingToReceive = xTaskGetCurrentTaskHandle();
 2220              		.loc 1 757 5 is_stmt 1 view .LVU621
 2221 0038 2369     		ldr	r3, [r4, #16]
 2222 003a EBB1     		cbz	r3, .L152
 757:Middlewares/Third_Party/FreeRTOS/Source/stream_buffer.c **** 				pxStreamBuffer->xTaskWaitingToReceive = xTaskGetCurrentTaskHandle();
 2223              		.loc 1 757 5 discriminator 1 view .LVU622
 2224              	.LBB153:
 2225              	.LBI153:
 191:Middlewares/Third_Party/FreeRTOS/Source/portable/GCC/ARM_CM4F/portmacro.h **** {
 2226              		.loc 2 191 30 view .LVU623
 2227              	.LBB154:
 193:Middlewares/Third_Party/FreeRTOS/Source/portable/GCC/ARM_CM4F/portmacro.h **** 
 2228              		.loc 2 193 1 view .LVU624
 195:Middlewares/Third_Party/FreeRTOS/Source/portable/GCC/ARM_CM4F/portmacro.h **** 	(
 2229              		.loc 2 195 2 view .LVU625
 2230              		.syntax unified
 2231              	@ 195 "Middlewares/Third_Party/FreeRTOS/Source/portable/GCC/ARM_CM4F/portmacro.h" 1
 2232 003c 4FF05003 			mov r3, #80												
 2233 0040 83F31188 		msr basepri, r3											
 2234 0044 BFF36F8F 		isb														
 2235 0048 BFF34F8F 		dsb														
 2236              	
 2237              	@ 0 "" 2
 2238              		.thumb
 2239              		.syntax unified
 2240              	.L153:
ARM GAS  C:\Users\kalpe\AppData\Local\Temp\ccLk4XJd.s 			page 75


 2241              	.LBE154:
 2242              	.LBE153:
 757:Middlewares/Third_Party/FreeRTOS/Source/stream_buffer.c **** 				pxStreamBuffer->xTaskWaitingToReceive = xTaskGetCurrentTaskHandle();
 2243              		.loc 1 757 5 view .LVU626
 2244 004c FEE7     		b	.L153
 2245              	.LVL192:
 2246              	.L161:
 2247              	.LCFI37:
 2248              		.cfi_def_cfa_offset 0
 2249              		.cfi_restore 4
 2250              		.cfi_restore 5
 2251              		.cfi_restore 6
 2252              		.cfi_restore 7
 2253              		.cfi_restore 8
 2254              		.cfi_restore 9
 2255              		.cfi_restore 14
 721:Middlewares/Third_Party/FreeRTOS/Source/stream_buffer.c **** 	configASSERT( pxStreamBuffer );
 2256              		.loc 1 721 2 discriminator 1 view .LVU627
 2257              	.LBB155:
 2258              	.LBI155:
 191:Middlewares/Third_Party/FreeRTOS/Source/portable/GCC/ARM_CM4F/portmacro.h **** {
 2259              		.loc 2 191 30 view .LVU628
 2260              	.LBB156:
 193:Middlewares/Third_Party/FreeRTOS/Source/portable/GCC/ARM_CM4F/portmacro.h **** 
 2261              		.loc 2 193 1 view .LVU629
 195:Middlewares/Third_Party/FreeRTOS/Source/portable/GCC/ARM_CM4F/portmacro.h **** 	(
 2262              		.loc 2 195 2 view .LVU630
 2263              		.syntax unified
 2264              	@ 195 "Middlewares/Third_Party/FreeRTOS/Source/portable/GCC/ARM_CM4F/portmacro.h" 1
 2265 004e 4FF05003 			mov r3, #80												
 2266 0052 83F31188 		msr basepri, r3											
 2267 0056 BFF36F8F 		isb														
 2268 005a BFF34F8F 		dsb														
 2269              	
 2270              	@ 0 "" 2
 2271              	.LVL193:
 2272              		.thumb
 2273              		.syntax unified
 2274              	.L146:
 195:Middlewares/Third_Party/FreeRTOS/Source/portable/GCC/ARM_CM4F/portmacro.h **** 	(
 2275              		.loc 2 195 2 is_stmt 0 view .LVU631
 2276              	.LBE156:
 2277              	.LBE155:
 721:Middlewares/Third_Party/FreeRTOS/Source/stream_buffer.c **** 	configASSERT( pxStreamBuffer );
 2278              		.loc 1 721 2 is_stmt 1 view .LVU632
 2279 005e FEE7     		b	.L146
 2280              	.LVL194:
 2281              	.L162:
 2282              	.LCFI38:
 2283              		.cfi_def_cfa_offset 40
 2284              		.cfi_offset 4, -28
 2285              		.cfi_offset 5, -24
 2286              		.cfi_offset 6, -20
 2287              		.cfi_offset 7, -16
 2288              		.cfi_offset 8, -12
 2289              		.cfi_offset 9, -8
 2290              		.cfi_offset 14, -4
ARM GAS  C:\Users\kalpe\AppData\Local\Temp\ccLk4XJd.s 			page 76


 722:Middlewares/Third_Party/FreeRTOS/Source/stream_buffer.c **** 
 2291              		.loc 1 722 2 discriminator 1 view .LVU633
 2292              	.LBB157:
 2293              	.LBI157:
 191:Middlewares/Third_Party/FreeRTOS/Source/portable/GCC/ARM_CM4F/portmacro.h **** {
 2294              		.loc 2 191 30 view .LVU634
 2295              	.LBB158:
 193:Middlewares/Third_Party/FreeRTOS/Source/portable/GCC/ARM_CM4F/portmacro.h **** 
 2296              		.loc 2 193 1 view .LVU635
 195:Middlewares/Third_Party/FreeRTOS/Source/portable/GCC/ARM_CM4F/portmacro.h **** 	(
 2297              		.loc 2 195 2 view .LVU636
 2298              		.syntax unified
 2299              	@ 195 "Middlewares/Third_Party/FreeRTOS/Source/portable/GCC/ARM_CM4F/portmacro.h" 1
 2300 0060 4FF05003 			mov r3, #80												
 2301 0064 83F31188 		msr basepri, r3											
 2302 0068 BFF36F8F 		isb														
 2303 006c BFF34F8F 		dsb														
 2304              	
 2305              	@ 0 "" 2
 2306              	.LVL195:
 2307              		.thumb
 2308              		.syntax unified
 2309              	.L148:
 195:Middlewares/Third_Party/FreeRTOS/Source/portable/GCC/ARM_CM4F/portmacro.h **** 	(
 2310              		.loc 2 195 2 is_stmt 0 view .LVU637
 2311              	.LBE158:
 2312              	.LBE157:
 722:Middlewares/Third_Party/FreeRTOS/Source/stream_buffer.c **** 
 2313              		.loc 1 722 2 is_stmt 1 view .LVU638
 2314 0070 FEE7     		b	.L148
 2315              	.L157:
 735:Middlewares/Third_Party/FreeRTOS/Source/stream_buffer.c **** 	}
 2316              		.loc 1 735 30 is_stmt 0 view .LVU639
 2317 0072 0023     		movs	r3, #0
 2318 0074 1E46     		mov	r6, r3
 2319 0076 D2E7     		b	.L149
 2320              	.LVL196:
 2321              	.L152:
 757:Middlewares/Third_Party/FreeRTOS/Source/stream_buffer.c **** 				pxStreamBuffer->xTaskWaitingToReceive = xTaskGetCurrentTaskHandle();
 2322              		.loc 1 757 66 is_stmt 1 view .LVU640
 758:Middlewares/Third_Party/FreeRTOS/Source/stream_buffer.c **** 			}
 2323              		.loc 1 758 5 view .LVU641
 758:Middlewares/Third_Party/FreeRTOS/Source/stream_buffer.c **** 			}
 2324              		.loc 1 758 45 is_stmt 0 view .LVU642
 2325 0078 FFF7FEFF 		bl	xTaskGetCurrentTaskHandle
 2326              	.LVL197:
 758:Middlewares/Third_Party/FreeRTOS/Source/stream_buffer.c **** 			}
 2327              		.loc 1 758 43 discriminator 1 view .LVU643
 2328 007c 2061     		str	r0, [r4, #16]
 2329              	.L151:
 762:Middlewares/Third_Party/FreeRTOS/Source/stream_buffer.c **** 			}
 2330              		.loc 1 762 29 is_stmt 1 view .LVU644
 765:Middlewares/Third_Party/FreeRTOS/Source/stream_buffer.c **** 
 2331              		.loc 1 765 3 view .LVU645
 2332 007e FFF7FEFF 		bl	vPortExitCritical
 2333              	.LVL198:
 767:Middlewares/Third_Party/FreeRTOS/Source/stream_buffer.c **** 		{
ARM GAS  C:\Users\kalpe\AppData\Local\Temp\ccLk4XJd.s 			page 77


 2334              		.loc 1 767 3 view .LVU646
 767:Middlewares/Third_Party/FreeRTOS/Source/stream_buffer.c **** 		{
 2335              		.loc 1 767 5 is_stmt 0 view .LVU647
 2336 0082 BE42     		cmp	r6, r7
 2337 0084 10D3     		bcc	.L154
 770:Middlewares/Third_Party/FreeRTOS/Source/stream_buffer.c **** 			( void ) xTaskNotifyWait( ( uint32_t ) 0, ( uint32_t ) 0, NULL, xTicksToWait );
 2338              		.loc 1 770 59 is_stmt 1 view .LVU648
 771:Middlewares/Third_Party/FreeRTOS/Source/stream_buffer.c **** 			pxStreamBuffer->xTaskWaitingToReceive = NULL;
 2339              		.loc 1 771 4 view .LVU649
 771:Middlewares/Third_Party/FreeRTOS/Source/stream_buffer.c **** 			pxStreamBuffer->xTaskWaitingToReceive = NULL;
 2340              		.loc 1 771 13 is_stmt 0 view .LVU650
 2341 0086 2B46     		mov	r3, r5
 2342 0088 0022     		movs	r2, #0
 2343 008a 1146     		mov	r1, r2
 2344 008c 1046     		mov	r0, r2
 2345 008e FFF7FEFF 		bl	xTaskNotifyWait
 2346              	.LVL199:
 772:Middlewares/Third_Party/FreeRTOS/Source/stream_buffer.c **** 
 2347              		.loc 1 772 4 is_stmt 1 view .LVU651
 772:Middlewares/Third_Party/FreeRTOS/Source/stream_buffer.c **** 
 2348              		.loc 1 772 42 is_stmt 0 view .LVU652
 2349 0092 0023     		movs	r3, #0
 2350 0094 2361     		str	r3, [r4, #16]
 775:Middlewares/Third_Party/FreeRTOS/Source/stream_buffer.c **** 		}
 2351              		.loc 1 775 4 is_stmt 1 view .LVU653
 775:Middlewares/Third_Party/FreeRTOS/Source/stream_buffer.c **** 		}
 2352              		.loc 1 775 22 is_stmt 0 view .LVU654
 2353 0096 2046     		mov	r0, r4
 2354 0098 FFF7FEFF 		bl	prvBytesInBuffer
 2355              	.LVL200:
 2356 009c 0746     		mov	r7, r0
 2357              	.LVL201:
 775:Middlewares/Third_Party/FreeRTOS/Source/stream_buffer.c **** 		}
 2358              		.loc 1 775 22 view .LVU655
 2359 009e 03E0     		b	.L154
 2360              	.LVL202:
 2361              	.L150:
 784:Middlewares/Third_Party/FreeRTOS/Source/stream_buffer.c **** 	}
 2362              		.loc 1 784 3 is_stmt 1 view .LVU656
 784:Middlewares/Third_Party/FreeRTOS/Source/stream_buffer.c **** 	}
 2363              		.loc 1 784 21 is_stmt 0 view .LVU657
 2364 00a0 2046     		mov	r0, r4
 2365              	.LVL203:
 784:Middlewares/Third_Party/FreeRTOS/Source/stream_buffer.c **** 	}
 2366              		.loc 1 784 21 view .LVU658
 2367 00a2 FFF7FEFF 		bl	prvBytesInBuffer
 2368              	.LVL204:
 784:Middlewares/Third_Party/FreeRTOS/Source/stream_buffer.c **** 	}
 2369              		.loc 1 784 21 view .LVU659
 2370 00a6 0746     		mov	r7, r0
 2371              	.L154:
 2372              	.LVL205:
 792:Middlewares/Third_Party/FreeRTOS/Source/stream_buffer.c **** 	{
 2373              		.loc 1 792 2 is_stmt 1 view .LVU660
 792:Middlewares/Third_Party/FreeRTOS/Source/stream_buffer.c **** 	{
 2374              		.loc 1 792 4 is_stmt 0 view .LVU661
 2375 00a8 B742     		cmp	r7, r6
ARM GAS  C:\Users\kalpe\AppData\Local\Temp\ccLk4XJd.s 			page 78


 2376 00aa 05D8     		bhi	.L163
 719:Middlewares/Third_Party/FreeRTOS/Source/stream_buffer.c **** 
 2377              		.loc 1 719 8 view .LVU662
 2378 00ac 0023     		movs	r3, #0
 2379 00ae 1D46     		mov	r5, r3
 2380              	.LVL206:
 809:Middlewares/Third_Party/FreeRTOS/Source/stream_buffer.c **** 		mtCOVERAGE_TEST_MARKER();
 2381              		.loc 1 809 53 is_stmt 1 view .LVU663
 810:Middlewares/Third_Party/FreeRTOS/Source/stream_buffer.c **** 	}
 2382              		.loc 1 810 27 view .LVU664
 813:Middlewares/Third_Party/FreeRTOS/Source/stream_buffer.c **** }
 2383              		.loc 1 813 2 view .LVU665
 2384              	.L144:
 814:Middlewares/Third_Party/FreeRTOS/Source/stream_buffer.c **** /*-----------------------------------------------------------*/
 2385              		.loc 1 814 1 is_stmt 0 view .LVU666
 2386 00b0 2846     		mov	r0, r5
 2387 00b2 03B0     		add	sp, sp, #12
 2388              	.LCFI39:
 2389              		.cfi_remember_state
 2390              		.cfi_def_cfa_offset 28
 2391              		@ sp needed
 2392 00b4 BDE8F083 		pop	{r4, r5, r6, r7, r8, r9, pc}
 2393              	.LVL207:
 2394              	.L163:
 2395              	.LCFI40:
 2396              		.cfi_restore_state
 794:Middlewares/Third_Party/FreeRTOS/Source/stream_buffer.c **** 
 2397              		.loc 1 794 3 is_stmt 1 view .LVU667
 794:Middlewares/Third_Party/FreeRTOS/Source/stream_buffer.c **** 
 2398              		.loc 1 794 21 is_stmt 0 view .LVU668
 2399 00b8 0096     		str	r6, [sp]
 2400 00ba 3B46     		mov	r3, r7
 2401 00bc 4A46     		mov	r2, r9
 2402 00be 4146     		mov	r1, r8
 2403 00c0 2046     		mov	r0, r4
 2404 00c2 FFF7FEFF 		bl	prvReadMessageFromBuffer
 2405              	.LVL208:
 797:Middlewares/Third_Party/FreeRTOS/Source/stream_buffer.c **** 		{
 2406              		.loc 1 797 3 is_stmt 1 view .LVU669
 797:Middlewares/Third_Party/FreeRTOS/Source/stream_buffer.c **** 		{
 2407              		.loc 1 797 5 is_stmt 0 view .LVU670
 2408 00c6 0546     		mov	r5, r0
 2409              	.LVL209:
 797:Middlewares/Third_Party/FreeRTOS/Source/stream_buffer.c **** 		{
 2410              		.loc 1 797 5 view .LVU671
 2411 00c8 0028     		cmp	r0, #0
 2412 00ca F1D0     		beq	.L144
 799:Middlewares/Third_Party/FreeRTOS/Source/stream_buffer.c **** 			sbRECEIVE_COMPLETED( pxStreamBuffer );
 2413              		.loc 1 799 64 is_stmt 1 view .LVU672
 800:Middlewares/Third_Party/FreeRTOS/Source/stream_buffer.c **** 		}
 2414              		.loc 1 800 4 view .LVU673
 2415 00cc FFF7FEFF 		bl	vTaskSuspendAll
 2416              	.LVL210:
 800:Middlewares/Third_Party/FreeRTOS/Source/stream_buffer.c **** 		}
 2417              		.loc 1 800 4 discriminator 1 view .LVU674
 2418 00d0 6369     		ldr	r3, [r4, #20]
 2419 00d2 3BB1     		cbz	r3, .L156
ARM GAS  C:\Users\kalpe\AppData\Local\Temp\ccLk4XJd.s 			page 79


 800:Middlewares/Third_Party/FreeRTOS/Source/stream_buffer.c **** 		}
 2420              		.loc 1 800 4 discriminator 2 view .LVU675
 2421 00d4 6069     		ldr	r0, [r4, #20]
 2422 00d6 0023     		movs	r3, #0
 2423 00d8 1A46     		mov	r2, r3
 2424 00da 1946     		mov	r1, r3
 2425 00dc FFF7FEFF 		bl	xTaskGenericNotify
 2426              	.LVL211:
 800:Middlewares/Third_Party/FreeRTOS/Source/stream_buffer.c **** 		}
 2427              		.loc 1 800 4 discriminator 4 view .LVU676
 2428 00e0 0023     		movs	r3, #0
 2429 00e2 6361     		str	r3, [r4, #20]
 2430              	.L156:
 800:Middlewares/Third_Party/FreeRTOS/Source/stream_buffer.c **** 		}
 2431              		.loc 1 800 4 discriminator 5 view .LVU677
 2432 00e4 FFF7FEFF 		bl	xTaskResumeAll
 2433              	.LVL212:
 800:Middlewares/Third_Party/FreeRTOS/Source/stream_buffer.c **** 		}
 2434              		.loc 1 800 41 discriminator 6 view .LVU678
 2435 00e8 E2E7     		b	.L144
 2436              		.cfi_endproc
 2437              	.LFE14:
 2439              		.section	.text.xStreamBufferNextMessageLengthBytes,"ax",%progbits
 2440              		.align	1
 2441              		.global	xStreamBufferNextMessageLengthBytes
 2442              		.syntax unified
 2443              		.thumb
 2444              		.thumb_func
 2446              	xStreamBufferNextMessageLengthBytes:
 2447              	.LVL213:
 2448              	.LFB15:
 818:Middlewares/Third_Party/FreeRTOS/Source/stream_buffer.c **** StreamBuffer_t * const pxStreamBuffer = xStreamBuffer;
 2449              		.loc 1 818 1 view -0
 2450              		.cfi_startproc
 2451              		@ args = 0, pretend = 0, frame = 8
 2452              		@ frame_needed = 0, uses_anonymous_args = 0
 819:Middlewares/Third_Party/FreeRTOS/Source/stream_buffer.c **** size_t xReturn, xBytesAvailable, xOriginalTail;
 2453              		.loc 1 819 1 view .LVU680
 820:Middlewares/Third_Party/FreeRTOS/Source/stream_buffer.c **** configMESSAGE_BUFFER_LENGTH_TYPE xTempReturn;
 2454              		.loc 1 820 1 view .LVU681
 821:Middlewares/Third_Party/FreeRTOS/Source/stream_buffer.c **** 
 2455              		.loc 1 821 1 view .LVU682
 823:Middlewares/Third_Party/FreeRTOS/Source/stream_buffer.c **** 
 2456              		.loc 1 823 2 view .LVU683
 2457 0000 48B1     		cbz	r0, .L173
 818:Middlewares/Third_Party/FreeRTOS/Source/stream_buffer.c **** StreamBuffer_t * const pxStreamBuffer = xStreamBuffer;
 2458              		.loc 1 818 1 is_stmt 0 view .LVU684
 2459 0002 30B5     		push	{r4, r5, lr}
 2460              	.LCFI41:
 2461              		.cfi_def_cfa_offset 12
 2462              		.cfi_offset 4, -12
 2463              		.cfi_offset 5, -8
 2464              		.cfi_offset 14, -4
 2465 0004 83B0     		sub	sp, sp, #12
 2466              	.LCFI42:
 2467              		.cfi_def_cfa_offset 24
 2468 0006 0446     		mov	r4, r0
ARM GAS  C:\Users\kalpe\AppData\Local\Temp\ccLk4XJd.s 			page 80


 823:Middlewares/Third_Party/FreeRTOS/Source/stream_buffer.c **** 
 2469              		.loc 1 823 32 is_stmt 1 view .LVU685
 826:Middlewares/Third_Party/FreeRTOS/Source/stream_buffer.c **** 	{
 2470              		.loc 1 826 2 view .LVU686
 826:Middlewares/Third_Party/FreeRTOS/Source/stream_buffer.c **** 	{
 2471              		.loc 1 826 22 is_stmt 0 view .LVU687
 2472 0008 037F     		ldrb	r3, [r0, #28]	@ zero_extendqisi2
 826:Middlewares/Third_Party/FreeRTOS/Source/stream_buffer.c **** 	{
 2473              		.loc 1 826 4 view .LVU688
 2474 000a 13F0010F 		tst	r3, #1
 2475 000e 0BD1     		bne	.L174
 854:Middlewares/Third_Party/FreeRTOS/Source/stream_buffer.c **** 	}
 2476              		.loc 1 854 11 view .LVU689
 2477 0010 0020     		movs	r0, #0
 2478              	.LVL214:
 857:Middlewares/Third_Party/FreeRTOS/Source/stream_buffer.c **** }
 2479              		.loc 1 857 2 is_stmt 1 view .LVU690
 2480              	.L164:
 858:Middlewares/Third_Party/FreeRTOS/Source/stream_buffer.c **** /*-----------------------------------------------------------*/
 2481              		.loc 1 858 1 is_stmt 0 view .LVU691
 2482 0012 03B0     		add	sp, sp, #12
 2483              	.LCFI43:
 2484              		.cfi_def_cfa_offset 12
 2485              		@ sp needed
 2486 0014 30BD     		pop	{r4, r5, pc}
 2487              	.LVL215:
 2488              	.L173:
 2489              	.LCFI44:
 2490              		.cfi_def_cfa_offset 0
 2491              		.cfi_restore 4
 2492              		.cfi_restore 5
 2493              		.cfi_restore 14
 823:Middlewares/Third_Party/FreeRTOS/Source/stream_buffer.c **** 
 2494              		.loc 1 823 2 is_stmt 1 discriminator 1 view .LVU692
 2495              	.LBB159:
 2496              	.LBI159:
 191:Middlewares/Third_Party/FreeRTOS/Source/portable/GCC/ARM_CM4F/portmacro.h **** {
 2497              		.loc 2 191 30 view .LVU693
 2498              	.LBB160:
 193:Middlewares/Third_Party/FreeRTOS/Source/portable/GCC/ARM_CM4F/portmacro.h **** 
 2499              		.loc 2 193 1 view .LVU694
 195:Middlewares/Third_Party/FreeRTOS/Source/portable/GCC/ARM_CM4F/portmacro.h **** 	(
 2500              		.loc 2 195 2 view .LVU695
 2501              		.syntax unified
 2502              	@ 195 "Middlewares/Third_Party/FreeRTOS/Source/portable/GCC/ARM_CM4F/portmacro.h" 1
 2503 0016 4FF05003 			mov r3, #80												
 2504 001a 83F31188 		msr basepri, r3											
 2505 001e BFF36F8F 		isb														
 2506 0022 BFF34F8F 		dsb														
 2507              	
 2508              	@ 0 "" 2
 2509              		.thumb
 2510              		.syntax unified
 2511              	.L166:
 2512              	.LBE160:
 2513              	.LBE159:
 823:Middlewares/Third_Party/FreeRTOS/Source/stream_buffer.c **** 
ARM GAS  C:\Users\kalpe\AppData\Local\Temp\ccLk4XJd.s 			page 81


 2514              		.loc 1 823 2 view .LVU696
 2515 0026 FEE7     		b	.L166
 2516              	.L174:
 2517              	.LCFI45:
 2518              		.cfi_def_cfa_offset 24
 2519              		.cfi_offset 4, -12
 2520              		.cfi_offset 5, -8
 2521              		.cfi_offset 14, -4
 828:Middlewares/Third_Party/FreeRTOS/Source/stream_buffer.c **** 		if( xBytesAvailable > sbBYTES_TO_STORE_MESSAGE_LENGTH )
 2522              		.loc 1 828 3 view .LVU697
 828:Middlewares/Third_Party/FreeRTOS/Source/stream_buffer.c **** 		if( xBytesAvailable > sbBYTES_TO_STORE_MESSAGE_LENGTH )
 2523              		.loc 1 828 21 is_stmt 0 view .LVU698
 2524 0028 FFF7FEFF 		bl	prvBytesInBuffer
 2525              	.LVL216:
 829:Middlewares/Third_Party/FreeRTOS/Source/stream_buffer.c **** 		{
 2526              		.loc 1 829 3 is_stmt 1 view .LVU699
 829:Middlewares/Third_Party/FreeRTOS/Source/stream_buffer.c **** 		{
 2527              		.loc 1 829 5 is_stmt 0 view .LVU700
 2528 002c 0428     		cmp	r0, #4
 2529 002e 0AD8     		bhi	.L175
 848:Middlewares/Third_Party/FreeRTOS/Source/stream_buffer.c **** 			xReturn = 0;
 2530              		.loc 1 848 4 is_stmt 1 view .LVU701
 2531 0030 0028     		cmp	r0, #0
 2532 0032 EED0     		beq	.L164
 848:Middlewares/Third_Party/FreeRTOS/Source/stream_buffer.c **** 			xReturn = 0;
 2533              		.loc 1 848 4 discriminator 1 view .LVU702
 2534              	.LBB161:
 2535              	.LBI161:
 191:Middlewares/Third_Party/FreeRTOS/Source/portable/GCC/ARM_CM4F/portmacro.h **** {
 2536              		.loc 2 191 30 view .LVU703
 2537              	.LBB162:
 193:Middlewares/Third_Party/FreeRTOS/Source/portable/GCC/ARM_CM4F/portmacro.h **** 
 2538              		.loc 2 193 1 view .LVU704
 195:Middlewares/Third_Party/FreeRTOS/Source/portable/GCC/ARM_CM4F/portmacro.h **** 	(
 2539              		.loc 2 195 2 view .LVU705
 2540              		.syntax unified
 2541              	@ 195 "Middlewares/Third_Party/FreeRTOS/Source/portable/GCC/ARM_CM4F/portmacro.h" 1
 2542 0034 4FF05003 			mov r3, #80												
 2543 0038 83F31188 		msr basepri, r3											
 2544 003c BFF36F8F 		isb														
 2545 0040 BFF34F8F 		dsb														
 2546              	
 2547              	@ 0 "" 2
 2548              		.thumb
 2549              		.syntax unified
 2550              	.L169:
 2551              	.LBE162:
 2552              	.LBE161:
 848:Middlewares/Third_Party/FreeRTOS/Source/stream_buffer.c **** 			xReturn = 0;
 2553              		.loc 1 848 4 view .LVU706
 2554 0044 FEE7     		b	.L169
 2555              	.L175:
 837:Middlewares/Third_Party/FreeRTOS/Source/stream_buffer.c **** 			( void ) prvReadBytesFromBuffer( pxStreamBuffer, ( uint8_t * ) &xTempReturn, sbBYTES_TO_STORE_ME
 2556              		.loc 1 837 4 view .LVU707
 837:Middlewares/Third_Party/FreeRTOS/Source/stream_buffer.c **** 			( void ) prvReadBytesFromBuffer( pxStreamBuffer, ( uint8_t * ) &xTempReturn, sbBYTES_TO_STORE_ME
 2557              		.loc 1 837 18 is_stmt 0 view .LVU708
 2558 0046 2568     		ldr	r5, [r4]
ARM GAS  C:\Users\kalpe\AppData\Local\Temp\ccLk4XJd.s 			page 82


 2559              	.LVL217:
 838:Middlewares/Third_Party/FreeRTOS/Source/stream_buffer.c **** 			xReturn = ( size_t ) xTempReturn;
 2560              		.loc 1 838 4 is_stmt 1 view .LVU709
 838:Middlewares/Third_Party/FreeRTOS/Source/stream_buffer.c **** 			xReturn = ( size_t ) xTempReturn;
 2561              		.loc 1 838 13 is_stmt 0 view .LVU710
 2562 0048 0346     		mov	r3, r0
 2563 004a 0422     		movs	r2, #4
 2564 004c 0DEB0201 		add	r1, sp, r2
 2565 0050 2046     		mov	r0, r4
 2566              	.LVL218:
 838:Middlewares/Third_Party/FreeRTOS/Source/stream_buffer.c **** 			xReturn = ( size_t ) xTempReturn;
 2567              		.loc 1 838 13 view .LVU711
 2568 0052 FFF7FEFF 		bl	prvReadBytesFromBuffer
 2569              	.LVL219:
 839:Middlewares/Third_Party/FreeRTOS/Source/stream_buffer.c **** 			pxStreamBuffer->xTail = xOriginalTail;
 2570              		.loc 1 839 4 is_stmt 1 view .LVU712
 839:Middlewares/Third_Party/FreeRTOS/Source/stream_buffer.c **** 			pxStreamBuffer->xTail = xOriginalTail;
 2571              		.loc 1 839 12 is_stmt 0 view .LVU713
 2572 0056 0198     		ldr	r0, [sp, #4]
 2573              	.LVL220:
 840:Middlewares/Third_Party/FreeRTOS/Source/stream_buffer.c **** 		}
 2574              		.loc 1 840 4 is_stmt 1 view .LVU714
 840:Middlewares/Third_Party/FreeRTOS/Source/stream_buffer.c **** 		}
 2575              		.loc 1 840 26 is_stmt 0 view .LVU715
 2576 0058 2560     		str	r5, [r4]
 2577 005a DAE7     		b	.L164
 2578              		.cfi_endproc
 2579              	.LFE15:
 2581              		.section	.text.xStreamBufferReceiveFromISR,"ax",%progbits
 2582              		.align	1
 2583              		.global	xStreamBufferReceiveFromISR
 2584              		.syntax unified
 2585              		.thumb
 2586              		.thumb_func
 2588              	xStreamBufferReceiveFromISR:
 2589              	.LVL221:
 2590              	.LFB16:
 865:Middlewares/Third_Party/FreeRTOS/Source/stream_buffer.c **** StreamBuffer_t * const pxStreamBuffer = xStreamBuffer;
 2591              		.loc 1 865 1 is_stmt 1 view -0
 2592              		.cfi_startproc
 2593              		@ args = 0, pretend = 0, frame = 0
 2594              		@ frame_needed = 0, uses_anonymous_args = 0
 866:Middlewares/Third_Party/FreeRTOS/Source/stream_buffer.c **** size_t xReceivedLength = 0, xBytesAvailable, xBytesToStoreMessageLength;
 2595              		.loc 1 866 1 view .LVU717
 867:Middlewares/Third_Party/FreeRTOS/Source/stream_buffer.c **** 
 2596              		.loc 1 867 1 view .LVU718
 869:Middlewares/Third_Party/FreeRTOS/Source/stream_buffer.c **** 	configASSERT( pxStreamBuffer );
 2597              		.loc 1 869 2 view .LVU719
 2598 0000 C1B1     		cbz	r1, .L188
 865:Middlewares/Third_Party/FreeRTOS/Source/stream_buffer.c **** StreamBuffer_t * const pxStreamBuffer = xStreamBuffer;
 2599              		.loc 1 865 1 is_stmt 0 view .LVU720
 2600 0002 2DE9F041 		push	{r4, r5, r6, r7, r8, lr}
 2601              	.LCFI46:
 2602              		.cfi_def_cfa_offset 24
 2603              		.cfi_offset 4, -24
 2604              		.cfi_offset 5, -20
 2605              		.cfi_offset 6, -16
ARM GAS  C:\Users\kalpe\AppData\Local\Temp\ccLk4XJd.s 			page 83


 2606              		.cfi_offset 7, -12
 2607              		.cfi_offset 8, -8
 2608              		.cfi_offset 14, -4
 2609 0006 82B0     		sub	sp, sp, #8
 2610              	.LCFI47:
 2611              		.cfi_def_cfa_offset 32
 2612 0008 0446     		mov	r4, r0
 2613 000a 1646     		mov	r6, r2
 2614 000c 9846     		mov	r8, r3
 2615 000e 0D46     		mov	r5, r1
 869:Middlewares/Third_Party/FreeRTOS/Source/stream_buffer.c **** 	configASSERT( pxStreamBuffer );
 2616              		.loc 1 869 26 is_stmt 1 view .LVU721
 870:Middlewares/Third_Party/FreeRTOS/Source/stream_buffer.c **** 
 2617              		.loc 1 870 2 view .LVU722
 2618 0010 C8B1     		cbz	r0, .L189
 870:Middlewares/Third_Party/FreeRTOS/Source/stream_buffer.c **** 
 2619              		.loc 1 870 32 view .LVU723
 877:Middlewares/Third_Party/FreeRTOS/Source/stream_buffer.c **** 	{
 2620              		.loc 1 877 2 view .LVU724
 877:Middlewares/Third_Party/FreeRTOS/Source/stream_buffer.c **** 	{
 2621              		.loc 1 877 22 is_stmt 0 view .LVU725
 2622 0012 037F     		ldrb	r3, [r0, #28]	@ zero_extendqisi2
 2623              	.LVL222:
 877:Middlewares/Third_Party/FreeRTOS/Source/stream_buffer.c **** 	{
 2624              		.loc 1 877 4 view .LVU726
 2625 0014 13F0010F 		tst	r3, #1
 2626 0018 1ED0     		beq	.L184
 879:Middlewares/Third_Party/FreeRTOS/Source/stream_buffer.c **** 	}
 2627              		.loc 1 879 30 view .LVU727
 2628 001a 0423     		movs	r3, #4
 2629 001c 1F46     		mov	r7, r3
 2630              	.L181:
 2631              	.LVL223:
 886:Middlewares/Third_Party/FreeRTOS/Source/stream_buffer.c **** 
 2632              		.loc 1 886 2 is_stmt 1 view .LVU728
 886:Middlewares/Third_Party/FreeRTOS/Source/stream_buffer.c **** 
 2633              		.loc 1 886 20 is_stmt 0 view .LVU729
 2634 001e 2046     		mov	r0, r4
 2635              	.LVL224:
 886:Middlewares/Third_Party/FreeRTOS/Source/stream_buffer.c **** 
 2636              		.loc 1 886 20 view .LVU730
 2637 0020 FFF7FEFF 		bl	prvBytesInBuffer
 2638              	.LVL225:
 893:Middlewares/Third_Party/FreeRTOS/Source/stream_buffer.c **** 	{
 2639              		.loc 1 893 2 is_stmt 1 view .LVU731
 893:Middlewares/Third_Party/FreeRTOS/Source/stream_buffer.c **** 	{
 2640              		.loc 1 893 4 is_stmt 0 view .LVU732
 2641 0024 8742     		cmp	r7, r0
 2642 0026 1AD3     		bcc	.L190
 867:Middlewares/Third_Party/FreeRTOS/Source/stream_buffer.c **** 
 2643              		.loc 1 867 8 view .LVU733
 2644 0028 0023     		movs	r3, #0
 2645 002a 1D46     		mov	r5, r3
 2646              	.LVL226:
 909:Middlewares/Third_Party/FreeRTOS/Source/stream_buffer.c **** 	}
 2647              		.loc 1 909 27 is_stmt 1 view .LVU734
 912:Middlewares/Third_Party/FreeRTOS/Source/stream_buffer.c **** 
ARM GAS  C:\Users\kalpe\AppData\Local\Temp\ccLk4XJd.s 			page 84


 2648              		.loc 1 912 71 view .LVU735
 914:Middlewares/Third_Party/FreeRTOS/Source/stream_buffer.c **** }
 2649              		.loc 1 914 2 view .LVU736
 2650              	.L176:
 915:Middlewares/Third_Party/FreeRTOS/Source/stream_buffer.c **** /*-----------------------------------------------------------*/
 2651              		.loc 1 915 1 is_stmt 0 view .LVU737
 2652 002c 2846     		mov	r0, r5
 2653 002e 02B0     		add	sp, sp, #8
 2654              	.LCFI48:
 2655              		.cfi_def_cfa_offset 24
 2656              		@ sp needed
 2657 0030 BDE8F081 		pop	{r4, r5, r6, r7, r8, pc}
 2658              	.LVL227:
 2659              	.L188:
 2660              	.LCFI49:
 2661              		.cfi_def_cfa_offset 0
 2662              		.cfi_restore 4
 2663              		.cfi_restore 5
 2664              		.cfi_restore 6
 2665              		.cfi_restore 7
 2666              		.cfi_restore 8
 2667              		.cfi_restore 14
 869:Middlewares/Third_Party/FreeRTOS/Source/stream_buffer.c **** 	configASSERT( pxStreamBuffer );
 2668              		.loc 1 869 2 is_stmt 1 discriminator 1 view .LVU738
 2669              	.LBB163:
 2670              	.LBI163:
 191:Middlewares/Third_Party/FreeRTOS/Source/portable/GCC/ARM_CM4F/portmacro.h **** {
 2671              		.loc 2 191 30 view .LVU739
 2672              	.LBB164:
 193:Middlewares/Third_Party/FreeRTOS/Source/portable/GCC/ARM_CM4F/portmacro.h **** 
 2673              		.loc 2 193 1 view .LVU740
 195:Middlewares/Third_Party/FreeRTOS/Source/portable/GCC/ARM_CM4F/portmacro.h **** 	(
 2674              		.loc 2 195 2 view .LVU741
 2675              		.syntax unified
 2676              	@ 195 "Middlewares/Third_Party/FreeRTOS/Source/portable/GCC/ARM_CM4F/portmacro.h" 1
 2677 0034 4FF05003 			mov r3, #80												
 2678 0038 83F31188 		msr basepri, r3											
 2679 003c BFF36F8F 		isb														
 2680 0040 BFF34F8F 		dsb														
 2681              	
 2682              	@ 0 "" 2
 2683              	.LVL228:
 2684              		.thumb
 2685              		.syntax unified
 2686              	.L178:
 195:Middlewares/Third_Party/FreeRTOS/Source/portable/GCC/ARM_CM4F/portmacro.h **** 	(
 2687              		.loc 2 195 2 is_stmt 0 view .LVU742
 2688              	.LBE164:
 2689              	.LBE163:
 869:Middlewares/Third_Party/FreeRTOS/Source/stream_buffer.c **** 	configASSERT( pxStreamBuffer );
 2690              		.loc 1 869 2 is_stmt 1 view .LVU743
 2691 0044 FEE7     		b	.L178
 2692              	.LVL229:
 2693              	.L189:
 2694              	.LCFI50:
 2695              		.cfi_def_cfa_offset 32
 2696              		.cfi_offset 4, -24
ARM GAS  C:\Users\kalpe\AppData\Local\Temp\ccLk4XJd.s 			page 85


 2697              		.cfi_offset 5, -20
 2698              		.cfi_offset 6, -16
 2699              		.cfi_offset 7, -12
 2700              		.cfi_offset 8, -8
 2701              		.cfi_offset 14, -4
 870:Middlewares/Third_Party/FreeRTOS/Source/stream_buffer.c **** 
 2702              		.loc 1 870 2 discriminator 1 view .LVU744
 2703              	.LBB165:
 2704              	.LBI165:
 191:Middlewares/Third_Party/FreeRTOS/Source/portable/GCC/ARM_CM4F/portmacro.h **** {
 2705              		.loc 2 191 30 view .LVU745
 2706              	.LBB166:
 193:Middlewares/Third_Party/FreeRTOS/Source/portable/GCC/ARM_CM4F/portmacro.h **** 
 2707              		.loc 2 193 1 view .LVU746
 195:Middlewares/Third_Party/FreeRTOS/Source/portable/GCC/ARM_CM4F/portmacro.h **** 	(
 2708              		.loc 2 195 2 view .LVU747
 2709              		.syntax unified
 2710              	@ 195 "Middlewares/Third_Party/FreeRTOS/Source/portable/GCC/ARM_CM4F/portmacro.h" 1
 2711 0046 4FF05003 			mov r3, #80												
 2712 004a 83F31188 		msr basepri, r3											
 2713 004e BFF36F8F 		isb														
 2714 0052 BFF34F8F 		dsb														
 2715              	
 2716              	@ 0 "" 2
 2717              	.LVL230:
 2718              		.thumb
 2719              		.syntax unified
 2720              	.L180:
 195:Middlewares/Third_Party/FreeRTOS/Source/portable/GCC/ARM_CM4F/portmacro.h **** 	(
 2721              		.loc 2 195 2 is_stmt 0 view .LVU748
 2722              	.LBE166:
 2723              	.LBE165:
 870:Middlewares/Third_Party/FreeRTOS/Source/stream_buffer.c **** 
 2724              		.loc 1 870 2 is_stmt 1 view .LVU749
 2725 0056 FEE7     		b	.L180
 2726              	.L184:
 883:Middlewares/Third_Party/FreeRTOS/Source/stream_buffer.c **** 	}
 2727              		.loc 1 883 30 is_stmt 0 view .LVU750
 2728 0058 0023     		movs	r3, #0
 2729 005a 1F46     		mov	r7, r3
 2730 005c DFE7     		b	.L181
 2731              	.LVL231:
 2732              	.L190:
 895:Middlewares/Third_Party/FreeRTOS/Source/stream_buffer.c **** 
 2733              		.loc 1 895 3 is_stmt 1 view .LVU751
 895:Middlewares/Third_Party/FreeRTOS/Source/stream_buffer.c **** 
 2734              		.loc 1 895 21 is_stmt 0 view .LVU752
 2735 005e 0097     		str	r7, [sp]
 2736 0060 0346     		mov	r3, r0
 2737 0062 3246     		mov	r2, r6
 2738 0064 2946     		mov	r1, r5
 2739 0066 2046     		mov	r0, r4
 2740              	.LVL232:
 895:Middlewares/Third_Party/FreeRTOS/Source/stream_buffer.c **** 
 2741              		.loc 1 895 21 view .LVU753
 2742 0068 FFF7FEFF 		bl	prvReadMessageFromBuffer
 2743              	.LVL233:
ARM GAS  C:\Users\kalpe\AppData\Local\Temp\ccLk4XJd.s 			page 86


 898:Middlewares/Third_Party/FreeRTOS/Source/stream_buffer.c **** 		{
 2744              		.loc 1 898 3 is_stmt 1 view .LVU754
 898:Middlewares/Third_Party/FreeRTOS/Source/stream_buffer.c **** 		{
 2745              		.loc 1 898 5 is_stmt 0 view .LVU755
 2746 006c 0546     		mov	r5, r0
 2747              	.LVL234:
 898:Middlewares/Third_Party/FreeRTOS/Source/stream_buffer.c **** 		{
 2748              		.loc 1 898 5 view .LVU756
 2749 006e 0028     		cmp	r0, #0
 2750 0070 DCD0     		beq	.L176
 2751              	.LBB167:
 900:Middlewares/Third_Party/FreeRTOS/Source/stream_buffer.c **** 		}
 2752              		.loc 1 900 4 is_stmt 1 view .LVU757
 900:Middlewares/Third_Party/FreeRTOS/Source/stream_buffer.c **** 		}
 2753              		.loc 1 900 4 view .LVU758
 2754              	.LBB168:
 2755              	.LBI168:
 207:Middlewares/Third_Party/FreeRTOS/Source/portable/GCC/ARM_CM4F/portmacro.h **** {
 2756              		.loc 2 207 34 view .LVU759
 2757              	.LBB169:
 209:Middlewares/Third_Party/FreeRTOS/Source/portable/GCC/ARM_CM4F/portmacro.h **** 
 2758              		.loc 2 209 1 view .LVU760
 211:Middlewares/Third_Party/FreeRTOS/Source/portable/GCC/ARM_CM4F/portmacro.h **** 	(
 2759              		.loc 2 211 2 view .LVU761
 2760              		.syntax unified
 2761              	@ 211 "Middlewares/Third_Party/FreeRTOS/Source/portable/GCC/ARM_CM4F/portmacro.h" 1
 2762 0072 EFF31183 			mrs r3, basepri											
 2763 0076 4FF05002 		mov r2, #80												
 2764 007a 82F31188 		msr basepri, r2											
 2765 007e BFF36F8F 		isb														
 2766 0082 BFF34F8F 		dsb														
 2767              	
 2768              	@ 0 "" 2
 2769              		.thumb
 2770              		.syntax unified
 2771 0086 1E46     		mov	r6, r3
 2772              	.LVL235:
 223:Middlewares/Third_Party/FreeRTOS/Source/portable/GCC/ARM_CM4F/portmacro.h **** }
 2773              		.loc 2 223 2 view .LVU762
 223:Middlewares/Third_Party/FreeRTOS/Source/portable/GCC/ARM_CM4F/portmacro.h **** }
 2774              		.loc 2 223 2 is_stmt 0 view .LVU763
 2775              	.LBE169:
 2776              	.LBE168:
 900:Middlewares/Third_Party/FreeRTOS/Source/stream_buffer.c **** 		}
 2777              		.loc 1 900 4 is_stmt 1 discriminator 1 view .LVU764
 2778 0088 6369     		ldr	r3, [r4, #20]
 2779              	.LVL236:
 900:Middlewares/Third_Party/FreeRTOS/Source/stream_buffer.c **** 		}
 2780              		.loc 1 900 4 is_stmt 0 discriminator 1 view .LVU765
 2781 008a 4BB1     		cbz	r3, .L183
 900:Middlewares/Third_Party/FreeRTOS/Source/stream_buffer.c **** 		}
 2782              		.loc 1 900 4 is_stmt 1 discriminator 2 view .LVU766
 2783 008c 6069     		ldr	r0, [r4, #20]
 2784              	.LVL237:
 900:Middlewares/Third_Party/FreeRTOS/Source/stream_buffer.c **** 		}
 2785              		.loc 1 900 4 is_stmt 0 discriminator 2 view .LVU767
 2786 008e CDF80080 		str	r8, [sp]
ARM GAS  C:\Users\kalpe\AppData\Local\Temp\ccLk4XJd.s 			page 87


 2787 0092 0023     		movs	r3, #0
 2788 0094 1A46     		mov	r2, r3
 2789 0096 1946     		mov	r1, r3
 2790 0098 FFF7FEFF 		bl	xTaskGenericNotifyFromISR
 2791              	.LVL238:
 900:Middlewares/Third_Party/FreeRTOS/Source/stream_buffer.c **** 		}
 2792              		.loc 1 900 4 is_stmt 1 discriminator 4 view .LVU768
 2793 009c 0023     		movs	r3, #0
 2794 009e 6361     		str	r3, [r4, #20]
 2795              	.L183:
 900:Middlewares/Third_Party/FreeRTOS/Source/stream_buffer.c **** 		}
 2796              		.loc 1 900 4 discriminator 5 view .LVU769
 2797              	.LBB170:
 2798              	.LBI170:
 227:Middlewares/Third_Party/FreeRTOS/Source/portable/GCC/ARM_CM4F/portmacro.h **** {
 2799              		.loc 2 227 30 view .LVU770
 2800              	.LBB171:
 2801              		.loc 2 229 2 view .LVU771
 2802              		.syntax unified
 2803              	@ 229 "Middlewares/Third_Party/FreeRTOS/Source/portable/GCC/ARM_CM4F/portmacro.h" 1
 2804 00a0 86F31188 			msr basepri, r6	
 2805              	@ 0 "" 2
 2806              		.thumb
 2807              		.syntax unified
 2808              	.LBE171:
 2809              	.LBE170:
 2810              	.LBE167:
 900:Middlewares/Third_Party/FreeRTOS/Source/stream_buffer.c **** 		}
 2811              		.loc 1 900 77 discriminator 6 view .LVU772
 2812              	.LBB174:
 2813              	.LBB173:
 2814              	.LBB172:
 230:Middlewares/Third_Party/FreeRTOS/Source/portable/GCC/ARM_CM4F/portmacro.h **** 	(
 231:Middlewares/Third_Party/FreeRTOS/Source/portable/GCC/ARM_CM4F/portmacro.h **** 		"	msr basepri, %0	" :: "r" ( ulNewMaskValue ) : "memory"
 232:Middlewares/Third_Party/FreeRTOS/Source/portable/GCC/ARM_CM4F/portmacro.h **** 	);
 233:Middlewares/Third_Party/FreeRTOS/Source/portable/GCC/ARM_CM4F/portmacro.h **** }
 2815              		.loc 2 233 1 is_stmt 0 view .LVU773
 2816 00a4 C2E7     		b	.L176
 2817              	.LBE172:
 2818              	.LBE173:
 2819              	.LBE174:
 2820              		.cfi_endproc
 2821              	.LFE16:
 2823              		.section	.text.xStreamBufferIsEmpty,"ax",%progbits
 2824              		.align	1
 2825              		.global	xStreamBufferIsEmpty
 2826              		.syntax unified
 2827              		.thumb
 2828              		.thumb_func
 2830              	xStreamBufferIsEmpty:
 2831              	.LVL239:
 2832              	.LFB18:
 971:Middlewares/Third_Party/FreeRTOS/Source/stream_buffer.c **** const StreamBuffer_t * const pxStreamBuffer = xStreamBuffer;
 2833              		.loc 1 971 1 is_stmt 1 view -0
 2834              		.cfi_startproc
 2835              		@ args = 0, pretend = 0, frame = 0
 2836              		@ frame_needed = 0, uses_anonymous_args = 0
ARM GAS  C:\Users\kalpe\AppData\Local\Temp\ccLk4XJd.s 			page 88


 2837              		@ link register save eliminated.
 972:Middlewares/Third_Party/FreeRTOS/Source/stream_buffer.c **** BaseType_t xReturn;
 2838              		.loc 1 972 1 view .LVU775
 973:Middlewares/Third_Party/FreeRTOS/Source/stream_buffer.c **** size_t xTail;
 2839              		.loc 1 973 1 view .LVU776
 974:Middlewares/Third_Party/FreeRTOS/Source/stream_buffer.c **** 
 2840              		.loc 1 974 1 view .LVU777
 976:Middlewares/Third_Party/FreeRTOS/Source/stream_buffer.c **** 
 2841              		.loc 1 976 2 view .LVU778
 2842 0000 28B1     		cbz	r0, .L196
 976:Middlewares/Third_Party/FreeRTOS/Source/stream_buffer.c **** 
 2843              		.loc 1 976 32 view .LVU779
 979:Middlewares/Third_Party/FreeRTOS/Source/stream_buffer.c **** 	if( pxStreamBuffer->xHead == xTail )
 2844              		.loc 1 979 2 view .LVU780
 979:Middlewares/Third_Party/FreeRTOS/Source/stream_buffer.c **** 	if( pxStreamBuffer->xHead == xTail )
 2845              		.loc 1 979 8 is_stmt 0 view .LVU781
 2846 0002 0268     		ldr	r2, [r0]
 2847              	.LVL240:
 980:Middlewares/Third_Party/FreeRTOS/Source/stream_buffer.c **** 	{
 2848              		.loc 1 980 2 is_stmt 1 view .LVU782
 980:Middlewares/Third_Party/FreeRTOS/Source/stream_buffer.c **** 	{
 2849              		.loc 1 980 20 is_stmt 0 view .LVU783
 2850 0004 4368     		ldr	r3, [r0, #4]
 980:Middlewares/Third_Party/FreeRTOS/Source/stream_buffer.c **** 	{
 2851              		.loc 1 980 4 view .LVU784
 2852 0006 9342     		cmp	r3, r2
 2853 0008 0AD0     		beq	.L197
 986:Middlewares/Third_Party/FreeRTOS/Source/stream_buffer.c **** 	}
 2854              		.loc 1 986 11 view .LVU785
 2855 000a 0020     		movs	r0, #0
 2856              	.LVL241:
 989:Middlewares/Third_Party/FreeRTOS/Source/stream_buffer.c **** }
 2857              		.loc 1 989 2 is_stmt 1 view .LVU786
 990:Middlewares/Third_Party/FreeRTOS/Source/stream_buffer.c **** /*-----------------------------------------------------------*/
 2858              		.loc 1 990 1 is_stmt 0 view .LVU787
 2859 000c 7047     		bx	lr
 2860              	.LVL242:
 2861              	.L196:
 976:Middlewares/Third_Party/FreeRTOS/Source/stream_buffer.c **** 
 2862              		.loc 1 976 2 is_stmt 1 discriminator 1 view .LVU788
 2863              	.LBB175:
 2864              	.LBI175:
 191:Middlewares/Third_Party/FreeRTOS/Source/portable/GCC/ARM_CM4F/portmacro.h **** {
 2865              		.loc 2 191 30 view .LVU789
 2866              	.LBB176:
 193:Middlewares/Third_Party/FreeRTOS/Source/portable/GCC/ARM_CM4F/portmacro.h **** 
 2867              		.loc 2 193 1 view .LVU790
 195:Middlewares/Third_Party/FreeRTOS/Source/portable/GCC/ARM_CM4F/portmacro.h **** 	(
 2868              		.loc 2 195 2 view .LVU791
 2869              		.syntax unified
 2870              	@ 195 "Middlewares/Third_Party/FreeRTOS/Source/portable/GCC/ARM_CM4F/portmacro.h" 1
 2871 000e 4FF05003 			mov r3, #80												
 2872 0012 83F31188 		msr basepri, r3											
 2873 0016 BFF36F8F 		isb														
 2874 001a BFF34F8F 		dsb														
 2875              	
 2876              	@ 0 "" 2
ARM GAS  C:\Users\kalpe\AppData\Local\Temp\ccLk4XJd.s 			page 89


 2877              		.thumb
 2878              		.syntax unified
 2879              	.L193:
 2880              	.LBE176:
 2881              	.LBE175:
 976:Middlewares/Third_Party/FreeRTOS/Source/stream_buffer.c **** 
 2882              		.loc 1 976 2 view .LVU792
 2883 001e FEE7     		b	.L193
 2884              	.LVL243:
 2885              	.L197:
 982:Middlewares/Third_Party/FreeRTOS/Source/stream_buffer.c **** 	}
 2886              		.loc 1 982 11 is_stmt 0 view .LVU793
 2887 0020 0120     		movs	r0, #1
 2888              	.LVL244:
 982:Middlewares/Third_Party/FreeRTOS/Source/stream_buffer.c **** 	}
 2889              		.loc 1 982 11 view .LVU794
 2890 0022 7047     		bx	lr
 2891              		.cfi_endproc
 2892              	.LFE18:
 2894              		.section	.text.xStreamBufferIsFull,"ax",%progbits
 2895              		.align	1
 2896              		.global	xStreamBufferIsFull
 2897              		.syntax unified
 2898              		.thumb
 2899              		.thumb_func
 2901              	xStreamBufferIsFull:
 2902              	.LVL245:
 2903              	.LFB19:
 994:Middlewares/Third_Party/FreeRTOS/Source/stream_buffer.c **** BaseType_t xReturn;
 2904              		.loc 1 994 1 is_stmt 1 view -0
 2905              		.cfi_startproc
 2906              		@ args = 0, pretend = 0, frame = 0
 2907              		@ frame_needed = 0, uses_anonymous_args = 0
 995:Middlewares/Third_Party/FreeRTOS/Source/stream_buffer.c **** size_t xBytesToStoreMessageLength;
 2908              		.loc 1 995 1 view .LVU796
 996:Middlewares/Third_Party/FreeRTOS/Source/stream_buffer.c **** const StreamBuffer_t * const pxStreamBuffer = xStreamBuffer;
 2909              		.loc 1 996 1 view .LVU797
 997:Middlewares/Third_Party/FreeRTOS/Source/stream_buffer.c **** 
 2910              		.loc 1 997 1 view .LVU798
 999:Middlewares/Third_Party/FreeRTOS/Source/stream_buffer.c **** 
 2911              		.loc 1 999 2 view .LVU799
 2912 0000 70B1     		cbz	r0, .L207
 994:Middlewares/Third_Party/FreeRTOS/Source/stream_buffer.c **** BaseType_t xReturn;
 2913              		.loc 1 994 1 is_stmt 0 view .LVU800
 2914 0002 10B5     		push	{r4, lr}
 2915              	.LCFI51:
 2916              		.cfi_def_cfa_offset 8
 2917              		.cfi_offset 4, -8
 2918              		.cfi_offset 14, -4
 2919 0004 0346     		mov	r3, r0
 999:Middlewares/Third_Party/FreeRTOS/Source/stream_buffer.c **** 
 2920              		.loc 1 999 32 is_stmt 1 view .LVU801
1005:Middlewares/Third_Party/FreeRTOS/Source/stream_buffer.c **** 	{
 2921              		.loc 1 1005 2 view .LVU802
1005:Middlewares/Third_Party/FreeRTOS/Source/stream_buffer.c **** 	{
 2922              		.loc 1 1005 22 is_stmt 0 view .LVU803
 2923 0006 027F     		ldrb	r2, [r0, #28]	@ zero_extendqisi2
ARM GAS  C:\Users\kalpe\AppData\Local\Temp\ccLk4XJd.s 			page 90


1005:Middlewares/Third_Party/FreeRTOS/Source/stream_buffer.c **** 	{
 2924              		.loc 1 1005 4 view .LVU804
 2925 0008 12F0010F 		tst	r2, #1
 2926 000c 11D0     		beq	.L203
1007:Middlewares/Third_Party/FreeRTOS/Source/stream_buffer.c **** 	}
 2927              		.loc 1 1007 30 view .LVU805
 2928 000e 0422     		movs	r2, #4
 2929 0010 1446     		mov	r4, r2
 2930              	.L201:
 2931              	.LVL246:
1015:Middlewares/Third_Party/FreeRTOS/Source/stream_buffer.c **** 	{
 2932              		.loc 1 1015 2 is_stmt 1 view .LVU806
1015:Middlewares/Third_Party/FreeRTOS/Source/stream_buffer.c **** 	{
 2933              		.loc 1 1015 6 is_stmt 0 view .LVU807
 2934 0012 1846     		mov	r0, r3
 2935              	.LVL247:
1015:Middlewares/Third_Party/FreeRTOS/Source/stream_buffer.c **** 	{
 2936              		.loc 1 1015 6 view .LVU808
 2937 0014 FFF7FEFF 		bl	xStreamBufferSpacesAvailable
 2938              	.LVL248:
1015:Middlewares/Third_Party/FreeRTOS/Source/stream_buffer.c **** 	{
 2939              		.loc 1 1015 4 discriminator 1 view .LVU809
 2940 0018 A042     		cmp	r0, r4
 2941 001a 0DD8     		bhi	.L204
1017:Middlewares/Third_Party/FreeRTOS/Source/stream_buffer.c **** 	}
 2942              		.loc 1 1017 11 view .LVU810
 2943 001c 0120     		movs	r0, #1
 2944              	.L198:
1025:Middlewares/Third_Party/FreeRTOS/Source/stream_buffer.c **** /*-----------------------------------------------------------*/
 2945              		.loc 1 1025 1 view .LVU811
 2946 001e 10BD     		pop	{r4, pc}
 2947              	.LVL249:
 2948              	.L207:
 2949              	.LCFI52:
 2950              		.cfi_def_cfa_offset 0
 2951              		.cfi_restore 4
 2952              		.cfi_restore 14
 999:Middlewares/Third_Party/FreeRTOS/Source/stream_buffer.c **** 
 2953              		.loc 1 999 2 is_stmt 1 discriminator 1 view .LVU812
 2954              	.LBB177:
 2955              	.LBI177:
 191:Middlewares/Third_Party/FreeRTOS/Source/portable/GCC/ARM_CM4F/portmacro.h **** {
 2956              		.loc 2 191 30 view .LVU813
 2957              	.LBB178:
 193:Middlewares/Third_Party/FreeRTOS/Source/portable/GCC/ARM_CM4F/portmacro.h **** 
 2958              		.loc 2 193 1 view .LVU814
 195:Middlewares/Third_Party/FreeRTOS/Source/portable/GCC/ARM_CM4F/portmacro.h **** 	(
 2959              		.loc 2 195 2 view .LVU815
 2960              		.syntax unified
 2961              	@ 195 "Middlewares/Third_Party/FreeRTOS/Source/portable/GCC/ARM_CM4F/portmacro.h" 1
 2962 0020 4FF05003 			mov r3, #80												
 2963 0024 83F31188 		msr basepri, r3											
 2964 0028 BFF36F8F 		isb														
 2965 002c BFF34F8F 		dsb														
 2966              	
 2967              	@ 0 "" 2
 2968              		.thumb
ARM GAS  C:\Users\kalpe\AppData\Local\Temp\ccLk4XJd.s 			page 91


 2969              		.syntax unified
 2970              	.L200:
 2971              	.LBE178:
 2972              	.LBE177:
 999:Middlewares/Third_Party/FreeRTOS/Source/stream_buffer.c **** 
 2973              		.loc 1 999 2 view .LVU816
 2974 0030 FEE7     		b	.L200
 2975              	.L203:
 2976              	.LCFI53:
 2977              		.cfi_def_cfa_offset 8
 2978              		.cfi_offset 4, -8
 2979              		.cfi_offset 14, -4
1011:Middlewares/Third_Party/FreeRTOS/Source/stream_buffer.c **** 	}
 2980              		.loc 1 1011 30 is_stmt 0 view .LVU817
 2981 0032 0022     		movs	r2, #0
 2982 0034 1446     		mov	r4, r2
 2983 0036 ECE7     		b	.L201
 2984              	.LVL250:
 2985              	.L204:
1021:Middlewares/Third_Party/FreeRTOS/Source/stream_buffer.c **** 	}
 2986              		.loc 1 1021 11 view .LVU818
 2987 0038 0020     		movs	r0, #0
 2988              	.LVL251:
1024:Middlewares/Third_Party/FreeRTOS/Source/stream_buffer.c **** }
 2989              		.loc 1 1024 2 is_stmt 1 view .LVU819
1024:Middlewares/Third_Party/FreeRTOS/Source/stream_buffer.c **** }
 2990              		.loc 1 1024 9 is_stmt 0 view .LVU820
 2991 003a F0E7     		b	.L198
 2992              		.cfi_endproc
 2993              	.LFE19:
 2995              		.section	.text.xStreamBufferSendCompletedFromISR,"ax",%progbits
 2996              		.align	1
 2997              		.global	xStreamBufferSendCompletedFromISR
 2998              		.syntax unified
 2999              		.thumb
 3000              		.thumb_func
 3002              	xStreamBufferSendCompletedFromISR:
 3003              	.LVL252:
 3004              	.LFB20:
1029:Middlewares/Third_Party/FreeRTOS/Source/stream_buffer.c **** StreamBuffer_t * const pxStreamBuffer = xStreamBuffer;
 3005              		.loc 1 1029 1 is_stmt 1 view -0
 3006              		.cfi_startproc
 3007              		@ args = 0, pretend = 0, frame = 0
 3008              		@ frame_needed = 0, uses_anonymous_args = 0
1030:Middlewares/Third_Party/FreeRTOS/Source/stream_buffer.c **** BaseType_t xReturn;
 3009              		.loc 1 1030 1 view .LVU822
1031:Middlewares/Third_Party/FreeRTOS/Source/stream_buffer.c **** UBaseType_t uxSavedInterruptStatus;
 3010              		.loc 1 1031 1 view .LVU823
1032:Middlewares/Third_Party/FreeRTOS/Source/stream_buffer.c **** 
 3011              		.loc 1 1032 1 view .LVU824
1034:Middlewares/Third_Party/FreeRTOS/Source/stream_buffer.c **** 
 3012              		.loc 1 1034 2 view .LVU825
 3013 0000 E8B1     		cbz	r0, .L215
1029:Middlewares/Third_Party/FreeRTOS/Source/stream_buffer.c **** StreamBuffer_t * const pxStreamBuffer = xStreamBuffer;
 3014              		.loc 1 1029 1 is_stmt 0 view .LVU826
 3015 0002 30B5     		push	{r4, r5, lr}
 3016              	.LCFI54:
ARM GAS  C:\Users\kalpe\AppData\Local\Temp\ccLk4XJd.s 			page 92


 3017              		.cfi_def_cfa_offset 12
 3018              		.cfi_offset 4, -12
 3019              		.cfi_offset 5, -8
 3020              		.cfi_offset 14, -4
 3021 0004 83B0     		sub	sp, sp, #12
 3022              	.LCFI55:
 3023              		.cfi_def_cfa_offset 24
 3024 0006 0446     		mov	r4, r0
1034:Middlewares/Third_Party/FreeRTOS/Source/stream_buffer.c **** 
 3025              		.loc 1 1034 32 is_stmt 1 view .LVU827
1036:Middlewares/Third_Party/FreeRTOS/Source/stream_buffer.c **** 	{
 3026              		.loc 1 1036 2 view .LVU828
 3027              	.LBB179:
 3028              	.LBI179:
 207:Middlewares/Third_Party/FreeRTOS/Source/portable/GCC/ARM_CM4F/portmacro.h **** {
 3029              		.loc 2 207 34 view .LVU829
 3030              	.LBB180:
 209:Middlewares/Third_Party/FreeRTOS/Source/portable/GCC/ARM_CM4F/portmacro.h **** 
 3031              		.loc 2 209 1 view .LVU830
 211:Middlewares/Third_Party/FreeRTOS/Source/portable/GCC/ARM_CM4F/portmacro.h **** 	(
 3032              		.loc 2 211 2 view .LVU831
 3033              		.syntax unified
 3034              	@ 211 "Middlewares/Third_Party/FreeRTOS/Source/portable/GCC/ARM_CM4F/portmacro.h" 1
 3035 0008 EFF31183 			mrs r3, basepri											
 3036 000c 4FF05002 		mov r2, #80												
 3037 0010 82F31188 		msr basepri, r2											
 3038 0014 BFF36F8F 		isb														
 3039 0018 BFF34F8F 		dsb														
 3040              	
 3041              	@ 0 "" 2
 3042              		.thumb
 3043              		.syntax unified
 3044 001c 1D46     		mov	r5, r3
 223:Middlewares/Third_Party/FreeRTOS/Source/portable/GCC/ARM_CM4F/portmacro.h **** }
 3045              		.loc 2 223 2 view .LVU832
 3046              	.LVL253:
 223:Middlewares/Third_Party/FreeRTOS/Source/portable/GCC/ARM_CM4F/portmacro.h **** }
 3047              		.loc 2 223 2 is_stmt 0 view .LVU833
 3048              	.LBE180:
 3049              	.LBE179:
1038:Middlewares/Third_Party/FreeRTOS/Source/stream_buffer.c **** 		{
 3050              		.loc 1 1038 3 is_stmt 1 view .LVU834
1038:Middlewares/Third_Party/FreeRTOS/Source/stream_buffer.c **** 		{
 3051              		.loc 1 1038 25 is_stmt 0 view .LVU835
 3052 001e 0369     		ldr	r3, [r0, #16]
 3053              	.LVL254:
1038:Middlewares/Third_Party/FreeRTOS/Source/stream_buffer.c **** 		{
 3054              		.loc 1 1038 5 view .LVU836
 3055 0020 B3B1     		cbz	r3, .L212
1040:Middlewares/Third_Party/FreeRTOS/Source/stream_buffer.c **** 										 ( uint32_t ) 0,
 3056              		.loc 1 1040 4 is_stmt 1 view .LVU837
1040:Middlewares/Third_Party/FreeRTOS/Source/stream_buffer.c **** 										 ( uint32_t ) 0,
 3057              		.loc 1 1040 13 is_stmt 0 view .LVU838
 3058 0022 0069     		ldr	r0, [r0, #16]
 3059              	.LVL255:
1040:Middlewares/Third_Party/FreeRTOS/Source/stream_buffer.c **** 										 ( uint32_t ) 0,
 3060              		.loc 1 1040 13 view .LVU839
ARM GAS  C:\Users\kalpe\AppData\Local\Temp\ccLk4XJd.s 			page 93


 3061 0024 0091     		str	r1, [sp]
 3062 0026 0023     		movs	r3, #0
 3063 0028 1A46     		mov	r2, r3
 3064 002a 1946     		mov	r1, r3
 3065              	.LVL256:
1040:Middlewares/Third_Party/FreeRTOS/Source/stream_buffer.c **** 										 ( uint32_t ) 0,
 3066              		.loc 1 1040 13 view .LVU840
 3067 002c FFF7FEFF 		bl	xTaskGenericNotifyFromISR
 3068              	.LVL257:
1044:Middlewares/Third_Party/FreeRTOS/Source/stream_buffer.c **** 			xReturn = pdTRUE;
 3069              		.loc 1 1044 4 is_stmt 1 view .LVU841
1044:Middlewares/Third_Party/FreeRTOS/Source/stream_buffer.c **** 			xReturn = pdTRUE;
 3070              		.loc 1 1044 46 is_stmt 0 view .LVU842
 3071 0030 0023     		movs	r3, #0
 3072 0032 2361     		str	r3, [r4, #16]
1045:Middlewares/Third_Party/FreeRTOS/Source/stream_buffer.c **** 		}
 3073              		.loc 1 1045 4 is_stmt 1 view .LVU843
 3074              	.LVL258:
1045:Middlewares/Third_Party/FreeRTOS/Source/stream_buffer.c **** 		}
 3075              		.loc 1 1045 12 is_stmt 0 view .LVU844
 3076 0034 0120     		movs	r0, #1
 3077              	.LVL259:
 3078              	.L211:
1052:Middlewares/Third_Party/FreeRTOS/Source/stream_buffer.c **** 
 3079              		.loc 1 1052 2 is_stmt 1 view .LVU845
 3080              	.LBB181:
 3081              	.LBI181:
 227:Middlewares/Third_Party/FreeRTOS/Source/portable/GCC/ARM_CM4F/portmacro.h **** {
 3082              		.loc 2 227 30 view .LVU846
 3083              	.LBB182:
 229:Middlewares/Third_Party/FreeRTOS/Source/portable/GCC/ARM_CM4F/portmacro.h **** 	(
 3084              		.loc 2 229 2 view .LVU847
 3085              		.syntax unified
 3086              	@ 229 "Middlewares/Third_Party/FreeRTOS/Source/portable/GCC/ARM_CM4F/portmacro.h" 1
 3087 0036 85F31188 			msr basepri, r5	
 3088              	@ 0 "" 2
 3089              		.thumb
 3090              		.syntax unified
 3091              	.LBE182:
 3092              	.LBE181:
1054:Middlewares/Third_Party/FreeRTOS/Source/stream_buffer.c **** }
 3093              		.loc 1 1054 2 view .LVU848
1055:Middlewares/Third_Party/FreeRTOS/Source/stream_buffer.c **** /*-----------------------------------------------------------*/
 3094              		.loc 1 1055 1 is_stmt 0 view .LVU849
 3095 003a 03B0     		add	sp, sp, #12
 3096              	.LCFI56:
 3097              		.cfi_def_cfa_offset 12
 3098              		@ sp needed
 3099 003c 30BD     		pop	{r4, r5, pc}
 3100              	.LVL260:
 3101              	.L215:
 3102              	.LCFI57:
 3103              		.cfi_def_cfa_offset 0
 3104              		.cfi_restore 4
 3105              		.cfi_restore 5
 3106              		.cfi_restore 14
1034:Middlewares/Third_Party/FreeRTOS/Source/stream_buffer.c **** 
ARM GAS  C:\Users\kalpe\AppData\Local\Temp\ccLk4XJd.s 			page 94


 3107              		.loc 1 1034 2 is_stmt 1 discriminator 1 view .LVU850
 3108              	.LBB183:
 3109              	.LBI183:
 191:Middlewares/Third_Party/FreeRTOS/Source/portable/GCC/ARM_CM4F/portmacro.h **** {
 3110              		.loc 2 191 30 view .LVU851
 3111              	.LBB184:
 193:Middlewares/Third_Party/FreeRTOS/Source/portable/GCC/ARM_CM4F/portmacro.h **** 
 3112              		.loc 2 193 1 view .LVU852
 195:Middlewares/Third_Party/FreeRTOS/Source/portable/GCC/ARM_CM4F/portmacro.h **** 	(
 3113              		.loc 2 195 2 view .LVU853
 3114              		.syntax unified
 3115              	@ 195 "Middlewares/Third_Party/FreeRTOS/Source/portable/GCC/ARM_CM4F/portmacro.h" 1
 3116 003e 4FF05003 			mov r3, #80												
 3117 0042 83F31188 		msr basepri, r3											
 3118 0046 BFF36F8F 		isb														
 3119 004a BFF34F8F 		dsb														
 3120              	
 3121              	@ 0 "" 2
 3122              		.thumb
 3123              		.syntax unified
 3124              	.L210:
 3125              	.LBE184:
 3126              	.LBE183:
1034:Middlewares/Third_Party/FreeRTOS/Source/stream_buffer.c **** 
 3127              		.loc 1 1034 2 view .LVU854
 3128 004e FEE7     		b	.L210
 3129              	.LVL261:
 3130              	.L212:
 3131              	.LCFI58:
 3132              		.cfi_def_cfa_offset 24
 3133              		.cfi_offset 4, -12
 3134              		.cfi_offset 5, -8
 3135              		.cfi_offset 14, -4
1049:Middlewares/Third_Party/FreeRTOS/Source/stream_buffer.c **** 		}
 3136              		.loc 1 1049 12 is_stmt 0 view .LVU855
 3137 0050 1846     		mov	r0, r3
 3138              	.LVL262:
1049:Middlewares/Third_Party/FreeRTOS/Source/stream_buffer.c **** 		}
 3139              		.loc 1 1049 12 view .LVU856
 3140 0052 F0E7     		b	.L211
 3141              		.cfi_endproc
 3142              	.LFE20:
 3144              		.section	.text.xStreamBufferReceiveCompletedFromISR,"ax",%progbits
 3145              		.align	1
 3146              		.global	xStreamBufferReceiveCompletedFromISR
 3147              		.syntax unified
 3148              		.thumb
 3149              		.thumb_func
 3151              	xStreamBufferReceiveCompletedFromISR:
 3152              	.LVL263:
 3153              	.LFB21:
1059:Middlewares/Third_Party/FreeRTOS/Source/stream_buffer.c **** StreamBuffer_t * const pxStreamBuffer = xStreamBuffer;
 3154              		.loc 1 1059 1 is_stmt 1 view -0
 3155              		.cfi_startproc
 3156              		@ args = 0, pretend = 0, frame = 0
 3157              		@ frame_needed = 0, uses_anonymous_args = 0
1060:Middlewares/Third_Party/FreeRTOS/Source/stream_buffer.c **** BaseType_t xReturn;
ARM GAS  C:\Users\kalpe\AppData\Local\Temp\ccLk4XJd.s 			page 95


 3158              		.loc 1 1060 1 view .LVU858
1061:Middlewares/Third_Party/FreeRTOS/Source/stream_buffer.c **** UBaseType_t uxSavedInterruptStatus;
 3159              		.loc 1 1061 1 view .LVU859
1062:Middlewares/Third_Party/FreeRTOS/Source/stream_buffer.c **** 
 3160              		.loc 1 1062 1 view .LVU860
1064:Middlewares/Third_Party/FreeRTOS/Source/stream_buffer.c **** 
 3161              		.loc 1 1064 2 view .LVU861
 3162 0000 E8B1     		cbz	r0, .L223
1059:Middlewares/Third_Party/FreeRTOS/Source/stream_buffer.c **** StreamBuffer_t * const pxStreamBuffer = xStreamBuffer;
 3163              		.loc 1 1059 1 is_stmt 0 view .LVU862
 3164 0002 30B5     		push	{r4, r5, lr}
 3165              	.LCFI59:
 3166              		.cfi_def_cfa_offset 12
 3167              		.cfi_offset 4, -12
 3168              		.cfi_offset 5, -8
 3169              		.cfi_offset 14, -4
 3170 0004 83B0     		sub	sp, sp, #12
 3171              	.LCFI60:
 3172              		.cfi_def_cfa_offset 24
 3173 0006 0446     		mov	r4, r0
1064:Middlewares/Third_Party/FreeRTOS/Source/stream_buffer.c **** 
 3174              		.loc 1 1064 32 is_stmt 1 view .LVU863
1066:Middlewares/Third_Party/FreeRTOS/Source/stream_buffer.c **** 	{
 3175              		.loc 1 1066 2 view .LVU864
 3176              	.LBB185:
 3177              	.LBI185:
 207:Middlewares/Third_Party/FreeRTOS/Source/portable/GCC/ARM_CM4F/portmacro.h **** {
 3178              		.loc 2 207 34 view .LVU865
 3179              	.LBB186:
 209:Middlewares/Third_Party/FreeRTOS/Source/portable/GCC/ARM_CM4F/portmacro.h **** 
 3180              		.loc 2 209 1 view .LVU866
 211:Middlewares/Third_Party/FreeRTOS/Source/portable/GCC/ARM_CM4F/portmacro.h **** 	(
 3181              		.loc 2 211 2 view .LVU867
 3182              		.syntax unified
 3183              	@ 211 "Middlewares/Third_Party/FreeRTOS/Source/portable/GCC/ARM_CM4F/portmacro.h" 1
 3184 0008 EFF31183 			mrs r3, basepri											
 3185 000c 4FF05002 		mov r2, #80												
 3186 0010 82F31188 		msr basepri, r2											
 3187 0014 BFF36F8F 		isb														
 3188 0018 BFF34F8F 		dsb														
 3189              	
 3190              	@ 0 "" 2
 3191              		.thumb
 3192              		.syntax unified
 3193 001c 1D46     		mov	r5, r3
 223:Middlewares/Third_Party/FreeRTOS/Source/portable/GCC/ARM_CM4F/portmacro.h **** }
 3194              		.loc 2 223 2 view .LVU868
 3195              	.LVL264:
 223:Middlewares/Third_Party/FreeRTOS/Source/portable/GCC/ARM_CM4F/portmacro.h **** }
 3196              		.loc 2 223 2 is_stmt 0 view .LVU869
 3197              	.LBE186:
 3198              	.LBE185:
1068:Middlewares/Third_Party/FreeRTOS/Source/stream_buffer.c **** 		{
 3199              		.loc 1 1068 3 is_stmt 1 view .LVU870
1068:Middlewares/Third_Party/FreeRTOS/Source/stream_buffer.c **** 		{
 3200              		.loc 1 1068 25 is_stmt 0 view .LVU871
 3201 001e 4369     		ldr	r3, [r0, #20]
ARM GAS  C:\Users\kalpe\AppData\Local\Temp\ccLk4XJd.s 			page 96


 3202              	.LVL265:
1068:Middlewares/Third_Party/FreeRTOS/Source/stream_buffer.c **** 		{
 3203              		.loc 1 1068 5 view .LVU872
 3204 0020 B3B1     		cbz	r3, .L220
1070:Middlewares/Third_Party/FreeRTOS/Source/stream_buffer.c **** 										 ( uint32_t ) 0,
 3205              		.loc 1 1070 4 is_stmt 1 view .LVU873
1070:Middlewares/Third_Party/FreeRTOS/Source/stream_buffer.c **** 										 ( uint32_t ) 0,
 3206              		.loc 1 1070 13 is_stmt 0 view .LVU874
 3207 0022 4069     		ldr	r0, [r0, #20]
 3208              	.LVL266:
1070:Middlewares/Third_Party/FreeRTOS/Source/stream_buffer.c **** 										 ( uint32_t ) 0,
 3209              		.loc 1 1070 13 view .LVU875
 3210 0024 0091     		str	r1, [sp]
 3211 0026 0023     		movs	r3, #0
 3212 0028 1A46     		mov	r2, r3
 3213 002a 1946     		mov	r1, r3
 3214              	.LVL267:
1070:Middlewares/Third_Party/FreeRTOS/Source/stream_buffer.c **** 										 ( uint32_t ) 0,
 3215              		.loc 1 1070 13 view .LVU876
 3216 002c FFF7FEFF 		bl	xTaskGenericNotifyFromISR
 3217              	.LVL268:
1074:Middlewares/Third_Party/FreeRTOS/Source/stream_buffer.c **** 			xReturn = pdTRUE;
 3218              		.loc 1 1074 4 is_stmt 1 view .LVU877
1074:Middlewares/Third_Party/FreeRTOS/Source/stream_buffer.c **** 			xReturn = pdTRUE;
 3219              		.loc 1 1074 43 is_stmt 0 view .LVU878
 3220 0030 0023     		movs	r3, #0
 3221 0032 6361     		str	r3, [r4, #20]
1075:Middlewares/Third_Party/FreeRTOS/Source/stream_buffer.c **** 		}
 3222              		.loc 1 1075 4 is_stmt 1 view .LVU879
 3223              	.LVL269:
1075:Middlewares/Third_Party/FreeRTOS/Source/stream_buffer.c **** 		}
 3224              		.loc 1 1075 12 is_stmt 0 view .LVU880
 3225 0034 0120     		movs	r0, #1
 3226              	.LVL270:
 3227              	.L219:
1082:Middlewares/Third_Party/FreeRTOS/Source/stream_buffer.c **** 
 3228              		.loc 1 1082 2 is_stmt 1 view .LVU881
 3229              	.LBB187:
 3230              	.LBI187:
 227:Middlewares/Third_Party/FreeRTOS/Source/portable/GCC/ARM_CM4F/portmacro.h **** {
 3231              		.loc 2 227 30 view .LVU882
 3232              	.LBB188:
 229:Middlewares/Third_Party/FreeRTOS/Source/portable/GCC/ARM_CM4F/portmacro.h **** 	(
 3233              		.loc 2 229 2 view .LVU883
 3234              		.syntax unified
 3235              	@ 229 "Middlewares/Third_Party/FreeRTOS/Source/portable/GCC/ARM_CM4F/portmacro.h" 1
 3236 0036 85F31188 			msr basepri, r5	
 3237              	@ 0 "" 2
 3238              		.thumb
 3239              		.syntax unified
 3240              	.LBE188:
 3241              	.LBE187:
1084:Middlewares/Third_Party/FreeRTOS/Source/stream_buffer.c **** }
 3242              		.loc 1 1084 2 view .LVU884
1085:Middlewares/Third_Party/FreeRTOS/Source/stream_buffer.c **** /*-----------------------------------------------------------*/
 3243              		.loc 1 1085 1 is_stmt 0 view .LVU885
 3244 003a 03B0     		add	sp, sp, #12
ARM GAS  C:\Users\kalpe\AppData\Local\Temp\ccLk4XJd.s 			page 97


 3245              	.LCFI61:
 3246              		.cfi_def_cfa_offset 12
 3247              		@ sp needed
 3248 003c 30BD     		pop	{r4, r5, pc}
 3249              	.LVL271:
 3250              	.L223:
 3251              	.LCFI62:
 3252              		.cfi_def_cfa_offset 0
 3253              		.cfi_restore 4
 3254              		.cfi_restore 5
 3255              		.cfi_restore 14
1064:Middlewares/Third_Party/FreeRTOS/Source/stream_buffer.c **** 
 3256              		.loc 1 1064 2 is_stmt 1 discriminator 1 view .LVU886
 3257              	.LBB189:
 3258              	.LBI189:
 191:Middlewares/Third_Party/FreeRTOS/Source/portable/GCC/ARM_CM4F/portmacro.h **** {
 3259              		.loc 2 191 30 view .LVU887
 3260              	.LBB190:
 193:Middlewares/Third_Party/FreeRTOS/Source/portable/GCC/ARM_CM4F/portmacro.h **** 
 3261              		.loc 2 193 1 view .LVU888
 195:Middlewares/Third_Party/FreeRTOS/Source/portable/GCC/ARM_CM4F/portmacro.h **** 	(
 3262              		.loc 2 195 2 view .LVU889
 3263              		.syntax unified
 3264              	@ 195 "Middlewares/Third_Party/FreeRTOS/Source/portable/GCC/ARM_CM4F/portmacro.h" 1
 3265 003e 4FF05003 			mov r3, #80												
 3266 0042 83F31188 		msr basepri, r3											
 3267 0046 BFF36F8F 		isb														
 3268 004a BFF34F8F 		dsb														
 3269              	
 3270              	@ 0 "" 2
 3271              		.thumb
 3272              		.syntax unified
 3273              	.L218:
 3274              	.LBE190:
 3275              	.LBE189:
1064:Middlewares/Third_Party/FreeRTOS/Source/stream_buffer.c **** 
 3276              		.loc 1 1064 2 view .LVU890
 3277 004e FEE7     		b	.L218
 3278              	.LVL272:
 3279              	.L220:
 3280              	.LCFI63:
 3281              		.cfi_def_cfa_offset 24
 3282              		.cfi_offset 4, -12
 3283              		.cfi_offset 5, -8
 3284              		.cfi_offset 14, -4
1079:Middlewares/Third_Party/FreeRTOS/Source/stream_buffer.c **** 		}
 3285              		.loc 1 1079 12 is_stmt 0 view .LVU891
 3286 0050 1846     		mov	r0, r3
 3287              	.LVL273:
1079:Middlewares/Third_Party/FreeRTOS/Source/stream_buffer.c **** 		}
 3288              		.loc 1 1079 12 view .LVU892
 3289 0052 F0E7     		b	.L219
 3290              		.cfi_endproc
 3291              	.LFE21:
 3293              		.section	.text.uxStreamBufferGetStreamBufferNumber,"ax",%progbits
 3294              		.align	1
 3295              		.global	uxStreamBufferGetStreamBufferNumber
ARM GAS  C:\Users\kalpe\AppData\Local\Temp\ccLk4XJd.s 			page 98


 3296              		.syntax unified
 3297              		.thumb
 3298              		.thumb_func
 3300              	uxStreamBufferGetStreamBufferNumber:
 3301              	.LVL274:
 3302              	.LFB26:
1234:Middlewares/Third_Party/FreeRTOS/Source/stream_buffer.c **** 
1235:Middlewares/Third_Party/FreeRTOS/Source/stream_buffer.c **** #if ( configUSE_TRACE_FACILITY == 1 )
1236:Middlewares/Third_Party/FreeRTOS/Source/stream_buffer.c **** 
1237:Middlewares/Third_Party/FreeRTOS/Source/stream_buffer.c **** 	UBaseType_t uxStreamBufferGetStreamBufferNumber( StreamBufferHandle_t xStreamBuffer )
1238:Middlewares/Third_Party/FreeRTOS/Source/stream_buffer.c **** 	{
 3303              		.loc 1 1238 2 is_stmt 1 view -0
 3304              		.cfi_startproc
 3305              		@ args = 0, pretend = 0, frame = 0
 3306              		@ frame_needed = 0, uses_anonymous_args = 0
 3307              		@ link register save eliminated.
1239:Middlewares/Third_Party/FreeRTOS/Source/stream_buffer.c **** 		return xStreamBuffer->uxStreamBufferNumber;
 3308              		.loc 1 1239 3 view .LVU894
1240:Middlewares/Third_Party/FreeRTOS/Source/stream_buffer.c **** 	}
 3309              		.loc 1 1240 2 is_stmt 0 view .LVU895
 3310 0000 006A     		ldr	r0, [r0, #32]
 3311              	.LVL275:
 3312              		.loc 1 1240 2 view .LVU896
 3313 0002 7047     		bx	lr
 3314              		.cfi_endproc
 3315              	.LFE26:
 3317              		.section	.text.vStreamBufferSetStreamBufferNumber,"ax",%progbits
 3318              		.align	1
 3319              		.global	vStreamBufferSetStreamBufferNumber
 3320              		.syntax unified
 3321              		.thumb
 3322              		.thumb_func
 3324              	vStreamBufferSetStreamBufferNumber:
 3325              	.LVL276:
 3326              	.LFB27:
1241:Middlewares/Third_Party/FreeRTOS/Source/stream_buffer.c **** 
1242:Middlewares/Third_Party/FreeRTOS/Source/stream_buffer.c **** #endif /* configUSE_TRACE_FACILITY */
1243:Middlewares/Third_Party/FreeRTOS/Source/stream_buffer.c **** /*-----------------------------------------------------------*/
1244:Middlewares/Third_Party/FreeRTOS/Source/stream_buffer.c **** 
1245:Middlewares/Third_Party/FreeRTOS/Source/stream_buffer.c **** #if ( configUSE_TRACE_FACILITY == 1 )
1246:Middlewares/Third_Party/FreeRTOS/Source/stream_buffer.c **** 
1247:Middlewares/Third_Party/FreeRTOS/Source/stream_buffer.c **** 	void vStreamBufferSetStreamBufferNumber( StreamBufferHandle_t xStreamBuffer, UBaseType_t uxStreamB
1248:Middlewares/Third_Party/FreeRTOS/Source/stream_buffer.c **** 	{
 3327              		.loc 1 1248 2 is_stmt 1 view -0
 3328              		.cfi_startproc
 3329              		@ args = 0, pretend = 0, frame = 0
 3330              		@ frame_needed = 0, uses_anonymous_args = 0
 3331              		@ link register save eliminated.
1249:Middlewares/Third_Party/FreeRTOS/Source/stream_buffer.c **** 		xStreamBuffer->uxStreamBufferNumber = uxStreamBufferNumber;
 3332              		.loc 1 1249 3 view .LVU898
 3333              		.loc 1 1249 39 is_stmt 0 view .LVU899
 3334 0000 0162     		str	r1, [r0, #32]
1250:Middlewares/Third_Party/FreeRTOS/Source/stream_buffer.c **** 	}
 3335              		.loc 1 1250 2 view .LVU900
 3336 0002 7047     		bx	lr
 3337              		.cfi_endproc
 3338              	.LFE27:
ARM GAS  C:\Users\kalpe\AppData\Local\Temp\ccLk4XJd.s 			page 99


 3340              		.section	.text.ucStreamBufferGetStreamBufferType,"ax",%progbits
 3341              		.align	1
 3342              		.global	ucStreamBufferGetStreamBufferType
 3343              		.syntax unified
 3344              		.thumb
 3345              		.thumb_func
 3347              	ucStreamBufferGetStreamBufferType:
 3348              	.LVL277:
 3349              	.LFB28:
1251:Middlewares/Third_Party/FreeRTOS/Source/stream_buffer.c **** 
1252:Middlewares/Third_Party/FreeRTOS/Source/stream_buffer.c **** #endif /* configUSE_TRACE_FACILITY */
1253:Middlewares/Third_Party/FreeRTOS/Source/stream_buffer.c **** /*-----------------------------------------------------------*/
1254:Middlewares/Third_Party/FreeRTOS/Source/stream_buffer.c **** 
1255:Middlewares/Third_Party/FreeRTOS/Source/stream_buffer.c **** #if ( configUSE_TRACE_FACILITY == 1 )
1256:Middlewares/Third_Party/FreeRTOS/Source/stream_buffer.c **** 
1257:Middlewares/Third_Party/FreeRTOS/Source/stream_buffer.c **** 	uint8_t ucStreamBufferGetStreamBufferType( StreamBufferHandle_t xStreamBuffer )
1258:Middlewares/Third_Party/FreeRTOS/Source/stream_buffer.c **** 	{
 3350              		.loc 1 1258 2 is_stmt 1 view -0
 3351              		.cfi_startproc
 3352              		@ args = 0, pretend = 0, frame = 0
 3353              		@ frame_needed = 0, uses_anonymous_args = 0
 3354              		@ link register save eliminated.
1259:Middlewares/Third_Party/FreeRTOS/Source/stream_buffer.c **** 		return ( xStreamBuffer->ucFlags & sbFLAGS_IS_MESSAGE_BUFFER );
 3355              		.loc 1 1259 3 view .LVU902
 3356              		.loc 1 1259 25 is_stmt 0 view .LVU903
 3357 0000 007F     		ldrb	r0, [r0, #28]	@ zero_extendqisi2
 3358              	.LVL278:
1260:Middlewares/Third_Party/FreeRTOS/Source/stream_buffer.c **** 	}
 3359              		.loc 1 1260 2 view .LVU904
 3360 0002 00F00100 		and	r0, r0, #1
 3361 0006 7047     		bx	lr
 3362              		.cfi_endproc
 3363              	.LFE28:
 3365              		.text
 3366              	.Letext0:
 3367              		.file 3 "C:/Program Files/Arm/GNU Toolchain mingw-w64-x86_64-arm-none-eabi/arm-none-eabi/include/m
 3368              		.file 4 "C:/Program Files/Arm/GNU Toolchain mingw-w64-x86_64-arm-none-eabi/arm-none-eabi/include/s
 3369              		.file 5 "C:/Program Files/Arm/GNU Toolchain mingw-w64-x86_64-arm-none-eabi/lib/gcc/arm-none-eabi/1
 3370              		.file 6 "Middlewares/Third_Party/FreeRTOS/Source/include/FreeRTOS.h"
 3371              		.file 7 "Middlewares/Third_Party/FreeRTOS/Source/include/task.h"
 3372              		.file 8 "Middlewares/Third_Party/FreeRTOS/Source/include/stream_buffer.h"
 3373              		.file 9 "C:/Program Files/Arm/GNU Toolchain mingw-w64-x86_64-arm-none-eabi/arm-none-eabi/include/s
 3374              		.file 10 "Middlewares/Third_Party/FreeRTOS/Source/include/portable.h"
 3375              		.file 11 "<built-in>"
ARM GAS  C:\Users\kalpe\AppData\Local\Temp\ccLk4XJd.s 			page 100


DEFINED SYMBOLS
                            *ABS*:00000000 stream_buffer.c
C:\Users\kalpe\AppData\Local\Temp\ccLk4XJd.s:21     .text.prvBytesInBuffer:00000000 $t
C:\Users\kalpe\AppData\Local\Temp\ccLk4XJd.s:26     .text.prvBytesInBuffer:00000000 prvBytesInBuffer
C:\Users\kalpe\AppData\Local\Temp\ccLk4XJd.s:67     .text.prvInitialiseNewStreamBuffer:00000000 $t
C:\Users\kalpe\AppData\Local\Temp\ccLk4XJd.s:72     .text.prvInitialiseNewStreamBuffer:00000000 prvInitialiseNewStreamBuffer
C:\Users\kalpe\AppData\Local\Temp\ccLk4XJd.s:161    .text.prvWriteBytesToBuffer:00000000 $t
C:\Users\kalpe\AppData\Local\Temp\ccLk4XJd.s:166    .text.prvWriteBytesToBuffer:00000000 prvWriteBytesToBuffer
C:\Users\kalpe\AppData\Local\Temp\ccLk4XJd.s:342    .text.prvWriteMessageToBuffer:00000000 $t
C:\Users\kalpe\AppData\Local\Temp\ccLk4XJd.s:347    .text.prvWriteMessageToBuffer:00000000 prvWriteMessageToBuffer
C:\Users\kalpe\AppData\Local\Temp\ccLk4XJd.s:448    .text.prvReadBytesFromBuffer:00000000 $t
C:\Users\kalpe\AppData\Local\Temp\ccLk4XJd.s:453    .text.prvReadBytesFromBuffer:00000000 prvReadBytesFromBuffer
C:\Users\kalpe\AppData\Local\Temp\ccLk4XJd.s:627    .text.prvReadMessageFromBuffer:00000000 $t
C:\Users\kalpe\AppData\Local\Temp\ccLk4XJd.s:632    .text.prvReadMessageFromBuffer:00000000 prvReadMessageFromBuffer
C:\Users\kalpe\AppData\Local\Temp\ccLk4XJd.s:741    .text.xStreamBufferGenericCreate:00000000 $t
C:\Users\kalpe\AppData\Local\Temp\ccLk4XJd.s:747    .text.xStreamBufferGenericCreate:00000000 xStreamBufferGenericCreate
C:\Users\kalpe\AppData\Local\Temp\ccLk4XJd.s:912    .text.xStreamBufferGenericCreateStatic:00000000 $t
C:\Users\kalpe\AppData\Local\Temp\ccLk4XJd.s:918    .text.xStreamBufferGenericCreateStatic:00000000 xStreamBufferGenericCreateStatic
C:\Users\kalpe\AppData\Local\Temp\ccLk4XJd.s:1157   .text.vStreamBufferDelete:00000000 $t
C:\Users\kalpe\AppData\Local\Temp\ccLk4XJd.s:1163   .text.vStreamBufferDelete:00000000 vStreamBufferDelete
C:\Users\kalpe\AppData\Local\Temp\ccLk4XJd.s:1231   .text.xStreamBufferReset:00000000 $t
C:\Users\kalpe\AppData\Local\Temp\ccLk4XJd.s:1237   .text.xStreamBufferReset:00000000 xStreamBufferReset
C:\Users\kalpe\AppData\Local\Temp\ccLk4XJd.s:1360   .text.xStreamBufferSetTriggerLevel:00000000 $t
C:\Users\kalpe\AppData\Local\Temp\ccLk4XJd.s:1366   .text.xStreamBufferSetTriggerLevel:00000000 xStreamBufferSetTriggerLevel
C:\Users\kalpe\AppData\Local\Temp\ccLk4XJd.s:1438   .text.xStreamBufferSpacesAvailable:00000000 $t
C:\Users\kalpe\AppData\Local\Temp\ccLk4XJd.s:1444   .text.xStreamBufferSpacesAvailable:00000000 xStreamBufferSpacesAvailable
C:\Users\kalpe\AppData\Local\Temp\ccLk4XJd.s:1519   .text.xStreamBufferBytesAvailable:00000000 $t
C:\Users\kalpe\AppData\Local\Temp\ccLk4XJd.s:1525   .text.xStreamBufferBytesAvailable:00000000 xStreamBufferBytesAvailable
C:\Users\kalpe\AppData\Local\Temp\ccLk4XJd.s:1579   .text.xStreamBufferSend:00000000 $t
C:\Users\kalpe\AppData\Local\Temp\ccLk4XJd.s:1585   .text.xStreamBufferSend:00000000 xStreamBufferSend
C:\Users\kalpe\AppData\Local\Temp\ccLk4XJd.s:1901   .text.xStreamBufferSendFromISR:00000000 $t
C:\Users\kalpe\AppData\Local\Temp\ccLk4XJd.s:1907   .text.xStreamBufferSendFromISR:00000000 xStreamBufferSendFromISR
C:\Users\kalpe\AppData\Local\Temp\ccLk4XJd.s:2144   .text.xStreamBufferReceive:00000000 $t
C:\Users\kalpe\AppData\Local\Temp\ccLk4XJd.s:2150   .text.xStreamBufferReceive:00000000 xStreamBufferReceive
C:\Users\kalpe\AppData\Local\Temp\ccLk4XJd.s:2440   .text.xStreamBufferNextMessageLengthBytes:00000000 $t
C:\Users\kalpe\AppData\Local\Temp\ccLk4XJd.s:2446   .text.xStreamBufferNextMessageLengthBytes:00000000 xStreamBufferNextMessageLengthBytes
C:\Users\kalpe\AppData\Local\Temp\ccLk4XJd.s:2582   .text.xStreamBufferReceiveFromISR:00000000 $t
C:\Users\kalpe\AppData\Local\Temp\ccLk4XJd.s:2588   .text.xStreamBufferReceiveFromISR:00000000 xStreamBufferReceiveFromISR
C:\Users\kalpe\AppData\Local\Temp\ccLk4XJd.s:2824   .text.xStreamBufferIsEmpty:00000000 $t
C:\Users\kalpe\AppData\Local\Temp\ccLk4XJd.s:2830   .text.xStreamBufferIsEmpty:00000000 xStreamBufferIsEmpty
C:\Users\kalpe\AppData\Local\Temp\ccLk4XJd.s:2895   .text.xStreamBufferIsFull:00000000 $t
C:\Users\kalpe\AppData\Local\Temp\ccLk4XJd.s:2901   .text.xStreamBufferIsFull:00000000 xStreamBufferIsFull
C:\Users\kalpe\AppData\Local\Temp\ccLk4XJd.s:2996   .text.xStreamBufferSendCompletedFromISR:00000000 $t
C:\Users\kalpe\AppData\Local\Temp\ccLk4XJd.s:3002   .text.xStreamBufferSendCompletedFromISR:00000000 xStreamBufferSendCompletedFromISR
C:\Users\kalpe\AppData\Local\Temp\ccLk4XJd.s:3145   .text.xStreamBufferReceiveCompletedFromISR:00000000 $t
C:\Users\kalpe\AppData\Local\Temp\ccLk4XJd.s:3151   .text.xStreamBufferReceiveCompletedFromISR:00000000 xStreamBufferReceiveCompletedFromISR
C:\Users\kalpe\AppData\Local\Temp\ccLk4XJd.s:3294   .text.uxStreamBufferGetStreamBufferNumber:00000000 $t
C:\Users\kalpe\AppData\Local\Temp\ccLk4XJd.s:3300   .text.uxStreamBufferGetStreamBufferNumber:00000000 uxStreamBufferGetStreamBufferNumber
C:\Users\kalpe\AppData\Local\Temp\ccLk4XJd.s:3318   .text.vStreamBufferSetStreamBufferNumber:00000000 $t
C:\Users\kalpe\AppData\Local\Temp\ccLk4XJd.s:3324   .text.vStreamBufferSetStreamBufferNumber:00000000 vStreamBufferSetStreamBufferNumber
C:\Users\kalpe\AppData\Local\Temp\ccLk4XJd.s:3341   .text.ucStreamBufferGetStreamBufferType:00000000 $t
C:\Users\kalpe\AppData\Local\Temp\ccLk4XJd.s:3347   .text.ucStreamBufferGetStreamBufferType:00000000 ucStreamBufferGetStreamBufferType

UNDEFINED SYMBOLS
memset
memcpy
pvPortMalloc
ARM GAS  C:\Users\kalpe\AppData\Local\Temp\ccLk4XJd.s 			page 101


vPortFree
vPortEnterCritical
vPortExitCritical
vTaskSetTimeOutState
xTaskNotifyStateClear
xTaskGetCurrentTaskHandle
xTaskNotifyWait
xTaskCheckForTimeOut
vTaskSuspendAll
xTaskGenericNotify
xTaskResumeAll
xTaskGenericNotifyFromISR
