ARM GAS  C:\Users\kalpe\AppData\Local\Temp\cciawLrt.s 			page 1


   1              		.cpu cortex-m4
   2              		.arch armv7e-m
   3              		.fpu fpv4-sp-d16
   4              		.eabi_attribute 27, 1
   5              		.eabi_attribute 28, 1
   6              		.eabi_attribute 20, 1
   7              		.eabi_attribute 21, 1
   8              		.eabi_attribute 23, 3
   9              		.eabi_attribute 24, 1
  10              		.eabi_attribute 25, 1
  11              		.eabi_attribute 26, 1
  12              		.eabi_attribute 30, 1
  13              		.eabi_attribute 34, 1
  14              		.eabi_attribute 18, 4
  15              		.file	"timers.c"
  16              		.text
  17              	.Ltext0:
  18              		.cfi_sections	.debug_frame
  19              		.file 1 "Middlewares/Third_Party/FreeRTOS/Source/timers.c"
  20              		.section	.text.prvGetNextExpireTime,"ax",%progbits
  21              		.align	1
  22              		.syntax unified
  23              		.thumb
  24              		.thumb_func
  26              	prvGetNextExpireTime:
  27              	.LVL0:
  28              	.LFB18:
   1:Middlewares/Third_Party/FreeRTOS/Source/timers.c **** /*
   2:Middlewares/Third_Party/FreeRTOS/Source/timers.c ****  * FreeRTOS Kernel V10.3.1
   3:Middlewares/Third_Party/FreeRTOS/Source/timers.c ****  * Copyright (C) 2020 Amazon.com, Inc. or its affiliates.  All Rights Reserved.
   4:Middlewares/Third_Party/FreeRTOS/Source/timers.c ****  *
   5:Middlewares/Third_Party/FreeRTOS/Source/timers.c ****  * Permission is hereby granted, free of charge, to any person obtaining a copy of
   6:Middlewares/Third_Party/FreeRTOS/Source/timers.c ****  * this software and associated documentation files (the "Software"), to deal in
   7:Middlewares/Third_Party/FreeRTOS/Source/timers.c ****  * the Software without restriction, including without limitation the rights to
   8:Middlewares/Third_Party/FreeRTOS/Source/timers.c ****  * use, copy, modify, merge, publish, distribute, sublicense, and/or sell copies of
   9:Middlewares/Third_Party/FreeRTOS/Source/timers.c ****  * the Software, and to permit persons to whom the Software is furnished to do so,
  10:Middlewares/Third_Party/FreeRTOS/Source/timers.c ****  * subject to the following conditions:
  11:Middlewares/Third_Party/FreeRTOS/Source/timers.c ****  *
  12:Middlewares/Third_Party/FreeRTOS/Source/timers.c ****  * The above copyright notice and this permission notice shall be included in all
  13:Middlewares/Third_Party/FreeRTOS/Source/timers.c ****  * copies or substantial portions of the Software.
  14:Middlewares/Third_Party/FreeRTOS/Source/timers.c ****  *
  15:Middlewares/Third_Party/FreeRTOS/Source/timers.c ****  * THE SOFTWARE IS PROVIDED "AS IS", WITHOUT WARRANTY OF ANY KIND, EXPRESS OR
  16:Middlewares/Third_Party/FreeRTOS/Source/timers.c ****  * IMPLIED, INCLUDING BUT NOT LIMITED TO THE WARRANTIES OF MERCHANTABILITY, FITNESS
  17:Middlewares/Third_Party/FreeRTOS/Source/timers.c ****  * FOR A PARTICULAR PURPOSE AND NONINFRINGEMENT. IN NO EVENT SHALL THE AUTHORS OR
  18:Middlewares/Third_Party/FreeRTOS/Source/timers.c ****  * COPYRIGHT HOLDERS BE LIABLE FOR ANY CLAIM, DAMAGES OR OTHER LIABILITY, WHETHER
  19:Middlewares/Third_Party/FreeRTOS/Source/timers.c ****  * IN AN ACTION OF CONTRACT, TORT OR OTHERWISE, ARISING FROM, OUT OF OR IN
  20:Middlewares/Third_Party/FreeRTOS/Source/timers.c ****  * CONNECTION WITH THE SOFTWARE OR THE USE OR OTHER DEALINGS IN THE SOFTWARE.
  21:Middlewares/Third_Party/FreeRTOS/Source/timers.c ****  *
  22:Middlewares/Third_Party/FreeRTOS/Source/timers.c ****  * http://www.FreeRTOS.org
  23:Middlewares/Third_Party/FreeRTOS/Source/timers.c ****  * http://aws.amazon.com/freertos
  24:Middlewares/Third_Party/FreeRTOS/Source/timers.c ****  *
  25:Middlewares/Third_Party/FreeRTOS/Source/timers.c ****  * 1 tab == 4 spaces!
  26:Middlewares/Third_Party/FreeRTOS/Source/timers.c ****  */
  27:Middlewares/Third_Party/FreeRTOS/Source/timers.c **** 
  28:Middlewares/Third_Party/FreeRTOS/Source/timers.c **** /* Standard includes. */
  29:Middlewares/Third_Party/FreeRTOS/Source/timers.c **** #include <stdlib.h>
  30:Middlewares/Third_Party/FreeRTOS/Source/timers.c **** 
ARM GAS  C:\Users\kalpe\AppData\Local\Temp\cciawLrt.s 			page 2


  31:Middlewares/Third_Party/FreeRTOS/Source/timers.c **** /* Defining MPU_WRAPPERS_INCLUDED_FROM_API_FILE prevents task.h from redefining
  32:Middlewares/Third_Party/FreeRTOS/Source/timers.c **** all the API functions to use the MPU wrappers.  That should only be done when
  33:Middlewares/Third_Party/FreeRTOS/Source/timers.c **** task.h is included from an application file. */
  34:Middlewares/Third_Party/FreeRTOS/Source/timers.c **** #define MPU_WRAPPERS_INCLUDED_FROM_API_FILE
  35:Middlewares/Third_Party/FreeRTOS/Source/timers.c **** 
  36:Middlewares/Third_Party/FreeRTOS/Source/timers.c **** #include "FreeRTOS.h"
  37:Middlewares/Third_Party/FreeRTOS/Source/timers.c **** #include "task.h"
  38:Middlewares/Third_Party/FreeRTOS/Source/timers.c **** #include "queue.h"
  39:Middlewares/Third_Party/FreeRTOS/Source/timers.c **** #include "timers.h"
  40:Middlewares/Third_Party/FreeRTOS/Source/timers.c **** 
  41:Middlewares/Third_Party/FreeRTOS/Source/timers.c **** #if ( INCLUDE_xTimerPendFunctionCall == 1 ) && ( configUSE_TIMERS == 0 )
  42:Middlewares/Third_Party/FreeRTOS/Source/timers.c **** 	#error configUSE_TIMERS must be set to 1 to make the xTimerPendFunctionCall() function available.
  43:Middlewares/Third_Party/FreeRTOS/Source/timers.c **** #endif
  44:Middlewares/Third_Party/FreeRTOS/Source/timers.c **** 
  45:Middlewares/Third_Party/FreeRTOS/Source/timers.c **** /* Lint e9021, e961 and e750 are suppressed as a MISRA exception justified
  46:Middlewares/Third_Party/FreeRTOS/Source/timers.c **** because the MPU ports require MPU_WRAPPERS_INCLUDED_FROM_API_FILE to be defined
  47:Middlewares/Third_Party/FreeRTOS/Source/timers.c **** for the header files above, but not in this file, in order to generate the
  48:Middlewares/Third_Party/FreeRTOS/Source/timers.c **** correct privileged Vs unprivileged linkage and placement. */
  49:Middlewares/Third_Party/FreeRTOS/Source/timers.c **** #undef MPU_WRAPPERS_INCLUDED_FROM_API_FILE /*lint !e9021 !e961 !e750. */
  50:Middlewares/Third_Party/FreeRTOS/Source/timers.c **** 
  51:Middlewares/Third_Party/FreeRTOS/Source/timers.c **** 
  52:Middlewares/Third_Party/FreeRTOS/Source/timers.c **** /* This entire source file will be skipped if the application is not configured
  53:Middlewares/Third_Party/FreeRTOS/Source/timers.c **** to include software timer functionality.  This #if is closed at the very bottom
  54:Middlewares/Third_Party/FreeRTOS/Source/timers.c **** of this file.  If you want to include software timer functionality then ensure
  55:Middlewares/Third_Party/FreeRTOS/Source/timers.c **** configUSE_TIMERS is set to 1 in FreeRTOSConfig.h. */
  56:Middlewares/Third_Party/FreeRTOS/Source/timers.c **** #if ( configUSE_TIMERS == 1 )
  57:Middlewares/Third_Party/FreeRTOS/Source/timers.c **** 
  58:Middlewares/Third_Party/FreeRTOS/Source/timers.c **** /* Misc definitions. */
  59:Middlewares/Third_Party/FreeRTOS/Source/timers.c **** #define tmrNO_DELAY		( TickType_t ) 0U
  60:Middlewares/Third_Party/FreeRTOS/Source/timers.c **** 
  61:Middlewares/Third_Party/FreeRTOS/Source/timers.c **** /* The name assigned to the timer service task.  This can be overridden by
  62:Middlewares/Third_Party/FreeRTOS/Source/timers.c **** defining trmTIMER_SERVICE_TASK_NAME in FreeRTOSConfig.h. */
  63:Middlewares/Third_Party/FreeRTOS/Source/timers.c **** #ifndef configTIMER_SERVICE_TASK_NAME
  64:Middlewares/Third_Party/FreeRTOS/Source/timers.c **** 	#define configTIMER_SERVICE_TASK_NAME "Tmr Svc"
  65:Middlewares/Third_Party/FreeRTOS/Source/timers.c **** #endif
  66:Middlewares/Third_Party/FreeRTOS/Source/timers.c **** 
  67:Middlewares/Third_Party/FreeRTOS/Source/timers.c **** /* Bit definitions used in the ucStatus member of a timer structure. */
  68:Middlewares/Third_Party/FreeRTOS/Source/timers.c **** #define tmrSTATUS_IS_ACTIVE					( ( uint8_t ) 0x01 )
  69:Middlewares/Third_Party/FreeRTOS/Source/timers.c **** #define tmrSTATUS_IS_STATICALLY_ALLOCATED	( ( uint8_t ) 0x02 )
  70:Middlewares/Third_Party/FreeRTOS/Source/timers.c **** #define tmrSTATUS_IS_AUTORELOAD				( ( uint8_t ) 0x04 )
  71:Middlewares/Third_Party/FreeRTOS/Source/timers.c **** 
  72:Middlewares/Third_Party/FreeRTOS/Source/timers.c **** /* The definition of the timers themselves. */
  73:Middlewares/Third_Party/FreeRTOS/Source/timers.c **** typedef struct tmrTimerControl /* The old naming convention is used to prevent breaking kernel awar
  74:Middlewares/Third_Party/FreeRTOS/Source/timers.c **** {
  75:Middlewares/Third_Party/FreeRTOS/Source/timers.c **** 	const char				*pcTimerName;		/*<< Text name.  This is not used by the kernel, it is included simpl
  76:Middlewares/Third_Party/FreeRTOS/Source/timers.c **** 	ListItem_t				xTimerListItem;		/*<< Standard linked list item as used by all kernel features for e
  77:Middlewares/Third_Party/FreeRTOS/Source/timers.c **** 	TickType_t				xTimerPeriodInTicks;/*<< How quickly and often the timer expires. */
  78:Middlewares/Third_Party/FreeRTOS/Source/timers.c **** 	void 					*pvTimerID;			/*<< An ID to identify the timer.  This allows the timer to be identified 
  79:Middlewares/Third_Party/FreeRTOS/Source/timers.c **** 	TimerCallbackFunction_t	pxCallbackFunction;	/*<< The function that will be called when the timer e
  80:Middlewares/Third_Party/FreeRTOS/Source/timers.c **** 	#if( configUSE_TRACE_FACILITY == 1 )
  81:Middlewares/Third_Party/FreeRTOS/Source/timers.c **** 		UBaseType_t			uxTimerNumber;		/*<< An ID assigned by trace tools such as FreeRTOS+Trace */
  82:Middlewares/Third_Party/FreeRTOS/Source/timers.c **** 	#endif
  83:Middlewares/Third_Party/FreeRTOS/Source/timers.c **** 	uint8_t 				ucStatus;			/*<< Holds bits to say if the timer was statically allocated or not, and i
  84:Middlewares/Third_Party/FreeRTOS/Source/timers.c **** } xTIMER;
  85:Middlewares/Third_Party/FreeRTOS/Source/timers.c **** 
  86:Middlewares/Third_Party/FreeRTOS/Source/timers.c **** /* The old xTIMER name is maintained above then typedefed to the new Timer_t
  87:Middlewares/Third_Party/FreeRTOS/Source/timers.c **** name below to enable the use of older kernel aware debuggers. */
ARM GAS  C:\Users\kalpe\AppData\Local\Temp\cciawLrt.s 			page 3


  88:Middlewares/Third_Party/FreeRTOS/Source/timers.c **** typedef xTIMER Timer_t;
  89:Middlewares/Third_Party/FreeRTOS/Source/timers.c **** 
  90:Middlewares/Third_Party/FreeRTOS/Source/timers.c **** /* The definition of messages that can be sent and received on the timer queue.
  91:Middlewares/Third_Party/FreeRTOS/Source/timers.c **** Two types of message can be queued - messages that manipulate a software timer,
  92:Middlewares/Third_Party/FreeRTOS/Source/timers.c **** and messages that request the execution of a non-timer related callback.  The
  93:Middlewares/Third_Party/FreeRTOS/Source/timers.c **** two message types are defined in two separate structures, xTimerParametersType
  94:Middlewares/Third_Party/FreeRTOS/Source/timers.c **** and xCallbackParametersType respectively. */
  95:Middlewares/Third_Party/FreeRTOS/Source/timers.c **** typedef struct tmrTimerParameters
  96:Middlewares/Third_Party/FreeRTOS/Source/timers.c **** {
  97:Middlewares/Third_Party/FreeRTOS/Source/timers.c **** 	TickType_t			xMessageValue;		/*<< An optional value used by a subset of commands, for example, whe
  98:Middlewares/Third_Party/FreeRTOS/Source/timers.c **** 	Timer_t *			pxTimer;			/*<< The timer to which the command will be applied. */
  99:Middlewares/Third_Party/FreeRTOS/Source/timers.c **** } TimerParameter_t;
 100:Middlewares/Third_Party/FreeRTOS/Source/timers.c **** 
 101:Middlewares/Third_Party/FreeRTOS/Source/timers.c **** 
 102:Middlewares/Third_Party/FreeRTOS/Source/timers.c **** typedef struct tmrCallbackParameters
 103:Middlewares/Third_Party/FreeRTOS/Source/timers.c **** {
 104:Middlewares/Third_Party/FreeRTOS/Source/timers.c **** 	PendedFunction_t	pxCallbackFunction;	/* << The callback function to execute. */
 105:Middlewares/Third_Party/FreeRTOS/Source/timers.c **** 	void *pvParameter1;						/* << The value that will be used as the callback functions first paramet
 106:Middlewares/Third_Party/FreeRTOS/Source/timers.c **** 	uint32_t ulParameter2;					/* << The value that will be used as the callback functions second para
 107:Middlewares/Third_Party/FreeRTOS/Source/timers.c **** } CallbackParameters_t;
 108:Middlewares/Third_Party/FreeRTOS/Source/timers.c **** 
 109:Middlewares/Third_Party/FreeRTOS/Source/timers.c **** /* The structure that contains the two message types, along with an identifier
 110:Middlewares/Third_Party/FreeRTOS/Source/timers.c **** that is used to determine which message type is valid. */
 111:Middlewares/Third_Party/FreeRTOS/Source/timers.c **** typedef struct tmrTimerQueueMessage
 112:Middlewares/Third_Party/FreeRTOS/Source/timers.c **** {
 113:Middlewares/Third_Party/FreeRTOS/Source/timers.c **** 	BaseType_t			xMessageID;			/*<< The command being sent to the timer service task. */
 114:Middlewares/Third_Party/FreeRTOS/Source/timers.c **** 	union
 115:Middlewares/Third_Party/FreeRTOS/Source/timers.c **** 	{
 116:Middlewares/Third_Party/FreeRTOS/Source/timers.c **** 		TimerParameter_t xTimerParameters;
 117:Middlewares/Third_Party/FreeRTOS/Source/timers.c **** 
 118:Middlewares/Third_Party/FreeRTOS/Source/timers.c **** 		/* Don't include xCallbackParameters if it is not going to be used as
 119:Middlewares/Third_Party/FreeRTOS/Source/timers.c **** 		it makes the structure (and therefore the timer queue) larger. */
 120:Middlewares/Third_Party/FreeRTOS/Source/timers.c **** 		#if ( INCLUDE_xTimerPendFunctionCall == 1 )
 121:Middlewares/Third_Party/FreeRTOS/Source/timers.c **** 			CallbackParameters_t xCallbackParameters;
 122:Middlewares/Third_Party/FreeRTOS/Source/timers.c **** 		#endif /* INCLUDE_xTimerPendFunctionCall */
 123:Middlewares/Third_Party/FreeRTOS/Source/timers.c **** 	} u;
 124:Middlewares/Third_Party/FreeRTOS/Source/timers.c **** } DaemonTaskMessage_t;
 125:Middlewares/Third_Party/FreeRTOS/Source/timers.c **** 
 126:Middlewares/Third_Party/FreeRTOS/Source/timers.c **** /*lint -save -e956 A manual analysis and inspection has been used to determine
 127:Middlewares/Third_Party/FreeRTOS/Source/timers.c **** which static variables must be declared volatile. */
 128:Middlewares/Third_Party/FreeRTOS/Source/timers.c **** 
 129:Middlewares/Third_Party/FreeRTOS/Source/timers.c **** /* The list in which active timers are stored.  Timers are referenced in expire
 130:Middlewares/Third_Party/FreeRTOS/Source/timers.c **** time order, with the nearest expiry time at the front of the list.  Only the
 131:Middlewares/Third_Party/FreeRTOS/Source/timers.c **** timer service task is allowed to access these lists.
 132:Middlewares/Third_Party/FreeRTOS/Source/timers.c **** xActiveTimerList1 and xActiveTimerList2 could be at function scope but that
 133:Middlewares/Third_Party/FreeRTOS/Source/timers.c **** breaks some kernel aware debuggers, and debuggers that reply on removing the
 134:Middlewares/Third_Party/FreeRTOS/Source/timers.c **** static qualifier. */
 135:Middlewares/Third_Party/FreeRTOS/Source/timers.c **** PRIVILEGED_DATA static List_t xActiveTimerList1;
 136:Middlewares/Third_Party/FreeRTOS/Source/timers.c **** PRIVILEGED_DATA static List_t xActiveTimerList2;
 137:Middlewares/Third_Party/FreeRTOS/Source/timers.c **** PRIVILEGED_DATA static List_t *pxCurrentTimerList;
 138:Middlewares/Third_Party/FreeRTOS/Source/timers.c **** PRIVILEGED_DATA static List_t *pxOverflowTimerList;
 139:Middlewares/Third_Party/FreeRTOS/Source/timers.c **** 
 140:Middlewares/Third_Party/FreeRTOS/Source/timers.c **** /* A queue that is used to send commands to the timer service task. */
 141:Middlewares/Third_Party/FreeRTOS/Source/timers.c **** PRIVILEGED_DATA static QueueHandle_t xTimerQueue = NULL;
 142:Middlewares/Third_Party/FreeRTOS/Source/timers.c **** PRIVILEGED_DATA static TaskHandle_t xTimerTaskHandle = NULL;
 143:Middlewares/Third_Party/FreeRTOS/Source/timers.c **** 
 144:Middlewares/Third_Party/FreeRTOS/Source/timers.c **** /*lint -restore */
ARM GAS  C:\Users\kalpe\AppData\Local\Temp\cciawLrt.s 			page 4


 145:Middlewares/Third_Party/FreeRTOS/Source/timers.c **** 
 146:Middlewares/Third_Party/FreeRTOS/Source/timers.c **** /*-----------------------------------------------------------*/
 147:Middlewares/Third_Party/FreeRTOS/Source/timers.c **** 
 148:Middlewares/Third_Party/FreeRTOS/Source/timers.c **** #if( configSUPPORT_STATIC_ALLOCATION == 1 )
 149:Middlewares/Third_Party/FreeRTOS/Source/timers.c **** 
 150:Middlewares/Third_Party/FreeRTOS/Source/timers.c **** 	/* If static allocation is supported then the application must provide the
 151:Middlewares/Third_Party/FreeRTOS/Source/timers.c **** 	following callback function - which enables the application to optionally
 152:Middlewares/Third_Party/FreeRTOS/Source/timers.c **** 	provide the memory that will be used by the timer task as the task's stack
 153:Middlewares/Third_Party/FreeRTOS/Source/timers.c **** 	and TCB. */
 154:Middlewares/Third_Party/FreeRTOS/Source/timers.c **** 	extern void vApplicationGetTimerTaskMemory( StaticTask_t **ppxTimerTaskTCBBuffer, StackType_t **pp
 155:Middlewares/Third_Party/FreeRTOS/Source/timers.c **** 
 156:Middlewares/Third_Party/FreeRTOS/Source/timers.c **** #endif
 157:Middlewares/Third_Party/FreeRTOS/Source/timers.c **** 
 158:Middlewares/Third_Party/FreeRTOS/Source/timers.c **** /*
 159:Middlewares/Third_Party/FreeRTOS/Source/timers.c ****  * Initialise the infrastructure used by the timer service task if it has not
 160:Middlewares/Third_Party/FreeRTOS/Source/timers.c ****  * been initialised already.
 161:Middlewares/Third_Party/FreeRTOS/Source/timers.c ****  */
 162:Middlewares/Third_Party/FreeRTOS/Source/timers.c **** static void prvCheckForValidListAndQueue( void ) PRIVILEGED_FUNCTION;
 163:Middlewares/Third_Party/FreeRTOS/Source/timers.c **** 
 164:Middlewares/Third_Party/FreeRTOS/Source/timers.c **** /*
 165:Middlewares/Third_Party/FreeRTOS/Source/timers.c ****  * The timer service task (daemon).  Timer functionality is controlled by this
 166:Middlewares/Third_Party/FreeRTOS/Source/timers.c ****  * task.  Other tasks communicate with the timer service task using the
 167:Middlewares/Third_Party/FreeRTOS/Source/timers.c ****  * xTimerQueue queue.
 168:Middlewares/Third_Party/FreeRTOS/Source/timers.c ****  */
 169:Middlewares/Third_Party/FreeRTOS/Source/timers.c **** static portTASK_FUNCTION_PROTO( prvTimerTask, pvParameters ) PRIVILEGED_FUNCTION;
 170:Middlewares/Third_Party/FreeRTOS/Source/timers.c **** 
 171:Middlewares/Third_Party/FreeRTOS/Source/timers.c **** /*
 172:Middlewares/Third_Party/FreeRTOS/Source/timers.c ****  * Called by the timer service task to interpret and process a command it
 173:Middlewares/Third_Party/FreeRTOS/Source/timers.c ****  * received on the timer queue.
 174:Middlewares/Third_Party/FreeRTOS/Source/timers.c ****  */
 175:Middlewares/Third_Party/FreeRTOS/Source/timers.c **** static void prvProcessReceivedCommands( void ) PRIVILEGED_FUNCTION;
 176:Middlewares/Third_Party/FreeRTOS/Source/timers.c **** 
 177:Middlewares/Third_Party/FreeRTOS/Source/timers.c **** /*
 178:Middlewares/Third_Party/FreeRTOS/Source/timers.c ****  * Insert the timer into either xActiveTimerList1, or xActiveTimerList2,
 179:Middlewares/Third_Party/FreeRTOS/Source/timers.c ****  * depending on if the expire time causes a timer counter overflow.
 180:Middlewares/Third_Party/FreeRTOS/Source/timers.c ****  */
 181:Middlewares/Third_Party/FreeRTOS/Source/timers.c **** static BaseType_t prvInsertTimerInActiveList( Timer_t * const pxTimer, const TickType_t xNextExpiry
 182:Middlewares/Third_Party/FreeRTOS/Source/timers.c **** 
 183:Middlewares/Third_Party/FreeRTOS/Source/timers.c **** /*
 184:Middlewares/Third_Party/FreeRTOS/Source/timers.c ****  * An active timer has reached its expire time.  Reload the timer if it is an
 185:Middlewares/Third_Party/FreeRTOS/Source/timers.c ****  * auto-reload timer, then call its callback.
 186:Middlewares/Third_Party/FreeRTOS/Source/timers.c ****  */
 187:Middlewares/Third_Party/FreeRTOS/Source/timers.c **** static void prvProcessExpiredTimer( const TickType_t xNextExpireTime, const TickType_t xTimeNow ) P
 188:Middlewares/Third_Party/FreeRTOS/Source/timers.c **** 
 189:Middlewares/Third_Party/FreeRTOS/Source/timers.c **** /*
 190:Middlewares/Third_Party/FreeRTOS/Source/timers.c ****  * The tick count has overflowed.  Switch the timer lists after ensuring the
 191:Middlewares/Third_Party/FreeRTOS/Source/timers.c ****  * current timer list does not still reference some timers.
 192:Middlewares/Third_Party/FreeRTOS/Source/timers.c ****  */
 193:Middlewares/Third_Party/FreeRTOS/Source/timers.c **** static void prvSwitchTimerLists( void ) PRIVILEGED_FUNCTION;
 194:Middlewares/Third_Party/FreeRTOS/Source/timers.c **** 
 195:Middlewares/Third_Party/FreeRTOS/Source/timers.c **** /*
 196:Middlewares/Third_Party/FreeRTOS/Source/timers.c ****  * Obtain the current tick count, setting *pxTimerListsWereSwitched to pdTRUE
 197:Middlewares/Third_Party/FreeRTOS/Source/timers.c ****  * if a tick count overflow occurred since prvSampleTimeNow() was last called.
 198:Middlewares/Third_Party/FreeRTOS/Source/timers.c ****  */
 199:Middlewares/Third_Party/FreeRTOS/Source/timers.c **** static TickType_t prvSampleTimeNow( BaseType_t * const pxTimerListsWereSwitched ) PRIVILEGED_FUNCTI
 200:Middlewares/Third_Party/FreeRTOS/Source/timers.c **** 
 201:Middlewares/Third_Party/FreeRTOS/Source/timers.c **** /*
ARM GAS  C:\Users\kalpe\AppData\Local\Temp\cciawLrt.s 			page 5


 202:Middlewares/Third_Party/FreeRTOS/Source/timers.c ****  * If the timer list contains any active timers then return the expire time of
 203:Middlewares/Third_Party/FreeRTOS/Source/timers.c ****  * the timer that will expire first and set *pxListWasEmpty to false.  If the
 204:Middlewares/Third_Party/FreeRTOS/Source/timers.c ****  * timer list does not contain any timers then return 0 and set *pxListWasEmpty
 205:Middlewares/Third_Party/FreeRTOS/Source/timers.c ****  * to pdTRUE.
 206:Middlewares/Third_Party/FreeRTOS/Source/timers.c ****  */
 207:Middlewares/Third_Party/FreeRTOS/Source/timers.c **** static TickType_t prvGetNextExpireTime( BaseType_t * const pxListWasEmpty ) PRIVILEGED_FUNCTION;
 208:Middlewares/Third_Party/FreeRTOS/Source/timers.c **** 
 209:Middlewares/Third_Party/FreeRTOS/Source/timers.c **** /*
 210:Middlewares/Third_Party/FreeRTOS/Source/timers.c ****  * If a timer has expired, process it.  Otherwise, block the timer service task
 211:Middlewares/Third_Party/FreeRTOS/Source/timers.c ****  * until either a timer does expire or a command is received.
 212:Middlewares/Third_Party/FreeRTOS/Source/timers.c ****  */
 213:Middlewares/Third_Party/FreeRTOS/Source/timers.c **** static void prvProcessTimerOrBlockTask( const TickType_t xNextExpireTime, BaseType_t xListWasEmpty 
 214:Middlewares/Third_Party/FreeRTOS/Source/timers.c **** 
 215:Middlewares/Third_Party/FreeRTOS/Source/timers.c **** /*
 216:Middlewares/Third_Party/FreeRTOS/Source/timers.c ****  * Called after a Timer_t structure has been allocated either statically or
 217:Middlewares/Third_Party/FreeRTOS/Source/timers.c ****  * dynamically to fill in the structure's members.
 218:Middlewares/Third_Party/FreeRTOS/Source/timers.c ****  */
 219:Middlewares/Third_Party/FreeRTOS/Source/timers.c **** static void prvInitialiseNewTimer(	const char * const pcTimerName,			/*lint !e971 Unqualified char 
 220:Middlewares/Third_Party/FreeRTOS/Source/timers.c **** 									const TickType_t xTimerPeriodInTicks,
 221:Middlewares/Third_Party/FreeRTOS/Source/timers.c **** 									const UBaseType_t uxAutoReload,
 222:Middlewares/Third_Party/FreeRTOS/Source/timers.c **** 									void * const pvTimerID,
 223:Middlewares/Third_Party/FreeRTOS/Source/timers.c **** 									TimerCallbackFunction_t pxCallbackFunction,
 224:Middlewares/Third_Party/FreeRTOS/Source/timers.c **** 									Timer_t *pxNewTimer ) PRIVILEGED_FUNCTION;
 225:Middlewares/Third_Party/FreeRTOS/Source/timers.c **** /*-----------------------------------------------------------*/
 226:Middlewares/Third_Party/FreeRTOS/Source/timers.c **** 
 227:Middlewares/Third_Party/FreeRTOS/Source/timers.c **** BaseType_t xTimerCreateTimerTask( void )
 228:Middlewares/Third_Party/FreeRTOS/Source/timers.c **** {
 229:Middlewares/Third_Party/FreeRTOS/Source/timers.c **** BaseType_t xReturn = pdFAIL;
 230:Middlewares/Third_Party/FreeRTOS/Source/timers.c **** 
 231:Middlewares/Third_Party/FreeRTOS/Source/timers.c **** 	/* This function is called when the scheduler is started if
 232:Middlewares/Third_Party/FreeRTOS/Source/timers.c **** 	configUSE_TIMERS is set to 1.  Check that the infrastructure used by the
 233:Middlewares/Third_Party/FreeRTOS/Source/timers.c **** 	timer service task has been created/initialised.  If timers have already
 234:Middlewares/Third_Party/FreeRTOS/Source/timers.c **** 	been created then the initialisation will already have been performed. */
 235:Middlewares/Third_Party/FreeRTOS/Source/timers.c **** 	prvCheckForValidListAndQueue();
 236:Middlewares/Third_Party/FreeRTOS/Source/timers.c **** 
 237:Middlewares/Third_Party/FreeRTOS/Source/timers.c **** 	if( xTimerQueue != NULL )
 238:Middlewares/Third_Party/FreeRTOS/Source/timers.c **** 	{
 239:Middlewares/Third_Party/FreeRTOS/Source/timers.c **** 		#if( configSUPPORT_STATIC_ALLOCATION == 1 )
 240:Middlewares/Third_Party/FreeRTOS/Source/timers.c **** 		{
 241:Middlewares/Third_Party/FreeRTOS/Source/timers.c **** 			StaticTask_t *pxTimerTaskTCBBuffer = NULL;
 242:Middlewares/Third_Party/FreeRTOS/Source/timers.c **** 			StackType_t *pxTimerTaskStackBuffer = NULL;
 243:Middlewares/Third_Party/FreeRTOS/Source/timers.c **** 			uint32_t ulTimerTaskStackSize;
 244:Middlewares/Third_Party/FreeRTOS/Source/timers.c **** 
 245:Middlewares/Third_Party/FreeRTOS/Source/timers.c **** 			vApplicationGetTimerTaskMemory( &pxTimerTaskTCBBuffer, &pxTimerTaskStackBuffer, &ulTimerTaskStac
 246:Middlewares/Third_Party/FreeRTOS/Source/timers.c **** 			xTimerTaskHandle = xTaskCreateStatic(	prvTimerTask,
 247:Middlewares/Third_Party/FreeRTOS/Source/timers.c **** 													configTIMER_SERVICE_TASK_NAME,
 248:Middlewares/Third_Party/FreeRTOS/Source/timers.c **** 													ulTimerTaskStackSize,
 249:Middlewares/Third_Party/FreeRTOS/Source/timers.c **** 													NULL,
 250:Middlewares/Third_Party/FreeRTOS/Source/timers.c **** 													( ( UBaseType_t ) configTIMER_TASK_PRIORITY ) | portPRIVILEGE_BIT,
 251:Middlewares/Third_Party/FreeRTOS/Source/timers.c **** 													pxTimerTaskStackBuffer,
 252:Middlewares/Third_Party/FreeRTOS/Source/timers.c **** 													pxTimerTaskTCBBuffer );
 253:Middlewares/Third_Party/FreeRTOS/Source/timers.c **** 
 254:Middlewares/Third_Party/FreeRTOS/Source/timers.c **** 			if( xTimerTaskHandle != NULL )
 255:Middlewares/Third_Party/FreeRTOS/Source/timers.c **** 			{
 256:Middlewares/Third_Party/FreeRTOS/Source/timers.c **** 				xReturn = pdPASS;
 257:Middlewares/Third_Party/FreeRTOS/Source/timers.c **** 			}
 258:Middlewares/Third_Party/FreeRTOS/Source/timers.c **** 		}
ARM GAS  C:\Users\kalpe\AppData\Local\Temp\cciawLrt.s 			page 6


 259:Middlewares/Third_Party/FreeRTOS/Source/timers.c **** 		#else
 260:Middlewares/Third_Party/FreeRTOS/Source/timers.c **** 		{
 261:Middlewares/Third_Party/FreeRTOS/Source/timers.c **** 			xReturn = xTaskCreate(	prvTimerTask,
 262:Middlewares/Third_Party/FreeRTOS/Source/timers.c **** 									configTIMER_SERVICE_TASK_NAME,
 263:Middlewares/Third_Party/FreeRTOS/Source/timers.c **** 									configTIMER_TASK_STACK_DEPTH,
 264:Middlewares/Third_Party/FreeRTOS/Source/timers.c **** 									NULL,
 265:Middlewares/Third_Party/FreeRTOS/Source/timers.c **** 									( ( UBaseType_t ) configTIMER_TASK_PRIORITY ) | portPRIVILEGE_BIT,
 266:Middlewares/Third_Party/FreeRTOS/Source/timers.c **** 									&xTimerTaskHandle );
 267:Middlewares/Third_Party/FreeRTOS/Source/timers.c **** 		}
 268:Middlewares/Third_Party/FreeRTOS/Source/timers.c **** 		#endif /* configSUPPORT_STATIC_ALLOCATION */
 269:Middlewares/Third_Party/FreeRTOS/Source/timers.c **** 	}
 270:Middlewares/Third_Party/FreeRTOS/Source/timers.c **** 	else
 271:Middlewares/Third_Party/FreeRTOS/Source/timers.c **** 	{
 272:Middlewares/Third_Party/FreeRTOS/Source/timers.c **** 		mtCOVERAGE_TEST_MARKER();
 273:Middlewares/Third_Party/FreeRTOS/Source/timers.c **** 	}
 274:Middlewares/Third_Party/FreeRTOS/Source/timers.c **** 
 275:Middlewares/Third_Party/FreeRTOS/Source/timers.c **** 	configASSERT( xReturn );
 276:Middlewares/Third_Party/FreeRTOS/Source/timers.c **** 	return xReturn;
 277:Middlewares/Third_Party/FreeRTOS/Source/timers.c **** }
 278:Middlewares/Third_Party/FreeRTOS/Source/timers.c **** /*-----------------------------------------------------------*/
 279:Middlewares/Third_Party/FreeRTOS/Source/timers.c **** 
 280:Middlewares/Third_Party/FreeRTOS/Source/timers.c **** #if( configSUPPORT_DYNAMIC_ALLOCATION == 1 )
 281:Middlewares/Third_Party/FreeRTOS/Source/timers.c **** 
 282:Middlewares/Third_Party/FreeRTOS/Source/timers.c **** 	TimerHandle_t xTimerCreate(	const char * const pcTimerName,			/*lint !e971 Unqualified char types 
 283:Middlewares/Third_Party/FreeRTOS/Source/timers.c **** 								const TickType_t xTimerPeriodInTicks,
 284:Middlewares/Third_Party/FreeRTOS/Source/timers.c **** 								const UBaseType_t uxAutoReload,
 285:Middlewares/Third_Party/FreeRTOS/Source/timers.c **** 								void * const pvTimerID,
 286:Middlewares/Third_Party/FreeRTOS/Source/timers.c **** 								TimerCallbackFunction_t pxCallbackFunction )
 287:Middlewares/Third_Party/FreeRTOS/Source/timers.c **** 	{
 288:Middlewares/Third_Party/FreeRTOS/Source/timers.c **** 	Timer_t *pxNewTimer;
 289:Middlewares/Third_Party/FreeRTOS/Source/timers.c **** 
 290:Middlewares/Third_Party/FreeRTOS/Source/timers.c **** 		pxNewTimer = ( Timer_t * ) pvPortMalloc( sizeof( Timer_t ) ); /*lint !e9087 !e9079 All values ret
 291:Middlewares/Third_Party/FreeRTOS/Source/timers.c **** 
 292:Middlewares/Third_Party/FreeRTOS/Source/timers.c **** 		if( pxNewTimer != NULL )
 293:Middlewares/Third_Party/FreeRTOS/Source/timers.c **** 		{
 294:Middlewares/Third_Party/FreeRTOS/Source/timers.c **** 			/* Status is thus far zero as the timer is not created statically
 295:Middlewares/Third_Party/FreeRTOS/Source/timers.c **** 			and has not been started.  The auto-reload bit may get set in
 296:Middlewares/Third_Party/FreeRTOS/Source/timers.c **** 			prvInitialiseNewTimer. */
 297:Middlewares/Third_Party/FreeRTOS/Source/timers.c **** 			pxNewTimer->ucStatus = 0x00;
 298:Middlewares/Third_Party/FreeRTOS/Source/timers.c **** 			prvInitialiseNewTimer( pcTimerName, xTimerPeriodInTicks, uxAutoReload, pvTimerID, pxCallbackFunc
 299:Middlewares/Third_Party/FreeRTOS/Source/timers.c **** 		}
 300:Middlewares/Third_Party/FreeRTOS/Source/timers.c **** 
 301:Middlewares/Third_Party/FreeRTOS/Source/timers.c **** 		return pxNewTimer;
 302:Middlewares/Third_Party/FreeRTOS/Source/timers.c **** 	}
 303:Middlewares/Third_Party/FreeRTOS/Source/timers.c **** 
 304:Middlewares/Third_Party/FreeRTOS/Source/timers.c **** #endif /* configSUPPORT_DYNAMIC_ALLOCATION */
 305:Middlewares/Third_Party/FreeRTOS/Source/timers.c **** /*-----------------------------------------------------------*/
 306:Middlewares/Third_Party/FreeRTOS/Source/timers.c **** 
 307:Middlewares/Third_Party/FreeRTOS/Source/timers.c **** #if( configSUPPORT_STATIC_ALLOCATION == 1 )
 308:Middlewares/Third_Party/FreeRTOS/Source/timers.c **** 
 309:Middlewares/Third_Party/FreeRTOS/Source/timers.c **** 	TimerHandle_t xTimerCreateStatic(	const char * const pcTimerName,		/*lint !e971 Unqualified char t
 310:Middlewares/Third_Party/FreeRTOS/Source/timers.c **** 										const TickType_t xTimerPeriodInTicks,
 311:Middlewares/Third_Party/FreeRTOS/Source/timers.c **** 										const UBaseType_t uxAutoReload,
 312:Middlewares/Third_Party/FreeRTOS/Source/timers.c **** 										void * const pvTimerID,
 313:Middlewares/Third_Party/FreeRTOS/Source/timers.c **** 										TimerCallbackFunction_t pxCallbackFunction,
 314:Middlewares/Third_Party/FreeRTOS/Source/timers.c **** 										StaticTimer_t *pxTimerBuffer )
 315:Middlewares/Third_Party/FreeRTOS/Source/timers.c **** 	{
ARM GAS  C:\Users\kalpe\AppData\Local\Temp\cciawLrt.s 			page 7


 316:Middlewares/Third_Party/FreeRTOS/Source/timers.c **** 	Timer_t *pxNewTimer;
 317:Middlewares/Third_Party/FreeRTOS/Source/timers.c **** 
 318:Middlewares/Third_Party/FreeRTOS/Source/timers.c **** 		#if( configASSERT_DEFINED == 1 )
 319:Middlewares/Third_Party/FreeRTOS/Source/timers.c **** 		{
 320:Middlewares/Third_Party/FreeRTOS/Source/timers.c **** 			/* Sanity check that the size of the structure used to declare a
 321:Middlewares/Third_Party/FreeRTOS/Source/timers.c **** 			variable of type StaticTimer_t equals the size of the real timer
 322:Middlewares/Third_Party/FreeRTOS/Source/timers.c **** 			structure. */
 323:Middlewares/Third_Party/FreeRTOS/Source/timers.c **** 			volatile size_t xSize = sizeof( StaticTimer_t );
 324:Middlewares/Third_Party/FreeRTOS/Source/timers.c **** 			configASSERT( xSize == sizeof( Timer_t ) );
 325:Middlewares/Third_Party/FreeRTOS/Source/timers.c **** 			( void ) xSize; /* Keeps lint quiet when configASSERT() is not defined. */
 326:Middlewares/Third_Party/FreeRTOS/Source/timers.c **** 		}
 327:Middlewares/Third_Party/FreeRTOS/Source/timers.c **** 		#endif /* configASSERT_DEFINED */
 328:Middlewares/Third_Party/FreeRTOS/Source/timers.c **** 
 329:Middlewares/Third_Party/FreeRTOS/Source/timers.c **** 		/* A pointer to a StaticTimer_t structure MUST be provided, use it. */
 330:Middlewares/Third_Party/FreeRTOS/Source/timers.c **** 		configASSERT( pxTimerBuffer );
 331:Middlewares/Third_Party/FreeRTOS/Source/timers.c **** 		pxNewTimer = ( Timer_t * ) pxTimerBuffer; /*lint !e740 !e9087 StaticTimer_t is a pointer to a Tim
 332:Middlewares/Third_Party/FreeRTOS/Source/timers.c **** 
 333:Middlewares/Third_Party/FreeRTOS/Source/timers.c **** 		if( pxNewTimer != NULL )
 334:Middlewares/Third_Party/FreeRTOS/Source/timers.c **** 		{
 335:Middlewares/Third_Party/FreeRTOS/Source/timers.c **** 			/* Timers can be created statically or dynamically so note this
 336:Middlewares/Third_Party/FreeRTOS/Source/timers.c **** 			timer was created statically in case it is later deleted.  The
 337:Middlewares/Third_Party/FreeRTOS/Source/timers.c **** 			auto-reload bit may get set in prvInitialiseNewTimer(). */
 338:Middlewares/Third_Party/FreeRTOS/Source/timers.c **** 			pxNewTimer->ucStatus = tmrSTATUS_IS_STATICALLY_ALLOCATED;
 339:Middlewares/Third_Party/FreeRTOS/Source/timers.c **** 
 340:Middlewares/Third_Party/FreeRTOS/Source/timers.c **** 			prvInitialiseNewTimer( pcTimerName, xTimerPeriodInTicks, uxAutoReload, pvTimerID, pxCallbackFunc
 341:Middlewares/Third_Party/FreeRTOS/Source/timers.c **** 		}
 342:Middlewares/Third_Party/FreeRTOS/Source/timers.c **** 
 343:Middlewares/Third_Party/FreeRTOS/Source/timers.c **** 		return pxNewTimer;
 344:Middlewares/Third_Party/FreeRTOS/Source/timers.c **** 	}
 345:Middlewares/Third_Party/FreeRTOS/Source/timers.c **** 
 346:Middlewares/Third_Party/FreeRTOS/Source/timers.c **** #endif /* configSUPPORT_STATIC_ALLOCATION */
 347:Middlewares/Third_Party/FreeRTOS/Source/timers.c **** /*-----------------------------------------------------------*/
 348:Middlewares/Third_Party/FreeRTOS/Source/timers.c **** 
 349:Middlewares/Third_Party/FreeRTOS/Source/timers.c **** static void prvInitialiseNewTimer(	const char * const pcTimerName,			/*lint !e971 Unqualified char 
 350:Middlewares/Third_Party/FreeRTOS/Source/timers.c **** 									const TickType_t xTimerPeriodInTicks,
 351:Middlewares/Third_Party/FreeRTOS/Source/timers.c **** 									const UBaseType_t uxAutoReload,
 352:Middlewares/Third_Party/FreeRTOS/Source/timers.c **** 									void * const pvTimerID,
 353:Middlewares/Third_Party/FreeRTOS/Source/timers.c **** 									TimerCallbackFunction_t pxCallbackFunction,
 354:Middlewares/Third_Party/FreeRTOS/Source/timers.c **** 									Timer_t *pxNewTimer )
 355:Middlewares/Third_Party/FreeRTOS/Source/timers.c **** {
 356:Middlewares/Third_Party/FreeRTOS/Source/timers.c **** 	/* 0 is not a valid value for xTimerPeriodInTicks. */
 357:Middlewares/Third_Party/FreeRTOS/Source/timers.c **** 	configASSERT( ( xTimerPeriodInTicks > 0 ) );
 358:Middlewares/Third_Party/FreeRTOS/Source/timers.c **** 
 359:Middlewares/Third_Party/FreeRTOS/Source/timers.c **** 	if( pxNewTimer != NULL )
 360:Middlewares/Third_Party/FreeRTOS/Source/timers.c **** 	{
 361:Middlewares/Third_Party/FreeRTOS/Source/timers.c **** 		/* Ensure the infrastructure used by the timer service task has been
 362:Middlewares/Third_Party/FreeRTOS/Source/timers.c **** 		created/initialised. */
 363:Middlewares/Third_Party/FreeRTOS/Source/timers.c **** 		prvCheckForValidListAndQueue();
 364:Middlewares/Third_Party/FreeRTOS/Source/timers.c **** 
 365:Middlewares/Third_Party/FreeRTOS/Source/timers.c **** 		/* Initialise the timer structure members using the function
 366:Middlewares/Third_Party/FreeRTOS/Source/timers.c **** 		parameters. */
 367:Middlewares/Third_Party/FreeRTOS/Source/timers.c **** 		pxNewTimer->pcTimerName = pcTimerName;
 368:Middlewares/Third_Party/FreeRTOS/Source/timers.c **** 		pxNewTimer->xTimerPeriodInTicks = xTimerPeriodInTicks;
 369:Middlewares/Third_Party/FreeRTOS/Source/timers.c **** 		pxNewTimer->pvTimerID = pvTimerID;
 370:Middlewares/Third_Party/FreeRTOS/Source/timers.c **** 		pxNewTimer->pxCallbackFunction = pxCallbackFunction;
 371:Middlewares/Third_Party/FreeRTOS/Source/timers.c **** 		vListInitialiseItem( &( pxNewTimer->xTimerListItem ) );
 372:Middlewares/Third_Party/FreeRTOS/Source/timers.c **** 		if( uxAutoReload != pdFALSE )
ARM GAS  C:\Users\kalpe\AppData\Local\Temp\cciawLrt.s 			page 8


 373:Middlewares/Third_Party/FreeRTOS/Source/timers.c **** 		{
 374:Middlewares/Third_Party/FreeRTOS/Source/timers.c **** 			pxNewTimer->ucStatus |= tmrSTATUS_IS_AUTORELOAD;
 375:Middlewares/Third_Party/FreeRTOS/Source/timers.c **** 		}
 376:Middlewares/Third_Party/FreeRTOS/Source/timers.c **** 		traceTIMER_CREATE( pxNewTimer );
 377:Middlewares/Third_Party/FreeRTOS/Source/timers.c **** 	}
 378:Middlewares/Third_Party/FreeRTOS/Source/timers.c **** }
 379:Middlewares/Third_Party/FreeRTOS/Source/timers.c **** /*-----------------------------------------------------------*/
 380:Middlewares/Third_Party/FreeRTOS/Source/timers.c **** 
 381:Middlewares/Third_Party/FreeRTOS/Source/timers.c **** BaseType_t xTimerGenericCommand( TimerHandle_t xTimer, const BaseType_t xCommandID, const TickType_
 382:Middlewares/Third_Party/FreeRTOS/Source/timers.c **** {
 383:Middlewares/Third_Party/FreeRTOS/Source/timers.c **** BaseType_t xReturn = pdFAIL;
 384:Middlewares/Third_Party/FreeRTOS/Source/timers.c **** DaemonTaskMessage_t xMessage;
 385:Middlewares/Third_Party/FreeRTOS/Source/timers.c **** 
 386:Middlewares/Third_Party/FreeRTOS/Source/timers.c **** 	configASSERT( xTimer );
 387:Middlewares/Third_Party/FreeRTOS/Source/timers.c **** 
 388:Middlewares/Third_Party/FreeRTOS/Source/timers.c **** 	/* Send a message to the timer service task to perform a particular action
 389:Middlewares/Third_Party/FreeRTOS/Source/timers.c **** 	on a particular timer definition. */
 390:Middlewares/Third_Party/FreeRTOS/Source/timers.c **** 	if( xTimerQueue != NULL )
 391:Middlewares/Third_Party/FreeRTOS/Source/timers.c **** 	{
 392:Middlewares/Third_Party/FreeRTOS/Source/timers.c **** 		/* Send a command to the timer service task to start the xTimer timer. */
 393:Middlewares/Third_Party/FreeRTOS/Source/timers.c **** 		xMessage.xMessageID = xCommandID;
 394:Middlewares/Third_Party/FreeRTOS/Source/timers.c **** 		xMessage.u.xTimerParameters.xMessageValue = xOptionalValue;
 395:Middlewares/Third_Party/FreeRTOS/Source/timers.c **** 		xMessage.u.xTimerParameters.pxTimer = xTimer;
 396:Middlewares/Third_Party/FreeRTOS/Source/timers.c **** 
 397:Middlewares/Third_Party/FreeRTOS/Source/timers.c **** 		if( xCommandID < tmrFIRST_FROM_ISR_COMMAND )
 398:Middlewares/Third_Party/FreeRTOS/Source/timers.c **** 		{
 399:Middlewares/Third_Party/FreeRTOS/Source/timers.c **** 			if( xTaskGetSchedulerState() == taskSCHEDULER_RUNNING )
 400:Middlewares/Third_Party/FreeRTOS/Source/timers.c **** 			{
 401:Middlewares/Third_Party/FreeRTOS/Source/timers.c **** 				xReturn = xQueueSendToBack( xTimerQueue, &xMessage, xTicksToWait );
 402:Middlewares/Third_Party/FreeRTOS/Source/timers.c **** 			}
 403:Middlewares/Third_Party/FreeRTOS/Source/timers.c **** 			else
 404:Middlewares/Third_Party/FreeRTOS/Source/timers.c **** 			{
 405:Middlewares/Third_Party/FreeRTOS/Source/timers.c **** 				xReturn = xQueueSendToBack( xTimerQueue, &xMessage, tmrNO_DELAY );
 406:Middlewares/Third_Party/FreeRTOS/Source/timers.c **** 			}
 407:Middlewares/Third_Party/FreeRTOS/Source/timers.c **** 		}
 408:Middlewares/Third_Party/FreeRTOS/Source/timers.c **** 		else
 409:Middlewares/Third_Party/FreeRTOS/Source/timers.c **** 		{
 410:Middlewares/Third_Party/FreeRTOS/Source/timers.c **** 			xReturn = xQueueSendToBackFromISR( xTimerQueue, &xMessage, pxHigherPriorityTaskWoken );
 411:Middlewares/Third_Party/FreeRTOS/Source/timers.c **** 		}
 412:Middlewares/Third_Party/FreeRTOS/Source/timers.c **** 
 413:Middlewares/Third_Party/FreeRTOS/Source/timers.c **** 		traceTIMER_COMMAND_SEND( xTimer, xCommandID, xOptionalValue, xReturn );
 414:Middlewares/Third_Party/FreeRTOS/Source/timers.c **** 	}
 415:Middlewares/Third_Party/FreeRTOS/Source/timers.c **** 	else
 416:Middlewares/Third_Party/FreeRTOS/Source/timers.c **** 	{
 417:Middlewares/Third_Party/FreeRTOS/Source/timers.c **** 		mtCOVERAGE_TEST_MARKER();
 418:Middlewares/Third_Party/FreeRTOS/Source/timers.c **** 	}
 419:Middlewares/Third_Party/FreeRTOS/Source/timers.c **** 
 420:Middlewares/Third_Party/FreeRTOS/Source/timers.c **** 	return xReturn;
 421:Middlewares/Third_Party/FreeRTOS/Source/timers.c **** }
 422:Middlewares/Third_Party/FreeRTOS/Source/timers.c **** /*-----------------------------------------------------------*/
 423:Middlewares/Third_Party/FreeRTOS/Source/timers.c **** 
 424:Middlewares/Third_Party/FreeRTOS/Source/timers.c **** TaskHandle_t xTimerGetTimerDaemonTaskHandle( void )
 425:Middlewares/Third_Party/FreeRTOS/Source/timers.c **** {
 426:Middlewares/Third_Party/FreeRTOS/Source/timers.c **** 	/* If xTimerGetTimerDaemonTaskHandle() is called before the scheduler has been
 427:Middlewares/Third_Party/FreeRTOS/Source/timers.c **** 	started, then xTimerTaskHandle will be NULL. */
 428:Middlewares/Third_Party/FreeRTOS/Source/timers.c **** 	configASSERT( ( xTimerTaskHandle != NULL ) );
 429:Middlewares/Third_Party/FreeRTOS/Source/timers.c **** 	return xTimerTaskHandle;
ARM GAS  C:\Users\kalpe\AppData\Local\Temp\cciawLrt.s 			page 9


 430:Middlewares/Third_Party/FreeRTOS/Source/timers.c **** }
 431:Middlewares/Third_Party/FreeRTOS/Source/timers.c **** /*-----------------------------------------------------------*/
 432:Middlewares/Third_Party/FreeRTOS/Source/timers.c **** 
 433:Middlewares/Third_Party/FreeRTOS/Source/timers.c **** TickType_t xTimerGetPeriod( TimerHandle_t xTimer )
 434:Middlewares/Third_Party/FreeRTOS/Source/timers.c **** {
 435:Middlewares/Third_Party/FreeRTOS/Source/timers.c **** Timer_t *pxTimer = xTimer;
 436:Middlewares/Third_Party/FreeRTOS/Source/timers.c **** 
 437:Middlewares/Third_Party/FreeRTOS/Source/timers.c **** 	configASSERT( xTimer );
 438:Middlewares/Third_Party/FreeRTOS/Source/timers.c **** 	return pxTimer->xTimerPeriodInTicks;
 439:Middlewares/Third_Party/FreeRTOS/Source/timers.c **** }
 440:Middlewares/Third_Party/FreeRTOS/Source/timers.c **** /*-----------------------------------------------------------*/
 441:Middlewares/Third_Party/FreeRTOS/Source/timers.c **** 
 442:Middlewares/Third_Party/FreeRTOS/Source/timers.c **** void vTimerSetReloadMode( TimerHandle_t xTimer, const UBaseType_t uxAutoReload )
 443:Middlewares/Third_Party/FreeRTOS/Source/timers.c **** {
 444:Middlewares/Third_Party/FreeRTOS/Source/timers.c **** Timer_t * pxTimer =  xTimer;
 445:Middlewares/Third_Party/FreeRTOS/Source/timers.c **** 
 446:Middlewares/Third_Party/FreeRTOS/Source/timers.c **** 	configASSERT( xTimer );
 447:Middlewares/Third_Party/FreeRTOS/Source/timers.c **** 	taskENTER_CRITICAL();
 448:Middlewares/Third_Party/FreeRTOS/Source/timers.c **** 	{
 449:Middlewares/Third_Party/FreeRTOS/Source/timers.c **** 		if( uxAutoReload != pdFALSE )
 450:Middlewares/Third_Party/FreeRTOS/Source/timers.c **** 		{
 451:Middlewares/Third_Party/FreeRTOS/Source/timers.c **** 			pxTimer->ucStatus |= tmrSTATUS_IS_AUTORELOAD;
 452:Middlewares/Third_Party/FreeRTOS/Source/timers.c **** 		}
 453:Middlewares/Third_Party/FreeRTOS/Source/timers.c **** 		else
 454:Middlewares/Third_Party/FreeRTOS/Source/timers.c **** 		{
 455:Middlewares/Third_Party/FreeRTOS/Source/timers.c **** 			pxTimer->ucStatus &= ~tmrSTATUS_IS_AUTORELOAD;
 456:Middlewares/Third_Party/FreeRTOS/Source/timers.c **** 		}
 457:Middlewares/Third_Party/FreeRTOS/Source/timers.c **** 	}
 458:Middlewares/Third_Party/FreeRTOS/Source/timers.c **** 	taskEXIT_CRITICAL();
 459:Middlewares/Third_Party/FreeRTOS/Source/timers.c **** }
 460:Middlewares/Third_Party/FreeRTOS/Source/timers.c **** /*-----------------------------------------------------------*/
 461:Middlewares/Third_Party/FreeRTOS/Source/timers.c **** 
 462:Middlewares/Third_Party/FreeRTOS/Source/timers.c **** UBaseType_t uxTimerGetReloadMode( TimerHandle_t xTimer )
 463:Middlewares/Third_Party/FreeRTOS/Source/timers.c **** {
 464:Middlewares/Third_Party/FreeRTOS/Source/timers.c **** Timer_t * pxTimer =  xTimer;
 465:Middlewares/Third_Party/FreeRTOS/Source/timers.c **** UBaseType_t uxReturn;
 466:Middlewares/Third_Party/FreeRTOS/Source/timers.c **** 
 467:Middlewares/Third_Party/FreeRTOS/Source/timers.c **** 	configASSERT( xTimer );
 468:Middlewares/Third_Party/FreeRTOS/Source/timers.c **** 	taskENTER_CRITICAL();
 469:Middlewares/Third_Party/FreeRTOS/Source/timers.c **** 	{
 470:Middlewares/Third_Party/FreeRTOS/Source/timers.c **** 		if( ( pxTimer->ucStatus & tmrSTATUS_IS_AUTORELOAD ) == 0 )
 471:Middlewares/Third_Party/FreeRTOS/Source/timers.c **** 		{
 472:Middlewares/Third_Party/FreeRTOS/Source/timers.c **** 			/* Not an auto-reload timer. */
 473:Middlewares/Third_Party/FreeRTOS/Source/timers.c **** 			uxReturn = ( UBaseType_t ) pdFALSE;
 474:Middlewares/Third_Party/FreeRTOS/Source/timers.c **** 		}
 475:Middlewares/Third_Party/FreeRTOS/Source/timers.c **** 		else
 476:Middlewares/Third_Party/FreeRTOS/Source/timers.c **** 		{
 477:Middlewares/Third_Party/FreeRTOS/Source/timers.c **** 			/* Is an auto-reload timer. */
 478:Middlewares/Third_Party/FreeRTOS/Source/timers.c **** 			uxReturn = ( UBaseType_t ) pdTRUE;
 479:Middlewares/Third_Party/FreeRTOS/Source/timers.c **** 		}
 480:Middlewares/Third_Party/FreeRTOS/Source/timers.c **** 	}
 481:Middlewares/Third_Party/FreeRTOS/Source/timers.c **** 	taskEXIT_CRITICAL();
 482:Middlewares/Third_Party/FreeRTOS/Source/timers.c **** 
 483:Middlewares/Third_Party/FreeRTOS/Source/timers.c **** 	return uxReturn;
 484:Middlewares/Third_Party/FreeRTOS/Source/timers.c **** }
 485:Middlewares/Third_Party/FreeRTOS/Source/timers.c **** /*-----------------------------------------------------------*/
 486:Middlewares/Third_Party/FreeRTOS/Source/timers.c **** 
ARM GAS  C:\Users\kalpe\AppData\Local\Temp\cciawLrt.s 			page 10


 487:Middlewares/Third_Party/FreeRTOS/Source/timers.c **** TickType_t xTimerGetExpiryTime( TimerHandle_t xTimer )
 488:Middlewares/Third_Party/FreeRTOS/Source/timers.c **** {
 489:Middlewares/Third_Party/FreeRTOS/Source/timers.c **** Timer_t * pxTimer =  xTimer;
 490:Middlewares/Third_Party/FreeRTOS/Source/timers.c **** TickType_t xReturn;
 491:Middlewares/Third_Party/FreeRTOS/Source/timers.c **** 
 492:Middlewares/Third_Party/FreeRTOS/Source/timers.c **** 	configASSERT( xTimer );
 493:Middlewares/Third_Party/FreeRTOS/Source/timers.c **** 	xReturn = listGET_LIST_ITEM_VALUE( &( pxTimer->xTimerListItem ) );
 494:Middlewares/Third_Party/FreeRTOS/Source/timers.c **** 	return xReturn;
 495:Middlewares/Third_Party/FreeRTOS/Source/timers.c **** }
 496:Middlewares/Third_Party/FreeRTOS/Source/timers.c **** /*-----------------------------------------------------------*/
 497:Middlewares/Third_Party/FreeRTOS/Source/timers.c **** 
 498:Middlewares/Third_Party/FreeRTOS/Source/timers.c **** const char * pcTimerGetName( TimerHandle_t xTimer ) /*lint !e971 Unqualified char types are allowed
 499:Middlewares/Third_Party/FreeRTOS/Source/timers.c **** {
 500:Middlewares/Third_Party/FreeRTOS/Source/timers.c **** Timer_t *pxTimer = xTimer;
 501:Middlewares/Third_Party/FreeRTOS/Source/timers.c **** 
 502:Middlewares/Third_Party/FreeRTOS/Source/timers.c **** 	configASSERT( xTimer );
 503:Middlewares/Third_Party/FreeRTOS/Source/timers.c **** 	return pxTimer->pcTimerName;
 504:Middlewares/Third_Party/FreeRTOS/Source/timers.c **** }
 505:Middlewares/Third_Party/FreeRTOS/Source/timers.c **** /*-----------------------------------------------------------*/
 506:Middlewares/Third_Party/FreeRTOS/Source/timers.c **** 
 507:Middlewares/Third_Party/FreeRTOS/Source/timers.c **** static void prvProcessExpiredTimer( const TickType_t xNextExpireTime, const TickType_t xTimeNow )
 508:Middlewares/Third_Party/FreeRTOS/Source/timers.c **** {
 509:Middlewares/Third_Party/FreeRTOS/Source/timers.c **** BaseType_t xResult;
 510:Middlewares/Third_Party/FreeRTOS/Source/timers.c **** Timer_t * const pxTimer = ( Timer_t * ) listGET_OWNER_OF_HEAD_ENTRY( pxCurrentTimerList ); /*lint !
 511:Middlewares/Third_Party/FreeRTOS/Source/timers.c **** 
 512:Middlewares/Third_Party/FreeRTOS/Source/timers.c **** 	/* Remove the timer from the list of active timers.  A check has already
 513:Middlewares/Third_Party/FreeRTOS/Source/timers.c **** 	been performed to ensure the list is not empty. */
 514:Middlewares/Third_Party/FreeRTOS/Source/timers.c **** 	( void ) uxListRemove( &( pxTimer->xTimerListItem ) );
 515:Middlewares/Third_Party/FreeRTOS/Source/timers.c **** 	traceTIMER_EXPIRED( pxTimer );
 516:Middlewares/Third_Party/FreeRTOS/Source/timers.c **** 
 517:Middlewares/Third_Party/FreeRTOS/Source/timers.c **** 	/* If the timer is an auto-reload timer then calculate the next
 518:Middlewares/Third_Party/FreeRTOS/Source/timers.c **** 	expiry time and re-insert the timer in the list of active timers. */
 519:Middlewares/Third_Party/FreeRTOS/Source/timers.c **** 	if( ( pxTimer->ucStatus & tmrSTATUS_IS_AUTORELOAD ) != 0 )
 520:Middlewares/Third_Party/FreeRTOS/Source/timers.c **** 	{
 521:Middlewares/Third_Party/FreeRTOS/Source/timers.c **** 		/* The timer is inserted into a list using a time relative to anything
 522:Middlewares/Third_Party/FreeRTOS/Source/timers.c **** 		other than the current time.  It will therefore be inserted into the
 523:Middlewares/Third_Party/FreeRTOS/Source/timers.c **** 		correct list relative to the time this task thinks it is now. */
 524:Middlewares/Third_Party/FreeRTOS/Source/timers.c **** 		if( prvInsertTimerInActiveList( pxTimer, ( xNextExpireTime + pxTimer->xTimerPeriodInTicks ), xTim
 525:Middlewares/Third_Party/FreeRTOS/Source/timers.c **** 		{
 526:Middlewares/Third_Party/FreeRTOS/Source/timers.c **** 			/* The timer expired before it was added to the active timer
 527:Middlewares/Third_Party/FreeRTOS/Source/timers.c **** 			list.  Reload it now.  */
 528:Middlewares/Third_Party/FreeRTOS/Source/timers.c **** 			xResult = xTimerGenericCommand( pxTimer, tmrCOMMAND_START_DONT_TRACE, xNextExpireTime, NULL, tmr
 529:Middlewares/Third_Party/FreeRTOS/Source/timers.c **** 			configASSERT( xResult );
 530:Middlewares/Third_Party/FreeRTOS/Source/timers.c **** 			( void ) xResult;
 531:Middlewares/Third_Party/FreeRTOS/Source/timers.c **** 		}
 532:Middlewares/Third_Party/FreeRTOS/Source/timers.c **** 		else
 533:Middlewares/Third_Party/FreeRTOS/Source/timers.c **** 		{
 534:Middlewares/Third_Party/FreeRTOS/Source/timers.c **** 			mtCOVERAGE_TEST_MARKER();
 535:Middlewares/Third_Party/FreeRTOS/Source/timers.c **** 		}
 536:Middlewares/Third_Party/FreeRTOS/Source/timers.c **** 	}
 537:Middlewares/Third_Party/FreeRTOS/Source/timers.c **** 	else
 538:Middlewares/Third_Party/FreeRTOS/Source/timers.c **** 	{
 539:Middlewares/Third_Party/FreeRTOS/Source/timers.c **** 		pxTimer->ucStatus &= ~tmrSTATUS_IS_ACTIVE;
 540:Middlewares/Third_Party/FreeRTOS/Source/timers.c **** 		mtCOVERAGE_TEST_MARKER();
 541:Middlewares/Third_Party/FreeRTOS/Source/timers.c **** 	}
 542:Middlewares/Third_Party/FreeRTOS/Source/timers.c **** 
 543:Middlewares/Third_Party/FreeRTOS/Source/timers.c **** 	/* Call the timer callback. */
ARM GAS  C:\Users\kalpe\AppData\Local\Temp\cciawLrt.s 			page 11


 544:Middlewares/Third_Party/FreeRTOS/Source/timers.c **** 	pxTimer->pxCallbackFunction( ( TimerHandle_t ) pxTimer );
 545:Middlewares/Third_Party/FreeRTOS/Source/timers.c **** }
 546:Middlewares/Third_Party/FreeRTOS/Source/timers.c **** /*-----------------------------------------------------------*/
 547:Middlewares/Third_Party/FreeRTOS/Source/timers.c **** 
 548:Middlewares/Third_Party/FreeRTOS/Source/timers.c **** static portTASK_FUNCTION( prvTimerTask, pvParameters )
 549:Middlewares/Third_Party/FreeRTOS/Source/timers.c **** {
 550:Middlewares/Third_Party/FreeRTOS/Source/timers.c **** TickType_t xNextExpireTime;
 551:Middlewares/Third_Party/FreeRTOS/Source/timers.c **** BaseType_t xListWasEmpty;
 552:Middlewares/Third_Party/FreeRTOS/Source/timers.c **** 
 553:Middlewares/Third_Party/FreeRTOS/Source/timers.c **** 	/* Just to avoid compiler warnings. */
 554:Middlewares/Third_Party/FreeRTOS/Source/timers.c **** 	( void ) pvParameters;
 555:Middlewares/Third_Party/FreeRTOS/Source/timers.c **** 
 556:Middlewares/Third_Party/FreeRTOS/Source/timers.c **** 	#if( configUSE_DAEMON_TASK_STARTUP_HOOK == 1 )
 557:Middlewares/Third_Party/FreeRTOS/Source/timers.c **** 	{
 558:Middlewares/Third_Party/FreeRTOS/Source/timers.c **** 		extern void vApplicationDaemonTaskStartupHook( void );
 559:Middlewares/Third_Party/FreeRTOS/Source/timers.c **** 
 560:Middlewares/Third_Party/FreeRTOS/Source/timers.c **** 		/* Allow the application writer to execute some code in the context of
 561:Middlewares/Third_Party/FreeRTOS/Source/timers.c **** 		this task at the point the task starts executing.  This is useful if the
 562:Middlewares/Third_Party/FreeRTOS/Source/timers.c **** 		application includes initialisation code that would benefit from
 563:Middlewares/Third_Party/FreeRTOS/Source/timers.c **** 		executing after the scheduler has been started. */
 564:Middlewares/Third_Party/FreeRTOS/Source/timers.c **** 		vApplicationDaemonTaskStartupHook();
 565:Middlewares/Third_Party/FreeRTOS/Source/timers.c **** 	}
 566:Middlewares/Third_Party/FreeRTOS/Source/timers.c **** 	#endif /* configUSE_DAEMON_TASK_STARTUP_HOOK */
 567:Middlewares/Third_Party/FreeRTOS/Source/timers.c **** 
 568:Middlewares/Third_Party/FreeRTOS/Source/timers.c **** 	for( ;; )
 569:Middlewares/Third_Party/FreeRTOS/Source/timers.c **** 	{
 570:Middlewares/Third_Party/FreeRTOS/Source/timers.c **** 		/* Query the timers list to see if it contains any timers, and if so,
 571:Middlewares/Third_Party/FreeRTOS/Source/timers.c **** 		obtain the time at which the next timer will expire. */
 572:Middlewares/Third_Party/FreeRTOS/Source/timers.c **** 		xNextExpireTime = prvGetNextExpireTime( &xListWasEmpty );
 573:Middlewares/Third_Party/FreeRTOS/Source/timers.c **** 
 574:Middlewares/Third_Party/FreeRTOS/Source/timers.c **** 		/* If a timer has expired, process it.  Otherwise, block this task
 575:Middlewares/Third_Party/FreeRTOS/Source/timers.c **** 		until either a timer does expire, or a command is received. */
 576:Middlewares/Third_Party/FreeRTOS/Source/timers.c **** 		prvProcessTimerOrBlockTask( xNextExpireTime, xListWasEmpty );
 577:Middlewares/Third_Party/FreeRTOS/Source/timers.c **** 
 578:Middlewares/Third_Party/FreeRTOS/Source/timers.c **** 		/* Empty the command queue. */
 579:Middlewares/Third_Party/FreeRTOS/Source/timers.c **** 		prvProcessReceivedCommands();
 580:Middlewares/Third_Party/FreeRTOS/Source/timers.c **** 	}
 581:Middlewares/Third_Party/FreeRTOS/Source/timers.c **** }
 582:Middlewares/Third_Party/FreeRTOS/Source/timers.c **** /*-----------------------------------------------------------*/
 583:Middlewares/Third_Party/FreeRTOS/Source/timers.c **** 
 584:Middlewares/Third_Party/FreeRTOS/Source/timers.c **** static void prvProcessTimerOrBlockTask( const TickType_t xNextExpireTime, BaseType_t xListWasEmpty 
 585:Middlewares/Third_Party/FreeRTOS/Source/timers.c **** {
 586:Middlewares/Third_Party/FreeRTOS/Source/timers.c **** TickType_t xTimeNow;
 587:Middlewares/Third_Party/FreeRTOS/Source/timers.c **** BaseType_t xTimerListsWereSwitched;
 588:Middlewares/Third_Party/FreeRTOS/Source/timers.c **** 
 589:Middlewares/Third_Party/FreeRTOS/Source/timers.c **** 	vTaskSuspendAll();
 590:Middlewares/Third_Party/FreeRTOS/Source/timers.c **** 	{
 591:Middlewares/Third_Party/FreeRTOS/Source/timers.c **** 		/* Obtain the time now to make an assessment as to whether the timer
 592:Middlewares/Third_Party/FreeRTOS/Source/timers.c **** 		has expired or not.  If obtaining the time causes the lists to switch
 593:Middlewares/Third_Party/FreeRTOS/Source/timers.c **** 		then don't process this timer as any timers that remained in the list
 594:Middlewares/Third_Party/FreeRTOS/Source/timers.c **** 		when the lists were switched will have been processed within the
 595:Middlewares/Third_Party/FreeRTOS/Source/timers.c **** 		prvSampleTimeNow() function. */
 596:Middlewares/Third_Party/FreeRTOS/Source/timers.c **** 		xTimeNow = prvSampleTimeNow( &xTimerListsWereSwitched );
 597:Middlewares/Third_Party/FreeRTOS/Source/timers.c **** 		if( xTimerListsWereSwitched == pdFALSE )
 598:Middlewares/Third_Party/FreeRTOS/Source/timers.c **** 		{
 599:Middlewares/Third_Party/FreeRTOS/Source/timers.c **** 			/* The tick count has not overflowed, has the timer expired? */
 600:Middlewares/Third_Party/FreeRTOS/Source/timers.c **** 			if( ( xListWasEmpty == pdFALSE ) && ( xNextExpireTime <= xTimeNow ) )
ARM GAS  C:\Users\kalpe\AppData\Local\Temp\cciawLrt.s 			page 12


 601:Middlewares/Third_Party/FreeRTOS/Source/timers.c **** 			{
 602:Middlewares/Third_Party/FreeRTOS/Source/timers.c **** 				( void ) xTaskResumeAll();
 603:Middlewares/Third_Party/FreeRTOS/Source/timers.c **** 				prvProcessExpiredTimer( xNextExpireTime, xTimeNow );
 604:Middlewares/Third_Party/FreeRTOS/Source/timers.c **** 			}
 605:Middlewares/Third_Party/FreeRTOS/Source/timers.c **** 			else
 606:Middlewares/Third_Party/FreeRTOS/Source/timers.c **** 			{
 607:Middlewares/Third_Party/FreeRTOS/Source/timers.c **** 				/* The tick count has not overflowed, and the next expire
 608:Middlewares/Third_Party/FreeRTOS/Source/timers.c **** 				time has not been reached yet.  This task should therefore
 609:Middlewares/Third_Party/FreeRTOS/Source/timers.c **** 				block to wait for the next expire time or a command to be
 610:Middlewares/Third_Party/FreeRTOS/Source/timers.c **** 				received - whichever comes first.  The following line cannot
 611:Middlewares/Third_Party/FreeRTOS/Source/timers.c **** 				be reached unless xNextExpireTime > xTimeNow, except in the
 612:Middlewares/Third_Party/FreeRTOS/Source/timers.c **** 				case when the current timer list is empty. */
 613:Middlewares/Third_Party/FreeRTOS/Source/timers.c **** 				if( xListWasEmpty != pdFALSE )
 614:Middlewares/Third_Party/FreeRTOS/Source/timers.c **** 				{
 615:Middlewares/Third_Party/FreeRTOS/Source/timers.c **** 					/* The current timer list is empty - is the overflow list
 616:Middlewares/Third_Party/FreeRTOS/Source/timers.c **** 					also empty? */
 617:Middlewares/Third_Party/FreeRTOS/Source/timers.c **** 					xListWasEmpty = listLIST_IS_EMPTY( pxOverflowTimerList );
 618:Middlewares/Third_Party/FreeRTOS/Source/timers.c **** 				}
 619:Middlewares/Third_Party/FreeRTOS/Source/timers.c **** 
 620:Middlewares/Third_Party/FreeRTOS/Source/timers.c **** 				vQueueWaitForMessageRestricted( xTimerQueue, ( xNextExpireTime - xTimeNow ), xListWasEmpty );
 621:Middlewares/Third_Party/FreeRTOS/Source/timers.c **** 
 622:Middlewares/Third_Party/FreeRTOS/Source/timers.c **** 				if( xTaskResumeAll() == pdFALSE )
 623:Middlewares/Third_Party/FreeRTOS/Source/timers.c **** 				{
 624:Middlewares/Third_Party/FreeRTOS/Source/timers.c **** 					/* Yield to wait for either a command to arrive, or the
 625:Middlewares/Third_Party/FreeRTOS/Source/timers.c **** 					block time to expire.  If a command arrived between the
 626:Middlewares/Third_Party/FreeRTOS/Source/timers.c **** 					critical section being exited and this yield then the yield
 627:Middlewares/Third_Party/FreeRTOS/Source/timers.c **** 					will not cause the task to block. */
 628:Middlewares/Third_Party/FreeRTOS/Source/timers.c **** 					portYIELD_WITHIN_API();
 629:Middlewares/Third_Party/FreeRTOS/Source/timers.c **** 				}
 630:Middlewares/Third_Party/FreeRTOS/Source/timers.c **** 				else
 631:Middlewares/Third_Party/FreeRTOS/Source/timers.c **** 				{
 632:Middlewares/Third_Party/FreeRTOS/Source/timers.c **** 					mtCOVERAGE_TEST_MARKER();
 633:Middlewares/Third_Party/FreeRTOS/Source/timers.c **** 				}
 634:Middlewares/Third_Party/FreeRTOS/Source/timers.c **** 			}
 635:Middlewares/Third_Party/FreeRTOS/Source/timers.c **** 		}
 636:Middlewares/Third_Party/FreeRTOS/Source/timers.c **** 		else
 637:Middlewares/Third_Party/FreeRTOS/Source/timers.c **** 		{
 638:Middlewares/Third_Party/FreeRTOS/Source/timers.c **** 			( void ) xTaskResumeAll();
 639:Middlewares/Third_Party/FreeRTOS/Source/timers.c **** 		}
 640:Middlewares/Third_Party/FreeRTOS/Source/timers.c **** 	}
 641:Middlewares/Third_Party/FreeRTOS/Source/timers.c **** }
 642:Middlewares/Third_Party/FreeRTOS/Source/timers.c **** /*-----------------------------------------------------------*/
 643:Middlewares/Third_Party/FreeRTOS/Source/timers.c **** 
 644:Middlewares/Third_Party/FreeRTOS/Source/timers.c **** static TickType_t prvGetNextExpireTime( BaseType_t * const pxListWasEmpty )
 645:Middlewares/Third_Party/FreeRTOS/Source/timers.c **** {
  29              		.loc 1 645 1 view -0
  30              		.cfi_startproc
  31              		@ args = 0, pretend = 0, frame = 0
  32              		@ frame_needed = 0, uses_anonymous_args = 0
  33              		@ link register save eliminated.
 646:Middlewares/Third_Party/FreeRTOS/Source/timers.c **** TickType_t xNextExpireTime;
  34              		.loc 1 646 1 view .LVU1
 647:Middlewares/Third_Party/FreeRTOS/Source/timers.c **** 
 648:Middlewares/Third_Party/FreeRTOS/Source/timers.c **** 	/* Timers are listed in expiry time order, with the head of the list
 649:Middlewares/Third_Party/FreeRTOS/Source/timers.c **** 	referencing the task that will expire first.  Obtain the time at which
 650:Middlewares/Third_Party/FreeRTOS/Source/timers.c **** 	the timer with the nearest expiry time will expire.  If there are no
 651:Middlewares/Third_Party/FreeRTOS/Source/timers.c **** 	active timers then just set the next expire time to 0.  That will cause
ARM GAS  C:\Users\kalpe\AppData\Local\Temp\cciawLrt.s 			page 13


 652:Middlewares/Third_Party/FreeRTOS/Source/timers.c **** 	this task to unblock when the tick count overflows, at which point the
 653:Middlewares/Third_Party/FreeRTOS/Source/timers.c **** 	timer lists will be switched and the next expiry time can be
 654:Middlewares/Third_Party/FreeRTOS/Source/timers.c **** 	re-assessed.  */
 655:Middlewares/Third_Party/FreeRTOS/Source/timers.c **** 	*pxListWasEmpty = listLIST_IS_EMPTY( pxCurrentTimerList );
  35              		.loc 1 655 2 view .LVU2
  36              		.loc 1 655 20 is_stmt 0 view .LVU3
  37 0000 064B     		ldr	r3, .L6
  38 0002 1A68     		ldr	r2, [r3]
  39 0004 1368     		ldr	r3, [r2]
  40 0006 2BB9     		cbnz	r3, .L4
  41              		.loc 1 655 20 discriminator 1 view .LVU4
  42 0008 0123     		movs	r3, #1
  43              	.L2:
  44              		.loc 1 655 18 discriminator 4 view .LVU5
  45 000a 0360     		str	r3, [r0]
 656:Middlewares/Third_Party/FreeRTOS/Source/timers.c **** 	if( *pxListWasEmpty == pdFALSE )
  46              		.loc 1 656 2 is_stmt 1 view .LVU6
  47              		.loc 1 656 4 is_stmt 0 view .LVU7
  48 000c 23B9     		cbnz	r3, .L5
 657:Middlewares/Third_Party/FreeRTOS/Source/timers.c **** 	{
 658:Middlewares/Third_Party/FreeRTOS/Source/timers.c **** 		xNextExpireTime = listGET_ITEM_VALUE_OF_HEAD_ENTRY( pxCurrentTimerList );
  49              		.loc 1 658 3 is_stmt 1 view .LVU8
  50              		.loc 1 658 21 is_stmt 0 view .LVU9
  51 000e D368     		ldr	r3, [r2, #12]
  52              		.loc 1 658 19 view .LVU10
  53 0010 1868     		ldr	r0, [r3]
  54              	.LVL1:
  55              		.loc 1 658 19 view .LVU11
  56 0012 7047     		bx	lr
  57              	.LVL2:
  58              	.L4:
 655:Middlewares/Third_Party/FreeRTOS/Source/timers.c **** 	if( *pxListWasEmpty == pdFALSE )
  59              		.loc 1 655 20 discriminator 2 view .LVU12
  60 0014 0023     		movs	r3, #0
  61 0016 F8E7     		b	.L2
  62              	.L5:
 659:Middlewares/Third_Party/FreeRTOS/Source/timers.c **** 	}
 660:Middlewares/Third_Party/FreeRTOS/Source/timers.c **** 	else
 661:Middlewares/Third_Party/FreeRTOS/Source/timers.c **** 	{
 662:Middlewares/Third_Party/FreeRTOS/Source/timers.c **** 		/* Ensure the task unblocks when the tick count rolls over. */
 663:Middlewares/Third_Party/FreeRTOS/Source/timers.c **** 		xNextExpireTime = ( TickType_t ) 0U;
  63              		.loc 1 663 19 view .LVU13
  64 0018 0020     		movs	r0, #0
  65              	.LVL3:
 664:Middlewares/Third_Party/FreeRTOS/Source/timers.c **** 	}
 665:Middlewares/Third_Party/FreeRTOS/Source/timers.c **** 
 666:Middlewares/Third_Party/FreeRTOS/Source/timers.c **** 	return xNextExpireTime;
  66              		.loc 1 666 2 is_stmt 1 view .LVU14
 667:Middlewares/Third_Party/FreeRTOS/Source/timers.c **** }
  67              		.loc 1 667 1 is_stmt 0 view .LVU15
  68 001a 7047     		bx	lr
  69              	.L7:
  70              		.align	2
  71              	.L6:
  72 001c 00000000 		.word	pxCurrentTimerList
  73              		.cfi_endproc
  74              	.LFE18:
ARM GAS  C:\Users\kalpe\AppData\Local\Temp\cciawLrt.s 			page 14


  76              		.section	.text.prvInsertTimerInActiveList,"ax",%progbits
  77              		.align	1
  78              		.syntax unified
  79              		.thumb
  80              		.thumb_func
  82              	prvInsertTimerInActiveList:
  83              	.LVL4:
  84              	.LFB20:
 668:Middlewares/Third_Party/FreeRTOS/Source/timers.c **** /*-----------------------------------------------------------*/
 669:Middlewares/Third_Party/FreeRTOS/Source/timers.c **** 
 670:Middlewares/Third_Party/FreeRTOS/Source/timers.c **** static TickType_t prvSampleTimeNow( BaseType_t * const pxTimerListsWereSwitched )
 671:Middlewares/Third_Party/FreeRTOS/Source/timers.c **** {
 672:Middlewares/Third_Party/FreeRTOS/Source/timers.c **** TickType_t xTimeNow;
 673:Middlewares/Third_Party/FreeRTOS/Source/timers.c **** PRIVILEGED_DATA static TickType_t xLastTime = ( TickType_t ) 0U; /*lint !e956 Variable is only acce
 674:Middlewares/Third_Party/FreeRTOS/Source/timers.c **** 
 675:Middlewares/Third_Party/FreeRTOS/Source/timers.c **** 	xTimeNow = xTaskGetTickCount();
 676:Middlewares/Third_Party/FreeRTOS/Source/timers.c **** 
 677:Middlewares/Third_Party/FreeRTOS/Source/timers.c **** 	if( xTimeNow < xLastTime )
 678:Middlewares/Third_Party/FreeRTOS/Source/timers.c **** 	{
 679:Middlewares/Third_Party/FreeRTOS/Source/timers.c **** 		prvSwitchTimerLists();
 680:Middlewares/Third_Party/FreeRTOS/Source/timers.c **** 		*pxTimerListsWereSwitched = pdTRUE;
 681:Middlewares/Third_Party/FreeRTOS/Source/timers.c **** 	}
 682:Middlewares/Third_Party/FreeRTOS/Source/timers.c **** 	else
 683:Middlewares/Third_Party/FreeRTOS/Source/timers.c **** 	{
 684:Middlewares/Third_Party/FreeRTOS/Source/timers.c **** 		*pxTimerListsWereSwitched = pdFALSE;
 685:Middlewares/Third_Party/FreeRTOS/Source/timers.c **** 	}
 686:Middlewares/Third_Party/FreeRTOS/Source/timers.c **** 
 687:Middlewares/Third_Party/FreeRTOS/Source/timers.c **** 	xLastTime = xTimeNow;
 688:Middlewares/Third_Party/FreeRTOS/Source/timers.c **** 
 689:Middlewares/Third_Party/FreeRTOS/Source/timers.c **** 	return xTimeNow;
 690:Middlewares/Third_Party/FreeRTOS/Source/timers.c **** }
 691:Middlewares/Third_Party/FreeRTOS/Source/timers.c **** /*-----------------------------------------------------------*/
 692:Middlewares/Third_Party/FreeRTOS/Source/timers.c **** 
 693:Middlewares/Third_Party/FreeRTOS/Source/timers.c **** static BaseType_t prvInsertTimerInActiveList( Timer_t * const pxTimer, const TickType_t xNextExpiry
 694:Middlewares/Third_Party/FreeRTOS/Source/timers.c **** {
  85              		.loc 1 694 1 is_stmt 1 view -0
  86              		.cfi_startproc
  87              		@ args = 0, pretend = 0, frame = 0
  88              		@ frame_needed = 0, uses_anonymous_args = 0
  89              		.loc 1 694 1 is_stmt 0 view .LVU17
  90 0000 08B5     		push	{r3, lr}
  91              	.LCFI0:
  92              		.cfi_def_cfa_offset 8
  93              		.cfi_offset 3, -8
  94              		.cfi_offset 14, -4
 695:Middlewares/Third_Party/FreeRTOS/Source/timers.c **** BaseType_t xProcessTimerNow = pdFALSE;
  95              		.loc 1 695 1 is_stmt 1 view .LVU18
  96              	.LVL5:
 696:Middlewares/Third_Party/FreeRTOS/Source/timers.c **** 
 697:Middlewares/Third_Party/FreeRTOS/Source/timers.c **** 	listSET_LIST_ITEM_VALUE( &( pxTimer->xTimerListItem ), xNextExpiryTime );
  97              		.loc 1 697 2 view .LVU19
  98 0002 4160     		str	r1, [r0, #4]
 698:Middlewares/Third_Party/FreeRTOS/Source/timers.c **** 	listSET_LIST_ITEM_OWNER( &( pxTimer->xTimerListItem ), pxTimer );
  99              		.loc 1 698 2 view .LVU20
 100 0004 0061     		str	r0, [r0, #16]
 699:Middlewares/Third_Party/FreeRTOS/Source/timers.c **** 
 700:Middlewares/Third_Party/FreeRTOS/Source/timers.c **** 	if( xNextExpiryTime <= xTimeNow )
ARM GAS  C:\Users\kalpe\AppData\Local\Temp\cciawLrt.s 			page 15


 101              		.loc 1 700 2 view .LVU21
 102              		.loc 1 700 4 is_stmt 0 view .LVU22
 103 0006 9142     		cmp	r1, r2
 104 0008 0CD8     		bhi	.L9
 701:Middlewares/Third_Party/FreeRTOS/Source/timers.c **** 	{
 702:Middlewares/Third_Party/FreeRTOS/Source/timers.c **** 		/* Has the expiry time elapsed between the command to start/reset a
 703:Middlewares/Third_Party/FreeRTOS/Source/timers.c **** 		timer was issued, and the time the command was processed? */
 704:Middlewares/Third_Party/FreeRTOS/Source/timers.c **** 		if( ( ( TickType_t ) ( xTimeNow - xCommandTime ) ) >= pxTimer->xTimerPeriodInTicks ) /*lint !e961
 105              		.loc 1 704 3 is_stmt 1 view .LVU23
 106              		.loc 1 704 35 is_stmt 0 view .LVU24
 107 000a D21A     		subs	r2, r2, r3
 108              	.LVL6:
 109              		.loc 1 704 64 view .LVU25
 110 000c 8369     		ldr	r3, [r0, #24]
 111              	.LVL7:
 112              		.loc 1 704 5 view .LVU26
 113 000e 9A42     		cmp	r2, r3
 114 0010 01D3     		bcc	.L15
 705:Middlewares/Third_Party/FreeRTOS/Source/timers.c **** 		{
 706:Middlewares/Third_Party/FreeRTOS/Source/timers.c **** 			/* The time between a command being issued and the command being
 707:Middlewares/Third_Party/FreeRTOS/Source/timers.c **** 			processed actually exceeds the timers period.  */
 708:Middlewares/Third_Party/FreeRTOS/Source/timers.c **** 			xProcessTimerNow = pdTRUE;
 115              		.loc 1 708 21 view .LVU27
 116 0012 0120     		movs	r0, #1
 117              	.LVL8:
 118              	.L8:
 709:Middlewares/Third_Party/FreeRTOS/Source/timers.c **** 		}
 710:Middlewares/Third_Party/FreeRTOS/Source/timers.c **** 		else
 711:Middlewares/Third_Party/FreeRTOS/Source/timers.c **** 		{
 712:Middlewares/Third_Party/FreeRTOS/Source/timers.c **** 			vListInsert( pxOverflowTimerList, &( pxTimer->xTimerListItem ) );
 713:Middlewares/Third_Party/FreeRTOS/Source/timers.c **** 		}
 714:Middlewares/Third_Party/FreeRTOS/Source/timers.c **** 	}
 715:Middlewares/Third_Party/FreeRTOS/Source/timers.c **** 	else
 716:Middlewares/Third_Party/FreeRTOS/Source/timers.c **** 	{
 717:Middlewares/Third_Party/FreeRTOS/Source/timers.c **** 		if( ( xTimeNow < xCommandTime ) && ( xNextExpiryTime >= xCommandTime ) )
 718:Middlewares/Third_Party/FreeRTOS/Source/timers.c **** 		{
 719:Middlewares/Third_Party/FreeRTOS/Source/timers.c **** 			/* If, since the command was issued, the tick count has overflowed
 720:Middlewares/Third_Party/FreeRTOS/Source/timers.c **** 			but the expiry time has not, then the timer must have already passed
 721:Middlewares/Third_Party/FreeRTOS/Source/timers.c **** 			its expiry time and should be processed immediately. */
 722:Middlewares/Third_Party/FreeRTOS/Source/timers.c **** 			xProcessTimerNow = pdTRUE;
 723:Middlewares/Third_Party/FreeRTOS/Source/timers.c **** 		}
 724:Middlewares/Third_Party/FreeRTOS/Source/timers.c **** 		else
 725:Middlewares/Third_Party/FreeRTOS/Source/timers.c **** 		{
 726:Middlewares/Third_Party/FreeRTOS/Source/timers.c **** 			vListInsert( pxCurrentTimerList, &( pxTimer->xTimerListItem ) );
 727:Middlewares/Third_Party/FreeRTOS/Source/timers.c **** 		}
 728:Middlewares/Third_Party/FreeRTOS/Source/timers.c **** 	}
 729:Middlewares/Third_Party/FreeRTOS/Source/timers.c **** 
 730:Middlewares/Third_Party/FreeRTOS/Source/timers.c **** 	return xProcessTimerNow;
 731:Middlewares/Third_Party/FreeRTOS/Source/timers.c **** }
 119              		.loc 1 731 1 view .LVU28
 120 0014 08BD     		pop	{r3, pc}
 121              	.LVL9:
 122              	.L15:
 712:Middlewares/Third_Party/FreeRTOS/Source/timers.c **** 		}
 123              		.loc 1 712 4 is_stmt 1 view .LVU29
 124 0016 011D     		adds	r1, r0, #4
 125              	.LVL10:
ARM GAS  C:\Users\kalpe\AppData\Local\Temp\cciawLrt.s 			page 16


 712:Middlewares/Third_Party/FreeRTOS/Source/timers.c **** 		}
 126              		.loc 1 712 4 is_stmt 0 view .LVU30
 127 0018 094B     		ldr	r3, .L16
 128 001a 1868     		ldr	r0, [r3]
 129              	.LVL11:
 712:Middlewares/Third_Party/FreeRTOS/Source/timers.c **** 		}
 130              		.loc 1 712 4 view .LVU31
 131 001c FFF7FEFF 		bl	vListInsert
 132              	.LVL12:
 695:Middlewares/Third_Party/FreeRTOS/Source/timers.c **** 
 133              		.loc 1 695 12 view .LVU32
 134 0020 0020     		movs	r0, #0
 135 0022 F7E7     		b	.L8
 136              	.LVL13:
 137              	.L9:
 717:Middlewares/Third_Party/FreeRTOS/Source/timers.c **** 		{
 138              		.loc 1 717 3 is_stmt 1 view .LVU33
 717:Middlewares/Third_Party/FreeRTOS/Source/timers.c **** 		{
 139              		.loc 1 717 5 is_stmt 0 view .LVU34
 140 0024 9A42     		cmp	r2, r3
 141 0026 01D2     		bcs	.L11
 717:Middlewares/Third_Party/FreeRTOS/Source/timers.c **** 		{
 142              		.loc 1 717 35 discriminator 1 view .LVU35
 143 0028 9942     		cmp	r1, r3
 144 002a 06D2     		bcs	.L13
 145              	.L11:
 726:Middlewares/Third_Party/FreeRTOS/Source/timers.c **** 		}
 146              		.loc 1 726 4 is_stmt 1 view .LVU36
 147 002c 011D     		adds	r1, r0, #4
 148              	.LVL14:
 726:Middlewares/Third_Party/FreeRTOS/Source/timers.c **** 		}
 149              		.loc 1 726 4 is_stmt 0 view .LVU37
 150 002e 054B     		ldr	r3, .L16+4
 151              	.LVL15:
 726:Middlewares/Third_Party/FreeRTOS/Source/timers.c **** 		}
 152              		.loc 1 726 4 view .LVU38
 153 0030 1868     		ldr	r0, [r3]
 154              	.LVL16:
 726:Middlewares/Third_Party/FreeRTOS/Source/timers.c **** 		}
 155              		.loc 1 726 4 view .LVU39
 156 0032 FFF7FEFF 		bl	vListInsert
 157              	.LVL17:
 695:Middlewares/Third_Party/FreeRTOS/Source/timers.c **** 
 158              		.loc 1 695 12 view .LVU40
 159 0036 0020     		movs	r0, #0
 160 0038 ECE7     		b	.L8
 161              	.LVL18:
 162              	.L13:
 722:Middlewares/Third_Party/FreeRTOS/Source/timers.c **** 		}
 163              		.loc 1 722 21 view .LVU41
 164 003a 0120     		movs	r0, #1
 165              	.LVL19:
 730:Middlewares/Third_Party/FreeRTOS/Source/timers.c **** }
 166              		.loc 1 730 2 is_stmt 1 view .LVU42
 730:Middlewares/Third_Party/FreeRTOS/Source/timers.c **** }
 167              		.loc 1 730 9 is_stmt 0 view .LVU43
 168 003c EAE7     		b	.L8
ARM GAS  C:\Users\kalpe\AppData\Local\Temp\cciawLrt.s 			page 17


 169              	.L17:
 170 003e 00BF     		.align	2
 171              	.L16:
 172 0040 00000000 		.word	pxOverflowTimerList
 173 0044 00000000 		.word	pxCurrentTimerList
 174              		.cfi_endproc
 175              	.LFE20:
 177              		.section	.rodata.prvCheckForValidListAndQueue.str1.4,"aMS",%progbits,1
 178              		.align	2
 179              	.LC0:
 180 0000 546D7251 		.ascii	"TmrQ\000"
 180      00
 181              		.section	.text.prvCheckForValidListAndQueue,"ax",%progbits
 182              		.align	1
 183              		.syntax unified
 184              		.thumb
 185              		.thumb_func
 187              	prvCheckForValidListAndQueue:
 188              	.LFB23:
 732:Middlewares/Third_Party/FreeRTOS/Source/timers.c **** /*-----------------------------------------------------------*/
 733:Middlewares/Third_Party/FreeRTOS/Source/timers.c **** 
 734:Middlewares/Third_Party/FreeRTOS/Source/timers.c **** static void	prvProcessReceivedCommands( void )
 735:Middlewares/Third_Party/FreeRTOS/Source/timers.c **** {
 736:Middlewares/Third_Party/FreeRTOS/Source/timers.c **** DaemonTaskMessage_t xMessage;
 737:Middlewares/Third_Party/FreeRTOS/Source/timers.c **** Timer_t *pxTimer;
 738:Middlewares/Third_Party/FreeRTOS/Source/timers.c **** BaseType_t xTimerListsWereSwitched, xResult;
 739:Middlewares/Third_Party/FreeRTOS/Source/timers.c **** TickType_t xTimeNow;
 740:Middlewares/Third_Party/FreeRTOS/Source/timers.c **** 
 741:Middlewares/Third_Party/FreeRTOS/Source/timers.c **** 	while( xQueueReceive( xTimerQueue, &xMessage, tmrNO_DELAY ) != pdFAIL ) /*lint !e603 xMessage does
 742:Middlewares/Third_Party/FreeRTOS/Source/timers.c **** 	{
 743:Middlewares/Third_Party/FreeRTOS/Source/timers.c **** 		#if ( INCLUDE_xTimerPendFunctionCall == 1 )
 744:Middlewares/Third_Party/FreeRTOS/Source/timers.c **** 		{
 745:Middlewares/Third_Party/FreeRTOS/Source/timers.c **** 			/* Negative commands are pended function calls rather than timer
 746:Middlewares/Third_Party/FreeRTOS/Source/timers.c **** 			commands. */
 747:Middlewares/Third_Party/FreeRTOS/Source/timers.c **** 			if( xMessage.xMessageID < ( BaseType_t ) 0 )
 748:Middlewares/Third_Party/FreeRTOS/Source/timers.c **** 			{
 749:Middlewares/Third_Party/FreeRTOS/Source/timers.c **** 				const CallbackParameters_t * const pxCallback = &( xMessage.u.xCallbackParameters );
 750:Middlewares/Third_Party/FreeRTOS/Source/timers.c **** 
 751:Middlewares/Third_Party/FreeRTOS/Source/timers.c **** 				/* The timer uses the xCallbackParameters member to request a
 752:Middlewares/Third_Party/FreeRTOS/Source/timers.c **** 				callback be executed.  Check the callback is not NULL. */
 753:Middlewares/Third_Party/FreeRTOS/Source/timers.c **** 				configASSERT( pxCallback );
 754:Middlewares/Third_Party/FreeRTOS/Source/timers.c **** 
 755:Middlewares/Third_Party/FreeRTOS/Source/timers.c **** 				/* Call the function. */
 756:Middlewares/Third_Party/FreeRTOS/Source/timers.c **** 				pxCallback->pxCallbackFunction( pxCallback->pvParameter1, pxCallback->ulParameter2 );
 757:Middlewares/Third_Party/FreeRTOS/Source/timers.c **** 			}
 758:Middlewares/Third_Party/FreeRTOS/Source/timers.c **** 			else
 759:Middlewares/Third_Party/FreeRTOS/Source/timers.c **** 			{
 760:Middlewares/Third_Party/FreeRTOS/Source/timers.c **** 				mtCOVERAGE_TEST_MARKER();
 761:Middlewares/Third_Party/FreeRTOS/Source/timers.c **** 			}
 762:Middlewares/Third_Party/FreeRTOS/Source/timers.c **** 		}
 763:Middlewares/Third_Party/FreeRTOS/Source/timers.c **** 		#endif /* INCLUDE_xTimerPendFunctionCall */
 764:Middlewares/Third_Party/FreeRTOS/Source/timers.c **** 
 765:Middlewares/Third_Party/FreeRTOS/Source/timers.c **** 		/* Commands that are positive are timer commands rather than pended
 766:Middlewares/Third_Party/FreeRTOS/Source/timers.c **** 		function calls. */
 767:Middlewares/Third_Party/FreeRTOS/Source/timers.c **** 		if( xMessage.xMessageID >= ( BaseType_t ) 0 )
 768:Middlewares/Third_Party/FreeRTOS/Source/timers.c **** 		{
 769:Middlewares/Third_Party/FreeRTOS/Source/timers.c **** 			/* The messages uses the xTimerParameters member to work on a
ARM GAS  C:\Users\kalpe\AppData\Local\Temp\cciawLrt.s 			page 18


 770:Middlewares/Third_Party/FreeRTOS/Source/timers.c **** 			software timer. */
 771:Middlewares/Third_Party/FreeRTOS/Source/timers.c **** 			pxTimer = xMessage.u.xTimerParameters.pxTimer;
 772:Middlewares/Third_Party/FreeRTOS/Source/timers.c **** 
 773:Middlewares/Third_Party/FreeRTOS/Source/timers.c **** 			if( listIS_CONTAINED_WITHIN( NULL, &( pxTimer->xTimerListItem ) ) == pdFALSE ) /*lint !e961. The
 774:Middlewares/Third_Party/FreeRTOS/Source/timers.c **** 			{
 775:Middlewares/Third_Party/FreeRTOS/Source/timers.c **** 				/* The timer is in a list, remove it. */
 776:Middlewares/Third_Party/FreeRTOS/Source/timers.c **** 				( void ) uxListRemove( &( pxTimer->xTimerListItem ) );
 777:Middlewares/Third_Party/FreeRTOS/Source/timers.c **** 			}
 778:Middlewares/Third_Party/FreeRTOS/Source/timers.c **** 			else
 779:Middlewares/Third_Party/FreeRTOS/Source/timers.c **** 			{
 780:Middlewares/Third_Party/FreeRTOS/Source/timers.c **** 				mtCOVERAGE_TEST_MARKER();
 781:Middlewares/Third_Party/FreeRTOS/Source/timers.c **** 			}
 782:Middlewares/Third_Party/FreeRTOS/Source/timers.c **** 
 783:Middlewares/Third_Party/FreeRTOS/Source/timers.c **** 			traceTIMER_COMMAND_RECEIVED( pxTimer, xMessage.xMessageID, xMessage.u.xTimerParameters.xMessageV
 784:Middlewares/Third_Party/FreeRTOS/Source/timers.c **** 
 785:Middlewares/Third_Party/FreeRTOS/Source/timers.c **** 			/* In this case the xTimerListsWereSwitched parameter is not used, but
 786:Middlewares/Third_Party/FreeRTOS/Source/timers.c **** 			it must be present in the function call.  prvSampleTimeNow() must be
 787:Middlewares/Third_Party/FreeRTOS/Source/timers.c **** 			called after the message is received from xTimerQueue so there is no
 788:Middlewares/Third_Party/FreeRTOS/Source/timers.c **** 			possibility of a higher priority task adding a message to the message
 789:Middlewares/Third_Party/FreeRTOS/Source/timers.c **** 			queue with a time that is ahead of the timer daemon task (because it
 790:Middlewares/Third_Party/FreeRTOS/Source/timers.c **** 			pre-empted the timer daemon task after the xTimeNow value was set). */
 791:Middlewares/Third_Party/FreeRTOS/Source/timers.c **** 			xTimeNow = prvSampleTimeNow( &xTimerListsWereSwitched );
 792:Middlewares/Third_Party/FreeRTOS/Source/timers.c **** 
 793:Middlewares/Third_Party/FreeRTOS/Source/timers.c **** 			switch( xMessage.xMessageID )
 794:Middlewares/Third_Party/FreeRTOS/Source/timers.c **** 			{
 795:Middlewares/Third_Party/FreeRTOS/Source/timers.c **** 				case tmrCOMMAND_START :
 796:Middlewares/Third_Party/FreeRTOS/Source/timers.c **** 				case tmrCOMMAND_START_FROM_ISR :
 797:Middlewares/Third_Party/FreeRTOS/Source/timers.c **** 				case tmrCOMMAND_RESET :
 798:Middlewares/Third_Party/FreeRTOS/Source/timers.c **** 				case tmrCOMMAND_RESET_FROM_ISR :
 799:Middlewares/Third_Party/FreeRTOS/Source/timers.c **** 				case tmrCOMMAND_START_DONT_TRACE :
 800:Middlewares/Third_Party/FreeRTOS/Source/timers.c **** 					/* Start or restart a timer. */
 801:Middlewares/Third_Party/FreeRTOS/Source/timers.c **** 					pxTimer->ucStatus |= tmrSTATUS_IS_ACTIVE;
 802:Middlewares/Third_Party/FreeRTOS/Source/timers.c **** 					if( prvInsertTimerInActiveList( pxTimer,  xMessage.u.xTimerParameters.xMessageValue + pxTimer-
 803:Middlewares/Third_Party/FreeRTOS/Source/timers.c **** 					{
 804:Middlewares/Third_Party/FreeRTOS/Source/timers.c **** 						/* The timer expired before it was added to the active
 805:Middlewares/Third_Party/FreeRTOS/Source/timers.c **** 						timer list.  Process it now. */
 806:Middlewares/Third_Party/FreeRTOS/Source/timers.c **** 						pxTimer->pxCallbackFunction( ( TimerHandle_t ) pxTimer );
 807:Middlewares/Third_Party/FreeRTOS/Source/timers.c **** 						traceTIMER_EXPIRED( pxTimer );
 808:Middlewares/Third_Party/FreeRTOS/Source/timers.c **** 
 809:Middlewares/Third_Party/FreeRTOS/Source/timers.c **** 						if( ( pxTimer->ucStatus & tmrSTATUS_IS_AUTORELOAD ) != 0 )
 810:Middlewares/Third_Party/FreeRTOS/Source/timers.c **** 						{
 811:Middlewares/Third_Party/FreeRTOS/Source/timers.c **** 							xResult = xTimerGenericCommand( pxTimer, tmrCOMMAND_START_DONT_TRACE, xMessage.u.xTimerParam
 812:Middlewares/Third_Party/FreeRTOS/Source/timers.c **** 							configASSERT( xResult );
 813:Middlewares/Third_Party/FreeRTOS/Source/timers.c **** 							( void ) xResult;
 814:Middlewares/Third_Party/FreeRTOS/Source/timers.c **** 						}
 815:Middlewares/Third_Party/FreeRTOS/Source/timers.c **** 						else
 816:Middlewares/Third_Party/FreeRTOS/Source/timers.c **** 						{
 817:Middlewares/Third_Party/FreeRTOS/Source/timers.c **** 							mtCOVERAGE_TEST_MARKER();
 818:Middlewares/Third_Party/FreeRTOS/Source/timers.c **** 						}
 819:Middlewares/Third_Party/FreeRTOS/Source/timers.c **** 					}
 820:Middlewares/Third_Party/FreeRTOS/Source/timers.c **** 					else
 821:Middlewares/Third_Party/FreeRTOS/Source/timers.c **** 					{
 822:Middlewares/Third_Party/FreeRTOS/Source/timers.c **** 						mtCOVERAGE_TEST_MARKER();
 823:Middlewares/Third_Party/FreeRTOS/Source/timers.c **** 					}
 824:Middlewares/Third_Party/FreeRTOS/Source/timers.c **** 					break;
 825:Middlewares/Third_Party/FreeRTOS/Source/timers.c **** 
 826:Middlewares/Third_Party/FreeRTOS/Source/timers.c **** 				case tmrCOMMAND_STOP :
ARM GAS  C:\Users\kalpe\AppData\Local\Temp\cciawLrt.s 			page 19


 827:Middlewares/Third_Party/FreeRTOS/Source/timers.c **** 				case tmrCOMMAND_STOP_FROM_ISR :
 828:Middlewares/Third_Party/FreeRTOS/Source/timers.c **** 					/* The timer has already been removed from the active list. */
 829:Middlewares/Third_Party/FreeRTOS/Source/timers.c **** 					pxTimer->ucStatus &= ~tmrSTATUS_IS_ACTIVE;
 830:Middlewares/Third_Party/FreeRTOS/Source/timers.c **** 					break;
 831:Middlewares/Third_Party/FreeRTOS/Source/timers.c **** 
 832:Middlewares/Third_Party/FreeRTOS/Source/timers.c **** 				case tmrCOMMAND_CHANGE_PERIOD :
 833:Middlewares/Third_Party/FreeRTOS/Source/timers.c **** 				case tmrCOMMAND_CHANGE_PERIOD_FROM_ISR :
 834:Middlewares/Third_Party/FreeRTOS/Source/timers.c **** 					pxTimer->ucStatus |= tmrSTATUS_IS_ACTIVE;
 835:Middlewares/Third_Party/FreeRTOS/Source/timers.c **** 					pxTimer->xTimerPeriodInTicks = xMessage.u.xTimerParameters.xMessageValue;
 836:Middlewares/Third_Party/FreeRTOS/Source/timers.c **** 					configASSERT( ( pxTimer->xTimerPeriodInTicks > 0 ) );
 837:Middlewares/Third_Party/FreeRTOS/Source/timers.c **** 
 838:Middlewares/Third_Party/FreeRTOS/Source/timers.c **** 					/* The new period does not really have a reference, and can
 839:Middlewares/Third_Party/FreeRTOS/Source/timers.c **** 					be longer or shorter than the old one.  The command time is
 840:Middlewares/Third_Party/FreeRTOS/Source/timers.c **** 					therefore set to the current time, and as the period cannot
 841:Middlewares/Third_Party/FreeRTOS/Source/timers.c **** 					be zero the next expiry time can only be in the future,
 842:Middlewares/Third_Party/FreeRTOS/Source/timers.c **** 					meaning (unlike for the xTimerStart() case above) there is
 843:Middlewares/Third_Party/FreeRTOS/Source/timers.c **** 					no fail case that needs to be handled here. */
 844:Middlewares/Third_Party/FreeRTOS/Source/timers.c **** 					( void ) prvInsertTimerInActiveList( pxTimer, ( xTimeNow + pxTimer->xTimerPeriodInTicks ), xTi
 845:Middlewares/Third_Party/FreeRTOS/Source/timers.c **** 					break;
 846:Middlewares/Third_Party/FreeRTOS/Source/timers.c **** 
 847:Middlewares/Third_Party/FreeRTOS/Source/timers.c **** 				case tmrCOMMAND_DELETE :
 848:Middlewares/Third_Party/FreeRTOS/Source/timers.c **** 					#if ( configSUPPORT_DYNAMIC_ALLOCATION == 1 )
 849:Middlewares/Third_Party/FreeRTOS/Source/timers.c **** 					{
 850:Middlewares/Third_Party/FreeRTOS/Source/timers.c **** 						/* The timer has already been removed from the active list,
 851:Middlewares/Third_Party/FreeRTOS/Source/timers.c **** 						just free up the memory if the memory was dynamically
 852:Middlewares/Third_Party/FreeRTOS/Source/timers.c **** 						allocated. */
 853:Middlewares/Third_Party/FreeRTOS/Source/timers.c **** 						if( ( pxTimer->ucStatus & tmrSTATUS_IS_STATICALLY_ALLOCATED ) == ( uint8_t ) 0 )
 854:Middlewares/Third_Party/FreeRTOS/Source/timers.c **** 						{
 855:Middlewares/Third_Party/FreeRTOS/Source/timers.c **** 							vPortFree( pxTimer );
 856:Middlewares/Third_Party/FreeRTOS/Source/timers.c **** 						}
 857:Middlewares/Third_Party/FreeRTOS/Source/timers.c **** 						else
 858:Middlewares/Third_Party/FreeRTOS/Source/timers.c **** 						{
 859:Middlewares/Third_Party/FreeRTOS/Source/timers.c **** 							pxTimer->ucStatus &= ~tmrSTATUS_IS_ACTIVE;
 860:Middlewares/Third_Party/FreeRTOS/Source/timers.c **** 						}
 861:Middlewares/Third_Party/FreeRTOS/Source/timers.c **** 					}
 862:Middlewares/Third_Party/FreeRTOS/Source/timers.c **** 					#else
 863:Middlewares/Third_Party/FreeRTOS/Source/timers.c **** 					{
 864:Middlewares/Third_Party/FreeRTOS/Source/timers.c **** 						/* If dynamic allocation is not enabled, the memory
 865:Middlewares/Third_Party/FreeRTOS/Source/timers.c **** 						could not have been dynamically allocated. So there is
 866:Middlewares/Third_Party/FreeRTOS/Source/timers.c **** 						no need to free the memory - just mark the timer as
 867:Middlewares/Third_Party/FreeRTOS/Source/timers.c **** 						"not active". */
 868:Middlewares/Third_Party/FreeRTOS/Source/timers.c **** 						pxTimer->ucStatus &= ~tmrSTATUS_IS_ACTIVE;
 869:Middlewares/Third_Party/FreeRTOS/Source/timers.c **** 					}
 870:Middlewares/Third_Party/FreeRTOS/Source/timers.c **** 					#endif /* configSUPPORT_DYNAMIC_ALLOCATION */
 871:Middlewares/Third_Party/FreeRTOS/Source/timers.c **** 					break;
 872:Middlewares/Third_Party/FreeRTOS/Source/timers.c **** 
 873:Middlewares/Third_Party/FreeRTOS/Source/timers.c **** 				default	:
 874:Middlewares/Third_Party/FreeRTOS/Source/timers.c **** 					/* Don't expect to get here. */
 875:Middlewares/Third_Party/FreeRTOS/Source/timers.c **** 					break;
 876:Middlewares/Third_Party/FreeRTOS/Source/timers.c **** 			}
 877:Middlewares/Third_Party/FreeRTOS/Source/timers.c **** 		}
 878:Middlewares/Third_Party/FreeRTOS/Source/timers.c **** 	}
 879:Middlewares/Third_Party/FreeRTOS/Source/timers.c **** }
 880:Middlewares/Third_Party/FreeRTOS/Source/timers.c **** /*-----------------------------------------------------------*/
 881:Middlewares/Third_Party/FreeRTOS/Source/timers.c **** 
 882:Middlewares/Third_Party/FreeRTOS/Source/timers.c **** static void prvSwitchTimerLists( void )
 883:Middlewares/Third_Party/FreeRTOS/Source/timers.c **** {
ARM GAS  C:\Users\kalpe\AppData\Local\Temp\cciawLrt.s 			page 20


 884:Middlewares/Third_Party/FreeRTOS/Source/timers.c **** TickType_t xNextExpireTime, xReloadTime;
 885:Middlewares/Third_Party/FreeRTOS/Source/timers.c **** List_t *pxTemp;
 886:Middlewares/Third_Party/FreeRTOS/Source/timers.c **** Timer_t *pxTimer;
 887:Middlewares/Third_Party/FreeRTOS/Source/timers.c **** BaseType_t xResult;
 888:Middlewares/Third_Party/FreeRTOS/Source/timers.c **** 
 889:Middlewares/Third_Party/FreeRTOS/Source/timers.c **** 	/* The tick count has overflowed.  The timer lists must be switched.
 890:Middlewares/Third_Party/FreeRTOS/Source/timers.c **** 	If there are any timers still referenced from the current timer list
 891:Middlewares/Third_Party/FreeRTOS/Source/timers.c **** 	then they must have expired and should be processed before the lists
 892:Middlewares/Third_Party/FreeRTOS/Source/timers.c **** 	are switched. */
 893:Middlewares/Third_Party/FreeRTOS/Source/timers.c **** 	while( listLIST_IS_EMPTY( pxCurrentTimerList ) == pdFALSE )
 894:Middlewares/Third_Party/FreeRTOS/Source/timers.c **** 	{
 895:Middlewares/Third_Party/FreeRTOS/Source/timers.c **** 		xNextExpireTime = listGET_ITEM_VALUE_OF_HEAD_ENTRY( pxCurrentTimerList );
 896:Middlewares/Third_Party/FreeRTOS/Source/timers.c **** 
 897:Middlewares/Third_Party/FreeRTOS/Source/timers.c **** 		/* Remove the timer from the list. */
 898:Middlewares/Third_Party/FreeRTOS/Source/timers.c **** 		pxTimer = ( Timer_t * ) listGET_OWNER_OF_HEAD_ENTRY( pxCurrentTimerList ); /*lint !e9087 !e9079 v
 899:Middlewares/Third_Party/FreeRTOS/Source/timers.c **** 		( void ) uxListRemove( &( pxTimer->xTimerListItem ) );
 900:Middlewares/Third_Party/FreeRTOS/Source/timers.c **** 		traceTIMER_EXPIRED( pxTimer );
 901:Middlewares/Third_Party/FreeRTOS/Source/timers.c **** 
 902:Middlewares/Third_Party/FreeRTOS/Source/timers.c **** 		/* Execute its callback, then send a command to restart the timer if
 903:Middlewares/Third_Party/FreeRTOS/Source/timers.c **** 		it is an auto-reload timer.  It cannot be restarted here as the lists
 904:Middlewares/Third_Party/FreeRTOS/Source/timers.c **** 		have not yet been switched. */
 905:Middlewares/Third_Party/FreeRTOS/Source/timers.c **** 		pxTimer->pxCallbackFunction( ( TimerHandle_t ) pxTimer );
 906:Middlewares/Third_Party/FreeRTOS/Source/timers.c **** 
 907:Middlewares/Third_Party/FreeRTOS/Source/timers.c **** 		if( ( pxTimer->ucStatus & tmrSTATUS_IS_AUTORELOAD ) != 0 )
 908:Middlewares/Third_Party/FreeRTOS/Source/timers.c **** 		{
 909:Middlewares/Third_Party/FreeRTOS/Source/timers.c **** 			/* Calculate the reload value, and if the reload value results in
 910:Middlewares/Third_Party/FreeRTOS/Source/timers.c **** 			the timer going into the same timer list then it has already expired
 911:Middlewares/Third_Party/FreeRTOS/Source/timers.c **** 			and the timer should be re-inserted into the current list so it is
 912:Middlewares/Third_Party/FreeRTOS/Source/timers.c **** 			processed again within this loop.  Otherwise a command should be sent
 913:Middlewares/Third_Party/FreeRTOS/Source/timers.c **** 			to restart the timer to ensure it is only inserted into a list after
 914:Middlewares/Third_Party/FreeRTOS/Source/timers.c **** 			the lists have been swapped. */
 915:Middlewares/Third_Party/FreeRTOS/Source/timers.c **** 			xReloadTime = ( xNextExpireTime + pxTimer->xTimerPeriodInTicks );
 916:Middlewares/Third_Party/FreeRTOS/Source/timers.c **** 			if( xReloadTime > xNextExpireTime )
 917:Middlewares/Third_Party/FreeRTOS/Source/timers.c **** 			{
 918:Middlewares/Third_Party/FreeRTOS/Source/timers.c **** 				listSET_LIST_ITEM_VALUE( &( pxTimer->xTimerListItem ), xReloadTime );
 919:Middlewares/Third_Party/FreeRTOS/Source/timers.c **** 				listSET_LIST_ITEM_OWNER( &( pxTimer->xTimerListItem ), pxTimer );
 920:Middlewares/Third_Party/FreeRTOS/Source/timers.c **** 				vListInsert( pxCurrentTimerList, &( pxTimer->xTimerListItem ) );
 921:Middlewares/Third_Party/FreeRTOS/Source/timers.c **** 			}
 922:Middlewares/Third_Party/FreeRTOS/Source/timers.c **** 			else
 923:Middlewares/Third_Party/FreeRTOS/Source/timers.c **** 			{
 924:Middlewares/Third_Party/FreeRTOS/Source/timers.c **** 				xResult = xTimerGenericCommand( pxTimer, tmrCOMMAND_START_DONT_TRACE, xNextExpireTime, NULL, tm
 925:Middlewares/Third_Party/FreeRTOS/Source/timers.c **** 				configASSERT( xResult );
 926:Middlewares/Third_Party/FreeRTOS/Source/timers.c **** 				( void ) xResult;
 927:Middlewares/Third_Party/FreeRTOS/Source/timers.c **** 			}
 928:Middlewares/Third_Party/FreeRTOS/Source/timers.c **** 		}
 929:Middlewares/Third_Party/FreeRTOS/Source/timers.c **** 		else
 930:Middlewares/Third_Party/FreeRTOS/Source/timers.c **** 		{
 931:Middlewares/Third_Party/FreeRTOS/Source/timers.c **** 			mtCOVERAGE_TEST_MARKER();
 932:Middlewares/Third_Party/FreeRTOS/Source/timers.c **** 		}
 933:Middlewares/Third_Party/FreeRTOS/Source/timers.c **** 	}
 934:Middlewares/Third_Party/FreeRTOS/Source/timers.c **** 
 935:Middlewares/Third_Party/FreeRTOS/Source/timers.c **** 	pxTemp = pxCurrentTimerList;
 936:Middlewares/Third_Party/FreeRTOS/Source/timers.c **** 	pxCurrentTimerList = pxOverflowTimerList;
 937:Middlewares/Third_Party/FreeRTOS/Source/timers.c **** 	pxOverflowTimerList = pxTemp;
 938:Middlewares/Third_Party/FreeRTOS/Source/timers.c **** }
 939:Middlewares/Third_Party/FreeRTOS/Source/timers.c **** /*-----------------------------------------------------------*/
 940:Middlewares/Third_Party/FreeRTOS/Source/timers.c **** 
ARM GAS  C:\Users\kalpe\AppData\Local\Temp\cciawLrt.s 			page 21


 941:Middlewares/Third_Party/FreeRTOS/Source/timers.c **** static void prvCheckForValidListAndQueue( void )
 942:Middlewares/Third_Party/FreeRTOS/Source/timers.c **** {
 189              		.loc 1 942 1 is_stmt 1 view -0
 190              		.cfi_startproc
 191              		@ args = 0, pretend = 0, frame = 0
 192              		@ frame_needed = 0, uses_anonymous_args = 0
 193 0000 00B5     		push	{lr}
 194              	.LCFI1:
 195              		.cfi_def_cfa_offset 4
 196              		.cfi_offset 14, -4
 197 0002 83B0     		sub	sp, sp, #12
 198              	.LCFI2:
 199              		.cfi_def_cfa_offset 16
 943:Middlewares/Third_Party/FreeRTOS/Source/timers.c **** 	/* Check that the list from which active timers are referenced, and the
 944:Middlewares/Third_Party/FreeRTOS/Source/timers.c **** 	queue used to communicate with the timer service, have been
 945:Middlewares/Third_Party/FreeRTOS/Source/timers.c **** 	initialised. */
 946:Middlewares/Third_Party/FreeRTOS/Source/timers.c **** 	taskENTER_CRITICAL();
 200              		.loc 1 946 2 view .LVU45
 201 0004 FFF7FEFF 		bl	vPortEnterCritical
 202              	.LVL20:
 947:Middlewares/Third_Party/FreeRTOS/Source/timers.c **** 	{
 948:Middlewares/Third_Party/FreeRTOS/Source/timers.c **** 		if( xTimerQueue == NULL )
 203              		.loc 1 948 3 view .LVU46
 204              		.loc 1 948 19 is_stmt 0 view .LVU47
 205 0008 114B     		ldr	r3, .L22
 206 000a 1B68     		ldr	r3, [r3]
 207              		.loc 1 948 5 view .LVU48
 208 000c 1BB1     		cbz	r3, .L21
 209              	.L19:
 949:Middlewares/Third_Party/FreeRTOS/Source/timers.c **** 		{
 950:Middlewares/Third_Party/FreeRTOS/Source/timers.c **** 			vListInitialise( &xActiveTimerList1 );
 951:Middlewares/Third_Party/FreeRTOS/Source/timers.c **** 			vListInitialise( &xActiveTimerList2 );
 952:Middlewares/Third_Party/FreeRTOS/Source/timers.c **** 			pxCurrentTimerList = &xActiveTimerList1;
 953:Middlewares/Third_Party/FreeRTOS/Source/timers.c **** 			pxOverflowTimerList = &xActiveTimerList2;
 954:Middlewares/Third_Party/FreeRTOS/Source/timers.c **** 
 955:Middlewares/Third_Party/FreeRTOS/Source/timers.c **** 			#if( configSUPPORT_STATIC_ALLOCATION == 1 )
 956:Middlewares/Third_Party/FreeRTOS/Source/timers.c **** 			{
 957:Middlewares/Third_Party/FreeRTOS/Source/timers.c **** 				/* The timer queue is allocated statically in case
 958:Middlewares/Third_Party/FreeRTOS/Source/timers.c **** 				configSUPPORT_DYNAMIC_ALLOCATION is 0. */
 959:Middlewares/Third_Party/FreeRTOS/Source/timers.c **** 				static StaticQueue_t xStaticTimerQueue; /*lint !e956 Ok to declare in this manner to prevent ad
 960:Middlewares/Third_Party/FreeRTOS/Source/timers.c **** 				static uint8_t ucStaticTimerQueueStorage[ ( size_t ) configTIMER_QUEUE_LENGTH * sizeof( DaemonT
 961:Middlewares/Third_Party/FreeRTOS/Source/timers.c **** 
 962:Middlewares/Third_Party/FreeRTOS/Source/timers.c **** 				xTimerQueue = xQueueCreateStatic( ( UBaseType_t ) configTIMER_QUEUE_LENGTH, ( UBaseType_t ) siz
 963:Middlewares/Third_Party/FreeRTOS/Source/timers.c **** 			}
 964:Middlewares/Third_Party/FreeRTOS/Source/timers.c **** 			#else
 965:Middlewares/Third_Party/FreeRTOS/Source/timers.c **** 			{
 966:Middlewares/Third_Party/FreeRTOS/Source/timers.c **** 				xTimerQueue = xQueueCreate( ( UBaseType_t ) configTIMER_QUEUE_LENGTH, sizeof( DaemonTaskMessage
 967:Middlewares/Third_Party/FreeRTOS/Source/timers.c **** 			}
 968:Middlewares/Third_Party/FreeRTOS/Source/timers.c **** 			#endif
 969:Middlewares/Third_Party/FreeRTOS/Source/timers.c **** 
 970:Middlewares/Third_Party/FreeRTOS/Source/timers.c **** 			#if ( configQUEUE_REGISTRY_SIZE > 0 )
 971:Middlewares/Third_Party/FreeRTOS/Source/timers.c **** 			{
 972:Middlewares/Third_Party/FreeRTOS/Source/timers.c **** 				if( xTimerQueue != NULL )
 973:Middlewares/Third_Party/FreeRTOS/Source/timers.c **** 				{
 974:Middlewares/Third_Party/FreeRTOS/Source/timers.c **** 					vQueueAddToRegistry( xTimerQueue, "TmrQ" );
 975:Middlewares/Third_Party/FreeRTOS/Source/timers.c **** 				}
 976:Middlewares/Third_Party/FreeRTOS/Source/timers.c **** 				else
ARM GAS  C:\Users\kalpe\AppData\Local\Temp\cciawLrt.s 			page 22


 977:Middlewares/Third_Party/FreeRTOS/Source/timers.c **** 				{
 978:Middlewares/Third_Party/FreeRTOS/Source/timers.c **** 					mtCOVERAGE_TEST_MARKER();
 979:Middlewares/Third_Party/FreeRTOS/Source/timers.c **** 				}
 980:Middlewares/Third_Party/FreeRTOS/Source/timers.c **** 			}
 981:Middlewares/Third_Party/FreeRTOS/Source/timers.c **** 			#endif /* configQUEUE_REGISTRY_SIZE */
 982:Middlewares/Third_Party/FreeRTOS/Source/timers.c **** 		}
 983:Middlewares/Third_Party/FreeRTOS/Source/timers.c **** 		else
 984:Middlewares/Third_Party/FreeRTOS/Source/timers.c **** 		{
 985:Middlewares/Third_Party/FreeRTOS/Source/timers.c **** 			mtCOVERAGE_TEST_MARKER();
 210              		.loc 1 985 28 is_stmt 1 view .LVU49
 986:Middlewares/Third_Party/FreeRTOS/Source/timers.c **** 		}
 987:Middlewares/Third_Party/FreeRTOS/Source/timers.c **** 	}
 988:Middlewares/Third_Party/FreeRTOS/Source/timers.c **** 	taskEXIT_CRITICAL();
 211              		.loc 1 988 2 view .LVU50
 212 000e FFF7FEFF 		bl	vPortExitCritical
 213              	.LVL21:
 989:Middlewares/Third_Party/FreeRTOS/Source/timers.c **** }
 214              		.loc 1 989 1 is_stmt 0 view .LVU51
 215 0012 03B0     		add	sp, sp, #12
 216              	.LCFI3:
 217              		.cfi_remember_state
 218              		.cfi_def_cfa_offset 4
 219              		@ sp needed
 220 0014 00BD     		pop	{pc}
 221              	.L21:
 222              	.LCFI4:
 223              		.cfi_restore_state
 950:Middlewares/Third_Party/FreeRTOS/Source/timers.c **** 			vListInitialise( &xActiveTimerList2 );
 224              		.loc 1 950 4 is_stmt 1 view .LVU52
 225 0016 0F48     		ldr	r0, .L22+4
 226 0018 FFF7FEFF 		bl	vListInitialise
 227              	.LVL22:
 951:Middlewares/Third_Party/FreeRTOS/Source/timers.c **** 			pxCurrentTimerList = &xActiveTimerList1;
 228              		.loc 1 951 4 view .LVU53
 229 001c 0E48     		ldr	r0, .L22+8
 230 001e FFF7FEFF 		bl	vListInitialise
 231              	.LVL23:
 952:Middlewares/Third_Party/FreeRTOS/Source/timers.c **** 			pxOverflowTimerList = &xActiveTimerList2;
 232              		.loc 1 952 4 view .LVU54
 952:Middlewares/Third_Party/FreeRTOS/Source/timers.c **** 			pxOverflowTimerList = &xActiveTimerList2;
 233              		.loc 1 952 23 is_stmt 0 view .LVU55
 234 0022 0E4B     		ldr	r3, .L22+12
 235 0024 0B4A     		ldr	r2, .L22+4
 236 0026 1A60     		str	r2, [r3]
 953:Middlewares/Third_Party/FreeRTOS/Source/timers.c **** 
 237              		.loc 1 953 4 is_stmt 1 view .LVU56
 953:Middlewares/Third_Party/FreeRTOS/Source/timers.c **** 
 238              		.loc 1 953 24 is_stmt 0 view .LVU57
 239 0028 0D4B     		ldr	r3, .L22+16
 240 002a 0B4A     		ldr	r2, .L22+8
 241 002c 1A60     		str	r2, [r3]
 242              	.LBB45:
 959:Middlewares/Third_Party/FreeRTOS/Source/timers.c **** 				static uint8_t ucStaticTimerQueueStorage[ ( size_t ) configTIMER_QUEUE_LENGTH * sizeof( DaemonT
 243              		.loc 1 959 5 is_stmt 1 view .LVU58
 960:Middlewares/Third_Party/FreeRTOS/Source/timers.c **** 
 244              		.loc 1 960 5 view .LVU59
 962:Middlewares/Third_Party/FreeRTOS/Source/timers.c **** 			}
ARM GAS  C:\Users\kalpe\AppData\Local\Temp\cciawLrt.s 			page 23


 245              		.loc 1 962 5 view .LVU60
 962:Middlewares/Third_Party/FreeRTOS/Source/timers.c **** 			}
 246              		.loc 1 962 19 is_stmt 0 view .LVU61
 247 002e 0023     		movs	r3, #0
 248 0030 0093     		str	r3, [sp]
 249 0032 0C4B     		ldr	r3, .L22+20
 250 0034 0C4A     		ldr	r2, .L22+24
 251 0036 1021     		movs	r1, #16
 252 0038 0A20     		movs	r0, #10
 253 003a FFF7FEFF 		bl	xQueueGenericCreateStatic
 254              	.LVL24:
 962:Middlewares/Third_Party/FreeRTOS/Source/timers.c **** 			}
 255              		.loc 1 962 17 discriminator 1 view .LVU62
 256 003e 044B     		ldr	r3, .L22
 257 0040 1860     		str	r0, [r3]
 258              	.LBE45:
 972:Middlewares/Third_Party/FreeRTOS/Source/timers.c **** 				{
 259              		.loc 1 972 5 is_stmt 1 view .LVU63
 972:Middlewares/Third_Party/FreeRTOS/Source/timers.c **** 				{
 260              		.loc 1 972 7 is_stmt 0 view .LVU64
 261 0042 0028     		cmp	r0, #0
 262 0044 E3D0     		beq	.L19
 974:Middlewares/Third_Party/FreeRTOS/Source/timers.c **** 				}
 263              		.loc 1 974 6 is_stmt 1 view .LVU65
 264 0046 0949     		ldr	r1, .L22+28
 265 0048 FFF7FEFF 		bl	vQueueAddToRegistry
 266              	.LVL25:
 267 004c DFE7     		b	.L19
 268              	.L23:
 269 004e 00BF     		.align	2
 270              	.L22:
 271 0050 00000000 		.word	xTimerQueue
 272 0054 00000000 		.word	xActiveTimerList1
 273 0058 00000000 		.word	xActiveTimerList2
 274 005c 00000000 		.word	pxCurrentTimerList
 275 0060 00000000 		.word	pxOverflowTimerList
 276 0064 00000000 		.word	xStaticTimerQueue.0
 277 0068 00000000 		.word	ucStaticTimerQueueStorage.1
 278 006c 00000000 		.word	.LC0
 279              		.cfi_endproc
 280              	.LFE23:
 282              		.section	.text.prvInitialiseNewTimer,"ax",%progbits
 283              		.align	1
 284              		.syntax unified
 285              		.thumb
 286              		.thumb_func
 288              	prvInitialiseNewTimer:
 289              	.LVL26:
 290              	.LFB7:
 355:Middlewares/Third_Party/FreeRTOS/Source/timers.c **** 	/* 0 is not a valid value for xTimerPeriodInTicks. */
 291              		.loc 1 355 1 view -0
 292              		.cfi_startproc
 293              		@ args = 8, pretend = 0, frame = 0
 294              		@ frame_needed = 0, uses_anonymous_args = 0
 355:Middlewares/Third_Party/FreeRTOS/Source/timers.c **** 	/* 0 is not a valid value for xTimerPeriodInTicks. */
 295              		.loc 1 355 1 is_stmt 0 view .LVU67
 296 0000 F8B5     		push	{r3, r4, r5, r6, r7, lr}
ARM GAS  C:\Users\kalpe\AppData\Local\Temp\cciawLrt.s 			page 24


 297              	.LCFI5:
 298              		.cfi_def_cfa_offset 24
 299              		.cfi_offset 3, -24
 300              		.cfi_offset 4, -20
 301              		.cfi_offset 5, -16
 302              		.cfi_offset 6, -12
 303              		.cfi_offset 7, -8
 304              		.cfi_offset 14, -4
 357:Middlewares/Third_Party/FreeRTOS/Source/timers.c **** 
 305              		.loc 1 357 2 is_stmt 1 view .LVU68
 306 0002 41B9     		cbnz	r1, .L25
 357:Middlewares/Third_Party/FreeRTOS/Source/timers.c **** 
 307              		.loc 1 357 2 discriminator 1 view .LVU69
 308              	.LBB46:
 309              	.LBI46:
 310              		.file 2 "Middlewares/Third_Party/FreeRTOS/Source/portable/GCC/ARM_CM4F/portmacro.h"
   1:Middlewares/Third_Party/FreeRTOS/Source/portable/GCC/ARM_CM4F/portmacro.h **** /*
   2:Middlewares/Third_Party/FreeRTOS/Source/portable/GCC/ARM_CM4F/portmacro.h ****  * FreeRTOS Kernel V10.3.1
   3:Middlewares/Third_Party/FreeRTOS/Source/portable/GCC/ARM_CM4F/portmacro.h ****  * Copyright (C) 2020 Amazon.com, Inc. or its affiliates.  All Rights Reserved.
   4:Middlewares/Third_Party/FreeRTOS/Source/portable/GCC/ARM_CM4F/portmacro.h ****  *
   5:Middlewares/Third_Party/FreeRTOS/Source/portable/GCC/ARM_CM4F/portmacro.h ****  * Permission is hereby granted, free of charge, to any person obtaining a copy of
   6:Middlewares/Third_Party/FreeRTOS/Source/portable/GCC/ARM_CM4F/portmacro.h ****  * this software and associated documentation files (the "Software"), to deal in
   7:Middlewares/Third_Party/FreeRTOS/Source/portable/GCC/ARM_CM4F/portmacro.h ****  * the Software without restriction, including without limitation the rights to
   8:Middlewares/Third_Party/FreeRTOS/Source/portable/GCC/ARM_CM4F/portmacro.h ****  * use, copy, modify, merge, publish, distribute, sublicense, and/or sell copies of
   9:Middlewares/Third_Party/FreeRTOS/Source/portable/GCC/ARM_CM4F/portmacro.h ****  * the Software, and to permit persons to whom the Software is furnished to do so,
  10:Middlewares/Third_Party/FreeRTOS/Source/portable/GCC/ARM_CM4F/portmacro.h ****  * subject to the following conditions:
  11:Middlewares/Third_Party/FreeRTOS/Source/portable/GCC/ARM_CM4F/portmacro.h ****  *
  12:Middlewares/Third_Party/FreeRTOS/Source/portable/GCC/ARM_CM4F/portmacro.h ****  * The above copyright notice and this permission notice shall be included in all
  13:Middlewares/Third_Party/FreeRTOS/Source/portable/GCC/ARM_CM4F/portmacro.h ****  * copies or substantial portions of the Software.
  14:Middlewares/Third_Party/FreeRTOS/Source/portable/GCC/ARM_CM4F/portmacro.h ****  *
  15:Middlewares/Third_Party/FreeRTOS/Source/portable/GCC/ARM_CM4F/portmacro.h ****  * THE SOFTWARE IS PROVIDED "AS IS", WITHOUT WARRANTY OF ANY KIND, EXPRESS OR
  16:Middlewares/Third_Party/FreeRTOS/Source/portable/GCC/ARM_CM4F/portmacro.h ****  * IMPLIED, INCLUDING BUT NOT LIMITED TO THE WARRANTIES OF MERCHANTABILITY, FITNESS
  17:Middlewares/Third_Party/FreeRTOS/Source/portable/GCC/ARM_CM4F/portmacro.h ****  * FOR A PARTICULAR PURPOSE AND NONINFRINGEMENT. IN NO EVENT SHALL THE AUTHORS OR
  18:Middlewares/Third_Party/FreeRTOS/Source/portable/GCC/ARM_CM4F/portmacro.h ****  * COPYRIGHT HOLDERS BE LIABLE FOR ANY CLAIM, DAMAGES OR OTHER LIABILITY, WHETHER
  19:Middlewares/Third_Party/FreeRTOS/Source/portable/GCC/ARM_CM4F/portmacro.h ****  * IN AN ACTION OF CONTRACT, TORT OR OTHERWISE, ARISING FROM, OUT OF OR IN
  20:Middlewares/Third_Party/FreeRTOS/Source/portable/GCC/ARM_CM4F/portmacro.h ****  * CONNECTION WITH THE SOFTWARE OR THE USE OR OTHER DEALINGS IN THE SOFTWARE.
  21:Middlewares/Third_Party/FreeRTOS/Source/portable/GCC/ARM_CM4F/portmacro.h ****  *
  22:Middlewares/Third_Party/FreeRTOS/Source/portable/GCC/ARM_CM4F/portmacro.h ****  * http://www.FreeRTOS.org
  23:Middlewares/Third_Party/FreeRTOS/Source/portable/GCC/ARM_CM4F/portmacro.h ****  * http://aws.amazon.com/freertos
  24:Middlewares/Third_Party/FreeRTOS/Source/portable/GCC/ARM_CM4F/portmacro.h ****  *
  25:Middlewares/Third_Party/FreeRTOS/Source/portable/GCC/ARM_CM4F/portmacro.h ****  * 1 tab == 4 spaces!
  26:Middlewares/Third_Party/FreeRTOS/Source/portable/GCC/ARM_CM4F/portmacro.h ****  */
  27:Middlewares/Third_Party/FreeRTOS/Source/portable/GCC/ARM_CM4F/portmacro.h **** 
  28:Middlewares/Third_Party/FreeRTOS/Source/portable/GCC/ARM_CM4F/portmacro.h **** 
  29:Middlewares/Third_Party/FreeRTOS/Source/portable/GCC/ARM_CM4F/portmacro.h **** #ifndef PORTMACRO_H
  30:Middlewares/Third_Party/FreeRTOS/Source/portable/GCC/ARM_CM4F/portmacro.h **** #define PORTMACRO_H
  31:Middlewares/Third_Party/FreeRTOS/Source/portable/GCC/ARM_CM4F/portmacro.h **** 
  32:Middlewares/Third_Party/FreeRTOS/Source/portable/GCC/ARM_CM4F/portmacro.h **** #ifdef __cplusplus
  33:Middlewares/Third_Party/FreeRTOS/Source/portable/GCC/ARM_CM4F/portmacro.h **** extern "C" {
  34:Middlewares/Third_Party/FreeRTOS/Source/portable/GCC/ARM_CM4F/portmacro.h **** #endif
  35:Middlewares/Third_Party/FreeRTOS/Source/portable/GCC/ARM_CM4F/portmacro.h **** 
  36:Middlewares/Third_Party/FreeRTOS/Source/portable/GCC/ARM_CM4F/portmacro.h **** /*-----------------------------------------------------------
  37:Middlewares/Third_Party/FreeRTOS/Source/portable/GCC/ARM_CM4F/portmacro.h ****  * Port specific definitions.
  38:Middlewares/Third_Party/FreeRTOS/Source/portable/GCC/ARM_CM4F/portmacro.h ****  *
  39:Middlewares/Third_Party/FreeRTOS/Source/portable/GCC/ARM_CM4F/portmacro.h ****  * The settings in this file configure FreeRTOS correctly for the
  40:Middlewares/Third_Party/FreeRTOS/Source/portable/GCC/ARM_CM4F/portmacro.h ****  * given hardware and compiler.
  41:Middlewares/Third_Party/FreeRTOS/Source/portable/GCC/ARM_CM4F/portmacro.h ****  *
ARM GAS  C:\Users\kalpe\AppData\Local\Temp\cciawLrt.s 			page 25


  42:Middlewares/Third_Party/FreeRTOS/Source/portable/GCC/ARM_CM4F/portmacro.h ****  * These settings should not be altered.
  43:Middlewares/Third_Party/FreeRTOS/Source/portable/GCC/ARM_CM4F/portmacro.h ****  *-----------------------------------------------------------
  44:Middlewares/Third_Party/FreeRTOS/Source/portable/GCC/ARM_CM4F/portmacro.h ****  */
  45:Middlewares/Third_Party/FreeRTOS/Source/portable/GCC/ARM_CM4F/portmacro.h **** 
  46:Middlewares/Third_Party/FreeRTOS/Source/portable/GCC/ARM_CM4F/portmacro.h **** /* Type definitions. */
  47:Middlewares/Third_Party/FreeRTOS/Source/portable/GCC/ARM_CM4F/portmacro.h **** #define portCHAR		char
  48:Middlewares/Third_Party/FreeRTOS/Source/portable/GCC/ARM_CM4F/portmacro.h **** #define portFLOAT		float
  49:Middlewares/Third_Party/FreeRTOS/Source/portable/GCC/ARM_CM4F/portmacro.h **** #define portDOUBLE		double
  50:Middlewares/Third_Party/FreeRTOS/Source/portable/GCC/ARM_CM4F/portmacro.h **** #define portLONG		long
  51:Middlewares/Third_Party/FreeRTOS/Source/portable/GCC/ARM_CM4F/portmacro.h **** #define portSHORT		short
  52:Middlewares/Third_Party/FreeRTOS/Source/portable/GCC/ARM_CM4F/portmacro.h **** #define portSTACK_TYPE	uint32_t
  53:Middlewares/Third_Party/FreeRTOS/Source/portable/GCC/ARM_CM4F/portmacro.h **** #define portBASE_TYPE	long
  54:Middlewares/Third_Party/FreeRTOS/Source/portable/GCC/ARM_CM4F/portmacro.h **** 
  55:Middlewares/Third_Party/FreeRTOS/Source/portable/GCC/ARM_CM4F/portmacro.h **** typedef portSTACK_TYPE StackType_t;
  56:Middlewares/Third_Party/FreeRTOS/Source/portable/GCC/ARM_CM4F/portmacro.h **** typedef long BaseType_t;
  57:Middlewares/Third_Party/FreeRTOS/Source/portable/GCC/ARM_CM4F/portmacro.h **** typedef unsigned long UBaseType_t;
  58:Middlewares/Third_Party/FreeRTOS/Source/portable/GCC/ARM_CM4F/portmacro.h **** 
  59:Middlewares/Third_Party/FreeRTOS/Source/portable/GCC/ARM_CM4F/portmacro.h **** #if( configUSE_16_BIT_TICKS == 1 )
  60:Middlewares/Third_Party/FreeRTOS/Source/portable/GCC/ARM_CM4F/portmacro.h **** 	typedef uint16_t TickType_t;
  61:Middlewares/Third_Party/FreeRTOS/Source/portable/GCC/ARM_CM4F/portmacro.h **** 	#define portMAX_DELAY ( TickType_t ) 0xffff
  62:Middlewares/Third_Party/FreeRTOS/Source/portable/GCC/ARM_CM4F/portmacro.h **** #else
  63:Middlewares/Third_Party/FreeRTOS/Source/portable/GCC/ARM_CM4F/portmacro.h **** 	typedef uint32_t TickType_t;
  64:Middlewares/Third_Party/FreeRTOS/Source/portable/GCC/ARM_CM4F/portmacro.h **** 	#define portMAX_DELAY ( TickType_t ) 0xffffffffUL
  65:Middlewares/Third_Party/FreeRTOS/Source/portable/GCC/ARM_CM4F/portmacro.h **** 
  66:Middlewares/Third_Party/FreeRTOS/Source/portable/GCC/ARM_CM4F/portmacro.h **** 	/* 32-bit tick type on a 32-bit architecture, so reads of the tick count do
  67:Middlewares/Third_Party/FreeRTOS/Source/portable/GCC/ARM_CM4F/portmacro.h **** 	not need to be guarded with a critical section. */
  68:Middlewares/Third_Party/FreeRTOS/Source/portable/GCC/ARM_CM4F/portmacro.h **** 	#define portTICK_TYPE_IS_ATOMIC 1
  69:Middlewares/Third_Party/FreeRTOS/Source/portable/GCC/ARM_CM4F/portmacro.h **** #endif
  70:Middlewares/Third_Party/FreeRTOS/Source/portable/GCC/ARM_CM4F/portmacro.h **** /*-----------------------------------------------------------*/
  71:Middlewares/Third_Party/FreeRTOS/Source/portable/GCC/ARM_CM4F/portmacro.h **** 
  72:Middlewares/Third_Party/FreeRTOS/Source/portable/GCC/ARM_CM4F/portmacro.h **** /* Architecture specifics. */
  73:Middlewares/Third_Party/FreeRTOS/Source/portable/GCC/ARM_CM4F/portmacro.h **** #define portSTACK_GROWTH			( -1 )
  74:Middlewares/Third_Party/FreeRTOS/Source/portable/GCC/ARM_CM4F/portmacro.h **** #define portTICK_PERIOD_MS			( ( TickType_t ) 1000 / configTICK_RATE_HZ )
  75:Middlewares/Third_Party/FreeRTOS/Source/portable/GCC/ARM_CM4F/portmacro.h **** #define portBYTE_ALIGNMENT			8
  76:Middlewares/Third_Party/FreeRTOS/Source/portable/GCC/ARM_CM4F/portmacro.h **** /*-----------------------------------------------------------*/
  77:Middlewares/Third_Party/FreeRTOS/Source/portable/GCC/ARM_CM4F/portmacro.h **** 
  78:Middlewares/Third_Party/FreeRTOS/Source/portable/GCC/ARM_CM4F/portmacro.h **** /* Scheduler utilities. */
  79:Middlewares/Third_Party/FreeRTOS/Source/portable/GCC/ARM_CM4F/portmacro.h **** #define portYIELD() 															\
  80:Middlewares/Third_Party/FreeRTOS/Source/portable/GCC/ARM_CM4F/portmacro.h **** {																				\
  81:Middlewares/Third_Party/FreeRTOS/Source/portable/GCC/ARM_CM4F/portmacro.h **** 	/* Set a PendSV to request a context switch. */								\
  82:Middlewares/Third_Party/FreeRTOS/Source/portable/GCC/ARM_CM4F/portmacro.h **** 	portNVIC_INT_CTRL_REG = portNVIC_PENDSVSET_BIT;								\
  83:Middlewares/Third_Party/FreeRTOS/Source/portable/GCC/ARM_CM4F/portmacro.h **** 																				\
  84:Middlewares/Third_Party/FreeRTOS/Source/portable/GCC/ARM_CM4F/portmacro.h **** 	/* Barriers are normally not required but do ensure the code is completely	\
  85:Middlewares/Third_Party/FreeRTOS/Source/portable/GCC/ARM_CM4F/portmacro.h **** 	within the specified behaviour for the architecture. */						\
  86:Middlewares/Third_Party/FreeRTOS/Source/portable/GCC/ARM_CM4F/portmacro.h **** 	__asm volatile( "dsb" ::: "memory" );										\
  87:Middlewares/Third_Party/FreeRTOS/Source/portable/GCC/ARM_CM4F/portmacro.h **** 	__asm volatile( "isb" );													\
  88:Middlewares/Third_Party/FreeRTOS/Source/portable/GCC/ARM_CM4F/portmacro.h **** }
  89:Middlewares/Third_Party/FreeRTOS/Source/portable/GCC/ARM_CM4F/portmacro.h **** 
  90:Middlewares/Third_Party/FreeRTOS/Source/portable/GCC/ARM_CM4F/portmacro.h **** #define portNVIC_INT_CTRL_REG		( * ( ( volatile uint32_t * ) 0xe000ed04 ) )
  91:Middlewares/Third_Party/FreeRTOS/Source/portable/GCC/ARM_CM4F/portmacro.h **** #define portNVIC_PENDSVSET_BIT		( 1UL << 28UL )
  92:Middlewares/Third_Party/FreeRTOS/Source/portable/GCC/ARM_CM4F/portmacro.h **** #define portEND_SWITCHING_ISR( xSwitchRequired ) if( xSwitchRequired != pdFALSE ) portYIELD()
  93:Middlewares/Third_Party/FreeRTOS/Source/portable/GCC/ARM_CM4F/portmacro.h **** #define portYIELD_FROM_ISR( x ) portEND_SWITCHING_ISR( x )
  94:Middlewares/Third_Party/FreeRTOS/Source/portable/GCC/ARM_CM4F/portmacro.h **** /*-----------------------------------------------------------*/
  95:Middlewares/Third_Party/FreeRTOS/Source/portable/GCC/ARM_CM4F/portmacro.h **** 
  96:Middlewares/Third_Party/FreeRTOS/Source/portable/GCC/ARM_CM4F/portmacro.h **** /* Critical section management. */
  97:Middlewares/Third_Party/FreeRTOS/Source/portable/GCC/ARM_CM4F/portmacro.h **** extern void vPortEnterCritical( void );
  98:Middlewares/Third_Party/FreeRTOS/Source/portable/GCC/ARM_CM4F/portmacro.h **** extern void vPortExitCritical( void );
ARM GAS  C:\Users\kalpe\AppData\Local\Temp\cciawLrt.s 			page 26


  99:Middlewares/Third_Party/FreeRTOS/Source/portable/GCC/ARM_CM4F/portmacro.h **** #define portSET_INTERRUPT_MASK_FROM_ISR()		ulPortRaiseBASEPRI()
 100:Middlewares/Third_Party/FreeRTOS/Source/portable/GCC/ARM_CM4F/portmacro.h **** #define portCLEAR_INTERRUPT_MASK_FROM_ISR(x)	vPortSetBASEPRI(x)
 101:Middlewares/Third_Party/FreeRTOS/Source/portable/GCC/ARM_CM4F/portmacro.h **** #define portDISABLE_INTERRUPTS()				vPortRaiseBASEPRI()
 102:Middlewares/Third_Party/FreeRTOS/Source/portable/GCC/ARM_CM4F/portmacro.h **** #define portENABLE_INTERRUPTS()					vPortSetBASEPRI(0)
 103:Middlewares/Third_Party/FreeRTOS/Source/portable/GCC/ARM_CM4F/portmacro.h **** #define portENTER_CRITICAL()					vPortEnterCritical()
 104:Middlewares/Third_Party/FreeRTOS/Source/portable/GCC/ARM_CM4F/portmacro.h **** #define portEXIT_CRITICAL()						vPortExitCritical()
 105:Middlewares/Third_Party/FreeRTOS/Source/portable/GCC/ARM_CM4F/portmacro.h **** 
 106:Middlewares/Third_Party/FreeRTOS/Source/portable/GCC/ARM_CM4F/portmacro.h **** /*-----------------------------------------------------------*/
 107:Middlewares/Third_Party/FreeRTOS/Source/portable/GCC/ARM_CM4F/portmacro.h **** 
 108:Middlewares/Third_Party/FreeRTOS/Source/portable/GCC/ARM_CM4F/portmacro.h **** /* Task function macros as described on the FreeRTOS.org WEB site.  These are
 109:Middlewares/Third_Party/FreeRTOS/Source/portable/GCC/ARM_CM4F/portmacro.h **** not necessary for to use this port.  They are defined so the common demo files
 110:Middlewares/Third_Party/FreeRTOS/Source/portable/GCC/ARM_CM4F/portmacro.h **** (which build with all the ports) will build. */
 111:Middlewares/Third_Party/FreeRTOS/Source/portable/GCC/ARM_CM4F/portmacro.h **** #define portTASK_FUNCTION_PROTO( vFunction, pvParameters ) void vFunction( void *pvParameters )
 112:Middlewares/Third_Party/FreeRTOS/Source/portable/GCC/ARM_CM4F/portmacro.h **** #define portTASK_FUNCTION( vFunction, pvParameters ) void vFunction( void *pvParameters )
 113:Middlewares/Third_Party/FreeRTOS/Source/portable/GCC/ARM_CM4F/portmacro.h **** /*-----------------------------------------------------------*/
 114:Middlewares/Third_Party/FreeRTOS/Source/portable/GCC/ARM_CM4F/portmacro.h **** 
 115:Middlewares/Third_Party/FreeRTOS/Source/portable/GCC/ARM_CM4F/portmacro.h **** /* Tickless idle/low power functionality. */
 116:Middlewares/Third_Party/FreeRTOS/Source/portable/GCC/ARM_CM4F/portmacro.h **** #ifndef portSUPPRESS_TICKS_AND_SLEEP
 117:Middlewares/Third_Party/FreeRTOS/Source/portable/GCC/ARM_CM4F/portmacro.h **** 	extern void vPortSuppressTicksAndSleep( TickType_t xExpectedIdleTime );
 118:Middlewares/Third_Party/FreeRTOS/Source/portable/GCC/ARM_CM4F/portmacro.h **** 	#define portSUPPRESS_TICKS_AND_SLEEP( xExpectedIdleTime ) vPortSuppressTicksAndSleep( xExpectedIdl
 119:Middlewares/Third_Party/FreeRTOS/Source/portable/GCC/ARM_CM4F/portmacro.h **** #endif
 120:Middlewares/Third_Party/FreeRTOS/Source/portable/GCC/ARM_CM4F/portmacro.h **** /*-----------------------------------------------------------*/
 121:Middlewares/Third_Party/FreeRTOS/Source/portable/GCC/ARM_CM4F/portmacro.h **** 
 122:Middlewares/Third_Party/FreeRTOS/Source/portable/GCC/ARM_CM4F/portmacro.h **** /* Architecture specific optimisations. */
 123:Middlewares/Third_Party/FreeRTOS/Source/portable/GCC/ARM_CM4F/portmacro.h **** #ifndef configUSE_PORT_OPTIMISED_TASK_SELECTION
 124:Middlewares/Third_Party/FreeRTOS/Source/portable/GCC/ARM_CM4F/portmacro.h **** 	#define configUSE_PORT_OPTIMISED_TASK_SELECTION 1
 125:Middlewares/Third_Party/FreeRTOS/Source/portable/GCC/ARM_CM4F/portmacro.h **** #endif
 126:Middlewares/Third_Party/FreeRTOS/Source/portable/GCC/ARM_CM4F/portmacro.h **** 
 127:Middlewares/Third_Party/FreeRTOS/Source/portable/GCC/ARM_CM4F/portmacro.h **** #if configUSE_PORT_OPTIMISED_TASK_SELECTION == 1
 128:Middlewares/Third_Party/FreeRTOS/Source/portable/GCC/ARM_CM4F/portmacro.h **** 
 129:Middlewares/Third_Party/FreeRTOS/Source/portable/GCC/ARM_CM4F/portmacro.h **** 	/* Generic helper function. */
 130:Middlewares/Third_Party/FreeRTOS/Source/portable/GCC/ARM_CM4F/portmacro.h **** 	__attribute__( ( always_inline ) ) static inline uint8_t ucPortCountLeadingZeros( uint32_t ulBitma
 131:Middlewares/Third_Party/FreeRTOS/Source/portable/GCC/ARM_CM4F/portmacro.h **** 	{
 132:Middlewares/Third_Party/FreeRTOS/Source/portable/GCC/ARM_CM4F/portmacro.h **** 	uint8_t ucReturn;
 133:Middlewares/Third_Party/FreeRTOS/Source/portable/GCC/ARM_CM4F/portmacro.h **** 
 134:Middlewares/Third_Party/FreeRTOS/Source/portable/GCC/ARM_CM4F/portmacro.h **** 		__asm volatile ( "clz %0, %1" : "=r" ( ucReturn ) : "r" ( ulBitmap ) : "memory" );
 135:Middlewares/Third_Party/FreeRTOS/Source/portable/GCC/ARM_CM4F/portmacro.h **** 		return ucReturn;
 136:Middlewares/Third_Party/FreeRTOS/Source/portable/GCC/ARM_CM4F/portmacro.h **** 	}
 137:Middlewares/Third_Party/FreeRTOS/Source/portable/GCC/ARM_CM4F/portmacro.h **** 
 138:Middlewares/Third_Party/FreeRTOS/Source/portable/GCC/ARM_CM4F/portmacro.h **** 	/* Check the configuration. */
 139:Middlewares/Third_Party/FreeRTOS/Source/portable/GCC/ARM_CM4F/portmacro.h **** 	#if( configMAX_PRIORITIES > 32 )
 140:Middlewares/Third_Party/FreeRTOS/Source/portable/GCC/ARM_CM4F/portmacro.h **** 		#error configUSE_PORT_OPTIMISED_TASK_SELECTION can only be set to 1 when configMAX_PRIORITIES is 
 141:Middlewares/Third_Party/FreeRTOS/Source/portable/GCC/ARM_CM4F/portmacro.h **** 	#endif
 142:Middlewares/Third_Party/FreeRTOS/Source/portable/GCC/ARM_CM4F/portmacro.h **** 
 143:Middlewares/Third_Party/FreeRTOS/Source/portable/GCC/ARM_CM4F/portmacro.h **** 	/* Store/clear the ready priorities in a bit map. */
 144:Middlewares/Third_Party/FreeRTOS/Source/portable/GCC/ARM_CM4F/portmacro.h **** 	#define portRECORD_READY_PRIORITY( uxPriority, uxReadyPriorities ) ( uxReadyPriorities ) |= ( 1UL 
 145:Middlewares/Third_Party/FreeRTOS/Source/portable/GCC/ARM_CM4F/portmacro.h **** 	#define portRESET_READY_PRIORITY( uxPriority, uxReadyPriorities ) ( uxReadyPriorities ) &= ~( 1UL 
 146:Middlewares/Third_Party/FreeRTOS/Source/portable/GCC/ARM_CM4F/portmacro.h **** 
 147:Middlewares/Third_Party/FreeRTOS/Source/portable/GCC/ARM_CM4F/portmacro.h **** 	/*-----------------------------------------------------------*/
 148:Middlewares/Third_Party/FreeRTOS/Source/portable/GCC/ARM_CM4F/portmacro.h **** 
 149:Middlewares/Third_Party/FreeRTOS/Source/portable/GCC/ARM_CM4F/portmacro.h **** 	#define portGET_HIGHEST_PRIORITY( uxTopPriority, uxReadyPriorities ) uxTopPriority = ( 31UL - ( ui
 150:Middlewares/Third_Party/FreeRTOS/Source/portable/GCC/ARM_CM4F/portmacro.h **** 
 151:Middlewares/Third_Party/FreeRTOS/Source/portable/GCC/ARM_CM4F/portmacro.h **** #endif /* configUSE_PORT_OPTIMISED_TASK_SELECTION */
 152:Middlewares/Third_Party/FreeRTOS/Source/portable/GCC/ARM_CM4F/portmacro.h **** 
 153:Middlewares/Third_Party/FreeRTOS/Source/portable/GCC/ARM_CM4F/portmacro.h **** /*-----------------------------------------------------------*/
 154:Middlewares/Third_Party/FreeRTOS/Source/portable/GCC/ARM_CM4F/portmacro.h **** 
 155:Middlewares/Third_Party/FreeRTOS/Source/portable/GCC/ARM_CM4F/portmacro.h **** #ifdef configASSERT
ARM GAS  C:\Users\kalpe\AppData\Local\Temp\cciawLrt.s 			page 27


 156:Middlewares/Third_Party/FreeRTOS/Source/portable/GCC/ARM_CM4F/portmacro.h **** 	void vPortValidateInterruptPriority( void );
 157:Middlewares/Third_Party/FreeRTOS/Source/portable/GCC/ARM_CM4F/portmacro.h **** 	#define portASSERT_IF_INTERRUPT_PRIORITY_INVALID() 	vPortValidateInterruptPriority()
 158:Middlewares/Third_Party/FreeRTOS/Source/portable/GCC/ARM_CM4F/portmacro.h **** #endif
 159:Middlewares/Third_Party/FreeRTOS/Source/portable/GCC/ARM_CM4F/portmacro.h **** 
 160:Middlewares/Third_Party/FreeRTOS/Source/portable/GCC/ARM_CM4F/portmacro.h **** /* portNOP() is not required by this port. */
 161:Middlewares/Third_Party/FreeRTOS/Source/portable/GCC/ARM_CM4F/portmacro.h **** #define portNOP()
 162:Middlewares/Third_Party/FreeRTOS/Source/portable/GCC/ARM_CM4F/portmacro.h **** 
 163:Middlewares/Third_Party/FreeRTOS/Source/portable/GCC/ARM_CM4F/portmacro.h **** #define portINLINE	__inline
 164:Middlewares/Third_Party/FreeRTOS/Source/portable/GCC/ARM_CM4F/portmacro.h **** 
 165:Middlewares/Third_Party/FreeRTOS/Source/portable/GCC/ARM_CM4F/portmacro.h **** #ifndef portFORCE_INLINE
 166:Middlewares/Third_Party/FreeRTOS/Source/portable/GCC/ARM_CM4F/portmacro.h **** 	#define portFORCE_INLINE inline __attribute__(( always_inline))
 167:Middlewares/Third_Party/FreeRTOS/Source/portable/GCC/ARM_CM4F/portmacro.h **** #endif
 168:Middlewares/Third_Party/FreeRTOS/Source/portable/GCC/ARM_CM4F/portmacro.h **** 
 169:Middlewares/Third_Party/FreeRTOS/Source/portable/GCC/ARM_CM4F/portmacro.h **** portFORCE_INLINE static BaseType_t xPortIsInsideInterrupt( void )
 170:Middlewares/Third_Party/FreeRTOS/Source/portable/GCC/ARM_CM4F/portmacro.h **** {
 171:Middlewares/Third_Party/FreeRTOS/Source/portable/GCC/ARM_CM4F/portmacro.h **** uint32_t ulCurrentInterrupt;
 172:Middlewares/Third_Party/FreeRTOS/Source/portable/GCC/ARM_CM4F/portmacro.h **** BaseType_t xReturn;
 173:Middlewares/Third_Party/FreeRTOS/Source/portable/GCC/ARM_CM4F/portmacro.h **** 
 174:Middlewares/Third_Party/FreeRTOS/Source/portable/GCC/ARM_CM4F/portmacro.h **** 	/* Obtain the number of the currently executing interrupt. */
 175:Middlewares/Third_Party/FreeRTOS/Source/portable/GCC/ARM_CM4F/portmacro.h **** 	__asm volatile( "mrs %0, ipsr" : "=r"( ulCurrentInterrupt ) :: "memory" );
 176:Middlewares/Third_Party/FreeRTOS/Source/portable/GCC/ARM_CM4F/portmacro.h **** 
 177:Middlewares/Third_Party/FreeRTOS/Source/portable/GCC/ARM_CM4F/portmacro.h **** 	if( ulCurrentInterrupt == 0 )
 178:Middlewares/Third_Party/FreeRTOS/Source/portable/GCC/ARM_CM4F/portmacro.h **** 	{
 179:Middlewares/Third_Party/FreeRTOS/Source/portable/GCC/ARM_CM4F/portmacro.h **** 		xReturn = pdFALSE;
 180:Middlewares/Third_Party/FreeRTOS/Source/portable/GCC/ARM_CM4F/portmacro.h **** 	}
 181:Middlewares/Third_Party/FreeRTOS/Source/portable/GCC/ARM_CM4F/portmacro.h **** 	else
 182:Middlewares/Third_Party/FreeRTOS/Source/portable/GCC/ARM_CM4F/portmacro.h **** 	{
 183:Middlewares/Third_Party/FreeRTOS/Source/portable/GCC/ARM_CM4F/portmacro.h **** 		xReturn = pdTRUE;
 184:Middlewares/Third_Party/FreeRTOS/Source/portable/GCC/ARM_CM4F/portmacro.h **** 	}
 185:Middlewares/Third_Party/FreeRTOS/Source/portable/GCC/ARM_CM4F/portmacro.h **** 
 186:Middlewares/Third_Party/FreeRTOS/Source/portable/GCC/ARM_CM4F/portmacro.h **** 	return xReturn;
 187:Middlewares/Third_Party/FreeRTOS/Source/portable/GCC/ARM_CM4F/portmacro.h **** }
 188:Middlewares/Third_Party/FreeRTOS/Source/portable/GCC/ARM_CM4F/portmacro.h **** 
 189:Middlewares/Third_Party/FreeRTOS/Source/portable/GCC/ARM_CM4F/portmacro.h **** /*-----------------------------------------------------------*/
 190:Middlewares/Third_Party/FreeRTOS/Source/portable/GCC/ARM_CM4F/portmacro.h **** 
 191:Middlewares/Third_Party/FreeRTOS/Source/portable/GCC/ARM_CM4F/portmacro.h **** portFORCE_INLINE static void vPortRaiseBASEPRI( void )
 311              		.loc 2 191 30 view .LVU70
 312              	.LBB47:
 192:Middlewares/Third_Party/FreeRTOS/Source/portable/GCC/ARM_CM4F/portmacro.h **** {
 193:Middlewares/Third_Party/FreeRTOS/Source/portable/GCC/ARM_CM4F/portmacro.h **** uint32_t ulNewBASEPRI;
 313              		.loc 2 193 1 view .LVU71
 194:Middlewares/Third_Party/FreeRTOS/Source/portable/GCC/ARM_CM4F/portmacro.h **** 
 195:Middlewares/Third_Party/FreeRTOS/Source/portable/GCC/ARM_CM4F/portmacro.h **** 	__asm volatile
 314              		.loc 2 195 2 view .LVU72
 315              		.syntax unified
 316              	@ 195 "Middlewares/Third_Party/FreeRTOS/Source/portable/GCC/ARM_CM4F/portmacro.h" 1
 317 0004 4FF05003 			mov r3, #80												
 318 0008 83F31188 		msr basepri, r3											
 319 000c BFF36F8F 		isb														
 320 0010 BFF34F8F 		dsb														
 321              	
 322              	@ 0 "" 2
 323              	.LVL27:
 324              		.thumb
 325              		.syntax unified
 326              	.L26:
 327              		.loc 2 195 2 is_stmt 0 view .LVU73
ARM GAS  C:\Users\kalpe\AppData\Local\Temp\cciawLrt.s 			page 28


 328              	.LBE47:
 329              	.LBE46:
 357:Middlewares/Third_Party/FreeRTOS/Source/timers.c **** 
 330              		.loc 1 357 2 is_stmt 1 view .LVU74
 331 0014 FEE7     		b	.L26
 332              	.LVL28:
 333              	.L25:
 357:Middlewares/Third_Party/FreeRTOS/Source/timers.c **** 
 334              		.loc 1 357 2 is_stmt 0 view .LVU75
 335 0016 0446     		mov	r4, r0
 336 0018 1646     		mov	r6, r2
 337 001a 1F46     		mov	r7, r3
 338 001c 0D46     		mov	r5, r1
 357:Middlewares/Third_Party/FreeRTOS/Source/timers.c **** 
 339              		.loc 1 357 45 is_stmt 1 view .LVU76
 359:Middlewares/Third_Party/FreeRTOS/Source/timers.c **** 	{
 340              		.loc 1 359 2 view .LVU77
 359:Middlewares/Third_Party/FreeRTOS/Source/timers.c **** 	{
 341              		.loc 1 359 4 is_stmt 0 view .LVU78
 342 001e 079B     		ldr	r3, [sp, #28]
 343              	.LVL29:
 359:Middlewares/Third_Party/FreeRTOS/Source/timers.c **** 	{
 344              		.loc 1 359 4 view .LVU79
 345 0020 A3B1     		cbz	r3, .L24
 363:Middlewares/Third_Party/FreeRTOS/Source/timers.c **** 
 346              		.loc 1 363 3 is_stmt 1 view .LVU80
 347 0022 FFF7FEFF 		bl	prvCheckForValidListAndQueue
 348              	.LVL30:
 367:Middlewares/Third_Party/FreeRTOS/Source/timers.c **** 		pxNewTimer->xTimerPeriodInTicks = xTimerPeriodInTicks;
 349              		.loc 1 367 3 view .LVU81
 367:Middlewares/Third_Party/FreeRTOS/Source/timers.c **** 		pxNewTimer->xTimerPeriodInTicks = xTimerPeriodInTicks;
 350              		.loc 1 367 27 is_stmt 0 view .LVU82
 351 0026 079B     		ldr	r3, [sp, #28]
 352 0028 1C60     		str	r4, [r3]
 368:Middlewares/Third_Party/FreeRTOS/Source/timers.c **** 		pxNewTimer->pvTimerID = pvTimerID;
 353              		.loc 1 368 3 is_stmt 1 view .LVU83
 368:Middlewares/Third_Party/FreeRTOS/Source/timers.c **** 		pxNewTimer->pvTimerID = pvTimerID;
 354              		.loc 1 368 35 is_stmt 0 view .LVU84
 355 002a 9D61     		str	r5, [r3, #24]
 369:Middlewares/Third_Party/FreeRTOS/Source/timers.c **** 		pxNewTimer->pxCallbackFunction = pxCallbackFunction;
 356              		.loc 1 369 3 is_stmt 1 view .LVU85
 369:Middlewares/Third_Party/FreeRTOS/Source/timers.c **** 		pxNewTimer->pxCallbackFunction = pxCallbackFunction;
 357              		.loc 1 369 25 is_stmt 0 view .LVU86
 358 002c DF61     		str	r7, [r3, #28]
 370:Middlewares/Third_Party/FreeRTOS/Source/timers.c **** 		vListInitialiseItem( &( pxNewTimer->xTimerListItem ) );
 359              		.loc 1 370 3 is_stmt 1 view .LVU87
 370:Middlewares/Third_Party/FreeRTOS/Source/timers.c **** 		vListInitialiseItem( &( pxNewTimer->xTimerListItem ) );
 360              		.loc 1 370 34 is_stmt 0 view .LVU88
 361 002e 069B     		ldr	r3, [sp, #24]
 362 0030 079A     		ldr	r2, [sp, #28]
 363 0032 1362     		str	r3, [r2, #32]
 371:Middlewares/Third_Party/FreeRTOS/Source/timers.c **** 		if( uxAutoReload != pdFALSE )
 364              		.loc 1 371 3 is_stmt 1 view .LVU89
 365 0034 101D     		adds	r0, r2, #4
 366 0036 FFF7FEFF 		bl	vListInitialiseItem
 367              	.LVL31:
 372:Middlewares/Third_Party/FreeRTOS/Source/timers.c **** 		{
ARM GAS  C:\Users\kalpe\AppData\Local\Temp\cciawLrt.s 			page 29


 368              		.loc 1 372 3 view .LVU90
 372:Middlewares/Third_Party/FreeRTOS/Source/timers.c **** 		{
 369              		.loc 1 372 5 is_stmt 0 view .LVU91
 370 003a 3EB1     		cbz	r6, .L24
 374:Middlewares/Third_Party/FreeRTOS/Source/timers.c **** 		}
 371              		.loc 1 374 4 is_stmt 1 view .LVU92
 374:Middlewares/Third_Party/FreeRTOS/Source/timers.c **** 		}
 372              		.loc 1 374 14 is_stmt 0 view .LVU93
 373 003c 079B     		ldr	r3, [sp, #28]
 374 003e 93F82830 		ldrb	r3, [r3, #40]	@ zero_extendqisi2
 374:Middlewares/Third_Party/FreeRTOS/Source/timers.c **** 		}
 375              		.loc 1 374 25 view .LVU94
 376 0042 43F00403 		orr	r3, r3, #4
 377 0046 079A     		ldr	r2, [sp, #28]
 378 0048 82F82830 		strb	r3, [r2, #40]
 376:Middlewares/Third_Party/FreeRTOS/Source/timers.c **** 	}
 379              		.loc 1 376 34 is_stmt 1 view .LVU95
 380              	.L24:
 378:Middlewares/Third_Party/FreeRTOS/Source/timers.c **** /*-----------------------------------------------------------*/
 381              		.loc 1 378 1 is_stmt 0 view .LVU96
 382 004c F8BD     		pop	{r3, r4, r5, r6, r7, pc}
 378:Middlewares/Third_Party/FreeRTOS/Source/timers.c **** /*-----------------------------------------------------------*/
 383              		.loc 1 378 1 view .LVU97
 384              		.cfi_endproc
 385              	.LFE7:
 387              		.section	.rodata.xTimerCreateTimerTask.str1.4,"aMS",%progbits,1
 388              		.align	2
 389              	.LC1:
 390 0000 546D7220 		.ascii	"Tmr Svc\000"
 390      53766300 
 391              		.section	.text.xTimerCreateTimerTask,"ax",%progbits
 392              		.align	1
 393              		.global	xTimerCreateTimerTask
 394              		.syntax unified
 395              		.thumb
 396              		.thumb_func
 398              	xTimerCreateTimerTask:
 399              	.LFB4:
 228:Middlewares/Third_Party/FreeRTOS/Source/timers.c **** BaseType_t xReturn = pdFAIL;
 400              		.loc 1 228 1 is_stmt 1 view -0
 401              		.cfi_startproc
 402              		@ args = 0, pretend = 0, frame = 16
 403              		@ frame_needed = 0, uses_anonymous_args = 0
 404 0000 10B5     		push	{r4, lr}
 405              	.LCFI6:
 406              		.cfi_def_cfa_offset 8
 407              		.cfi_offset 4, -8
 408              		.cfi_offset 14, -4
 409 0002 88B0     		sub	sp, sp, #32
 410              	.LCFI7:
 411              		.cfi_def_cfa_offset 40
 229:Middlewares/Third_Party/FreeRTOS/Source/timers.c **** 
 412              		.loc 1 229 1 view .LVU99
 413              	.LVL32:
 235:Middlewares/Third_Party/FreeRTOS/Source/timers.c **** 
 414              		.loc 1 235 2 view .LVU100
 415 0004 FFF7FEFF 		bl	prvCheckForValidListAndQueue
ARM GAS  C:\Users\kalpe\AppData\Local\Temp\cciawLrt.s 			page 30


 416              	.LVL33:
 237:Middlewares/Third_Party/FreeRTOS/Source/timers.c **** 	{
 417              		.loc 1 237 2 view .LVU101
 237:Middlewares/Third_Party/FreeRTOS/Source/timers.c **** 	{
 418              		.loc 1 237 18 is_stmt 0 view .LVU102
 419 0008 124B     		ldr	r3, .L35
 420 000a 1B68     		ldr	r3, [r3]
 237:Middlewares/Third_Party/FreeRTOS/Source/timers.c **** 	{
 421              		.loc 1 237 4 view .LVU103
 422 000c CBB1     		cbz	r3, .L30
 423              	.LBB48:
 241:Middlewares/Third_Party/FreeRTOS/Source/timers.c **** 			StackType_t *pxTimerTaskStackBuffer = NULL;
 424              		.loc 1 241 4 is_stmt 1 view .LVU104
 241:Middlewares/Third_Party/FreeRTOS/Source/timers.c **** 			StackType_t *pxTimerTaskStackBuffer = NULL;
 425              		.loc 1 241 18 is_stmt 0 view .LVU105
 426 000e 0024     		movs	r4, #0
 427 0010 0594     		str	r4, [sp, #20]
 242:Middlewares/Third_Party/FreeRTOS/Source/timers.c **** 			uint32_t ulTimerTaskStackSize;
 428              		.loc 1 242 4 is_stmt 1 view .LVU106
 242:Middlewares/Third_Party/FreeRTOS/Source/timers.c **** 			uint32_t ulTimerTaskStackSize;
 429              		.loc 1 242 17 is_stmt 0 view .LVU107
 430 0012 0694     		str	r4, [sp, #24]
 243:Middlewares/Third_Party/FreeRTOS/Source/timers.c **** 
 431              		.loc 1 243 4 is_stmt 1 view .LVU108
 245:Middlewares/Third_Party/FreeRTOS/Source/timers.c **** 			xTimerTaskHandle = xTaskCreateStatic(	prvTimerTask,
 432              		.loc 1 245 4 view .LVU109
 433 0014 07AA     		add	r2, sp, #28
 434 0016 06A9     		add	r1, sp, #24
 435 0018 05A8     		add	r0, sp, #20
 436 001a FFF7FEFF 		bl	vApplicationGetTimerTaskMemory
 437              	.LVL34:
 246:Middlewares/Third_Party/FreeRTOS/Source/timers.c **** 													configTIMER_SERVICE_TASK_NAME,
 438              		.loc 1 246 4 view .LVU110
 246:Middlewares/Third_Party/FreeRTOS/Source/timers.c **** 													configTIMER_SERVICE_TASK_NAME,
 439              		.loc 1 246 23 is_stmt 0 view .LVU111
 440 001e 059B     		ldr	r3, [sp, #20]
 441 0020 0293     		str	r3, [sp, #8]
 442 0022 069B     		ldr	r3, [sp, #24]
 443 0024 0193     		str	r3, [sp, #4]
 444 0026 0223     		movs	r3, #2
 445 0028 0093     		str	r3, [sp]
 446 002a 2346     		mov	r3, r4
 447 002c 079A     		ldr	r2, [sp, #28]
 448 002e 0A49     		ldr	r1, .L35+4
 449 0030 0A48     		ldr	r0, .L35+8
 450 0032 FFF7FEFF 		bl	xTaskCreateStatic
 451              	.LVL35:
 246:Middlewares/Third_Party/FreeRTOS/Source/timers.c **** 													configTIMER_SERVICE_TASK_NAME,
 452              		.loc 1 246 21 discriminator 1 view .LVU112
 453 0036 0A4B     		ldr	r3, .L35+12
 454 0038 1860     		str	r0, [r3]
 254:Middlewares/Third_Party/FreeRTOS/Source/timers.c **** 			{
 455              		.loc 1 254 4 is_stmt 1 view .LVU113
 254:Middlewares/Third_Party/FreeRTOS/Source/timers.c **** 			{
 456              		.loc 1 254 6 is_stmt 0 view .LVU114
 457 003a 10B1     		cbz	r0, .L30
 458              	.LBE48:
ARM GAS  C:\Users\kalpe\AppData\Local\Temp\cciawLrt.s 			page 31


 277:Middlewares/Third_Party/FreeRTOS/Source/timers.c **** /*-----------------------------------------------------------*/
 459              		.loc 1 277 1 view .LVU115
 460 003c 0120     		movs	r0, #1
 461 003e 08B0     		add	sp, sp, #32
 462              	.LCFI8:
 463              		.cfi_remember_state
 464              		.cfi_def_cfa_offset 8
 465              		@ sp needed
 466 0040 10BD     		pop	{r4, pc}
 467              	.L30:
 468              	.LCFI9:
 469              		.cfi_restore_state
 470              	.LVL36:
 275:Middlewares/Third_Party/FreeRTOS/Source/timers.c **** 	return xReturn;
 471              		.loc 1 275 2 is_stmt 1 discriminator 1 view .LVU116
 472              	.LBB49:
 473              	.LBI49:
 191:Middlewares/Third_Party/FreeRTOS/Source/portable/GCC/ARM_CM4F/portmacro.h **** {
 474              		.loc 2 191 30 view .LVU117
 475              	.LBB50:
 193:Middlewares/Third_Party/FreeRTOS/Source/portable/GCC/ARM_CM4F/portmacro.h **** 
 476              		.loc 2 193 1 view .LVU118
 477              		.loc 2 195 2 view .LVU119
 478              		.syntax unified
 479              	@ 195 "Middlewares/Third_Party/FreeRTOS/Source/portable/GCC/ARM_CM4F/portmacro.h" 1
 480 0042 4FF05003 			mov r3, #80												
 481 0046 83F31188 		msr basepri, r3											
 482 004a BFF36F8F 		isb														
 483 004e BFF34F8F 		dsb														
 484              	
 485              	@ 0 "" 2
 486              		.thumb
 487              		.syntax unified
 488              	.L32:
 489              	.LBE50:
 490              	.LBE49:
 275:Middlewares/Third_Party/FreeRTOS/Source/timers.c **** 	return xReturn;
 491              		.loc 1 275 2 view .LVU120
 492 0052 FEE7     		b	.L32
 493              	.L36:
 494              		.align	2
 495              	.L35:
 496 0054 00000000 		.word	xTimerQueue
 497 0058 00000000 		.word	.LC1
 498 005c 00000000 		.word	prvTimerTask
 499 0060 00000000 		.word	xTimerTaskHandle
 500              		.cfi_endproc
 501              	.LFE4:
 503              		.section	.text.xTimerCreate,"ax",%progbits
 504              		.align	1
 505              		.global	xTimerCreate
 506              		.syntax unified
 507              		.thumb
 508              		.thumb_func
 510              	xTimerCreate:
 511              	.LVL37:
 512              	.LFB5:
ARM GAS  C:\Users\kalpe\AppData\Local\Temp\cciawLrt.s 			page 32


 287:Middlewares/Third_Party/FreeRTOS/Source/timers.c **** 	Timer_t *pxNewTimer;
 513              		.loc 1 287 2 view -0
 514              		.cfi_startproc
 515              		@ args = 4, pretend = 0, frame = 0
 516              		@ frame_needed = 0, uses_anonymous_args = 0
 287:Middlewares/Third_Party/FreeRTOS/Source/timers.c **** 	Timer_t *pxNewTimer;
 517              		.loc 1 287 2 is_stmt 0 view .LVU122
 518 0000 2DE9F041 		push	{r4, r5, r6, r7, r8, lr}
 519              	.LCFI10:
 520              		.cfi_def_cfa_offset 24
 521              		.cfi_offset 4, -24
 522              		.cfi_offset 5, -20
 523              		.cfi_offset 6, -16
 524              		.cfi_offset 7, -12
 525              		.cfi_offset 8, -8
 526              		.cfi_offset 14, -4
 527 0004 82B0     		sub	sp, sp, #8
 528              	.LCFI11:
 529              		.cfi_def_cfa_offset 32
 530 0006 8046     		mov	r8, r0
 531 0008 0F46     		mov	r7, r1
 532 000a 1646     		mov	r6, r2
 533 000c 1D46     		mov	r5, r3
 288:Middlewares/Third_Party/FreeRTOS/Source/timers.c **** 
 534              		.loc 1 288 2 is_stmt 1 view .LVU123
 290:Middlewares/Third_Party/FreeRTOS/Source/timers.c **** 
 535              		.loc 1 290 3 view .LVU124
 290:Middlewares/Third_Party/FreeRTOS/Source/timers.c **** 
 536              		.loc 1 290 30 is_stmt 0 view .LVU125
 537 000e 2C20     		movs	r0, #44
 538              	.LVL38:
 290:Middlewares/Third_Party/FreeRTOS/Source/timers.c **** 
 539              		.loc 1 290 30 view .LVU126
 540 0010 FFF7FEFF 		bl	pvPortMalloc
 541              	.LVL39:
 292:Middlewares/Third_Party/FreeRTOS/Source/timers.c **** 		{
 542              		.loc 1 292 3 is_stmt 1 view .LVU127
 292:Middlewares/Third_Party/FreeRTOS/Source/timers.c **** 		{
 543              		.loc 1 292 5 is_stmt 0 view .LVU128
 544 0014 0446     		mov	r4, r0
 545 0016 58B1     		cbz	r0, .L37
 297:Middlewares/Third_Party/FreeRTOS/Source/timers.c **** 			prvInitialiseNewTimer( pcTimerName, xTimerPeriodInTicks, uxAutoReload, pvTimerID, pxCallbackFunc
 546              		.loc 1 297 4 is_stmt 1 view .LVU129
 297:Middlewares/Third_Party/FreeRTOS/Source/timers.c **** 			prvInitialiseNewTimer( pcTimerName, xTimerPeriodInTicks, uxAutoReload, pvTimerID, pxCallbackFunc
 547              		.loc 1 297 25 is_stmt 0 view .LVU130
 548 0018 0023     		movs	r3, #0
 549 001a 80F82830 		strb	r3, [r0, #40]
 298:Middlewares/Third_Party/FreeRTOS/Source/timers.c **** 		}
 550              		.loc 1 298 4 is_stmt 1 view .LVU131
 551 001e 0190     		str	r0, [sp, #4]
 552 0020 089B     		ldr	r3, [sp, #32]
 553 0022 0093     		str	r3, [sp]
 554 0024 2B46     		mov	r3, r5
 555 0026 3246     		mov	r2, r6
 556 0028 3946     		mov	r1, r7
 557 002a 4046     		mov	r0, r8
 558              	.LVL40:
ARM GAS  C:\Users\kalpe\AppData\Local\Temp\cciawLrt.s 			page 33


 298:Middlewares/Third_Party/FreeRTOS/Source/timers.c **** 		}
 559              		.loc 1 298 4 is_stmt 0 view .LVU132
 560 002c FFF7FEFF 		bl	prvInitialiseNewTimer
 561              	.LVL41:
 301:Middlewares/Third_Party/FreeRTOS/Source/timers.c **** 	}
 562              		.loc 1 301 3 is_stmt 1 view .LVU133
 563              	.L37:
 302:Middlewares/Third_Party/FreeRTOS/Source/timers.c **** 
 564              		.loc 1 302 2 is_stmt 0 view .LVU134
 565 0030 2046     		mov	r0, r4
 566 0032 02B0     		add	sp, sp, #8
 567              	.LCFI12:
 568              		.cfi_def_cfa_offset 24
 569              		@ sp needed
 570 0034 BDE8F081 		pop	{r4, r5, r6, r7, r8, pc}
 302:Middlewares/Third_Party/FreeRTOS/Source/timers.c **** 
 571              		.loc 1 302 2 view .LVU135
 572              		.cfi_endproc
 573              	.LFE5:
 575              		.section	.text.xTimerCreateStatic,"ax",%progbits
 576              		.align	1
 577              		.global	xTimerCreateStatic
 578              		.syntax unified
 579              		.thumb
 580              		.thumb_func
 582              	xTimerCreateStatic:
 583              	.LVL42:
 584              	.LFB6:
 315:Middlewares/Third_Party/FreeRTOS/Source/timers.c **** 	Timer_t *pxNewTimer;
 585              		.loc 1 315 2 is_stmt 1 view -0
 586              		.cfi_startproc
 587              		@ args = 8, pretend = 0, frame = 8
 588              		@ frame_needed = 0, uses_anonymous_args = 0
 315:Middlewares/Third_Party/FreeRTOS/Source/timers.c **** 	Timer_t *pxNewTimer;
 589              		.loc 1 315 2 is_stmt 0 view .LVU137
 590 0000 10B5     		push	{r4, lr}
 591              	.LCFI13:
 592              		.cfi_def_cfa_offset 8
 593              		.cfi_offset 4, -8
 594              		.cfi_offset 14, -4
 595 0002 84B0     		sub	sp, sp, #16
 596              	.LCFI14:
 597              		.cfi_def_cfa_offset 24
 598 0004 8446     		mov	ip, r0
 316:Middlewares/Third_Party/FreeRTOS/Source/timers.c **** 
 599              		.loc 1 316 2 is_stmt 1 view .LVU138
 600              	.LBB51:
 323:Middlewares/Third_Party/FreeRTOS/Source/timers.c **** 			configASSERT( xSize == sizeof( Timer_t ) );
 601              		.loc 1 323 4 view .LVU139
 323:Middlewares/Third_Party/FreeRTOS/Source/timers.c **** 			configASSERT( xSize == sizeof( Timer_t ) );
 602              		.loc 1 323 20 is_stmt 0 view .LVU140
 603 0006 2C20     		movs	r0, #44
 604              	.LVL43:
 323:Middlewares/Third_Party/FreeRTOS/Source/timers.c **** 			configASSERT( xSize == sizeof( Timer_t ) );
 605              		.loc 1 323 20 view .LVU141
 606 0008 0390     		str	r0, [sp, #12]
 324:Middlewares/Third_Party/FreeRTOS/Source/timers.c **** 			( void ) xSize; /* Keeps lint quiet when configASSERT() is not defined. */
ARM GAS  C:\Users\kalpe\AppData\Local\Temp\cciawLrt.s 			page 34


 607              		.loc 1 324 4 is_stmt 1 view .LVU142
 608 000a 0398     		ldr	r0, [sp, #12]
 609 000c 2C28     		cmp	r0, #44
 610 000e 08D0     		beq	.L41
 324:Middlewares/Third_Party/FreeRTOS/Source/timers.c **** 			( void ) xSize; /* Keeps lint quiet when configASSERT() is not defined. */
 611              		.loc 1 324 4 discriminator 1 view .LVU143
 612              	.LBB52:
 613              	.LBI52:
 191:Middlewares/Third_Party/FreeRTOS/Source/portable/GCC/ARM_CM4F/portmacro.h **** {
 614              		.loc 2 191 30 view .LVU144
 615              	.LBB53:
 193:Middlewares/Third_Party/FreeRTOS/Source/portable/GCC/ARM_CM4F/portmacro.h **** 
 616              		.loc 2 193 1 view .LVU145
 617              		.loc 2 195 2 view .LVU146
 618              		.syntax unified
 619              	@ 195 "Middlewares/Third_Party/FreeRTOS/Source/portable/GCC/ARM_CM4F/portmacro.h" 1
 620 0010 4FF05003 			mov r3, #80												
 621 0014 83F31188 		msr basepri, r3											
 622 0018 BFF36F8F 		isb														
 623 001c BFF34F8F 		dsb														
 624              	
 625              	@ 0 "" 2
 626              	.LVL44:
 627              		.thumb
 628              		.syntax unified
 629              	.L42:
 630              		.loc 2 195 2 is_stmt 0 view .LVU147
 631              	.LBE53:
 632              	.LBE52:
 324:Middlewares/Third_Party/FreeRTOS/Source/timers.c **** 			( void ) xSize; /* Keeps lint quiet when configASSERT() is not defined. */
 633              		.loc 1 324 4 is_stmt 1 view .LVU148
 634 0020 FEE7     		b	.L42
 635              	.LVL45:
 636              	.L41:
 324:Middlewares/Third_Party/FreeRTOS/Source/timers.c **** 			( void ) xSize; /* Keeps lint quiet when configASSERT() is not defined. */
 637              		.loc 1 324 46 view .LVU149
 325:Middlewares/Third_Party/FreeRTOS/Source/timers.c **** 		}
 638              		.loc 1 325 4 view .LVU150
 639 0022 0398     		ldr	r0, [sp, #12]
 640              	.LBE51:
 330:Middlewares/Third_Party/FreeRTOS/Source/timers.c **** 		pxNewTimer = ( Timer_t * ) pxTimerBuffer; /*lint !e740 !e9087 StaticTimer_t is a pointer to a Tim
 641              		.loc 1 330 3 view .LVU151
 642 0024 0798     		ldr	r0, [sp, #28]
 643 0026 60B1     		cbz	r0, .L46
 330:Middlewares/Third_Party/FreeRTOS/Source/timers.c **** 		pxNewTimer = ( Timer_t * ) pxTimerBuffer; /*lint !e740 !e9087 StaticTimer_t is a pointer to a Tim
 644              		.loc 1 330 32 view .LVU152
 331:Middlewares/Third_Party/FreeRTOS/Source/timers.c **** 
 645              		.loc 1 331 3 view .LVU153
 646              	.LVL46:
 333:Middlewares/Third_Party/FreeRTOS/Source/timers.c **** 		{
 647              		.loc 1 333 3 view .LVU154
 338:Middlewares/Third_Party/FreeRTOS/Source/timers.c **** 
 648              		.loc 1 338 4 view .LVU155
 338:Middlewares/Third_Party/FreeRTOS/Source/timers.c **** 
 649              		.loc 1 338 25 is_stmt 0 view .LVU156
 650 0028 0220     		movs	r0, #2
 651              	.LVL47:
ARM GAS  C:\Users\kalpe\AppData\Local\Temp\cciawLrt.s 			page 35


 338:Middlewares/Third_Party/FreeRTOS/Source/timers.c **** 
 652              		.loc 1 338 25 view .LVU157
 653 002a 079C     		ldr	r4, [sp, #28]
 654 002c 84F82800 		strb	r0, [r4, #40]
 340:Middlewares/Third_Party/FreeRTOS/Source/timers.c **** 		}
 655              		.loc 1 340 4 is_stmt 1 view .LVU158
 656 0030 0194     		str	r4, [sp, #4]
 657 0032 0698     		ldr	r0, [sp, #24]
 658 0034 0090     		str	r0, [sp]
 659 0036 6046     		mov	r0, ip
 660 0038 FFF7FEFF 		bl	prvInitialiseNewTimer
 661              	.LVL48:
 343:Middlewares/Third_Party/FreeRTOS/Source/timers.c **** 	}
 662              		.loc 1 343 3 view .LVU159
 344:Middlewares/Third_Party/FreeRTOS/Source/timers.c **** 
 663              		.loc 1 344 2 is_stmt 0 view .LVU160
 664 003c 0798     		ldr	r0, [sp, #28]
 665 003e 04B0     		add	sp, sp, #16
 666              	.LCFI15:
 667              		.cfi_remember_state
 668              		.cfi_def_cfa_offset 8
 669              		@ sp needed
 670 0040 10BD     		pop	{r4, pc}
 671              	.LVL49:
 672              	.L46:
 673              	.LCFI16:
 674              		.cfi_restore_state
 330:Middlewares/Third_Party/FreeRTOS/Source/timers.c **** 		pxNewTimer = ( Timer_t * ) pxTimerBuffer; /*lint !e740 !e9087 StaticTimer_t is a pointer to a Tim
 675              		.loc 1 330 3 is_stmt 1 discriminator 1 view .LVU161
 676              	.LBB54:
 677              	.LBI54:
 191:Middlewares/Third_Party/FreeRTOS/Source/portable/GCC/ARM_CM4F/portmacro.h **** {
 678              		.loc 2 191 30 view .LVU162
 679              	.LBB55:
 193:Middlewares/Third_Party/FreeRTOS/Source/portable/GCC/ARM_CM4F/portmacro.h **** 
 680              		.loc 2 193 1 view .LVU163
 681              		.loc 2 195 2 view .LVU164
 682              		.syntax unified
 683              	@ 195 "Middlewares/Third_Party/FreeRTOS/Source/portable/GCC/ARM_CM4F/portmacro.h" 1
 684 0042 4FF05003 			mov r3, #80												
 685 0046 83F31188 		msr basepri, r3											
 686 004a BFF36F8F 		isb														
 687 004e BFF34F8F 		dsb														
 688              	
 689              	@ 0 "" 2
 690              	.LVL50:
 691              		.thumb
 692              		.syntax unified
 693              	.L44:
 694              		.loc 2 195 2 is_stmt 0 view .LVU165
 695              	.LBE55:
 696              	.LBE54:
 330:Middlewares/Third_Party/FreeRTOS/Source/timers.c **** 		pxNewTimer = ( Timer_t * ) pxTimerBuffer; /*lint !e740 !e9087 StaticTimer_t is a pointer to a Tim
 697              		.loc 1 330 3 is_stmt 1 view .LVU166
 698 0052 FEE7     		b	.L44
 699              		.cfi_endproc
 700              	.LFE6:
ARM GAS  C:\Users\kalpe\AppData\Local\Temp\cciawLrt.s 			page 36


 702              		.section	.text.xTimerGenericCommand,"ax",%progbits
 703              		.align	1
 704              		.global	xTimerGenericCommand
 705              		.syntax unified
 706              		.thumb
 707              		.thumb_func
 709              	xTimerGenericCommand:
 710              	.LVL51:
 711              	.LFB8:
 382:Middlewares/Third_Party/FreeRTOS/Source/timers.c **** BaseType_t xReturn = pdFAIL;
 712              		.loc 1 382 1 view -0
 713              		.cfi_startproc
 714              		@ args = 4, pretend = 0, frame = 16
 715              		@ frame_needed = 0, uses_anonymous_args = 0
 383:Middlewares/Third_Party/FreeRTOS/Source/timers.c **** DaemonTaskMessage_t xMessage;
 716              		.loc 1 383 1 view .LVU168
 384:Middlewares/Third_Party/FreeRTOS/Source/timers.c **** 
 717              		.loc 1 384 1 view .LVU169
 386:Middlewares/Third_Party/FreeRTOS/Source/timers.c **** 
 718              		.loc 1 386 2 view .LVU170
 719 0000 B8B1     		cbz	r0, .L58
 720 0002 9C46     		mov	ip, r3
 721 0004 0346     		mov	r3, r0
 722              	.LVL52:
 386:Middlewares/Third_Party/FreeRTOS/Source/timers.c **** 
 723              		.loc 1 386 24 view .LVU171
 390:Middlewares/Third_Party/FreeRTOS/Source/timers.c **** 	{
 724              		.loc 1 390 2 view .LVU172
 390:Middlewares/Third_Party/FreeRTOS/Source/timers.c **** 	{
 725              		.loc 1 390 18 is_stmt 0 view .LVU173
 726 0006 1748     		ldr	r0, .L60
 727              	.LVL53:
 390:Middlewares/Third_Party/FreeRTOS/Source/timers.c **** 	{
 728              		.loc 1 390 18 view .LVU174
 729 0008 0068     		ldr	r0, [r0]
 390:Middlewares/Third_Party/FreeRTOS/Source/timers.c **** 	{
 730              		.loc 1 390 4 view .LVU175
 731 000a 50B3     		cbz	r0, .L55
 382:Middlewares/Third_Party/FreeRTOS/Source/timers.c **** BaseType_t xReturn = pdFAIL;
 732              		.loc 1 382 1 view .LVU176
 733 000c 00B5     		push	{lr}
 734              	.LCFI17:
 735              		.cfi_def_cfa_offset 4
 736              		.cfi_offset 14, -4
 737 000e 85B0     		sub	sp, sp, #20
 738              	.LCFI18:
 739              		.cfi_def_cfa_offset 24
 393:Middlewares/Third_Party/FreeRTOS/Source/timers.c **** 		xMessage.u.xTimerParameters.xMessageValue = xOptionalValue;
 740              		.loc 1 393 3 is_stmt 1 view .LVU177
 393:Middlewares/Third_Party/FreeRTOS/Source/timers.c **** 		xMessage.u.xTimerParameters.xMessageValue = xOptionalValue;
 741              		.loc 1 393 23 is_stmt 0 view .LVU178
 742 0010 0091     		str	r1, [sp]
 394:Middlewares/Third_Party/FreeRTOS/Source/timers.c **** 		xMessage.u.xTimerParameters.pxTimer = xTimer;
 743              		.loc 1 394 3 is_stmt 1 view .LVU179
 394:Middlewares/Third_Party/FreeRTOS/Source/timers.c **** 		xMessage.u.xTimerParameters.pxTimer = xTimer;
 744              		.loc 1 394 45 is_stmt 0 view .LVU180
 745 0012 0192     		str	r2, [sp, #4]
ARM GAS  C:\Users\kalpe\AppData\Local\Temp\cciawLrt.s 			page 37


 395:Middlewares/Third_Party/FreeRTOS/Source/timers.c **** 
 746              		.loc 1 395 3 is_stmt 1 view .LVU181
 395:Middlewares/Third_Party/FreeRTOS/Source/timers.c **** 
 747              		.loc 1 395 39 is_stmt 0 view .LVU182
 748 0014 0293     		str	r3, [sp, #8]
 397:Middlewares/Third_Party/FreeRTOS/Source/timers.c **** 		{
 749              		.loc 1 397 3 is_stmt 1 view .LVU183
 397:Middlewares/Third_Party/FreeRTOS/Source/timers.c **** 		{
 750              		.loc 1 397 5 is_stmt 0 view .LVU184
 751 0016 0529     		cmp	r1, #5
 752 0018 1CDC     		bgt	.L51
 399:Middlewares/Third_Party/FreeRTOS/Source/timers.c **** 			{
 753              		.loc 1 399 4 is_stmt 1 view .LVU185
 399:Middlewares/Third_Party/FreeRTOS/Source/timers.c **** 			{
 754              		.loc 1 399 8 is_stmt 0 view .LVU186
 755 001a FFF7FEFF 		bl	xTaskGetSchedulerState
 756              	.LVL54:
 399:Middlewares/Third_Party/FreeRTOS/Source/timers.c **** 			{
 757              		.loc 1 399 6 discriminator 1 view .LVU187
 758 001e 0228     		cmp	r0, #2
 759 0020 10D0     		beq	.L59
 405:Middlewares/Third_Party/FreeRTOS/Source/timers.c **** 			}
 760              		.loc 1 405 5 is_stmt 1 view .LVU188
 405:Middlewares/Third_Party/FreeRTOS/Source/timers.c **** 			}
 761              		.loc 1 405 15 is_stmt 0 view .LVU189
 762 0022 0023     		movs	r3, #0
 763 0024 1A46     		mov	r2, r3
 764 0026 6946     		mov	r1, sp
 765 0028 0E48     		ldr	r0, .L60
 766 002a 0068     		ldr	r0, [r0]
 767 002c FFF7FEFF 		bl	xQueueGenericSend
 768              	.LVL55:
 405:Middlewares/Third_Party/FreeRTOS/Source/timers.c **** 			}
 769              		.loc 1 405 15 view .LVU190
 770 0030 15E0     		b	.L47
 771              	.LVL56:
 772              	.L58:
 773              	.LCFI19:
 774              		.cfi_def_cfa_offset 0
 775              		.cfi_restore 14
 386:Middlewares/Third_Party/FreeRTOS/Source/timers.c **** 
 776              		.loc 1 386 2 is_stmt 1 discriminator 1 view .LVU191
 777              	.LBB56:
 778              	.LBI56:
 191:Middlewares/Third_Party/FreeRTOS/Source/portable/GCC/ARM_CM4F/portmacro.h **** {
 779              		.loc 2 191 30 view .LVU192
 780              	.LBB57:
 193:Middlewares/Third_Party/FreeRTOS/Source/portable/GCC/ARM_CM4F/portmacro.h **** 
 781              		.loc 2 193 1 view .LVU193
 782              		.loc 2 195 2 view .LVU194
 783              		.syntax unified
 784              	@ 195 "Middlewares/Third_Party/FreeRTOS/Source/portable/GCC/ARM_CM4F/portmacro.h" 1
 785 0032 4FF05003 			mov r3, #80												
 786 0036 83F31188 		msr basepri, r3											
 787 003a BFF36F8F 		isb														
 788 003e BFF34F8F 		dsb														
 789              	
ARM GAS  C:\Users\kalpe\AppData\Local\Temp\cciawLrt.s 			page 38


 790              	@ 0 "" 2
 791              	.LVL57:
 792              		.thumb
 793              		.syntax unified
 794              	.L49:
 795              		.loc 2 195 2 is_stmt 0 view .LVU195
 796              	.LBE57:
 797              	.LBE56:
 386:Middlewares/Third_Party/FreeRTOS/Source/timers.c **** 
 798              		.loc 1 386 2 is_stmt 1 view .LVU196
 799 0042 FEE7     		b	.L49
 800              	.LVL58:
 801              	.L59:
 802              	.LCFI20:
 803              		.cfi_def_cfa_offset 24
 804              		.cfi_offset 14, -4
 401:Middlewares/Third_Party/FreeRTOS/Source/timers.c **** 			}
 805              		.loc 1 401 5 view .LVU197
 401:Middlewares/Third_Party/FreeRTOS/Source/timers.c **** 			}
 806              		.loc 1 401 15 is_stmt 0 view .LVU198
 807 0044 0023     		movs	r3, #0
 808 0046 069A     		ldr	r2, [sp, #24]
 809 0048 6946     		mov	r1, sp
 810 004a 0648     		ldr	r0, .L60
 811 004c 0068     		ldr	r0, [r0]
 812 004e FFF7FEFF 		bl	xQueueGenericSend
 813              	.LVL59:
 401:Middlewares/Third_Party/FreeRTOS/Source/timers.c **** 			}
 814              		.loc 1 401 15 view .LVU199
 815 0052 04E0     		b	.L47
 816              	.LVL60:
 817              	.L51:
 410:Middlewares/Third_Party/FreeRTOS/Source/timers.c **** 		}
 818              		.loc 1 410 4 is_stmt 1 view .LVU200
 410:Middlewares/Third_Party/FreeRTOS/Source/timers.c **** 		}
 819              		.loc 1 410 14 is_stmt 0 view .LVU201
 820 0054 0023     		movs	r3, #0
 821              	.LVL61:
 410:Middlewares/Third_Party/FreeRTOS/Source/timers.c **** 		}
 822              		.loc 1 410 14 view .LVU202
 823 0056 6246     		mov	r2, ip
 824              	.LVL62:
 410:Middlewares/Third_Party/FreeRTOS/Source/timers.c **** 		}
 825              		.loc 1 410 14 view .LVU203
 826 0058 6946     		mov	r1, sp
 827              	.LVL63:
 410:Middlewares/Third_Party/FreeRTOS/Source/timers.c **** 		}
 828              		.loc 1 410 14 view .LVU204
 829 005a FFF7FEFF 		bl	xQueueGenericSendFromISR
 830              	.LVL64:
 831              	.L47:
 421:Middlewares/Third_Party/FreeRTOS/Source/timers.c **** /*-----------------------------------------------------------*/
 832              		.loc 1 421 1 view .LVU205
 833 005e 05B0     		add	sp, sp, #20
 834              	.LCFI21:
 835              		.cfi_def_cfa_offset 4
 836              		@ sp needed
ARM GAS  C:\Users\kalpe\AppData\Local\Temp\cciawLrt.s 			page 39


 837 0060 00BD     		pop	{pc}
 838              	.LVL65:
 839              	.L55:
 840              	.LCFI22:
 841              		.cfi_def_cfa_offset 0
 842              		.cfi_restore 14
 421:Middlewares/Third_Party/FreeRTOS/Source/timers.c **** /*-----------------------------------------------------------*/
 843              		.loc 1 421 1 view .LVU206
 844 0062 7047     		bx	lr
 845              	.L61:
 846              		.align	2
 847              	.L60:
 848 0064 00000000 		.word	xTimerQueue
 849              		.cfi_endproc
 850              	.LFE8:
 852              		.section	.text.prvSwitchTimerLists,"ax",%progbits
 853              		.align	1
 854              		.syntax unified
 855              		.thumb
 856              		.thumb_func
 858              	prvSwitchTimerLists:
 859              	.LFB22:
 883:Middlewares/Third_Party/FreeRTOS/Source/timers.c **** TickType_t xNextExpireTime, xReloadTime;
 860              		.loc 1 883 1 is_stmt 1 view -0
 861              		.cfi_startproc
 862              		@ args = 0, pretend = 0, frame = 0
 863              		@ frame_needed = 0, uses_anonymous_args = 0
 864 0000 70B5     		push	{r4, r5, r6, lr}
 865              	.LCFI23:
 866              		.cfi_def_cfa_offset 16
 867              		.cfi_offset 4, -16
 868              		.cfi_offset 5, -12
 869              		.cfi_offset 6, -8
 870              		.cfi_offset 14, -4
 871 0002 82B0     		sub	sp, sp, #8
 872              	.LCFI24:
 873              		.cfi_def_cfa_offset 24
 884:Middlewares/Third_Party/FreeRTOS/Source/timers.c **** List_t *pxTemp;
 874              		.loc 1 884 1 view .LVU208
 885:Middlewares/Third_Party/FreeRTOS/Source/timers.c **** Timer_t *pxTimer;
 875              		.loc 1 885 1 view .LVU209
 886:Middlewares/Third_Party/FreeRTOS/Source/timers.c **** BaseType_t xResult;
 876              		.loc 1 886 1 view .LVU210
 887:Middlewares/Third_Party/FreeRTOS/Source/timers.c **** 
 877              		.loc 1 887 1 view .LVU211
 893:Middlewares/Third_Party/FreeRTOS/Source/timers.c **** 	{
 878              		.loc 1 893 2 view .LVU212
 879              	.L64:
 931:Middlewares/Third_Party/FreeRTOS/Source/timers.c **** 		}
 880              		.loc 1 931 28 view .LVU213
 893:Middlewares/Third_Party/FreeRTOS/Source/timers.c **** 	{
 881              		.loc 1 893 49 view .LVU214
 893:Middlewares/Third_Party/FreeRTOS/Source/timers.c **** 	{
 882              		.loc 1 893 9 is_stmt 0 view .LVU215
 883 0004 1B4B     		ldr	r3, .L71
 884 0006 1B68     		ldr	r3, [r3]
 885 0008 1A68     		ldr	r2, [r3]
ARM GAS  C:\Users\kalpe\AppData\Local\Temp\cciawLrt.s 			page 40


 893:Middlewares/Third_Party/FreeRTOS/Source/timers.c **** 	{
 886              		.loc 1 893 49 view .LVU216
 887 000a 62B3     		cbz	r2, .L70
 895:Middlewares/Third_Party/FreeRTOS/Source/timers.c **** 
 888              		.loc 1 895 3 is_stmt 1 view .LVU217
 895:Middlewares/Third_Party/FreeRTOS/Source/timers.c **** 
 889              		.loc 1 895 21 is_stmt 0 view .LVU218
 890 000c DB68     		ldr	r3, [r3, #12]
 895:Middlewares/Third_Party/FreeRTOS/Source/timers.c **** 
 891              		.loc 1 895 19 view .LVU219
 892 000e 1E68     		ldr	r6, [r3]
 893              	.LVL66:
 898:Middlewares/Third_Party/FreeRTOS/Source/timers.c **** 		( void ) uxListRemove( &( pxTimer->xTimerListItem ) );
 894              		.loc 1 898 3 is_stmt 1 view .LVU220
 898:Middlewares/Third_Party/FreeRTOS/Source/timers.c **** 		( void ) uxListRemove( &( pxTimer->xTimerListItem ) );
 895              		.loc 1 898 11 is_stmt 0 view .LVU221
 896 0010 DC68     		ldr	r4, [r3, #12]
 897              	.LVL67:
 899:Middlewares/Third_Party/FreeRTOS/Source/timers.c **** 		traceTIMER_EXPIRED( pxTimer );
 898              		.loc 1 899 3 is_stmt 1 view .LVU222
 899:Middlewares/Third_Party/FreeRTOS/Source/timers.c **** 		traceTIMER_EXPIRED( pxTimer );
 899              		.loc 1 899 26 is_stmt 0 view .LVU223
 900 0012 251D     		adds	r5, r4, #4
 899:Middlewares/Third_Party/FreeRTOS/Source/timers.c **** 		traceTIMER_EXPIRED( pxTimer );
 901              		.loc 1 899 12 view .LVU224
 902 0014 2846     		mov	r0, r5
 903 0016 FFF7FEFF 		bl	uxListRemove
 904              	.LVL68:
 900:Middlewares/Third_Party/FreeRTOS/Source/timers.c **** 
 905              		.loc 1 900 32 is_stmt 1 view .LVU225
 905:Middlewares/Third_Party/FreeRTOS/Source/timers.c **** 
 906              		.loc 1 905 3 view .LVU226
 905:Middlewares/Third_Party/FreeRTOS/Source/timers.c **** 
 907              		.loc 1 905 10 is_stmt 0 view .LVU227
 908 001a 236A     		ldr	r3, [r4, #32]
 905:Middlewares/Third_Party/FreeRTOS/Source/timers.c **** 
 909              		.loc 1 905 3 view .LVU228
 910 001c 2046     		mov	r0, r4
 911 001e 9847     		blx	r3
 912              	.LVL69:
 907:Middlewares/Third_Party/FreeRTOS/Source/timers.c **** 		{
 913              		.loc 1 907 3 is_stmt 1 view .LVU229
 907:Middlewares/Third_Party/FreeRTOS/Source/timers.c **** 		{
 914              		.loc 1 907 16 is_stmt 0 view .LVU230
 915 0020 94F82830 		ldrb	r3, [r4, #40]	@ zero_extendqisi2
 907:Middlewares/Third_Party/FreeRTOS/Source/timers.c **** 		{
 916              		.loc 1 907 5 view .LVU231
 917 0024 13F0040F 		tst	r3, #4
 918 0028 ECD0     		beq	.L64
 915:Middlewares/Third_Party/FreeRTOS/Source/timers.c **** 			if( xReloadTime > xNextExpireTime )
 919              		.loc 1 915 4 is_stmt 1 view .LVU232
 915:Middlewares/Third_Party/FreeRTOS/Source/timers.c **** 			if( xReloadTime > xNextExpireTime )
 920              		.loc 1 915 45 is_stmt 0 view .LVU233
 921 002a A369     		ldr	r3, [r4, #24]
 915:Middlewares/Third_Party/FreeRTOS/Source/timers.c **** 			if( xReloadTime > xNextExpireTime )
 922              		.loc 1 915 16 view .LVU234
 923 002c 3344     		add	r3, r3, r6
ARM GAS  C:\Users\kalpe\AppData\Local\Temp\cciawLrt.s 			page 41


 924              	.LVL70:
 916:Middlewares/Third_Party/FreeRTOS/Source/timers.c **** 			{
 925              		.loc 1 916 4 is_stmt 1 view .LVU235
 916:Middlewares/Third_Party/FreeRTOS/Source/timers.c **** 			{
 926              		.loc 1 916 6 is_stmt 0 view .LVU236
 927 002e 9E42     		cmp	r6, r3
 928 0030 07D2     		bcs	.L65
 918:Middlewares/Third_Party/FreeRTOS/Source/timers.c **** 				listSET_LIST_ITEM_OWNER( &( pxTimer->xTimerListItem ), pxTimer );
 929              		.loc 1 918 5 is_stmt 1 view .LVU237
 930 0032 6360     		str	r3, [r4, #4]
 919:Middlewares/Third_Party/FreeRTOS/Source/timers.c **** 				vListInsert( pxCurrentTimerList, &( pxTimer->xTimerListItem ) );
 931              		.loc 1 919 5 view .LVU238
 932 0034 2461     		str	r4, [r4, #16]
 920:Middlewares/Third_Party/FreeRTOS/Source/timers.c **** 			}
 933              		.loc 1 920 5 view .LVU239
 934 0036 2946     		mov	r1, r5
 935 0038 0E4B     		ldr	r3, .L71
 936              	.LVL71:
 920:Middlewares/Third_Party/FreeRTOS/Source/timers.c **** 			}
 937              		.loc 1 920 5 is_stmt 0 view .LVU240
 938 003a 1868     		ldr	r0, [r3]
 939 003c FFF7FEFF 		bl	vListInsert
 940              	.LVL72:
 920:Middlewares/Third_Party/FreeRTOS/Source/timers.c **** 			}
 941              		.loc 1 920 5 view .LVU241
 942 0040 E0E7     		b	.L64
 943              	.LVL73:
 944              	.L65:
 924:Middlewares/Third_Party/FreeRTOS/Source/timers.c **** 				configASSERT( xResult );
 945              		.loc 1 924 5 is_stmt 1 view .LVU242
 924:Middlewares/Third_Party/FreeRTOS/Source/timers.c **** 				configASSERT( xResult );
 946              		.loc 1 924 15 is_stmt 0 view .LVU243
 947 0042 0021     		movs	r1, #0
 948 0044 0091     		str	r1, [sp]
 949 0046 0B46     		mov	r3, r1
 950              	.LVL74:
 924:Middlewares/Third_Party/FreeRTOS/Source/timers.c **** 				configASSERT( xResult );
 951              		.loc 1 924 15 view .LVU244
 952 0048 3246     		mov	r2, r6
 953 004a 2046     		mov	r0, r4
 954 004c FFF7FEFF 		bl	xTimerGenericCommand
 955              	.LVL75:
 925:Middlewares/Third_Party/FreeRTOS/Source/timers.c **** 				( void ) xResult;
 956              		.loc 1 925 5 is_stmt 1 view .LVU245
 957 0050 0028     		cmp	r0, #0
 958 0052 D7D1     		bne	.L64
 925:Middlewares/Third_Party/FreeRTOS/Source/timers.c **** 				( void ) xResult;
 959              		.loc 1 925 5 discriminator 1 view .LVU246
 960              	.LBB58:
 961              	.LBI58:
 191:Middlewares/Third_Party/FreeRTOS/Source/portable/GCC/ARM_CM4F/portmacro.h **** {
 962              		.loc 2 191 30 view .LVU247
 963              	.LBB59:
 193:Middlewares/Third_Party/FreeRTOS/Source/portable/GCC/ARM_CM4F/portmacro.h **** 
 964              		.loc 2 193 1 view .LVU248
 965              		.loc 2 195 2 view .LVU249
 966              		.syntax unified
ARM GAS  C:\Users\kalpe\AppData\Local\Temp\cciawLrt.s 			page 42


 967              	@ 195 "Middlewares/Third_Party/FreeRTOS/Source/portable/GCC/ARM_CM4F/portmacro.h" 1
 968 0054 4FF05003 			mov r3, #80												
 969 0058 83F31188 		msr basepri, r3											
 970 005c BFF36F8F 		isb														
 971 0060 BFF34F8F 		dsb														
 972              	
 973              	@ 0 "" 2
 974              		.thumb
 975              		.syntax unified
 976              	.L67:
 977              	.LBE59:
 978              	.LBE58:
 925:Middlewares/Third_Party/FreeRTOS/Source/timers.c **** 				( void ) xResult;
 979              		.loc 1 925 5 view .LVU250
 980 0064 FEE7     		b	.L67
 981              	.LVL76:
 982              	.L70:
 935:Middlewares/Third_Party/FreeRTOS/Source/timers.c **** 	pxCurrentTimerList = pxOverflowTimerList;
 983              		.loc 1 935 2 view .LVU251
 936:Middlewares/Third_Party/FreeRTOS/Source/timers.c **** 	pxOverflowTimerList = pxTemp;
 984              		.loc 1 936 2 view .LVU252
 936:Middlewares/Third_Party/FreeRTOS/Source/timers.c **** 	pxOverflowTimerList = pxTemp;
 985              		.loc 1 936 21 is_stmt 0 view .LVU253
 986 0066 044A     		ldr	r2, .L71+4
 987 0068 1068     		ldr	r0, [r2]
 988 006a 0249     		ldr	r1, .L71
 989 006c 0860     		str	r0, [r1]
 937:Middlewares/Third_Party/FreeRTOS/Source/timers.c **** }
 990              		.loc 1 937 2 is_stmt 1 view .LVU254
 937:Middlewares/Third_Party/FreeRTOS/Source/timers.c **** }
 991              		.loc 1 937 22 is_stmt 0 view .LVU255
 992 006e 1360     		str	r3, [r2]
 938:Middlewares/Third_Party/FreeRTOS/Source/timers.c **** /*-----------------------------------------------------------*/
 993              		.loc 1 938 1 view .LVU256
 994 0070 02B0     		add	sp, sp, #8
 995              	.LCFI25:
 996              		.cfi_def_cfa_offset 16
 997              		@ sp needed
 998 0072 70BD     		pop	{r4, r5, r6, pc}
 999              	.L72:
 1000              		.align	2
 1001              	.L71:
 1002 0074 00000000 		.word	pxCurrentTimerList
 1003 0078 00000000 		.word	pxOverflowTimerList
 1004              		.cfi_endproc
 1005              	.LFE22:
 1007              		.section	.text.prvSampleTimeNow,"ax",%progbits
 1008              		.align	1
 1009              		.syntax unified
 1010              		.thumb
 1011              		.thumb_func
 1013              	prvSampleTimeNow:
 1014              	.LVL77:
 1015              	.LFB19:
 671:Middlewares/Third_Party/FreeRTOS/Source/timers.c **** TickType_t xTimeNow;
 1016              		.loc 1 671 1 is_stmt 1 view -0
 1017              		.cfi_startproc
ARM GAS  C:\Users\kalpe\AppData\Local\Temp\cciawLrt.s 			page 43


 1018              		@ args = 0, pretend = 0, frame = 0
 1019              		@ frame_needed = 0, uses_anonymous_args = 0
 671:Middlewares/Third_Party/FreeRTOS/Source/timers.c **** TickType_t xTimeNow;
 1020              		.loc 1 671 1 is_stmt 0 view .LVU258
 1021 0000 38B5     		push	{r3, r4, r5, lr}
 1022              	.LCFI26:
 1023              		.cfi_def_cfa_offset 16
 1024              		.cfi_offset 3, -16
 1025              		.cfi_offset 4, -12
 1026              		.cfi_offset 5, -8
 1027              		.cfi_offset 14, -4
 1028 0002 0546     		mov	r5, r0
 672:Middlewares/Third_Party/FreeRTOS/Source/timers.c **** PRIVILEGED_DATA static TickType_t xLastTime = ( TickType_t ) 0U; /*lint !e956 Variable is only acce
 1029              		.loc 1 672 1 is_stmt 1 view .LVU259
 673:Middlewares/Third_Party/FreeRTOS/Source/timers.c **** 
 1030              		.loc 1 673 17 view .LVU260
 675:Middlewares/Third_Party/FreeRTOS/Source/timers.c **** 
 1031              		.loc 1 675 2 view .LVU261
 675:Middlewares/Third_Party/FreeRTOS/Source/timers.c **** 
 1032              		.loc 1 675 13 is_stmt 0 view .LVU262
 1033 0004 FFF7FEFF 		bl	xTaskGetTickCount
 1034              	.LVL78:
 675:Middlewares/Third_Party/FreeRTOS/Source/timers.c **** 
 1035              		.loc 1 675 13 view .LVU263
 1036 0008 0446     		mov	r4, r0
 1037              	.LVL79:
 677:Middlewares/Third_Party/FreeRTOS/Source/timers.c **** 	{
 1038              		.loc 1 677 2 is_stmt 1 view .LVU264
 677:Middlewares/Third_Party/FreeRTOS/Source/timers.c **** 	{
 1039              		.loc 1 677 15 is_stmt 0 view .LVU265
 1040 000a 074B     		ldr	r3, .L78
 1041 000c 1B68     		ldr	r3, [r3]
 677:Middlewares/Third_Party/FreeRTOS/Source/timers.c **** 	{
 1042              		.loc 1 677 4 view .LVU266
 1043 000e 8342     		cmp	r3, r0
 1044 0010 05D8     		bhi	.L77
 684:Middlewares/Third_Party/FreeRTOS/Source/timers.c **** 	}
 1045              		.loc 1 684 3 is_stmt 1 view .LVU267
 684:Middlewares/Third_Party/FreeRTOS/Source/timers.c **** 	}
 1046              		.loc 1 684 29 is_stmt 0 view .LVU268
 1047 0012 0023     		movs	r3, #0
 1048 0014 2B60     		str	r3, [r5]
 1049              	.LVL80:
 1050              	.L75:
 687:Middlewares/Third_Party/FreeRTOS/Source/timers.c **** 
 1051              		.loc 1 687 2 is_stmt 1 view .LVU269
 687:Middlewares/Third_Party/FreeRTOS/Source/timers.c **** 
 1052              		.loc 1 687 12 is_stmt 0 view .LVU270
 1053 0016 044B     		ldr	r3, .L78
 1054 0018 1C60     		str	r4, [r3]
 689:Middlewares/Third_Party/FreeRTOS/Source/timers.c **** }
 1055              		.loc 1 689 2 is_stmt 1 view .LVU271
 690:Middlewares/Third_Party/FreeRTOS/Source/timers.c **** /*-----------------------------------------------------------*/
 1056              		.loc 1 690 1 is_stmt 0 view .LVU272
 1057 001a 2046     		mov	r0, r4
 1058 001c 38BD     		pop	{r3, r4, r5, pc}
 1059              	.LVL81:
ARM GAS  C:\Users\kalpe\AppData\Local\Temp\cciawLrt.s 			page 44


 1060              	.L77:
 679:Middlewares/Third_Party/FreeRTOS/Source/timers.c **** 		*pxTimerListsWereSwitched = pdTRUE;
 1061              		.loc 1 679 3 is_stmt 1 view .LVU273
 1062 001e FFF7FEFF 		bl	prvSwitchTimerLists
 1063              	.LVL82:
 680:Middlewares/Third_Party/FreeRTOS/Source/timers.c **** 	}
 1064              		.loc 1 680 3 view .LVU274
 680:Middlewares/Third_Party/FreeRTOS/Source/timers.c **** 	}
 1065              		.loc 1 680 29 is_stmt 0 view .LVU275
 1066 0022 0123     		movs	r3, #1
 1067 0024 2B60     		str	r3, [r5]
 1068 0026 F6E7     		b	.L75
 1069              	.L79:
 1070              		.align	2
 1071              	.L78:
 1072 0028 00000000 		.word	xLastTime.2
 1073              		.cfi_endproc
 1074              	.LFE19:
 1076              		.section	.text.prvProcessExpiredTimer,"ax",%progbits
 1077              		.align	1
 1078              		.syntax unified
 1079              		.thumb
 1080              		.thumb_func
 1082              	prvProcessExpiredTimer:
 1083              	.LVL83:
 1084              	.LFB15:
 508:Middlewares/Third_Party/FreeRTOS/Source/timers.c **** BaseType_t xResult;
 1085              		.loc 1 508 1 is_stmt 1 view -0
 1086              		.cfi_startproc
 1087              		@ args = 0, pretend = 0, frame = 0
 1088              		@ frame_needed = 0, uses_anonymous_args = 0
 508:Middlewares/Third_Party/FreeRTOS/Source/timers.c **** BaseType_t xResult;
 1089              		.loc 1 508 1 is_stmt 0 view .LVU277
 1090 0000 70B5     		push	{r4, r5, r6, lr}
 1091              	.LCFI27:
 1092              		.cfi_def_cfa_offset 16
 1093              		.cfi_offset 4, -16
 1094              		.cfi_offset 5, -12
 1095              		.cfi_offset 6, -8
 1096              		.cfi_offset 14, -4
 1097 0002 82B0     		sub	sp, sp, #8
 1098              	.LCFI28:
 1099              		.cfi_def_cfa_offset 24
 1100 0004 0546     		mov	r5, r0
 1101 0006 0E46     		mov	r6, r1
 509:Middlewares/Third_Party/FreeRTOS/Source/timers.c **** Timer_t * const pxTimer = ( Timer_t * ) listGET_OWNER_OF_HEAD_ENTRY( pxCurrentTimerList ); /*lint !
 1102              		.loc 1 509 1 is_stmt 1 view .LVU278
 510:Middlewares/Third_Party/FreeRTOS/Source/timers.c **** 
 1103              		.loc 1 510 1 view .LVU279
 510:Middlewares/Third_Party/FreeRTOS/Source/timers.c **** 
 1104              		.loc 1 510 41 is_stmt 0 view .LVU280
 1105 0008 1749     		ldr	r1, .L86
 1106              	.LVL84:
 510:Middlewares/Third_Party/FreeRTOS/Source/timers.c **** 
 1107              		.loc 1 510 41 view .LVU281
 1108 000a 0968     		ldr	r1, [r1]
 1109 000c C968     		ldr	r1, [r1, #12]
ARM GAS  C:\Users\kalpe\AppData\Local\Temp\cciawLrt.s 			page 45


 510:Middlewares/Third_Party/FreeRTOS/Source/timers.c **** 
 1110              		.loc 1 510 17 view .LVU282
 1111 000e CC68     		ldr	r4, [r1, #12]
 1112              	.LVL85:
 514:Middlewares/Third_Party/FreeRTOS/Source/timers.c **** 	traceTIMER_EXPIRED( pxTimer );
 1113              		.loc 1 514 2 is_stmt 1 view .LVU283
 514:Middlewares/Third_Party/FreeRTOS/Source/timers.c **** 	traceTIMER_EXPIRED( pxTimer );
 1114              		.loc 1 514 11 is_stmt 0 view .LVU284
 1115 0010 201D     		adds	r0, r4, #4
 1116              	.LVL86:
 514:Middlewares/Third_Party/FreeRTOS/Source/timers.c **** 	traceTIMER_EXPIRED( pxTimer );
 1117              		.loc 1 514 11 view .LVU285
 1118 0012 FFF7FEFF 		bl	uxListRemove
 1119              	.LVL87:
 515:Middlewares/Third_Party/FreeRTOS/Source/timers.c **** 
 1120              		.loc 1 515 31 is_stmt 1 view .LVU286
 519:Middlewares/Third_Party/FreeRTOS/Source/timers.c **** 	{
 1121              		.loc 1 519 2 view .LVU287
 519:Middlewares/Third_Party/FreeRTOS/Source/timers.c **** 	{
 1122              		.loc 1 519 15 is_stmt 0 view .LVU288
 1123 0016 94F828C0 		ldrb	ip, [r4, #40]	@ zero_extendqisi2
 519:Middlewares/Third_Party/FreeRTOS/Source/timers.c **** 	{
 1124              		.loc 1 519 4 view .LVU289
 1125 001a 1CF0040F 		tst	ip, #4
 1126 001e 08D1     		bne	.L85
 539:Middlewares/Third_Party/FreeRTOS/Source/timers.c **** 		mtCOVERAGE_TEST_MARKER();
 1127              		.loc 1 539 3 is_stmt 1 view .LVU290
 539:Middlewares/Third_Party/FreeRTOS/Source/timers.c **** 		mtCOVERAGE_TEST_MARKER();
 1128              		.loc 1 539 21 is_stmt 0 view .LVU291
 1129 0020 2CF0010C 		bic	ip, ip, #1
 1130 0024 84F828C0 		strb	ip, [r4, #40]
 1131              	.L82:
 540:Middlewares/Third_Party/FreeRTOS/Source/timers.c **** 	}
 1132              		.loc 1 540 27 is_stmt 1 view .LVU292
 544:Middlewares/Third_Party/FreeRTOS/Source/timers.c **** }
 1133              		.loc 1 544 2 view .LVU293
 544:Middlewares/Third_Party/FreeRTOS/Source/timers.c **** }
 1134              		.loc 1 544 9 is_stmt 0 view .LVU294
 1135 0028 236A     		ldr	r3, [r4, #32]
 544:Middlewares/Third_Party/FreeRTOS/Source/timers.c **** }
 1136              		.loc 1 544 2 view .LVU295
 1137 002a 2046     		mov	r0, r4
 1138 002c 9847     		blx	r3
 1139              	.LVL88:
 545:Middlewares/Third_Party/FreeRTOS/Source/timers.c **** /*-----------------------------------------------------------*/
 1140              		.loc 1 545 1 view .LVU296
 1141 002e 02B0     		add	sp, sp, #8
 1142              	.LCFI29:
 1143              		.cfi_remember_state
 1144              		.cfi_def_cfa_offset 16
 1145              		@ sp needed
 1146 0030 70BD     		pop	{r4, r5, r6, pc}
 1147              	.LVL89:
 1148              	.L85:
 1149              	.LCFI30:
 1150              		.cfi_restore_state
 524:Middlewares/Third_Party/FreeRTOS/Source/timers.c **** 		{
ARM GAS  C:\Users\kalpe\AppData\Local\Temp\cciawLrt.s 			page 46


 1151              		.loc 1 524 3 is_stmt 1 view .LVU297
 524:Middlewares/Third_Party/FreeRTOS/Source/timers.c **** 		{
 1152              		.loc 1 524 71 is_stmt 0 view .LVU298
 1153 0032 A169     		ldr	r1, [r4, #24]
 524:Middlewares/Third_Party/FreeRTOS/Source/timers.c **** 		{
 1154              		.loc 1 524 7 view .LVU299
 1155 0034 2B46     		mov	r3, r5
 1156 0036 3246     		mov	r2, r6
 1157 0038 2944     		add	r1, r1, r5
 1158 003a 2046     		mov	r0, r4
 1159 003c FFF7FEFF 		bl	prvInsertTimerInActiveList
 1160              	.LVL90:
 524:Middlewares/Third_Party/FreeRTOS/Source/timers.c **** 		{
 1161              		.loc 1 524 5 discriminator 1 view .LVU300
 1162 0040 0028     		cmp	r0, #0
 1163 0042 F1D0     		beq	.L82
 528:Middlewares/Third_Party/FreeRTOS/Source/timers.c **** 			configASSERT( xResult );
 1164              		.loc 1 528 4 is_stmt 1 view .LVU301
 528:Middlewares/Third_Party/FreeRTOS/Source/timers.c **** 			configASSERT( xResult );
 1165              		.loc 1 528 14 is_stmt 0 view .LVU302
 1166 0044 0021     		movs	r1, #0
 1167 0046 0091     		str	r1, [sp]
 1168 0048 0B46     		mov	r3, r1
 1169 004a 2A46     		mov	r2, r5
 1170 004c 2046     		mov	r0, r4
 1171 004e FFF7FEFF 		bl	xTimerGenericCommand
 1172              	.LVL91:
 529:Middlewares/Third_Party/FreeRTOS/Source/timers.c **** 			( void ) xResult;
 1173              		.loc 1 529 4 is_stmt 1 view .LVU303
 1174 0052 0028     		cmp	r0, #0
 1175 0054 E8D1     		bne	.L82
 529:Middlewares/Third_Party/FreeRTOS/Source/timers.c **** 			( void ) xResult;
 1176              		.loc 1 529 4 discriminator 1 view .LVU304
 1177              	.LBB60:
 1178              	.LBI60:
 191:Middlewares/Third_Party/FreeRTOS/Source/portable/GCC/ARM_CM4F/portmacro.h **** {
 1179              		.loc 2 191 30 view .LVU305
 1180              	.LBB61:
 193:Middlewares/Third_Party/FreeRTOS/Source/portable/GCC/ARM_CM4F/portmacro.h **** 
 1181              		.loc 2 193 1 view .LVU306
 1182              		.loc 2 195 2 view .LVU307
 1183              		.syntax unified
 1184              	@ 195 "Middlewares/Third_Party/FreeRTOS/Source/portable/GCC/ARM_CM4F/portmacro.h" 1
 1185 0056 4FF05003 			mov r3, #80												
 1186 005a 83F31188 		msr basepri, r3											
 1187 005e BFF36F8F 		isb														
 1188 0062 BFF34F8F 		dsb														
 1189              	
 1190              	@ 0 "" 2
 1191              		.thumb
 1192              		.syntax unified
 1193              	.L83:
 1194              	.LBE61:
 1195              	.LBE60:
 529:Middlewares/Third_Party/FreeRTOS/Source/timers.c **** 			( void ) xResult;
 1196              		.loc 1 529 4 view .LVU308
 1197 0066 FEE7     		b	.L83
ARM GAS  C:\Users\kalpe\AppData\Local\Temp\cciawLrt.s 			page 47


 1198              	.L87:
 1199              		.align	2
 1200              	.L86:
 1201 0068 00000000 		.word	pxCurrentTimerList
 1202              		.cfi_endproc
 1203              	.LFE15:
 1205              		.section	.text.prvProcessTimerOrBlockTask,"ax",%progbits
 1206              		.align	1
 1207              		.syntax unified
 1208              		.thumb
 1209              		.thumb_func
 1211              	prvProcessTimerOrBlockTask:
 1212              	.LVL92:
 1213              	.LFB17:
 585:Middlewares/Third_Party/FreeRTOS/Source/timers.c **** TickType_t xTimeNow;
 1214              		.loc 1 585 1 view -0
 1215              		.cfi_startproc
 1216              		@ args = 0, pretend = 0, frame = 8
 1217              		@ frame_needed = 0, uses_anonymous_args = 0
 585:Middlewares/Third_Party/FreeRTOS/Source/timers.c **** TickType_t xTimeNow;
 1218              		.loc 1 585 1 is_stmt 0 view .LVU310
 1219 0000 70B5     		push	{r4, r5, r6, lr}
 1220              	.LCFI31:
 1221              		.cfi_def_cfa_offset 16
 1222              		.cfi_offset 4, -16
 1223              		.cfi_offset 5, -12
 1224              		.cfi_offset 6, -8
 1225              		.cfi_offset 14, -4
 1226 0002 82B0     		sub	sp, sp, #8
 1227              	.LCFI32:
 1228              		.cfi_def_cfa_offset 24
 1229 0004 0546     		mov	r5, r0
 1230 0006 0C46     		mov	r4, r1
 586:Middlewares/Third_Party/FreeRTOS/Source/timers.c **** BaseType_t xTimerListsWereSwitched;
 1231              		.loc 1 586 1 is_stmt 1 view .LVU311
 587:Middlewares/Third_Party/FreeRTOS/Source/timers.c **** 
 1232              		.loc 1 587 1 view .LVU312
 589:Middlewares/Third_Party/FreeRTOS/Source/timers.c **** 	{
 1233              		.loc 1 589 2 view .LVU313
 1234 0008 FFF7FEFF 		bl	vTaskSuspendAll
 1235              	.LVL93:
 596:Middlewares/Third_Party/FreeRTOS/Source/timers.c **** 		if( xTimerListsWereSwitched == pdFALSE )
 1236              		.loc 1 596 3 view .LVU314
 596:Middlewares/Third_Party/FreeRTOS/Source/timers.c **** 		if( xTimerListsWereSwitched == pdFALSE )
 1237              		.loc 1 596 14 is_stmt 0 view .LVU315
 1238 000c 01A8     		add	r0, sp, #4
 1239 000e FFF7FEFF 		bl	prvSampleTimeNow
 1240              	.LVL94:
 597:Middlewares/Third_Party/FreeRTOS/Source/timers.c **** 		{
 1241              		.loc 1 597 3 is_stmt 1 view .LVU316
 597:Middlewares/Third_Party/FreeRTOS/Source/timers.c **** 		{
 1242              		.loc 1 597 31 is_stmt 0 view .LVU317
 1243 0012 019B     		ldr	r3, [sp, #4]
 597:Middlewares/Third_Party/FreeRTOS/Source/timers.c **** 		{
 1244              		.loc 1 597 5 view .LVU318
 1245 0014 3BBB     		cbnz	r3, .L89
 1246 0016 0646     		mov	r6, r0
ARM GAS  C:\Users\kalpe\AppData\Local\Temp\cciawLrt.s 			page 48


 600:Middlewares/Third_Party/FreeRTOS/Source/timers.c **** 			{
 1247              		.loc 1 600 4 is_stmt 1 view .LVU319
 600:Middlewares/Third_Party/FreeRTOS/Source/timers.c **** 			{
 1248              		.loc 1 600 6 is_stmt 0 view .LVU320
 1249 0018 E4B9     		cbnz	r4, .L90
 600:Middlewares/Third_Party/FreeRTOS/Source/timers.c **** 			{
 1250              		.loc 1 600 37 discriminator 1 view .LVU321
 1251 001a A842     		cmp	r0, r5
 1252 001c 13D2     		bcs	.L95
 1253              	.LVL95:
 1254              	.L91:
 620:Middlewares/Third_Party/FreeRTOS/Source/timers.c **** 
 1255              		.loc 1 620 5 is_stmt 1 view .LVU322
 1256 001e 2246     		mov	r2, r4
 1257 0020 A91B     		subs	r1, r5, r6
 1258 0022 134B     		ldr	r3, .L96
 1259 0024 1868     		ldr	r0, [r3]
 1260              	.LVL96:
 620:Middlewares/Third_Party/FreeRTOS/Source/timers.c **** 
 1261              		.loc 1 620 5 is_stmt 0 view .LVU323
 1262 0026 FFF7FEFF 		bl	vQueueWaitForMessageRestricted
 1263              	.LVL97:
 622:Middlewares/Third_Party/FreeRTOS/Source/timers.c **** 				{
 1264              		.loc 1 622 5 is_stmt 1 view .LVU324
 622:Middlewares/Third_Party/FreeRTOS/Source/timers.c **** 				{
 1265              		.loc 1 622 9 is_stmt 0 view .LVU325
 1266 002a FFF7FEFF 		bl	xTaskResumeAll
 1267              	.LVL98:
 622:Middlewares/Third_Party/FreeRTOS/Source/timers.c **** 				{
 1268              		.loc 1 622 7 discriminator 1 view .LVU326
 1269 002e E0B9     		cbnz	r0, .L88
 628:Middlewares/Third_Party/FreeRTOS/Source/timers.c **** 				}
 1270              		.loc 1 628 6 is_stmt 1 view .LVU327
 1271 0030 4FF0E023 		mov	r3, #-536813568
 1272 0034 4FF08052 		mov	r2, #268435456
 1273 0038 C3F8042D 		str	r2, [r3, #3332]
 628:Middlewares/Third_Party/FreeRTOS/Source/timers.c **** 				}
 1274              		.loc 1 628 6 view .LVU328
 1275              		.syntax unified
 1276              	@ 628 "Middlewares/Third_Party/FreeRTOS/Source/timers.c" 1
 1277 003c BFF34F8F 		dsb
 1278              	@ 0 "" 2
 628:Middlewares/Third_Party/FreeRTOS/Source/timers.c **** 				}
 1279              		.loc 1 628 6 view .LVU329
 1280              	@ 628 "Middlewares/Third_Party/FreeRTOS/Source/timers.c" 1
 1281 0040 BFF36F8F 		isb
 1282              	@ 0 "" 2
 628:Middlewares/Third_Party/FreeRTOS/Source/timers.c **** 				}
 1283              		.loc 1 628 28 view .LVU330
 1284              		.thumb
 1285              		.syntax unified
 1286 0044 11E0     		b	.L88
 1287              	.LVL99:
 1288              	.L95:
 602:Middlewares/Third_Party/FreeRTOS/Source/timers.c **** 				prvProcessExpiredTimer( xNextExpireTime, xTimeNow );
 1289              		.loc 1 602 5 view .LVU331
 602:Middlewares/Third_Party/FreeRTOS/Source/timers.c **** 				prvProcessExpiredTimer( xNextExpireTime, xTimeNow );
ARM GAS  C:\Users\kalpe\AppData\Local\Temp\cciawLrt.s 			page 49


 1290              		.loc 1 602 14 is_stmt 0 view .LVU332
 1291 0046 FFF7FEFF 		bl	xTaskResumeAll
 1292              	.LVL100:
 603:Middlewares/Third_Party/FreeRTOS/Source/timers.c **** 			}
 1293              		.loc 1 603 5 is_stmt 1 view .LVU333
 1294 004a 3146     		mov	r1, r6
 1295 004c 2846     		mov	r0, r5
 1296 004e FFF7FEFF 		bl	prvProcessExpiredTimer
 1297              	.LVL101:
 1298 0052 0AE0     		b	.L88
 1299              	.LVL102:
 1300              	.L90:
 617:Middlewares/Third_Party/FreeRTOS/Source/timers.c **** 				}
 1301              		.loc 1 617 6 view .LVU334
 617:Middlewares/Third_Party/FreeRTOS/Source/timers.c **** 				}
 1302              		.loc 1 617 22 is_stmt 0 view .LVU335
 1303 0054 074A     		ldr	r2, .L96+4
 1304 0056 1268     		ldr	r2, [r2]
 1305 0058 1268     		ldr	r2, [r2]
 1306 005a 12B9     		cbnz	r2, .L93
 617:Middlewares/Third_Party/FreeRTOS/Source/timers.c **** 				}
 1307              		.loc 1 617 20 discriminator 1 view .LVU336
 1308 005c 0123     		movs	r3, #1
 1309 005e 1C46     		mov	r4, r3
 1310              	.LVL103:
 617:Middlewares/Third_Party/FreeRTOS/Source/timers.c **** 				}
 1311              		.loc 1 617 20 discriminator 1 view .LVU337
 1312 0060 DDE7     		b	.L91
 1313              	.LVL104:
 1314              	.L93:
 617:Middlewares/Third_Party/FreeRTOS/Source/timers.c **** 				}
 1315              		.loc 1 617 20 discriminator 2 view .LVU338
 1316 0062 1C46     		mov	r4, r3
 1317              	.LVL105:
 617:Middlewares/Third_Party/FreeRTOS/Source/timers.c **** 				}
 1318              		.loc 1 617 20 discriminator 2 view .LVU339
 1319 0064 DBE7     		b	.L91
 1320              	.LVL106:
 1321              	.L89:
 638:Middlewares/Third_Party/FreeRTOS/Source/timers.c **** 		}
 1322              		.loc 1 638 4 is_stmt 1 view .LVU340
 638:Middlewares/Third_Party/FreeRTOS/Source/timers.c **** 		}
 1323              		.loc 1 638 13 is_stmt 0 view .LVU341
 1324 0066 FFF7FEFF 		bl	xTaskResumeAll
 1325              	.LVL107:
 1326              	.L88:
 641:Middlewares/Third_Party/FreeRTOS/Source/timers.c **** /*-----------------------------------------------------------*/
 1327              		.loc 1 641 1 view .LVU342
 1328 006a 02B0     		add	sp, sp, #8
 1329              	.LCFI33:
 1330              		.cfi_def_cfa_offset 16
 1331              		@ sp needed
 1332 006c 70BD     		pop	{r4, r5, r6, pc}
 1333              	.LVL108:
 1334              	.L97:
 641:Middlewares/Third_Party/FreeRTOS/Source/timers.c **** /*-----------------------------------------------------------*/
 1335              		.loc 1 641 1 view .LVU343
ARM GAS  C:\Users\kalpe\AppData\Local\Temp\cciawLrt.s 			page 50


 1336 006e 00BF     		.align	2
 1337              	.L96:
 1338 0070 00000000 		.word	xTimerQueue
 1339 0074 00000000 		.word	pxOverflowTimerList
 1340              		.cfi_endproc
 1341              	.LFE17:
 1343              		.section	.text.prvProcessReceivedCommands,"ax",%progbits
 1344              		.align	1
 1345              		.syntax unified
 1346              		.thumb
 1347              		.thumb_func
 1349              	prvProcessReceivedCommands:
 1350              	.LFB21:
 735:Middlewares/Third_Party/FreeRTOS/Source/timers.c **** DaemonTaskMessage_t xMessage;
 1351              		.loc 1 735 1 is_stmt 1 view -0
 1352              		.cfi_startproc
 1353              		@ args = 0, pretend = 0, frame = 24
 1354              		@ frame_needed = 0, uses_anonymous_args = 0
 1355 0000 10B5     		push	{r4, lr}
 1356              	.LCFI34:
 1357              		.cfi_def_cfa_offset 8
 1358              		.cfi_offset 4, -8
 1359              		.cfi_offset 14, -4
 1360 0002 88B0     		sub	sp, sp, #32
 1361              	.LCFI35:
 1362              		.cfi_def_cfa_offset 40
 736:Middlewares/Third_Party/FreeRTOS/Source/timers.c **** Timer_t *pxTimer;
 1363              		.loc 1 736 1 view .LVU345
 737:Middlewares/Third_Party/FreeRTOS/Source/timers.c **** BaseType_t xTimerListsWereSwitched, xResult;
 1364              		.loc 1 737 1 view .LVU346
 738:Middlewares/Third_Party/FreeRTOS/Source/timers.c **** TickType_t xTimeNow;
 1365              		.loc 1 738 1 view .LVU347
 739:Middlewares/Third_Party/FreeRTOS/Source/timers.c **** 
 1366              		.loc 1 739 1 view .LVU348
 741:Middlewares/Third_Party/FreeRTOS/Source/timers.c **** 	{
 1367              		.loc 1 741 2 view .LVU349
 741:Middlewares/Third_Party/FreeRTOS/Source/timers.c **** 	{
 1368              		.loc 1 741 7 is_stmt 0 view .LVU350
 1369 0004 02E0     		b	.L101
 1370              	.L100:
 760:Middlewares/Third_Party/FreeRTOS/Source/timers.c **** 			}
 1371              		.loc 1 760 29 is_stmt 1 view .LVU351
 767:Middlewares/Third_Party/FreeRTOS/Source/timers.c **** 		{
 1372              		.loc 1 767 3 view .LVU352
 767:Middlewares/Third_Party/FreeRTOS/Source/timers.c **** 		{
 1373              		.loc 1 767 15 is_stmt 0 view .LVU353
 1374 0006 049B     		ldr	r3, [sp, #16]
 767:Middlewares/Third_Party/FreeRTOS/Source/timers.c **** 		{
 1375              		.loc 1 767 5 view .LVU354
 1376 0008 002B     		cmp	r3, #0
 1377 000a 0FDA     		bge	.L118
 1378              	.L101:
 741:Middlewares/Third_Party/FreeRTOS/Source/timers.c **** 	{
 1379              		.loc 1 741 62 is_stmt 1 view .LVU355
 741:Middlewares/Third_Party/FreeRTOS/Source/timers.c **** 	{
 1380              		.loc 1 741 9 is_stmt 0 view .LVU356
 1381 000c 0022     		movs	r2, #0
ARM GAS  C:\Users\kalpe\AppData\Local\Temp\cciawLrt.s 			page 51


 1382 000e 04A9     		add	r1, sp, #16
 1383 0010 434B     		ldr	r3, .L122
 1384 0012 1868     		ldr	r0, [r3]
 1385 0014 FFF7FEFF 		bl	xQueueReceive
 1386              	.LVL109:
 741:Middlewares/Third_Party/FreeRTOS/Source/timers.c **** 	{
 1387              		.loc 1 741 62 discriminator 1 view .LVU357
 1388 0018 0028     		cmp	r0, #0
 1389 001a 7ED0     		beq	.L119
 747:Middlewares/Third_Party/FreeRTOS/Source/timers.c **** 			{
 1390              		.loc 1 747 4 is_stmt 1 view .LVU358
 747:Middlewares/Third_Party/FreeRTOS/Source/timers.c **** 			{
 1391              		.loc 1 747 16 is_stmt 0 view .LVU359
 1392 001c 049B     		ldr	r3, [sp, #16]
 747:Middlewares/Third_Party/FreeRTOS/Source/timers.c **** 			{
 1393              		.loc 1 747 6 view .LVU360
 1394 001e 002B     		cmp	r3, #0
 1395 0020 F1DA     		bge	.L100
 1396              	.LBB62:
 749:Middlewares/Third_Party/FreeRTOS/Source/timers.c **** 
 1397              		.loc 1 749 5 is_stmt 1 view .LVU361
 1398              	.LVL110:
 753:Middlewares/Third_Party/FreeRTOS/Source/timers.c **** 
 1399              		.loc 1 753 5 view .LVU362
 753:Middlewares/Third_Party/FreeRTOS/Source/timers.c **** 
 1400              		.loc 1 753 31 view .LVU363
 756:Middlewares/Third_Party/FreeRTOS/Source/timers.c **** 			}
 1401              		.loc 1 756 5 view .LVU364
 1402 0022 0799     		ldr	r1, [sp, #28]
 1403 0024 0698     		ldr	r0, [sp, #24]
 1404 0026 059B     		ldr	r3, [sp, #20]
 1405 0028 9847     		blx	r3
 1406              	.LVL111:
 1407              	.LBE62:
 1408 002a ECE7     		b	.L100
 1409              	.LVL112:
 1410              	.L118:
 771:Middlewares/Third_Party/FreeRTOS/Source/timers.c **** 
 1411              		.loc 1 771 4 view .LVU365
 771:Middlewares/Third_Party/FreeRTOS/Source/timers.c **** 
 1412              		.loc 1 771 12 is_stmt 0 view .LVU366
 1413 002c 069C     		ldr	r4, [sp, #24]
 1414              	.LVL113:
 773:Middlewares/Third_Party/FreeRTOS/Source/timers.c **** 			{
 1415              		.loc 1 773 4 is_stmt 1 view .LVU367
 773:Middlewares/Third_Party/FreeRTOS/Source/timers.c **** 			{
 1416              		.loc 1 773 8 is_stmt 0 view .LVU368
 1417 002e 6369     		ldr	r3, [r4, #20]
 773:Middlewares/Third_Party/FreeRTOS/Source/timers.c **** 			{
 1418              		.loc 1 773 6 view .LVU369
 1419 0030 13B1     		cbz	r3, .L102
 776:Middlewares/Third_Party/FreeRTOS/Source/timers.c **** 			}
 1420              		.loc 1 776 5 is_stmt 1 view .LVU370
 776:Middlewares/Third_Party/FreeRTOS/Source/timers.c **** 			}
 1421              		.loc 1 776 14 is_stmt 0 view .LVU371
 1422 0032 201D     		adds	r0, r4, #4
 1423 0034 FFF7FEFF 		bl	uxListRemove
ARM GAS  C:\Users\kalpe\AppData\Local\Temp\cciawLrt.s 			page 52


 1424              	.LVL114:
 1425              	.L102:
 780:Middlewares/Third_Party/FreeRTOS/Source/timers.c **** 			}
 1426              		.loc 1 780 29 is_stmt 1 view .LVU372
 783:Middlewares/Third_Party/FreeRTOS/Source/timers.c **** 
 1427              		.loc 1 783 106 view .LVU373
 791:Middlewares/Third_Party/FreeRTOS/Source/timers.c **** 
 1428              		.loc 1 791 4 view .LVU374
 791:Middlewares/Third_Party/FreeRTOS/Source/timers.c **** 
 1429              		.loc 1 791 15 is_stmt 0 view .LVU375
 1430 0038 03A8     		add	r0, sp, #12
 1431 003a FFF7FEFF 		bl	prvSampleTimeNow
 1432              	.LVL115:
 793:Middlewares/Third_Party/FreeRTOS/Source/timers.c **** 			{
 1433              		.loc 1 793 4 is_stmt 1 view .LVU376
 793:Middlewares/Third_Party/FreeRTOS/Source/timers.c **** 			{
 1434              		.loc 1 793 20 is_stmt 0 view .LVU377
 1435 003e 049B     		ldr	r3, [sp, #16]
 793:Middlewares/Third_Party/FreeRTOS/Source/timers.c **** 			{
 1436              		.loc 1 793 4 view .LVU378
 1437 0040 052B     		cmp	r3, #5
 1438 0042 5CD0     		beq	.L103
 1439 0044 41DC     		bgt	.L104
 1440 0046 032B     		cmp	r3, #3
 1441 0048 49D0     		beq	.L105
 1442 004a 2CDC     		bgt	.L106
 1443 004c 022B     		cmp	r3, #2
 1444 004e DDD8     		bhi	.L101
 1445              	.L108:
 801:Middlewares/Third_Party/FreeRTOS/Source/timers.c **** 					if( prvInsertTimerInActiveList( pxTimer,  xMessage.u.xTimerParameters.xMessageValue + pxTimer-
 1446              		.loc 1 801 6 is_stmt 1 view .LVU379
 801:Middlewares/Third_Party/FreeRTOS/Source/timers.c **** 					if( prvInsertTimerInActiveList( pxTimer,  xMessage.u.xTimerParameters.xMessageValue + pxTimer-
 1447              		.loc 1 801 13 is_stmt 0 view .LVU380
 1448 0050 94F82830 		ldrb	r3, [r4, #40]	@ zero_extendqisi2
 801:Middlewares/Third_Party/FreeRTOS/Source/timers.c **** 					if( prvInsertTimerInActiveList( pxTimer,  xMessage.u.xTimerParameters.xMessageValue + pxTimer-
 1449              		.loc 1 801 24 view .LVU381
 1450 0054 43F00103 		orr	r3, r3, #1
 1451 0058 84F82830 		strb	r3, [r4, #40]
 802:Middlewares/Third_Party/FreeRTOS/Source/timers.c **** 					{
 1452              		.loc 1 802 6 is_stmt 1 view .LVU382
 802:Middlewares/Third_Party/FreeRTOS/Source/timers.c **** 					{
 1453              		.loc 1 802 75 is_stmt 0 view .LVU383
 1454 005c 059B     		ldr	r3, [sp, #20]
 802:Middlewares/Third_Party/FreeRTOS/Source/timers.c **** 					{
 1455              		.loc 1 802 99 view .LVU384
 1456 005e A169     		ldr	r1, [r4, #24]
 802:Middlewares/Third_Party/FreeRTOS/Source/timers.c **** 					{
 1457              		.loc 1 802 10 view .LVU385
 1458 0060 0246     		mov	r2, r0
 1459 0062 1944     		add	r1, r1, r3
 1460 0064 2046     		mov	r0, r4
 1461              	.LVL116:
 802:Middlewares/Third_Party/FreeRTOS/Source/timers.c **** 					{
 1462              		.loc 1 802 10 view .LVU386
 1463 0066 FFF7FEFF 		bl	prvInsertTimerInActiveList
 1464              	.LVL117:
 802:Middlewares/Third_Party/FreeRTOS/Source/timers.c **** 					{
ARM GAS  C:\Users\kalpe\AppData\Local\Temp\cciawLrt.s 			page 53


 1465              		.loc 1 802 8 discriminator 1 view .LVU387
 1466 006a 0028     		cmp	r0, #0
 1467 006c CED0     		beq	.L101
 806:Middlewares/Third_Party/FreeRTOS/Source/timers.c **** 						traceTIMER_EXPIRED( pxTimer );
 1468              		.loc 1 806 7 is_stmt 1 view .LVU388
 806:Middlewares/Third_Party/FreeRTOS/Source/timers.c **** 						traceTIMER_EXPIRED( pxTimer );
 1469              		.loc 1 806 14 is_stmt 0 view .LVU389
 1470 006e 236A     		ldr	r3, [r4, #32]
 806:Middlewares/Third_Party/FreeRTOS/Source/timers.c **** 						traceTIMER_EXPIRED( pxTimer );
 1471              		.loc 1 806 7 view .LVU390
 1472 0070 2046     		mov	r0, r4
 1473 0072 9847     		blx	r3
 1474              	.LVL118:
 807:Middlewares/Third_Party/FreeRTOS/Source/timers.c **** 
 1475              		.loc 1 807 36 is_stmt 1 view .LVU391
 809:Middlewares/Third_Party/FreeRTOS/Source/timers.c **** 						{
 1476              		.loc 1 809 7 view .LVU392
 809:Middlewares/Third_Party/FreeRTOS/Source/timers.c **** 						{
 1477              		.loc 1 809 20 is_stmt 0 view .LVU393
 1478 0074 94F82830 		ldrb	r3, [r4, #40]	@ zero_extendqisi2
 809:Middlewares/Third_Party/FreeRTOS/Source/timers.c **** 						{
 1479              		.loc 1 809 9 view .LVU394
 1480 0078 13F0040F 		tst	r3, #4
 1481 007c C6D0     		beq	.L101
 811:Middlewares/Third_Party/FreeRTOS/Source/timers.c **** 							configASSERT( xResult );
 1482              		.loc 1 811 8 is_stmt 1 view .LVU395
 811:Middlewares/Third_Party/FreeRTOS/Source/timers.c **** 							configASSERT( xResult );
 1483              		.loc 1 811 129 is_stmt 0 view .LVU396
 1484 007e A269     		ldr	r2, [r4, #24]
 811:Middlewares/Third_Party/FreeRTOS/Source/timers.c **** 							configASSERT( xResult );
 1485              		.loc 1 811 18 view .LVU397
 1486 0080 0021     		movs	r1, #0
 1487 0082 0091     		str	r1, [sp]
 1488 0084 0B46     		mov	r3, r1
 1489 0086 0598     		ldr	r0, [sp, #20]
 1490 0088 0244     		add	r2, r2, r0
 1491 008a 2046     		mov	r0, r4
 1492 008c FFF7FEFF 		bl	xTimerGenericCommand
 1493              	.LVL119:
 812:Middlewares/Third_Party/FreeRTOS/Source/timers.c **** 							( void ) xResult;
 1494              		.loc 1 812 8 is_stmt 1 view .LVU398
 1495 0090 0028     		cmp	r0, #0
 1496 0092 BBD1     		bne	.L101
 812:Middlewares/Third_Party/FreeRTOS/Source/timers.c **** 							( void ) xResult;
 1497              		.loc 1 812 8 discriminator 1 view .LVU399
 1498              	.LBB63:
 1499              	.LBI63:
 191:Middlewares/Third_Party/FreeRTOS/Source/portable/GCC/ARM_CM4F/portmacro.h **** {
 1500              		.loc 2 191 30 view .LVU400
 1501              	.LBB64:
 193:Middlewares/Third_Party/FreeRTOS/Source/portable/GCC/ARM_CM4F/portmacro.h **** 
 1502              		.loc 2 193 1 view .LVU401
 1503              		.loc 2 195 2 view .LVU402
 1504              		.syntax unified
 1505              	@ 195 "Middlewares/Third_Party/FreeRTOS/Source/portable/GCC/ARM_CM4F/portmacro.h" 1
 1506 0094 4FF05003 			mov r3, #80												
 1507 0098 83F31188 		msr basepri, r3											
ARM GAS  C:\Users\kalpe\AppData\Local\Temp\cciawLrt.s 			page 54


 1508 009c BFF36F8F 		isb														
 1509 00a0 BFF34F8F 		dsb														
 1510              	
 1511              	@ 0 "" 2
 1512              		.thumb
 1513              		.syntax unified
 1514              	.L112:
 1515              	.LBE64:
 1516              	.LBE63:
 812:Middlewares/Third_Party/FreeRTOS/Source/timers.c **** 							( void ) xResult;
 1517              		.loc 1 812 8 view .LVU403
 1518 00a4 FEE7     		b	.L112
 1519              	.LVL120:
 1520              	.L106:
 793:Middlewares/Third_Party/FreeRTOS/Source/timers.c **** 			{
 1521              		.loc 1 793 4 is_stmt 0 view .LVU404
 1522 00a6 042B     		cmp	r3, #4
 1523 00a8 B0D1     		bne	.L101
 1524              	.L109:
 834:Middlewares/Third_Party/FreeRTOS/Source/timers.c **** 					pxTimer->xTimerPeriodInTicks = xMessage.u.xTimerParameters.xMessageValue;
 1525              		.loc 1 834 6 is_stmt 1 view .LVU405
 834:Middlewares/Third_Party/FreeRTOS/Source/timers.c **** 					pxTimer->xTimerPeriodInTicks = xMessage.u.xTimerParameters.xMessageValue;
 1526              		.loc 1 834 13 is_stmt 0 view .LVU406
 1527 00aa 94F82830 		ldrb	r3, [r4, #40]	@ zero_extendqisi2
 834:Middlewares/Third_Party/FreeRTOS/Source/timers.c **** 					pxTimer->xTimerPeriodInTicks = xMessage.u.xTimerParameters.xMessageValue;
 1528              		.loc 1 834 24 view .LVU407
 1529 00ae 43F00103 		orr	r3, r3, #1
 1530 00b2 84F82830 		strb	r3, [r4, #40]
 835:Middlewares/Third_Party/FreeRTOS/Source/timers.c **** 					configASSERT( ( pxTimer->xTimerPeriodInTicks > 0 ) );
 1531              		.loc 1 835 6 is_stmt 1 view .LVU408
 835:Middlewares/Third_Party/FreeRTOS/Source/timers.c **** 					configASSERT( ( pxTimer->xTimerPeriodInTicks > 0 ) );
 1532              		.loc 1 835 64 is_stmt 0 view .LVU409
 1533 00b6 0599     		ldr	r1, [sp, #20]
 835:Middlewares/Third_Party/FreeRTOS/Source/timers.c **** 					configASSERT( ( pxTimer->xTimerPeriodInTicks > 0 ) );
 1534              		.loc 1 835 35 view .LVU410
 1535 00b8 A161     		str	r1, [r4, #24]
 836:Middlewares/Third_Party/FreeRTOS/Source/timers.c **** 
 1536              		.loc 1 836 6 is_stmt 1 view .LVU411
 1537 00ba B9B1     		cbz	r1, .L120
 836:Middlewares/Third_Party/FreeRTOS/Source/timers.c **** 
 1538              		.loc 1 836 58 view .LVU412
 844:Middlewares/Third_Party/FreeRTOS/Source/timers.c **** 					break;
 1539              		.loc 1 844 6 view .LVU413
 844:Middlewares/Third_Party/FreeRTOS/Source/timers.c **** 					break;
 1540              		.loc 1 844 15 is_stmt 0 view .LVU414
 1541 00bc 0346     		mov	r3, r0
 1542 00be 0246     		mov	r2, r0
 1543 00c0 0144     		add	r1, r1, r0
 1544 00c2 2046     		mov	r0, r4
 1545              	.LVL121:
 844:Middlewares/Third_Party/FreeRTOS/Source/timers.c **** 					break;
 1546              		.loc 1 844 15 view .LVU415
 1547 00c4 FFF7FEFF 		bl	prvInsertTimerInActiveList
 1548              	.LVL122:
 845:Middlewares/Third_Party/FreeRTOS/Source/timers.c **** 
 1549              		.loc 1 845 6 is_stmt 1 view .LVU416
 1550 00c8 A0E7     		b	.L101
ARM GAS  C:\Users\kalpe\AppData\Local\Temp\cciawLrt.s 			page 55


 1551              	.LVL123:
 1552              	.L104:
 793:Middlewares/Third_Party/FreeRTOS/Source/timers.c **** 			{
 1553              		.loc 1 793 4 is_stmt 0 view .LVU417
 1554 00ca 082B     		cmp	r3, #8
 1555 00cc 07D0     		beq	.L105
 1556 00ce 03DC     		bgt	.L110
 1557 00d0 063B     		subs	r3, r3, #6
 1558 00d2 012B     		cmp	r3, #1
 1559 00d4 BCD9     		bls	.L108
 1560 00d6 99E7     		b	.L101
 1561              	.L110:
 1562 00d8 092B     		cmp	r3, #9
 1563 00da E6D0     		beq	.L109
 1564 00dc 96E7     		b	.L101
 1565              	.L105:
 829:Middlewares/Third_Party/FreeRTOS/Source/timers.c **** 					break;
 1566              		.loc 1 829 6 is_stmt 1 view .LVU418
 829:Middlewares/Third_Party/FreeRTOS/Source/timers.c **** 					break;
 1567              		.loc 1 829 13 is_stmt 0 view .LVU419
 1568 00de 94F82830 		ldrb	r3, [r4, #40]	@ zero_extendqisi2
 829:Middlewares/Third_Party/FreeRTOS/Source/timers.c **** 					break;
 1569              		.loc 1 829 24 view .LVU420
 1570 00e2 23F00103 		bic	r3, r3, #1
 1571 00e6 84F82830 		strb	r3, [r4, #40]
 830:Middlewares/Third_Party/FreeRTOS/Source/timers.c **** 
 1572              		.loc 1 830 6 is_stmt 1 view .LVU421
 1573 00ea 8FE7     		b	.L101
 1574              	.L120:
 836:Middlewares/Third_Party/FreeRTOS/Source/timers.c **** 
 1575              		.loc 1 836 6 discriminator 1 view .LVU422
 1576              	.LBB65:
 1577              	.LBI65:
 191:Middlewares/Third_Party/FreeRTOS/Source/portable/GCC/ARM_CM4F/portmacro.h **** {
 1578              		.loc 2 191 30 view .LVU423
 1579              	.LBB66:
 193:Middlewares/Third_Party/FreeRTOS/Source/portable/GCC/ARM_CM4F/portmacro.h **** 
 1580              		.loc 2 193 1 view .LVU424
 1581              		.loc 2 195 2 view .LVU425
 1582              		.syntax unified
 1583              	@ 195 "Middlewares/Third_Party/FreeRTOS/Source/portable/GCC/ARM_CM4F/portmacro.h" 1
 1584 00ec 4FF05003 			mov r3, #80												
 1585 00f0 83F31188 		msr basepri, r3											
 1586 00f4 BFF36F8F 		isb														
 1587 00f8 BFF34F8F 		dsb														
 1588              	
 1589              	@ 0 "" 2
 1590              		.thumb
 1591              		.syntax unified
 1592              	.L114:
 1593              	.LBE66:
 1594              	.LBE65:
 836:Middlewares/Third_Party/FreeRTOS/Source/timers.c **** 
 1595              		.loc 1 836 6 view .LVU426
 1596 00fc FEE7     		b	.L114
 1597              	.L103:
 853:Middlewares/Third_Party/FreeRTOS/Source/timers.c **** 						{
ARM GAS  C:\Users\kalpe\AppData\Local\Temp\cciawLrt.s 			page 56


 1598              		.loc 1 853 7 view .LVU427
 853:Middlewares/Third_Party/FreeRTOS/Source/timers.c **** 						{
 1599              		.loc 1 853 20 is_stmt 0 view .LVU428
 1600 00fe 94F82830 		ldrb	r3, [r4, #40]	@ zero_extendqisi2
 853:Middlewares/Third_Party/FreeRTOS/Source/timers.c **** 						{
 1601              		.loc 1 853 9 view .LVU429
 1602 0102 13F0020F 		tst	r3, #2
 1603 0106 04D0     		beq	.L121
 859:Middlewares/Third_Party/FreeRTOS/Source/timers.c **** 						}
 1604              		.loc 1 859 8 is_stmt 1 view .LVU430
 859:Middlewares/Third_Party/FreeRTOS/Source/timers.c **** 						}
 1605              		.loc 1 859 26 is_stmt 0 view .LVU431
 1606 0108 23F00103 		bic	r3, r3, #1
 1607 010c 84F82830 		strb	r3, [r4, #40]
 1608 0110 7CE7     		b	.L101
 1609              	.L121:
 855:Middlewares/Third_Party/FreeRTOS/Source/timers.c **** 						}
 1610              		.loc 1 855 8 is_stmt 1 view .LVU432
 1611 0112 2046     		mov	r0, r4
 1612              	.LVL124:
 855:Middlewares/Third_Party/FreeRTOS/Source/timers.c **** 						}
 1613              		.loc 1 855 8 is_stmt 0 view .LVU433
 1614 0114 FFF7FEFF 		bl	vPortFree
 1615              	.LVL125:
 1616 0118 78E7     		b	.L101
 1617              	.LVL126:
 1618              	.L119:
 879:Middlewares/Third_Party/FreeRTOS/Source/timers.c **** /*-----------------------------------------------------------*/
 1619              		.loc 1 879 1 view .LVU434
 1620 011a 08B0     		add	sp, sp, #32
 1621              	.LCFI36:
 1622              		.cfi_def_cfa_offset 8
 1623              		@ sp needed
 1624 011c 10BD     		pop	{r4, pc}
 1625              	.L123:
 1626 011e 00BF     		.align	2
 1627              	.L122:
 1628 0120 00000000 		.word	xTimerQueue
 1629              		.cfi_endproc
 1630              	.LFE21:
 1632              		.section	.text.prvTimerTask,"ax",%progbits
 1633              		.align	1
 1634              		.syntax unified
 1635              		.thumb
 1636              		.thumb_func
 1638              	prvTimerTask:
 1639              	.LFB16:
 549:Middlewares/Third_Party/FreeRTOS/Source/timers.c **** TickType_t xNextExpireTime;
 1640              		.loc 1 549 1 is_stmt 1 view -0
 1641              		.cfi_startproc
 1642              		@ args = 0, pretend = 0, frame = 8
 1643              		@ frame_needed = 0, uses_anonymous_args = 0
 1644              	.LVL127:
 549:Middlewares/Third_Party/FreeRTOS/Source/timers.c **** TickType_t xNextExpireTime;
 1645              		.loc 1 549 1 is_stmt 0 view .LVU436
 1646 0000 00B5     		push	{lr}
 1647              	.LCFI37:
ARM GAS  C:\Users\kalpe\AppData\Local\Temp\cciawLrt.s 			page 57


 1648              		.cfi_def_cfa_offset 4
 1649              		.cfi_offset 14, -4
 1650 0002 83B0     		sub	sp, sp, #12
 1651              	.LCFI38:
 1652              		.cfi_def_cfa_offset 16
 1653              	.LVL128:
 1654              	.L125:
 550:Middlewares/Third_Party/FreeRTOS/Source/timers.c **** BaseType_t xListWasEmpty;
 1655              		.loc 1 550 1 is_stmt 1 view .LVU437
 551:Middlewares/Third_Party/FreeRTOS/Source/timers.c **** 
 1656              		.loc 1 551 1 view .LVU438
 554:Middlewares/Third_Party/FreeRTOS/Source/timers.c **** 
 1657              		.loc 1 554 2 view .LVU439
 568:Middlewares/Third_Party/FreeRTOS/Source/timers.c **** 	{
 1658              		.loc 1 568 2 view .LVU440
 572:Middlewares/Third_Party/FreeRTOS/Source/timers.c **** 
 1659              		.loc 1 572 3 view .LVU441
 572:Middlewares/Third_Party/FreeRTOS/Source/timers.c **** 
 1660              		.loc 1 572 21 is_stmt 0 view .LVU442
 1661 0004 01A8     		add	r0, sp, #4
 1662 0006 FFF7FEFF 		bl	prvGetNextExpireTime
 1663              	.LVL129:
 576:Middlewares/Third_Party/FreeRTOS/Source/timers.c **** 
 1664              		.loc 1 576 3 is_stmt 1 view .LVU443
 1665 000a 0199     		ldr	r1, [sp, #4]
 1666 000c FFF7FEFF 		bl	prvProcessTimerOrBlockTask
 1667              	.LVL130:
 579:Middlewares/Third_Party/FreeRTOS/Source/timers.c **** 	}
 1668              		.loc 1 579 3 discriminator 2 view .LVU444
 1669 0010 FFF7FEFF 		bl	prvProcessReceivedCommands
 1670              	.LVL131:
 568:Middlewares/Third_Party/FreeRTOS/Source/timers.c **** 	{
 1671              		.loc 1 568 2 view .LVU445
 1672 0014 F6E7     		b	.L125
 1673              		.cfi_endproc
 1674              	.LFE16:
 1676              		.section	.text.xTimerGetTimerDaemonTaskHandle,"ax",%progbits
 1677              		.align	1
 1678              		.global	xTimerGetTimerDaemonTaskHandle
 1679              		.syntax unified
 1680              		.thumb
 1681              		.thumb_func
 1683              	xTimerGetTimerDaemonTaskHandle:
 1684              	.LFB9:
 425:Middlewares/Third_Party/FreeRTOS/Source/timers.c **** 	/* If xTimerGetTimerDaemonTaskHandle() is called before the scheduler has been
 1685              		.loc 1 425 1 view -0
 1686              		.cfi_startproc
 1687              		@ args = 0, pretend = 0, frame = 0
 1688              		@ frame_needed = 0, uses_anonymous_args = 0
 1689              		@ link register save eliminated.
 428:Middlewares/Third_Party/FreeRTOS/Source/timers.c **** 	return xTimerTaskHandle;
 1690              		.loc 1 428 2 view .LVU447
 1691 0000 064B     		ldr	r3, .L131
 1692 0002 1868     		ldr	r0, [r3]
 1693 0004 00B1     		cbz	r0, .L130
 430:Middlewares/Third_Party/FreeRTOS/Source/timers.c **** /*-----------------------------------------------------------*/
 1694              		.loc 1 430 1 is_stmt 0 view .LVU448
ARM GAS  C:\Users\kalpe\AppData\Local\Temp\cciawLrt.s 			page 58


 1695 0006 7047     		bx	lr
 1696              	.L130:
 428:Middlewares/Third_Party/FreeRTOS/Source/timers.c **** 	return xTimerTaskHandle;
 1697              		.loc 1 428 2 is_stmt 1 discriminator 1 view .LVU449
 1698              	.LBB67:
 1699              	.LBI67:
 191:Middlewares/Third_Party/FreeRTOS/Source/portable/GCC/ARM_CM4F/portmacro.h **** {
 1700              		.loc 2 191 30 view .LVU450
 1701              	.LBB68:
 193:Middlewares/Third_Party/FreeRTOS/Source/portable/GCC/ARM_CM4F/portmacro.h **** 
 1702              		.loc 2 193 1 view .LVU451
 1703              		.loc 2 195 2 view .LVU452
 1704              		.syntax unified
 1705              	@ 195 "Middlewares/Third_Party/FreeRTOS/Source/portable/GCC/ARM_CM4F/portmacro.h" 1
 1706 0008 4FF05003 			mov r3, #80												
 1707 000c 83F31188 		msr basepri, r3											
 1708 0010 BFF36F8F 		isb														
 1709 0014 BFF34F8F 		dsb														
 1710              	
 1711              	@ 0 "" 2
 1712              		.thumb
 1713              		.syntax unified
 1714              	.L129:
 1715              	.LBE68:
 1716              	.LBE67:
 428:Middlewares/Third_Party/FreeRTOS/Source/timers.c **** 	return xTimerTaskHandle;
 1717              		.loc 1 428 2 view .LVU453
 1718 0018 FEE7     		b	.L129
 1719              	.L132:
 1720 001a 00BF     		.align	2
 1721              	.L131:
 1722 001c 00000000 		.word	xTimerTaskHandle
 1723              		.cfi_endproc
 1724              	.LFE9:
 1726              		.section	.text.xTimerGetPeriod,"ax",%progbits
 1727              		.align	1
 1728              		.global	xTimerGetPeriod
 1729              		.syntax unified
 1730              		.thumb
 1731              		.thumb_func
 1733              	xTimerGetPeriod:
 1734              	.LVL132:
 1735              	.LFB10:
 434:Middlewares/Third_Party/FreeRTOS/Source/timers.c **** Timer_t *pxTimer = xTimer;
 1736              		.loc 1 434 1 view -0
 1737              		.cfi_startproc
 1738              		@ args = 0, pretend = 0, frame = 0
 1739              		@ frame_needed = 0, uses_anonymous_args = 0
 1740              		@ link register save eliminated.
 435:Middlewares/Third_Party/FreeRTOS/Source/timers.c **** 
 1741              		.loc 1 435 1 view .LVU455
 437:Middlewares/Third_Party/FreeRTOS/Source/timers.c **** 	return pxTimer->xTimerPeriodInTicks;
 1742              		.loc 1 437 2 view .LVU456
 1743 0000 08B1     		cbz	r0, .L136
 437:Middlewares/Third_Party/FreeRTOS/Source/timers.c **** 	return pxTimer->xTimerPeriodInTicks;
 1744              		.loc 1 437 24 view .LVU457
 438:Middlewares/Third_Party/FreeRTOS/Source/timers.c **** }
ARM GAS  C:\Users\kalpe\AppData\Local\Temp\cciawLrt.s 			page 59


 1745              		.loc 1 438 2 view .LVU458
 439:Middlewares/Third_Party/FreeRTOS/Source/timers.c **** /*-----------------------------------------------------------*/
 1746              		.loc 1 439 1 is_stmt 0 view .LVU459
 1747 0002 8069     		ldr	r0, [r0, #24]
 1748              	.LVL133:
 439:Middlewares/Third_Party/FreeRTOS/Source/timers.c **** /*-----------------------------------------------------------*/
 1749              		.loc 1 439 1 view .LVU460
 1750 0004 7047     		bx	lr
 1751              	.LVL134:
 1752              	.L136:
 437:Middlewares/Third_Party/FreeRTOS/Source/timers.c **** 	return pxTimer->xTimerPeriodInTicks;
 1753              		.loc 1 437 2 is_stmt 1 discriminator 1 view .LVU461
 1754              	.LBB69:
 1755              	.LBI69:
 191:Middlewares/Third_Party/FreeRTOS/Source/portable/GCC/ARM_CM4F/portmacro.h **** {
 1756              		.loc 2 191 30 view .LVU462
 1757              	.LBB70:
 193:Middlewares/Third_Party/FreeRTOS/Source/portable/GCC/ARM_CM4F/portmacro.h **** 
 1758              		.loc 2 193 1 view .LVU463
 1759              		.loc 2 195 2 view .LVU464
 1760              		.syntax unified
 1761              	@ 195 "Middlewares/Third_Party/FreeRTOS/Source/portable/GCC/ARM_CM4F/portmacro.h" 1
 1762 0006 4FF05003 			mov r3, #80												
 1763 000a 83F31188 		msr basepri, r3											
 1764 000e BFF36F8F 		isb														
 1765 0012 BFF34F8F 		dsb														
 1766              	
 1767              	@ 0 "" 2
 1768              		.thumb
 1769              		.syntax unified
 1770              	.L135:
 1771              	.LBE70:
 1772              	.LBE69:
 437:Middlewares/Third_Party/FreeRTOS/Source/timers.c **** 	return pxTimer->xTimerPeriodInTicks;
 1773              		.loc 1 437 2 view .LVU465
 1774 0016 FEE7     		b	.L135
 1775              		.cfi_endproc
 1776              	.LFE10:
 1778              		.section	.text.vTimerSetReloadMode,"ax",%progbits
 1779              		.align	1
 1780              		.global	vTimerSetReloadMode
 1781              		.syntax unified
 1782              		.thumb
 1783              		.thumb_func
 1785              	vTimerSetReloadMode:
 1786              	.LVL135:
 1787              	.LFB11:
 443:Middlewares/Third_Party/FreeRTOS/Source/timers.c **** Timer_t * pxTimer =  xTimer;
 1788              		.loc 1 443 1 view -0
 1789              		.cfi_startproc
 1790              		@ args = 0, pretend = 0, frame = 0
 1791              		@ frame_needed = 0, uses_anonymous_args = 0
 443:Middlewares/Third_Party/FreeRTOS/Source/timers.c **** Timer_t * pxTimer =  xTimer;
 1792              		.loc 1 443 1 is_stmt 0 view .LVU467
 1793 0000 38B5     		push	{r3, r4, r5, lr}
 1794              	.LCFI39:
 1795              		.cfi_def_cfa_offset 16
ARM GAS  C:\Users\kalpe\AppData\Local\Temp\cciawLrt.s 			page 60


 1796              		.cfi_offset 3, -16
 1797              		.cfi_offset 4, -12
 1798              		.cfi_offset 5, -8
 1799              		.cfi_offset 14, -4
 444:Middlewares/Third_Party/FreeRTOS/Source/timers.c **** 
 1800              		.loc 1 444 1 is_stmt 1 view .LVU468
 1801              	.LVL136:
 446:Middlewares/Third_Party/FreeRTOS/Source/timers.c **** 	taskENTER_CRITICAL();
 1802              		.loc 1 446 2 view .LVU469
 1803 0002 68B1     		cbz	r0, .L143
 1804 0004 0C46     		mov	r4, r1
 1805 0006 0546     		mov	r5, r0
 446:Middlewares/Third_Party/FreeRTOS/Source/timers.c **** 	taskENTER_CRITICAL();
 1806              		.loc 1 446 24 view .LVU470
 447:Middlewares/Third_Party/FreeRTOS/Source/timers.c **** 	{
 1807              		.loc 1 447 2 view .LVU471
 1808 0008 FFF7FEFF 		bl	vPortEnterCritical
 1809              	.LVL137:
 449:Middlewares/Third_Party/FreeRTOS/Source/timers.c **** 		{
 1810              		.loc 1 449 3 view .LVU472
 449:Middlewares/Third_Party/FreeRTOS/Source/timers.c **** 		{
 1811              		.loc 1 449 5 is_stmt 0 view .LVU473
 1812 000c 8CB1     		cbz	r4, .L140
 451:Middlewares/Third_Party/FreeRTOS/Source/timers.c **** 		}
 1813              		.loc 1 451 4 is_stmt 1 view .LVU474
 451:Middlewares/Third_Party/FreeRTOS/Source/timers.c **** 		}
 1814              		.loc 1 451 11 is_stmt 0 view .LVU475
 1815 000e 95F82830 		ldrb	r3, [r5, #40]	@ zero_extendqisi2
 451:Middlewares/Third_Party/FreeRTOS/Source/timers.c **** 		}
 1816              		.loc 1 451 22 view .LVU476
 1817 0012 43F00403 		orr	r3, r3, #4
 1818 0016 85F82830 		strb	r3, [r5, #40]
 1819              	.L141:
 458:Middlewares/Third_Party/FreeRTOS/Source/timers.c **** }
 1820              		.loc 1 458 2 is_stmt 1 view .LVU477
 1821 001a FFF7FEFF 		bl	vPortExitCritical
 1822              	.LVL138:
 459:Middlewares/Third_Party/FreeRTOS/Source/timers.c **** /*-----------------------------------------------------------*/
 1823              		.loc 1 459 1 is_stmt 0 view .LVU478
 1824 001e 38BD     		pop	{r3, r4, r5, pc}
 1825              	.LVL139:
 1826              	.L143:
 446:Middlewares/Third_Party/FreeRTOS/Source/timers.c **** 	taskENTER_CRITICAL();
 1827              		.loc 1 446 2 is_stmt 1 discriminator 1 view .LVU479
 1828              	.LBB71:
 1829              	.LBI71:
 191:Middlewares/Third_Party/FreeRTOS/Source/portable/GCC/ARM_CM4F/portmacro.h **** {
 1830              		.loc 2 191 30 view .LVU480
 1831              	.LBB72:
 193:Middlewares/Third_Party/FreeRTOS/Source/portable/GCC/ARM_CM4F/portmacro.h **** 
 1832              		.loc 2 193 1 view .LVU481
 1833              		.loc 2 195 2 view .LVU482
 1834              		.syntax unified
 1835              	@ 195 "Middlewares/Third_Party/FreeRTOS/Source/portable/GCC/ARM_CM4F/portmacro.h" 1
 1836 0020 4FF05003 			mov r3, #80												
 1837 0024 83F31188 		msr basepri, r3											
 1838 0028 BFF36F8F 		isb														
ARM GAS  C:\Users\kalpe\AppData\Local\Temp\cciawLrt.s 			page 61


 1839 002c BFF34F8F 		dsb														
 1840              	
 1841              	@ 0 "" 2
 1842              		.thumb
 1843              		.syntax unified
 1844              	.L139:
 1845              	.LBE72:
 1846              	.LBE71:
 446:Middlewares/Third_Party/FreeRTOS/Source/timers.c **** 	taskENTER_CRITICAL();
 1847              		.loc 1 446 2 view .LVU483
 1848 0030 FEE7     		b	.L139
 1849              	.LVL140:
 1850              	.L140:
 455:Middlewares/Third_Party/FreeRTOS/Source/timers.c **** 		}
 1851              		.loc 1 455 4 view .LVU484
 455:Middlewares/Third_Party/FreeRTOS/Source/timers.c **** 		}
 1852              		.loc 1 455 11 is_stmt 0 view .LVU485
 1853 0032 95F82830 		ldrb	r3, [r5, #40]	@ zero_extendqisi2
 455:Middlewares/Third_Party/FreeRTOS/Source/timers.c **** 		}
 1854              		.loc 1 455 22 view .LVU486
 1855 0036 23F00403 		bic	r3, r3, #4
 1856 003a 85F82830 		strb	r3, [r5, #40]
 1857 003e ECE7     		b	.L141
 1858              		.cfi_endproc
 1859              	.LFE11:
 1861              		.section	.text.uxTimerGetReloadMode,"ax",%progbits
 1862              		.align	1
 1863              		.global	uxTimerGetReloadMode
 1864              		.syntax unified
 1865              		.thumb
 1866              		.thumb_func
 1868              	uxTimerGetReloadMode:
 1869              	.LVL141:
 1870              	.LFB12:
 463:Middlewares/Third_Party/FreeRTOS/Source/timers.c **** Timer_t * pxTimer =  xTimer;
 1871              		.loc 1 463 1 is_stmt 1 view -0
 1872              		.cfi_startproc
 1873              		@ args = 0, pretend = 0, frame = 0
 1874              		@ frame_needed = 0, uses_anonymous_args = 0
 464:Middlewares/Third_Party/FreeRTOS/Source/timers.c **** UBaseType_t uxReturn;
 1875              		.loc 1 464 1 view .LVU488
 465:Middlewares/Third_Party/FreeRTOS/Source/timers.c **** 
 1876              		.loc 1 465 1 view .LVU489
 467:Middlewares/Third_Party/FreeRTOS/Source/timers.c **** 	taskENTER_CRITICAL();
 1877              		.loc 1 467 2 view .LVU490
 1878 0000 70B1     		cbz	r0, .L151
 463:Middlewares/Third_Party/FreeRTOS/Source/timers.c **** Timer_t * pxTimer =  xTimer;
 1879              		.loc 1 463 1 is_stmt 0 view .LVU491
 1880 0002 10B5     		push	{r4, lr}
 1881              	.LCFI40:
 1882              		.cfi_def_cfa_offset 8
 1883              		.cfi_offset 4, -8
 1884              		.cfi_offset 14, -4
 1885 0004 0446     		mov	r4, r0
 467:Middlewares/Third_Party/FreeRTOS/Source/timers.c **** 	taskENTER_CRITICAL();
 1886              		.loc 1 467 24 is_stmt 1 view .LVU492
 468:Middlewares/Third_Party/FreeRTOS/Source/timers.c **** 	{
ARM GAS  C:\Users\kalpe\AppData\Local\Temp\cciawLrt.s 			page 62


 1887              		.loc 1 468 2 view .LVU493
 1888 0006 FFF7FEFF 		bl	vPortEnterCritical
 1889              	.LVL142:
 470:Middlewares/Third_Party/FreeRTOS/Source/timers.c **** 		{
 1890              		.loc 1 470 3 view .LVU494
 470:Middlewares/Third_Party/FreeRTOS/Source/timers.c **** 		{
 1891              		.loc 1 470 16 is_stmt 0 view .LVU495
 1892 000a 94F82830 		ldrb	r3, [r4, #40]	@ zero_extendqisi2
 470:Middlewares/Third_Party/FreeRTOS/Source/timers.c **** 		{
 1893              		.loc 1 470 5 view .LVU496
 1894 000e 13F0040F 		tst	r3, #4
 1895 0012 0ED1     		bne	.L148
 473:Middlewares/Third_Party/FreeRTOS/Source/timers.c **** 		}
 1896              		.loc 1 473 13 view .LVU497
 1897 0014 0023     		movs	r3, #0
 1898 0016 1C46     		mov	r4, r3
 1899              	.LVL143:
 1900              	.L147:
 481:Middlewares/Third_Party/FreeRTOS/Source/timers.c **** 
 1901              		.loc 1 481 2 is_stmt 1 view .LVU498
 1902 0018 FFF7FEFF 		bl	vPortExitCritical
 1903              	.LVL144:
 483:Middlewares/Third_Party/FreeRTOS/Source/timers.c **** }
 1904              		.loc 1 483 2 view .LVU499
 484:Middlewares/Third_Party/FreeRTOS/Source/timers.c **** /*-----------------------------------------------------------*/
 1905              		.loc 1 484 1 is_stmt 0 view .LVU500
 1906 001c 2046     		mov	r0, r4
 1907 001e 10BD     		pop	{r4, pc}
 1908              	.LVL145:
 1909              	.L151:
 1910              	.LCFI41:
 1911              		.cfi_def_cfa_offset 0
 1912              		.cfi_restore 4
 1913              		.cfi_restore 14
 467:Middlewares/Third_Party/FreeRTOS/Source/timers.c **** 	taskENTER_CRITICAL();
 1914              		.loc 1 467 2 is_stmt 1 discriminator 1 view .LVU501
 1915              	.LBB73:
 1916              	.LBI73:
 191:Middlewares/Third_Party/FreeRTOS/Source/portable/GCC/ARM_CM4F/portmacro.h **** {
 1917              		.loc 2 191 30 view .LVU502
 1918              	.LBB74:
 193:Middlewares/Third_Party/FreeRTOS/Source/portable/GCC/ARM_CM4F/portmacro.h **** 
 1919              		.loc 2 193 1 view .LVU503
 1920              		.loc 2 195 2 view .LVU504
 1921              		.syntax unified
 1922              	@ 195 "Middlewares/Third_Party/FreeRTOS/Source/portable/GCC/ARM_CM4F/portmacro.h" 1
 1923 0020 4FF05003 			mov r3, #80												
 1924 0024 83F31188 		msr basepri, r3											
 1925 0028 BFF36F8F 		isb														
 1926 002c BFF34F8F 		dsb														
 1927              	
 1928              	@ 0 "" 2
 1929              		.thumb
 1930              		.syntax unified
 1931              	.L146:
 1932              	.LBE74:
 1933              	.LBE73:
ARM GAS  C:\Users\kalpe\AppData\Local\Temp\cciawLrt.s 			page 63


 467:Middlewares/Third_Party/FreeRTOS/Source/timers.c **** 	taskENTER_CRITICAL();
 1934              		.loc 1 467 2 view .LVU505
 1935 0030 FEE7     		b	.L146
 1936              	.LVL146:
 1937              	.L148:
 1938              	.LCFI42:
 1939              		.cfi_def_cfa_offset 8
 1940              		.cfi_offset 4, -8
 1941              		.cfi_offset 14, -4
 478:Middlewares/Third_Party/FreeRTOS/Source/timers.c **** 		}
 1942              		.loc 1 478 13 is_stmt 0 view .LVU506
 1943 0032 0123     		movs	r3, #1
 1944 0034 1C46     		mov	r4, r3
 1945              	.LVL147:
 478:Middlewares/Third_Party/FreeRTOS/Source/timers.c **** 		}
 1946              		.loc 1 478 13 view .LVU507
 1947 0036 EFE7     		b	.L147
 1948              		.cfi_endproc
 1949              	.LFE12:
 1951              		.section	.text.xTimerGetExpiryTime,"ax",%progbits
 1952              		.align	1
 1953              		.global	xTimerGetExpiryTime
 1954              		.syntax unified
 1955              		.thumb
 1956              		.thumb_func
 1958              	xTimerGetExpiryTime:
 1959              	.LVL148:
 1960              	.LFB13:
 488:Middlewares/Third_Party/FreeRTOS/Source/timers.c **** Timer_t * pxTimer =  xTimer;
 1961              		.loc 1 488 1 is_stmt 1 view -0
 1962              		.cfi_startproc
 1963              		@ args = 0, pretend = 0, frame = 0
 1964              		@ frame_needed = 0, uses_anonymous_args = 0
 1965              		@ link register save eliminated.
 489:Middlewares/Third_Party/FreeRTOS/Source/timers.c **** TickType_t xReturn;
 1966              		.loc 1 489 1 view .LVU509
 490:Middlewares/Third_Party/FreeRTOS/Source/timers.c **** 
 1967              		.loc 1 490 1 view .LVU510
 492:Middlewares/Third_Party/FreeRTOS/Source/timers.c **** 	xReturn = listGET_LIST_ITEM_VALUE( &( pxTimer->xTimerListItem ) );
 1968              		.loc 1 492 2 view .LVU511
 1969 0000 08B1     		cbz	r0, .L155
 492:Middlewares/Third_Party/FreeRTOS/Source/timers.c **** 	xReturn = listGET_LIST_ITEM_VALUE( &( pxTimer->xTimerListItem ) );
 1970              		.loc 1 492 24 view .LVU512
 493:Middlewares/Third_Party/FreeRTOS/Source/timers.c **** 	return xReturn;
 1971              		.loc 1 493 2 view .LVU513
 1972              	.LVL149:
 494:Middlewares/Third_Party/FreeRTOS/Source/timers.c **** }
 1973              		.loc 1 494 2 view .LVU514
 495:Middlewares/Third_Party/FreeRTOS/Source/timers.c **** /*-----------------------------------------------------------*/
 1974              		.loc 1 495 1 is_stmt 0 view .LVU515
 1975 0002 4068     		ldr	r0, [r0, #4]
 1976              	.LVL150:
 495:Middlewares/Third_Party/FreeRTOS/Source/timers.c **** /*-----------------------------------------------------------*/
 1977              		.loc 1 495 1 view .LVU516
 1978 0004 7047     		bx	lr
 1979              	.LVL151:
 1980              	.L155:
ARM GAS  C:\Users\kalpe\AppData\Local\Temp\cciawLrt.s 			page 64


 492:Middlewares/Third_Party/FreeRTOS/Source/timers.c **** 	xReturn = listGET_LIST_ITEM_VALUE( &( pxTimer->xTimerListItem ) );
 1981              		.loc 1 492 2 is_stmt 1 discriminator 1 view .LVU517
 1982              	.LBB75:
 1983              	.LBI75:
 191:Middlewares/Third_Party/FreeRTOS/Source/portable/GCC/ARM_CM4F/portmacro.h **** {
 1984              		.loc 2 191 30 view .LVU518
 1985              	.LBB76:
 193:Middlewares/Third_Party/FreeRTOS/Source/portable/GCC/ARM_CM4F/portmacro.h **** 
 1986              		.loc 2 193 1 view .LVU519
 1987              		.loc 2 195 2 view .LVU520
 1988              		.syntax unified
 1989              	@ 195 "Middlewares/Third_Party/FreeRTOS/Source/portable/GCC/ARM_CM4F/portmacro.h" 1
 1990 0006 4FF05003 			mov r3, #80												
 1991 000a 83F31188 		msr basepri, r3											
 1992 000e BFF36F8F 		isb														
 1993 0012 BFF34F8F 		dsb														
 1994              	
 1995              	@ 0 "" 2
 1996              		.thumb
 1997              		.syntax unified
 1998              	.L154:
 1999              	.LBE76:
 2000              	.LBE75:
 492:Middlewares/Third_Party/FreeRTOS/Source/timers.c **** 	xReturn = listGET_LIST_ITEM_VALUE( &( pxTimer->xTimerListItem ) );
 2001              		.loc 1 492 2 view .LVU521
 2002 0016 FEE7     		b	.L154
 2003              		.cfi_endproc
 2004              	.LFE13:
 2006              		.section	.text.pcTimerGetName,"ax",%progbits
 2007              		.align	1
 2008              		.global	pcTimerGetName
 2009              		.syntax unified
 2010              		.thumb
 2011              		.thumb_func
 2013              	pcTimerGetName:
 2014              	.LVL152:
 2015              	.LFB14:
 499:Middlewares/Third_Party/FreeRTOS/Source/timers.c **** Timer_t *pxTimer = xTimer;
 2016              		.loc 1 499 1 view -0
 2017              		.cfi_startproc
 2018              		@ args = 0, pretend = 0, frame = 0
 2019              		@ frame_needed = 0, uses_anonymous_args = 0
 2020              		@ link register save eliminated.
 500:Middlewares/Third_Party/FreeRTOS/Source/timers.c **** 
 2021              		.loc 1 500 1 view .LVU523
 502:Middlewares/Third_Party/FreeRTOS/Source/timers.c **** 	return pxTimer->pcTimerName;
 2022              		.loc 1 502 2 view .LVU524
 2023 0000 08B1     		cbz	r0, .L159
 502:Middlewares/Third_Party/FreeRTOS/Source/timers.c **** 	return pxTimer->pcTimerName;
 2024              		.loc 1 502 24 view .LVU525
 503:Middlewares/Third_Party/FreeRTOS/Source/timers.c **** }
 2025              		.loc 1 503 2 view .LVU526
 504:Middlewares/Third_Party/FreeRTOS/Source/timers.c **** /*-----------------------------------------------------------*/
 2026              		.loc 1 504 1 is_stmt 0 view .LVU527
 2027 0002 0068     		ldr	r0, [r0]
 2028              	.LVL153:
 504:Middlewares/Third_Party/FreeRTOS/Source/timers.c **** /*-----------------------------------------------------------*/
ARM GAS  C:\Users\kalpe\AppData\Local\Temp\cciawLrt.s 			page 65


 2029              		.loc 1 504 1 view .LVU528
 2030 0004 7047     		bx	lr
 2031              	.LVL154:
 2032              	.L159:
 502:Middlewares/Third_Party/FreeRTOS/Source/timers.c **** 	return pxTimer->pcTimerName;
 2033              		.loc 1 502 2 is_stmt 1 discriminator 1 view .LVU529
 2034              	.LBB77:
 2035              	.LBI77:
 191:Middlewares/Third_Party/FreeRTOS/Source/portable/GCC/ARM_CM4F/portmacro.h **** {
 2036              		.loc 2 191 30 view .LVU530
 2037              	.LBB78:
 193:Middlewares/Third_Party/FreeRTOS/Source/portable/GCC/ARM_CM4F/portmacro.h **** 
 2038              		.loc 2 193 1 view .LVU531
 2039              		.loc 2 195 2 view .LVU532
 2040              		.syntax unified
 2041              	@ 195 "Middlewares/Third_Party/FreeRTOS/Source/portable/GCC/ARM_CM4F/portmacro.h" 1
 2042 0006 4FF05003 			mov r3, #80												
 2043 000a 83F31188 		msr basepri, r3											
 2044 000e BFF36F8F 		isb														
 2045 0012 BFF34F8F 		dsb														
 2046              	
 2047              	@ 0 "" 2
 2048              		.thumb
 2049              		.syntax unified
 2050              	.L158:
 2051              	.LBE78:
 2052              	.LBE77:
 502:Middlewares/Third_Party/FreeRTOS/Source/timers.c **** 	return pxTimer->pcTimerName;
 2053              		.loc 1 502 2 view .LVU533
 2054 0016 FEE7     		b	.L158
 2055              		.cfi_endproc
 2056              	.LFE14:
 2058              		.section	.text.xTimerIsTimerActive,"ax",%progbits
 2059              		.align	1
 2060              		.global	xTimerIsTimerActive
 2061              		.syntax unified
 2062              		.thumb
 2063              		.thumb_func
 2065              	xTimerIsTimerActive:
 2066              	.LVL155:
 2067              	.LFB24:
 990:Middlewares/Third_Party/FreeRTOS/Source/timers.c **** /*-----------------------------------------------------------*/
 991:Middlewares/Third_Party/FreeRTOS/Source/timers.c **** 
 992:Middlewares/Third_Party/FreeRTOS/Source/timers.c **** BaseType_t xTimerIsTimerActive( TimerHandle_t xTimer )
 993:Middlewares/Third_Party/FreeRTOS/Source/timers.c **** {
 2068              		.loc 1 993 1 view -0
 2069              		.cfi_startproc
 2070              		@ args = 0, pretend = 0, frame = 0
 2071              		@ frame_needed = 0, uses_anonymous_args = 0
 994:Middlewares/Third_Party/FreeRTOS/Source/timers.c **** BaseType_t xReturn;
 2072              		.loc 1 994 1 view .LVU535
 995:Middlewares/Third_Party/FreeRTOS/Source/timers.c **** Timer_t *pxTimer = xTimer;
 2073              		.loc 1 995 1 view .LVU536
 996:Middlewares/Third_Party/FreeRTOS/Source/timers.c **** 
 997:Middlewares/Third_Party/FreeRTOS/Source/timers.c **** 	configASSERT( xTimer );
 2074              		.loc 1 997 2 view .LVU537
 2075 0000 70B1     		cbz	r0, .L167
ARM GAS  C:\Users\kalpe\AppData\Local\Temp\cciawLrt.s 			page 66


 993:Middlewares/Third_Party/FreeRTOS/Source/timers.c **** BaseType_t xReturn;
 2076              		.loc 1 993 1 is_stmt 0 view .LVU538
 2077 0002 10B5     		push	{r4, lr}
 2078              	.LCFI43:
 2079              		.cfi_def_cfa_offset 8
 2080              		.cfi_offset 4, -8
 2081              		.cfi_offset 14, -4
 2082 0004 0446     		mov	r4, r0
 2083              		.loc 1 997 24 is_stmt 1 view .LVU539
 998:Middlewares/Third_Party/FreeRTOS/Source/timers.c **** 
 999:Middlewares/Third_Party/FreeRTOS/Source/timers.c **** 	/* Is the timer in the list of active timers? */
1000:Middlewares/Third_Party/FreeRTOS/Source/timers.c **** 	taskENTER_CRITICAL();
 2084              		.loc 1 1000 2 view .LVU540
 2085 0006 FFF7FEFF 		bl	vPortEnterCritical
 2086              	.LVL156:
1001:Middlewares/Third_Party/FreeRTOS/Source/timers.c **** 	{
1002:Middlewares/Third_Party/FreeRTOS/Source/timers.c **** 		if( ( pxTimer->ucStatus & tmrSTATUS_IS_ACTIVE ) == 0 )
 2087              		.loc 1 1002 3 view .LVU541
 2088              		.loc 1 1002 16 is_stmt 0 view .LVU542
 2089 000a 94F82830 		ldrb	r3, [r4, #40]	@ zero_extendqisi2
 2090              		.loc 1 1002 5 view .LVU543
 2091 000e 13F0010F 		tst	r3, #1
 2092 0012 0ED1     		bne	.L164
1003:Middlewares/Third_Party/FreeRTOS/Source/timers.c **** 		{
1004:Middlewares/Third_Party/FreeRTOS/Source/timers.c **** 			xReturn = pdFALSE;
 2093              		.loc 1 1004 12 view .LVU544
 2094 0014 0023     		movs	r3, #0
 2095 0016 1C46     		mov	r4, r3
 2096              	.LVL157:
 2097              	.L163:
1005:Middlewares/Third_Party/FreeRTOS/Source/timers.c **** 		}
1006:Middlewares/Third_Party/FreeRTOS/Source/timers.c **** 		else
1007:Middlewares/Third_Party/FreeRTOS/Source/timers.c **** 		{
1008:Middlewares/Third_Party/FreeRTOS/Source/timers.c **** 			xReturn = pdTRUE;
1009:Middlewares/Third_Party/FreeRTOS/Source/timers.c **** 		}
1010:Middlewares/Third_Party/FreeRTOS/Source/timers.c **** 	}
1011:Middlewares/Third_Party/FreeRTOS/Source/timers.c **** 	taskEXIT_CRITICAL();
 2098              		.loc 1 1011 2 is_stmt 1 view .LVU545
 2099 0018 FFF7FEFF 		bl	vPortExitCritical
 2100              	.LVL158:
1012:Middlewares/Third_Party/FreeRTOS/Source/timers.c **** 
1013:Middlewares/Third_Party/FreeRTOS/Source/timers.c **** 	return xReturn;
 2101              		.loc 1 1013 2 view .LVU546
1014:Middlewares/Third_Party/FreeRTOS/Source/timers.c **** } /*lint !e818 Can't be pointer to const due to the typedef. */
 2102              		.loc 1 1014 1 is_stmt 0 view .LVU547
 2103 001c 2046     		mov	r0, r4
 2104 001e 10BD     		pop	{r4, pc}
 2105              	.LVL159:
 2106              	.L167:
 2107              	.LCFI44:
 2108              		.cfi_def_cfa_offset 0
 2109              		.cfi_restore 4
 2110              		.cfi_restore 14
 997:Middlewares/Third_Party/FreeRTOS/Source/timers.c **** 
 2111              		.loc 1 997 2 is_stmt 1 discriminator 1 view .LVU548
 2112              	.LBB79:
 2113              	.LBI79:
ARM GAS  C:\Users\kalpe\AppData\Local\Temp\cciawLrt.s 			page 67


 191:Middlewares/Third_Party/FreeRTOS/Source/portable/GCC/ARM_CM4F/portmacro.h **** {
 2114              		.loc 2 191 30 view .LVU549
 2115              	.LBB80:
 193:Middlewares/Third_Party/FreeRTOS/Source/portable/GCC/ARM_CM4F/portmacro.h **** 
 2116              		.loc 2 193 1 view .LVU550
 2117              		.loc 2 195 2 view .LVU551
 2118              		.syntax unified
 2119              	@ 195 "Middlewares/Third_Party/FreeRTOS/Source/portable/GCC/ARM_CM4F/portmacro.h" 1
 2120 0020 4FF05003 			mov r3, #80												
 2121 0024 83F31188 		msr basepri, r3											
 2122 0028 BFF36F8F 		isb														
 2123 002c BFF34F8F 		dsb														
 2124              	
 2125              	@ 0 "" 2
 2126              		.thumb
 2127              		.syntax unified
 2128              	.L162:
 2129              	.LBE80:
 2130              	.LBE79:
 997:Middlewares/Third_Party/FreeRTOS/Source/timers.c **** 
 2131              		.loc 1 997 2 view .LVU552
 2132 0030 FEE7     		b	.L162
 2133              	.LVL160:
 2134              	.L164:
 2135              	.LCFI45:
 2136              		.cfi_def_cfa_offset 8
 2137              		.cfi_offset 4, -8
 2138              		.cfi_offset 14, -4
1008:Middlewares/Third_Party/FreeRTOS/Source/timers.c **** 		}
 2139              		.loc 1 1008 12 is_stmt 0 view .LVU553
 2140 0032 0123     		movs	r3, #1
 2141 0034 1C46     		mov	r4, r3
 2142              	.LVL161:
1008:Middlewares/Third_Party/FreeRTOS/Source/timers.c **** 		}
 2143              		.loc 1 1008 12 view .LVU554
 2144 0036 EFE7     		b	.L163
 2145              		.cfi_endproc
 2146              	.LFE24:
 2148              		.section	.text.pvTimerGetTimerID,"ax",%progbits
 2149              		.align	1
 2150              		.global	pvTimerGetTimerID
 2151              		.syntax unified
 2152              		.thumb
 2153              		.thumb_func
 2155              	pvTimerGetTimerID:
 2156              	.LVL162:
 2157              	.LFB25:
1015:Middlewares/Third_Party/FreeRTOS/Source/timers.c **** /*-----------------------------------------------------------*/
1016:Middlewares/Third_Party/FreeRTOS/Source/timers.c **** 
1017:Middlewares/Third_Party/FreeRTOS/Source/timers.c **** void *pvTimerGetTimerID( const TimerHandle_t xTimer )
1018:Middlewares/Third_Party/FreeRTOS/Source/timers.c **** {
 2158              		.loc 1 1018 1 is_stmt 1 view -0
 2159              		.cfi_startproc
 2160              		@ args = 0, pretend = 0, frame = 0
 2161              		@ frame_needed = 0, uses_anonymous_args = 0
1019:Middlewares/Third_Party/FreeRTOS/Source/timers.c **** Timer_t * const pxTimer = xTimer;
 2162              		.loc 1 1019 1 view .LVU556
ARM GAS  C:\Users\kalpe\AppData\Local\Temp\cciawLrt.s 			page 68


1020:Middlewares/Third_Party/FreeRTOS/Source/timers.c **** void *pvReturn;
 2163              		.loc 1 1020 1 view .LVU557
1021:Middlewares/Third_Party/FreeRTOS/Source/timers.c **** 
1022:Middlewares/Third_Party/FreeRTOS/Source/timers.c **** 	configASSERT( xTimer );
 2164              		.loc 1 1022 2 view .LVU558
 2165 0000 48B1     		cbz	r0, .L173
1018:Middlewares/Third_Party/FreeRTOS/Source/timers.c **** Timer_t * const pxTimer = xTimer;
 2166              		.loc 1 1018 1 is_stmt 0 view .LVU559
 2167 0002 10B5     		push	{r4, lr}
 2168              	.LCFI46:
 2169              		.cfi_def_cfa_offset 8
 2170              		.cfi_offset 4, -8
 2171              		.cfi_offset 14, -4
 2172 0004 0446     		mov	r4, r0
 2173              		.loc 1 1022 24 is_stmt 1 view .LVU560
1023:Middlewares/Third_Party/FreeRTOS/Source/timers.c **** 
1024:Middlewares/Third_Party/FreeRTOS/Source/timers.c **** 	taskENTER_CRITICAL();
 2174              		.loc 1 1024 2 view .LVU561
 2175 0006 FFF7FEFF 		bl	vPortEnterCritical
 2176              	.LVL163:
1025:Middlewares/Third_Party/FreeRTOS/Source/timers.c **** 	{
1026:Middlewares/Third_Party/FreeRTOS/Source/timers.c **** 		pvReturn = pxTimer->pvTimerID;
 2177              		.loc 1 1026 3 view .LVU562
 2178              		.loc 1 1026 12 is_stmt 0 view .LVU563
 2179 000a E369     		ldr	r3, [r4, #28]
 2180 000c 1C46     		mov	r4, r3
 2181              	.LVL164:
1027:Middlewares/Third_Party/FreeRTOS/Source/timers.c **** 	}
1028:Middlewares/Third_Party/FreeRTOS/Source/timers.c **** 	taskEXIT_CRITICAL();
 2182              		.loc 1 1028 2 is_stmt 1 view .LVU564
 2183 000e FFF7FEFF 		bl	vPortExitCritical
 2184              	.LVL165:
1029:Middlewares/Third_Party/FreeRTOS/Source/timers.c **** 
1030:Middlewares/Third_Party/FreeRTOS/Source/timers.c **** 	return pvReturn;
 2185              		.loc 1 1030 2 view .LVU565
1031:Middlewares/Third_Party/FreeRTOS/Source/timers.c **** }
 2186              		.loc 1 1031 1 is_stmt 0 view .LVU566
 2187 0012 2046     		mov	r0, r4
 2188 0014 10BD     		pop	{r4, pc}
 2189              	.LVL166:
 2190              	.L173:
 2191              	.LCFI47:
 2192              		.cfi_def_cfa_offset 0
 2193              		.cfi_restore 4
 2194              		.cfi_restore 14
1022:Middlewares/Third_Party/FreeRTOS/Source/timers.c **** 
 2195              		.loc 1 1022 2 is_stmt 1 discriminator 1 view .LVU567
 2196              	.LBB81:
 2197              	.LBI81:
 191:Middlewares/Third_Party/FreeRTOS/Source/portable/GCC/ARM_CM4F/portmacro.h **** {
 2198              		.loc 2 191 30 view .LVU568
 2199              	.LBB82:
 193:Middlewares/Third_Party/FreeRTOS/Source/portable/GCC/ARM_CM4F/portmacro.h **** 
 2200              		.loc 2 193 1 view .LVU569
 2201              		.loc 2 195 2 view .LVU570
 2202              		.syntax unified
 2203              	@ 195 "Middlewares/Third_Party/FreeRTOS/Source/portable/GCC/ARM_CM4F/portmacro.h" 1
ARM GAS  C:\Users\kalpe\AppData\Local\Temp\cciawLrt.s 			page 69


 2204 0016 4FF05003 			mov r3, #80												
 2205 001a 83F31188 		msr basepri, r3											
 2206 001e BFF36F8F 		isb														
 2207 0022 BFF34F8F 		dsb														
 2208              	
 2209              	@ 0 "" 2
 2210              		.thumb
 2211              		.syntax unified
 2212              	.L170:
 2213              	.LBE82:
 2214              	.LBE81:
1022:Middlewares/Third_Party/FreeRTOS/Source/timers.c **** 
 2215              		.loc 1 1022 2 view .LVU571
 2216 0026 FEE7     		b	.L170
 2217              		.cfi_endproc
 2218              	.LFE25:
 2220              		.section	.text.vTimerSetTimerID,"ax",%progbits
 2221              		.align	1
 2222              		.global	vTimerSetTimerID
 2223              		.syntax unified
 2224              		.thumb
 2225              		.thumb_func
 2227              	vTimerSetTimerID:
 2228              	.LVL167:
 2229              	.LFB26:
1032:Middlewares/Third_Party/FreeRTOS/Source/timers.c **** /*-----------------------------------------------------------*/
1033:Middlewares/Third_Party/FreeRTOS/Source/timers.c **** 
1034:Middlewares/Third_Party/FreeRTOS/Source/timers.c **** void vTimerSetTimerID( TimerHandle_t xTimer, void *pvNewID )
1035:Middlewares/Third_Party/FreeRTOS/Source/timers.c **** {
 2230              		.loc 1 1035 1 view -0
 2231              		.cfi_startproc
 2232              		@ args = 0, pretend = 0, frame = 0
 2233              		@ frame_needed = 0, uses_anonymous_args = 0
 2234              		.loc 1 1035 1 is_stmt 0 view .LVU573
 2235 0000 38B5     		push	{r3, r4, r5, lr}
 2236              	.LCFI48:
 2237              		.cfi_def_cfa_offset 16
 2238              		.cfi_offset 3, -16
 2239              		.cfi_offset 4, -12
 2240              		.cfi_offset 5, -8
 2241              		.cfi_offset 14, -4
1036:Middlewares/Third_Party/FreeRTOS/Source/timers.c **** Timer_t * const pxTimer = xTimer;
 2242              		.loc 1 1036 1 is_stmt 1 view .LVU574
 2243              	.LVL168:
1037:Middlewares/Third_Party/FreeRTOS/Source/timers.c **** 
1038:Middlewares/Third_Party/FreeRTOS/Source/timers.c **** 	configASSERT( xTimer );
 2244              		.loc 1 1038 2 view .LVU575
 2245 0002 38B1     		cbz	r0, .L178
 2246 0004 0D46     		mov	r5, r1
 2247 0006 0446     		mov	r4, r0
 2248              		.loc 1 1038 24 view .LVU576
1039:Middlewares/Third_Party/FreeRTOS/Source/timers.c **** 
1040:Middlewares/Third_Party/FreeRTOS/Source/timers.c **** 	taskENTER_CRITICAL();
 2249              		.loc 1 1040 2 view .LVU577
 2250 0008 FFF7FEFF 		bl	vPortEnterCritical
 2251              	.LVL169:
1041:Middlewares/Third_Party/FreeRTOS/Source/timers.c **** 	{
ARM GAS  C:\Users\kalpe\AppData\Local\Temp\cciawLrt.s 			page 70


1042:Middlewares/Third_Party/FreeRTOS/Source/timers.c **** 		pxTimer->pvTimerID = pvNewID;
 2252              		.loc 1 1042 3 view .LVU578
 2253              		.loc 1 1042 22 is_stmt 0 view .LVU579
 2254 000c E561     		str	r5, [r4, #28]
1043:Middlewares/Third_Party/FreeRTOS/Source/timers.c **** 	}
1044:Middlewares/Third_Party/FreeRTOS/Source/timers.c **** 	taskEXIT_CRITICAL();
 2255              		.loc 1 1044 2 is_stmt 1 view .LVU580
 2256 000e FFF7FEFF 		bl	vPortExitCritical
 2257              	.LVL170:
1045:Middlewares/Third_Party/FreeRTOS/Source/timers.c **** }
 2258              		.loc 1 1045 1 is_stmt 0 view .LVU581
 2259 0012 38BD     		pop	{r3, r4, r5, pc}
 2260              	.LVL171:
 2261              	.L178:
1038:Middlewares/Third_Party/FreeRTOS/Source/timers.c **** 
 2262              		.loc 1 1038 2 is_stmt 1 discriminator 1 view .LVU582
 2263              	.LBB83:
 2264              	.LBI83:
 191:Middlewares/Third_Party/FreeRTOS/Source/portable/GCC/ARM_CM4F/portmacro.h **** {
 2265              		.loc 2 191 30 view .LVU583
 2266              	.LBB84:
 193:Middlewares/Third_Party/FreeRTOS/Source/portable/GCC/ARM_CM4F/portmacro.h **** 
 2267              		.loc 2 193 1 view .LVU584
 2268              		.loc 2 195 2 view .LVU585
 2269              		.syntax unified
 2270              	@ 195 "Middlewares/Third_Party/FreeRTOS/Source/portable/GCC/ARM_CM4F/portmacro.h" 1
 2271 0014 4FF05003 			mov r3, #80												
 2272 0018 83F31188 		msr basepri, r3											
 2273 001c BFF36F8F 		isb														
 2274 0020 BFF34F8F 		dsb														
 2275              	
 2276              	@ 0 "" 2
 2277              		.thumb
 2278              		.syntax unified
 2279              	.L176:
 2280              	.LBE84:
 2281              	.LBE83:
1038:Middlewares/Third_Party/FreeRTOS/Source/timers.c **** 
 2282              		.loc 1 1038 2 view .LVU586
 2283 0024 FEE7     		b	.L176
 2284              		.cfi_endproc
 2285              	.LFE26:
 2287              		.section	.text.xTimerPendFunctionCallFromISR,"ax",%progbits
 2288              		.align	1
 2289              		.global	xTimerPendFunctionCallFromISR
 2290              		.syntax unified
 2291              		.thumb
 2292              		.thumb_func
 2294              	xTimerPendFunctionCallFromISR:
 2295              	.LVL172:
 2296              	.LFB27:
1046:Middlewares/Third_Party/FreeRTOS/Source/timers.c **** /*-----------------------------------------------------------*/
1047:Middlewares/Third_Party/FreeRTOS/Source/timers.c **** 
1048:Middlewares/Third_Party/FreeRTOS/Source/timers.c **** #if( INCLUDE_xTimerPendFunctionCall == 1 )
1049:Middlewares/Third_Party/FreeRTOS/Source/timers.c **** 
1050:Middlewares/Third_Party/FreeRTOS/Source/timers.c **** 	BaseType_t xTimerPendFunctionCallFromISR( PendedFunction_t xFunctionToPend, void *pvParameter1, ui
1051:Middlewares/Third_Party/FreeRTOS/Source/timers.c **** 	{
ARM GAS  C:\Users\kalpe\AppData\Local\Temp\cciawLrt.s 			page 71


 2297              		.loc 1 1051 2 view -0
 2298              		.cfi_startproc
 2299              		@ args = 0, pretend = 0, frame = 16
 2300              		@ frame_needed = 0, uses_anonymous_args = 0
 2301              		.loc 1 1051 2 is_stmt 0 view .LVU588
 2302 0000 00B5     		push	{lr}
 2303              	.LCFI49:
 2304              		.cfi_def_cfa_offset 4
 2305              		.cfi_offset 14, -4
 2306 0002 85B0     		sub	sp, sp, #20
 2307              	.LCFI50:
 2308              		.cfi_def_cfa_offset 24
 2309 0004 9446     		mov	ip, r2
 2310 0006 1A46     		mov	r2, r3
 2311              	.LVL173:
1052:Middlewares/Third_Party/FreeRTOS/Source/timers.c **** 	DaemonTaskMessage_t xMessage;
 2312              		.loc 1 1052 2 is_stmt 1 view .LVU589
1053:Middlewares/Third_Party/FreeRTOS/Source/timers.c **** 	BaseType_t xReturn;
 2313              		.loc 1 1053 2 view .LVU590
1054:Middlewares/Third_Party/FreeRTOS/Source/timers.c **** 
1055:Middlewares/Third_Party/FreeRTOS/Source/timers.c **** 		/* Complete the message with the function parameters and post it to the
1056:Middlewares/Third_Party/FreeRTOS/Source/timers.c **** 		daemon task. */
1057:Middlewares/Third_Party/FreeRTOS/Source/timers.c **** 		xMessage.xMessageID = tmrCOMMAND_EXECUTE_CALLBACK_FROM_ISR;
 2314              		.loc 1 1057 3 view .LVU591
 2315              		.loc 1 1057 23 is_stmt 0 view .LVU592
 2316 0008 6FF00103 		mvn	r3, #1
 2317              	.LVL174:
 2318              		.loc 1 1057 23 view .LVU593
 2319 000c 0093     		str	r3, [sp]
1058:Middlewares/Third_Party/FreeRTOS/Source/timers.c **** 		xMessage.u.xCallbackParameters.pxCallbackFunction = xFunctionToPend;
 2320              		.loc 1 1058 3 is_stmt 1 view .LVU594
 2321              		.loc 1 1058 53 is_stmt 0 view .LVU595
 2322 000e 0190     		str	r0, [sp, #4]
1059:Middlewares/Third_Party/FreeRTOS/Source/timers.c **** 		xMessage.u.xCallbackParameters.pvParameter1 = pvParameter1;
 2323              		.loc 1 1059 3 is_stmt 1 view .LVU596
 2324              		.loc 1 1059 47 is_stmt 0 view .LVU597
 2325 0010 0291     		str	r1, [sp, #8]
1060:Middlewares/Third_Party/FreeRTOS/Source/timers.c **** 		xMessage.u.xCallbackParameters.ulParameter2 = ulParameter2;
 2326              		.loc 1 1060 3 is_stmt 1 view .LVU598
 2327              		.loc 1 1060 47 is_stmt 0 view .LVU599
 2328 0012 CDF80CC0 		str	ip, [sp, #12]
1061:Middlewares/Third_Party/FreeRTOS/Source/timers.c **** 
1062:Middlewares/Third_Party/FreeRTOS/Source/timers.c **** 		xReturn = xQueueSendFromISR( xTimerQueue, &xMessage, pxHigherPriorityTaskWoken );
 2329              		.loc 1 1062 3 is_stmt 1 view .LVU600
 2330              		.loc 1 1062 13 is_stmt 0 view .LVU601
 2331 0016 0023     		movs	r3, #0
 2332 0018 6946     		mov	r1, sp
 2333              	.LVL175:
 2334              		.loc 1 1062 13 view .LVU602
 2335 001a 0348     		ldr	r0, .L181
 2336              	.LVL176:
 2337              		.loc 1 1062 13 view .LVU603
 2338 001c 0068     		ldr	r0, [r0]
 2339 001e FFF7FEFF 		bl	xQueueGenericSendFromISR
 2340              	.LVL177:
1063:Middlewares/Third_Party/FreeRTOS/Source/timers.c **** 
1064:Middlewares/Third_Party/FreeRTOS/Source/timers.c **** 		tracePEND_FUNC_CALL_FROM_ISR( xFunctionToPend, pvParameter1, ulParameter2, xReturn );
ARM GAS  C:\Users\kalpe\AppData\Local\Temp\cciawLrt.s 			page 72


 2341              		.loc 1 1064 87 is_stmt 1 view .LVU604
1065:Middlewares/Third_Party/FreeRTOS/Source/timers.c **** 
1066:Middlewares/Third_Party/FreeRTOS/Source/timers.c **** 		return xReturn;
 2342              		.loc 1 1066 3 view .LVU605
1067:Middlewares/Third_Party/FreeRTOS/Source/timers.c **** 	}
 2343              		.loc 1 1067 2 is_stmt 0 view .LVU606
 2344 0022 05B0     		add	sp, sp, #20
 2345              	.LCFI51:
 2346              		.cfi_def_cfa_offset 4
 2347              		@ sp needed
 2348 0024 00BD     		pop	{pc}
 2349              	.L182:
 2350 0026 00BF     		.align	2
 2351              	.L181:
 2352 0028 00000000 		.word	xTimerQueue
 2353              		.cfi_endproc
 2354              	.LFE27:
 2356              		.section	.text.xTimerPendFunctionCall,"ax",%progbits
 2357              		.align	1
 2358              		.global	xTimerPendFunctionCall
 2359              		.syntax unified
 2360              		.thumb
 2361              		.thumb_func
 2363              	xTimerPendFunctionCall:
 2364              	.LVL178:
 2365              	.LFB28:
1068:Middlewares/Third_Party/FreeRTOS/Source/timers.c **** 
1069:Middlewares/Third_Party/FreeRTOS/Source/timers.c **** #endif /* INCLUDE_xTimerPendFunctionCall */
1070:Middlewares/Third_Party/FreeRTOS/Source/timers.c **** /*-----------------------------------------------------------*/
1071:Middlewares/Third_Party/FreeRTOS/Source/timers.c **** 
1072:Middlewares/Third_Party/FreeRTOS/Source/timers.c **** #if( INCLUDE_xTimerPendFunctionCall == 1 )
1073:Middlewares/Third_Party/FreeRTOS/Source/timers.c **** 
1074:Middlewares/Third_Party/FreeRTOS/Source/timers.c **** 	BaseType_t xTimerPendFunctionCall( PendedFunction_t xFunctionToPend, void *pvParameter1, uint32_t 
1075:Middlewares/Third_Party/FreeRTOS/Source/timers.c **** 	{
 2366              		.loc 1 1075 2 is_stmt 1 view -0
 2367              		.cfi_startproc
 2368              		@ args = 0, pretend = 0, frame = 16
 2369              		@ frame_needed = 0, uses_anonymous_args = 0
 2370              		.loc 1 1075 2 is_stmt 0 view .LVU608
 2371 0000 00B5     		push	{lr}
 2372              	.LCFI52:
 2373              		.cfi_def_cfa_offset 4
 2374              		.cfi_offset 14, -4
 2375 0002 85B0     		sub	sp, sp, #20
 2376              	.LCFI53:
 2377              		.cfi_def_cfa_offset 24
 2378 0004 8C46     		mov	ip, r1
 2379 0006 1146     		mov	r1, r2
 2380              	.LVL179:
 2381              		.loc 1 1075 2 view .LVU609
 2382 0008 1A46     		mov	r2, r3
 2383              	.LVL180:
1076:Middlewares/Third_Party/FreeRTOS/Source/timers.c **** 	DaemonTaskMessage_t xMessage;
 2384              		.loc 1 1076 2 is_stmt 1 view .LVU610
1077:Middlewares/Third_Party/FreeRTOS/Source/timers.c **** 	BaseType_t xReturn;
 2385              		.loc 1 1077 2 view .LVU611
1078:Middlewares/Third_Party/FreeRTOS/Source/timers.c **** 
ARM GAS  C:\Users\kalpe\AppData\Local\Temp\cciawLrt.s 			page 73


1079:Middlewares/Third_Party/FreeRTOS/Source/timers.c **** 		/* This function can only be called after a timer has been created or
1080:Middlewares/Third_Party/FreeRTOS/Source/timers.c **** 		after the scheduler has been started because, until then, the timer
1081:Middlewares/Third_Party/FreeRTOS/Source/timers.c **** 		queue does not exist. */
1082:Middlewares/Third_Party/FreeRTOS/Source/timers.c **** 		configASSERT( xTimerQueue );
 2386              		.loc 1 1082 3 view .LVU612
 2387 000a 0E4B     		ldr	r3, .L188
 2388              	.LVL181:
 2389              		.loc 1 1082 3 is_stmt 0 view .LVU613
 2390 000c D3F800E0 		ldr	lr, [r3]
 2391 0010 BEF1000F 		cmp	lr, #0
 2392 0014 0DD0     		beq	.L187
 2393              		.loc 1 1082 30 is_stmt 1 view .LVU614
1083:Middlewares/Third_Party/FreeRTOS/Source/timers.c **** 
1084:Middlewares/Third_Party/FreeRTOS/Source/timers.c **** 		/* Complete the message with the function parameters and post it to the
1085:Middlewares/Third_Party/FreeRTOS/Source/timers.c **** 		daemon task. */
1086:Middlewares/Third_Party/FreeRTOS/Source/timers.c **** 		xMessage.xMessageID = tmrCOMMAND_EXECUTE_CALLBACK;
 2394              		.loc 1 1086 3 view .LVU615
 2395              		.loc 1 1086 23 is_stmt 0 view .LVU616
 2396 0016 4FF0FF33 		mov	r3, #-1
 2397 001a 0093     		str	r3, [sp]
1087:Middlewares/Third_Party/FreeRTOS/Source/timers.c **** 		xMessage.u.xCallbackParameters.pxCallbackFunction = xFunctionToPend;
 2398              		.loc 1 1087 3 is_stmt 1 view .LVU617
 2399              		.loc 1 1087 53 is_stmt 0 view .LVU618
 2400 001c 0190     		str	r0, [sp, #4]
1088:Middlewares/Third_Party/FreeRTOS/Source/timers.c **** 		xMessage.u.xCallbackParameters.pvParameter1 = pvParameter1;
 2401              		.loc 1 1088 3 is_stmt 1 view .LVU619
 2402              		.loc 1 1088 47 is_stmt 0 view .LVU620
 2403 001e CDF808C0 		str	ip, [sp, #8]
1089:Middlewares/Third_Party/FreeRTOS/Source/timers.c **** 		xMessage.u.xCallbackParameters.ulParameter2 = ulParameter2;
 2404              		.loc 1 1089 3 is_stmt 1 view .LVU621
 2405              		.loc 1 1089 47 is_stmt 0 view .LVU622
 2406 0022 0391     		str	r1, [sp, #12]
1090:Middlewares/Third_Party/FreeRTOS/Source/timers.c **** 
1091:Middlewares/Third_Party/FreeRTOS/Source/timers.c **** 		xReturn = xQueueSendToBack( xTimerQueue, &xMessage, xTicksToWait );
 2407              		.loc 1 1091 3 is_stmt 1 view .LVU623
 2408              		.loc 1 1091 13 is_stmt 0 view .LVU624
 2409 0024 0023     		movs	r3, #0
 2410 0026 6946     		mov	r1, sp
 2411              	.LVL182:
 2412              		.loc 1 1091 13 view .LVU625
 2413 0028 7046     		mov	r0, lr
 2414              	.LVL183:
 2415              		.loc 1 1091 13 view .LVU626
 2416 002a FFF7FEFF 		bl	xQueueGenericSend
 2417              	.LVL184:
1092:Middlewares/Third_Party/FreeRTOS/Source/timers.c **** 
1093:Middlewares/Third_Party/FreeRTOS/Source/timers.c **** 		tracePEND_FUNC_CALL( xFunctionToPend, pvParameter1, ulParameter2, xReturn );
 2418              		.loc 1 1093 78 is_stmt 1 view .LVU627
1094:Middlewares/Third_Party/FreeRTOS/Source/timers.c **** 
1095:Middlewares/Third_Party/FreeRTOS/Source/timers.c **** 		return xReturn;
 2419              		.loc 1 1095 3 view .LVU628
1096:Middlewares/Third_Party/FreeRTOS/Source/timers.c **** 	}
 2420              		.loc 1 1096 2 is_stmt 0 view .LVU629
 2421 002e 05B0     		add	sp, sp, #20
 2422              	.LCFI54:
 2423              		.cfi_remember_state
 2424              		.cfi_def_cfa_offset 4
ARM GAS  C:\Users\kalpe\AppData\Local\Temp\cciawLrt.s 			page 74


 2425              		@ sp needed
 2426 0030 00BD     		pop	{pc}
 2427              	.LVL185:
 2428              	.L187:
 2429              	.LCFI55:
 2430              		.cfi_restore_state
1082:Middlewares/Third_Party/FreeRTOS/Source/timers.c **** 
 2431              		.loc 1 1082 3 is_stmt 1 discriminator 1 view .LVU630
 2432              	.LBB85:
 2433              	.LBI85:
 191:Middlewares/Third_Party/FreeRTOS/Source/portable/GCC/ARM_CM4F/portmacro.h **** {
 2434              		.loc 2 191 30 view .LVU631
 2435              	.LBB86:
 193:Middlewares/Third_Party/FreeRTOS/Source/portable/GCC/ARM_CM4F/portmacro.h **** 
 2436              		.loc 2 193 1 view .LVU632
 2437              		.loc 2 195 2 view .LVU633
 2438              		.syntax unified
 2439              	@ 195 "Middlewares/Third_Party/FreeRTOS/Source/portable/GCC/ARM_CM4F/portmacro.h" 1
 2440 0032 4FF05003 			mov r3, #80												
 2441 0036 83F31188 		msr basepri, r3											
 2442 003a BFF36F8F 		isb														
 2443 003e BFF34F8F 		dsb														
 2444              	
 2445              	@ 0 "" 2
 2446              		.thumb
 2447              		.syntax unified
 2448              	.L185:
 2449              	.LBE86:
 2450              	.LBE85:
1082:Middlewares/Third_Party/FreeRTOS/Source/timers.c **** 
 2451              		.loc 1 1082 3 view .LVU634
 2452 0042 FEE7     		b	.L185
 2453              	.L189:
 2454              		.align	2
 2455              	.L188:
 2456 0044 00000000 		.word	xTimerQueue
 2457              		.cfi_endproc
 2458              	.LFE28:
 2460              		.section	.text.uxTimerGetTimerNumber,"ax",%progbits
 2461              		.align	1
 2462              		.global	uxTimerGetTimerNumber
 2463              		.syntax unified
 2464              		.thumb
 2465              		.thumb_func
 2467              	uxTimerGetTimerNumber:
 2468              	.LVL186:
 2469              	.LFB29:
1097:Middlewares/Third_Party/FreeRTOS/Source/timers.c **** 
1098:Middlewares/Third_Party/FreeRTOS/Source/timers.c **** #endif /* INCLUDE_xTimerPendFunctionCall */
1099:Middlewares/Third_Party/FreeRTOS/Source/timers.c **** /*-----------------------------------------------------------*/
1100:Middlewares/Third_Party/FreeRTOS/Source/timers.c **** 
1101:Middlewares/Third_Party/FreeRTOS/Source/timers.c **** #if ( configUSE_TRACE_FACILITY == 1 )
1102:Middlewares/Third_Party/FreeRTOS/Source/timers.c **** 
1103:Middlewares/Third_Party/FreeRTOS/Source/timers.c **** 	UBaseType_t uxTimerGetTimerNumber( TimerHandle_t xTimer )
1104:Middlewares/Third_Party/FreeRTOS/Source/timers.c **** 	{
 2470              		.loc 1 1104 2 view -0
 2471              		.cfi_startproc
ARM GAS  C:\Users\kalpe\AppData\Local\Temp\cciawLrt.s 			page 75


 2472              		@ args = 0, pretend = 0, frame = 0
 2473              		@ frame_needed = 0, uses_anonymous_args = 0
 2474              		@ link register save eliminated.
1105:Middlewares/Third_Party/FreeRTOS/Source/timers.c **** 		return ( ( Timer_t * ) xTimer )->uxTimerNumber;
 2475              		.loc 1 1105 3 view .LVU636
1106:Middlewares/Third_Party/FreeRTOS/Source/timers.c **** 	}
 2476              		.loc 1 1106 2 is_stmt 0 view .LVU637
 2477 0000 406A     		ldr	r0, [r0, #36]
 2478              	.LVL187:
 2479              		.loc 1 1106 2 view .LVU638
 2480 0002 7047     		bx	lr
 2481              		.cfi_endproc
 2482              	.LFE29:
 2484              		.section	.text.vTimerSetTimerNumber,"ax",%progbits
 2485              		.align	1
 2486              		.global	vTimerSetTimerNumber
 2487              		.syntax unified
 2488              		.thumb
 2489              		.thumb_func
 2491              	vTimerSetTimerNumber:
 2492              	.LVL188:
 2493              	.LFB30:
1107:Middlewares/Third_Party/FreeRTOS/Source/timers.c **** 
1108:Middlewares/Third_Party/FreeRTOS/Source/timers.c **** #endif /* configUSE_TRACE_FACILITY */
1109:Middlewares/Third_Party/FreeRTOS/Source/timers.c **** /*-----------------------------------------------------------*/
1110:Middlewares/Third_Party/FreeRTOS/Source/timers.c **** 
1111:Middlewares/Third_Party/FreeRTOS/Source/timers.c **** #if ( configUSE_TRACE_FACILITY == 1 )
1112:Middlewares/Third_Party/FreeRTOS/Source/timers.c **** 
1113:Middlewares/Third_Party/FreeRTOS/Source/timers.c **** 	void vTimerSetTimerNumber( TimerHandle_t xTimer, UBaseType_t uxTimerNumber )
1114:Middlewares/Third_Party/FreeRTOS/Source/timers.c **** 	{
 2494              		.loc 1 1114 2 is_stmt 1 view -0
 2495              		.cfi_startproc
 2496              		@ args = 0, pretend = 0, frame = 0
 2497              		@ frame_needed = 0, uses_anonymous_args = 0
 2498              		@ link register save eliminated.
1115:Middlewares/Third_Party/FreeRTOS/Source/timers.c **** 		( ( Timer_t * ) xTimer )->uxTimerNumber = uxTimerNumber;
 2499              		.loc 1 1115 3 view .LVU640
 2500              		.loc 1 1115 43 is_stmt 0 view .LVU641
 2501 0000 4162     		str	r1, [r0, #36]
1116:Middlewares/Third_Party/FreeRTOS/Source/timers.c **** 	}
 2502              		.loc 1 1116 2 view .LVU642
 2503 0002 7047     		bx	lr
 2504              		.cfi_endproc
 2505              	.LFE30:
 2507              		.section	.bss.xStaticTimerQueue.0,"aw",%nobits
 2508              		.align	2
 2511              	xStaticTimerQueue.0:
 2512 0000 00000000 		.space	80
 2512      00000000 
 2512      00000000 
 2512      00000000 
 2512      00000000 
 2513              		.section	.bss.ucStaticTimerQueueStorage.1,"aw",%nobits
 2514              		.align	2
 2517              	ucStaticTimerQueueStorage.1:
 2518 0000 00000000 		.space	160
 2518      00000000 
ARM GAS  C:\Users\kalpe\AppData\Local\Temp\cciawLrt.s 			page 76


 2518      00000000 
 2518      00000000 
 2518      00000000 
 2519              		.section	.bss.xLastTime.2,"aw",%nobits
 2520              		.align	2
 2523              	xLastTime.2:
 2524 0000 00000000 		.space	4
 2525              		.section	.bss.xTimerTaskHandle,"aw",%nobits
 2526              		.align	2
 2529              	xTimerTaskHandle:
 2530 0000 00000000 		.space	4
 2531              		.section	.bss.xTimerQueue,"aw",%nobits
 2532              		.align	2
 2535              	xTimerQueue:
 2536 0000 00000000 		.space	4
 2537              		.section	.bss.pxOverflowTimerList,"aw",%nobits
 2538              		.align	2
 2541              	pxOverflowTimerList:
 2542 0000 00000000 		.space	4
 2543              		.section	.bss.pxCurrentTimerList,"aw",%nobits
 2544              		.align	2
 2547              	pxCurrentTimerList:
 2548 0000 00000000 		.space	4
 2549              		.section	.bss.xActiveTimerList2,"aw",%nobits
 2550              		.align	2
 2553              	xActiveTimerList2:
 2554 0000 00000000 		.space	20
 2554      00000000 
 2554      00000000 
 2554      00000000 
 2554      00000000 
 2555              		.section	.bss.xActiveTimerList1,"aw",%nobits
 2556              		.align	2
 2559              	xActiveTimerList1:
 2560 0000 00000000 		.space	20
 2560      00000000 
 2560      00000000 
 2560      00000000 
 2560      00000000 
 2561              		.text
 2562              	.Letext0:
 2563              		.file 3 "C:/Program Files/Arm/GNU Toolchain mingw-w64-x86_64-arm-none-eabi/lib/gcc/arm-none-eabi/1
 2564              		.file 4 "C:/Program Files/Arm/GNU Toolchain mingw-w64-x86_64-arm-none-eabi/arm-none-eabi/include/m
 2565              		.file 5 "C:/Program Files/Arm/GNU Toolchain mingw-w64-x86_64-arm-none-eabi/arm-none-eabi/include/s
 2566              		.file 6 "C:/Program Files/Arm/GNU Toolchain mingw-w64-x86_64-arm-none-eabi/arm-none-eabi/include/s
 2567              		.file 7 "C:/Program Files/Arm/GNU Toolchain mingw-w64-x86_64-arm-none-eabi/arm-none-eabi/include/s
 2568              		.file 8 "C:/Program Files/Arm/GNU Toolchain mingw-w64-x86_64-arm-none-eabi/arm-none-eabi/include/s
 2569              		.file 9 "Middlewares/Third_Party/FreeRTOS/Source/include/projdefs.h"
 2570              		.file 10 "Middlewares/Third_Party/FreeRTOS/Source/include/FreeRTOS.h"
 2571              		.file 11 "Middlewares/Third_Party/FreeRTOS/Source/include/list.h"
 2572              		.file 12 "Middlewares/Third_Party/FreeRTOS/Source/include/task.h"
 2573              		.file 13 "Middlewares/Third_Party/FreeRTOS/Source/include/queue.h"
 2574              		.file 14 "Middlewares/Third_Party/FreeRTOS/Source/include/timers.h"
 2575              		.file 15 "Middlewares/Third_Party/FreeRTOS/Source/include/portable.h"
ARM GAS  C:\Users\kalpe\AppData\Local\Temp\cciawLrt.s 			page 77


DEFINED SYMBOLS
                            *ABS*:00000000 timers.c
C:\Users\kalpe\AppData\Local\Temp\cciawLrt.s:21     .text.prvGetNextExpireTime:00000000 $t
C:\Users\kalpe\AppData\Local\Temp\cciawLrt.s:26     .text.prvGetNextExpireTime:00000000 prvGetNextExpireTime
C:\Users\kalpe\AppData\Local\Temp\cciawLrt.s:72     .text.prvGetNextExpireTime:0000001c $d
C:\Users\kalpe\AppData\Local\Temp\cciawLrt.s:2547   .bss.pxCurrentTimerList:00000000 pxCurrentTimerList
C:\Users\kalpe\AppData\Local\Temp\cciawLrt.s:77     .text.prvInsertTimerInActiveList:00000000 $t
C:\Users\kalpe\AppData\Local\Temp\cciawLrt.s:82     .text.prvInsertTimerInActiveList:00000000 prvInsertTimerInActiveList
C:\Users\kalpe\AppData\Local\Temp\cciawLrt.s:172    .text.prvInsertTimerInActiveList:00000040 $d
C:\Users\kalpe\AppData\Local\Temp\cciawLrt.s:2541   .bss.pxOverflowTimerList:00000000 pxOverflowTimerList
C:\Users\kalpe\AppData\Local\Temp\cciawLrt.s:178    .rodata.prvCheckForValidListAndQueue.str1.4:00000000 $d
C:\Users\kalpe\AppData\Local\Temp\cciawLrt.s:182    .text.prvCheckForValidListAndQueue:00000000 $t
C:\Users\kalpe\AppData\Local\Temp\cciawLrt.s:187    .text.prvCheckForValidListAndQueue:00000000 prvCheckForValidListAndQueue
C:\Users\kalpe\AppData\Local\Temp\cciawLrt.s:271    .text.prvCheckForValidListAndQueue:00000050 $d
C:\Users\kalpe\AppData\Local\Temp\cciawLrt.s:2535   .bss.xTimerQueue:00000000 xTimerQueue
C:\Users\kalpe\AppData\Local\Temp\cciawLrt.s:2559   .bss.xActiveTimerList1:00000000 xActiveTimerList1
C:\Users\kalpe\AppData\Local\Temp\cciawLrt.s:2553   .bss.xActiveTimerList2:00000000 xActiveTimerList2
C:\Users\kalpe\AppData\Local\Temp\cciawLrt.s:2511   .bss.xStaticTimerQueue.0:00000000 xStaticTimerQueue.0
C:\Users\kalpe\AppData\Local\Temp\cciawLrt.s:2517   .bss.ucStaticTimerQueueStorage.1:00000000 ucStaticTimerQueueStorage.1
C:\Users\kalpe\AppData\Local\Temp\cciawLrt.s:283    .text.prvInitialiseNewTimer:00000000 $t
C:\Users\kalpe\AppData\Local\Temp\cciawLrt.s:288    .text.prvInitialiseNewTimer:00000000 prvInitialiseNewTimer
C:\Users\kalpe\AppData\Local\Temp\cciawLrt.s:388    .rodata.xTimerCreateTimerTask.str1.4:00000000 $d
C:\Users\kalpe\AppData\Local\Temp\cciawLrt.s:392    .text.xTimerCreateTimerTask:00000000 $t
C:\Users\kalpe\AppData\Local\Temp\cciawLrt.s:398    .text.xTimerCreateTimerTask:00000000 xTimerCreateTimerTask
C:\Users\kalpe\AppData\Local\Temp\cciawLrt.s:496    .text.xTimerCreateTimerTask:00000054 $d
C:\Users\kalpe\AppData\Local\Temp\cciawLrt.s:1638   .text.prvTimerTask:00000000 prvTimerTask
C:\Users\kalpe\AppData\Local\Temp\cciawLrt.s:2529   .bss.xTimerTaskHandle:00000000 xTimerTaskHandle
C:\Users\kalpe\AppData\Local\Temp\cciawLrt.s:504    .text.xTimerCreate:00000000 $t
C:\Users\kalpe\AppData\Local\Temp\cciawLrt.s:510    .text.xTimerCreate:00000000 xTimerCreate
C:\Users\kalpe\AppData\Local\Temp\cciawLrt.s:576    .text.xTimerCreateStatic:00000000 $t
C:\Users\kalpe\AppData\Local\Temp\cciawLrt.s:582    .text.xTimerCreateStatic:00000000 xTimerCreateStatic
C:\Users\kalpe\AppData\Local\Temp\cciawLrt.s:703    .text.xTimerGenericCommand:00000000 $t
C:\Users\kalpe\AppData\Local\Temp\cciawLrt.s:709    .text.xTimerGenericCommand:00000000 xTimerGenericCommand
C:\Users\kalpe\AppData\Local\Temp\cciawLrt.s:848    .text.xTimerGenericCommand:00000064 $d
C:\Users\kalpe\AppData\Local\Temp\cciawLrt.s:853    .text.prvSwitchTimerLists:00000000 $t
C:\Users\kalpe\AppData\Local\Temp\cciawLrt.s:858    .text.prvSwitchTimerLists:00000000 prvSwitchTimerLists
C:\Users\kalpe\AppData\Local\Temp\cciawLrt.s:1002   .text.prvSwitchTimerLists:00000074 $d
C:\Users\kalpe\AppData\Local\Temp\cciawLrt.s:1008   .text.prvSampleTimeNow:00000000 $t
C:\Users\kalpe\AppData\Local\Temp\cciawLrt.s:1013   .text.prvSampleTimeNow:00000000 prvSampleTimeNow
C:\Users\kalpe\AppData\Local\Temp\cciawLrt.s:1072   .text.prvSampleTimeNow:00000028 $d
C:\Users\kalpe\AppData\Local\Temp\cciawLrt.s:2523   .bss.xLastTime.2:00000000 xLastTime.2
C:\Users\kalpe\AppData\Local\Temp\cciawLrt.s:1077   .text.prvProcessExpiredTimer:00000000 $t
C:\Users\kalpe\AppData\Local\Temp\cciawLrt.s:1082   .text.prvProcessExpiredTimer:00000000 prvProcessExpiredTimer
C:\Users\kalpe\AppData\Local\Temp\cciawLrt.s:1201   .text.prvProcessExpiredTimer:00000068 $d
C:\Users\kalpe\AppData\Local\Temp\cciawLrt.s:1206   .text.prvProcessTimerOrBlockTask:00000000 $t
C:\Users\kalpe\AppData\Local\Temp\cciawLrt.s:1211   .text.prvProcessTimerOrBlockTask:00000000 prvProcessTimerOrBlockTask
C:\Users\kalpe\AppData\Local\Temp\cciawLrt.s:1338   .text.prvProcessTimerOrBlockTask:00000070 $d
C:\Users\kalpe\AppData\Local\Temp\cciawLrt.s:1344   .text.prvProcessReceivedCommands:00000000 $t
C:\Users\kalpe\AppData\Local\Temp\cciawLrt.s:1349   .text.prvProcessReceivedCommands:00000000 prvProcessReceivedCommands
C:\Users\kalpe\AppData\Local\Temp\cciawLrt.s:1628   .text.prvProcessReceivedCommands:00000120 $d
C:\Users\kalpe\AppData\Local\Temp\cciawLrt.s:1633   .text.prvTimerTask:00000000 $t
C:\Users\kalpe\AppData\Local\Temp\cciawLrt.s:1677   .text.xTimerGetTimerDaemonTaskHandle:00000000 $t
C:\Users\kalpe\AppData\Local\Temp\cciawLrt.s:1683   .text.xTimerGetTimerDaemonTaskHandle:00000000 xTimerGetTimerDaemonTaskHandle
C:\Users\kalpe\AppData\Local\Temp\cciawLrt.s:1722   .text.xTimerGetTimerDaemonTaskHandle:0000001c $d
C:\Users\kalpe\AppData\Local\Temp\cciawLrt.s:1727   .text.xTimerGetPeriod:00000000 $t
C:\Users\kalpe\AppData\Local\Temp\cciawLrt.s:1733   .text.xTimerGetPeriod:00000000 xTimerGetPeriod
C:\Users\kalpe\AppData\Local\Temp\cciawLrt.s:1779   .text.vTimerSetReloadMode:00000000 $t
ARM GAS  C:\Users\kalpe\AppData\Local\Temp\cciawLrt.s 			page 78


C:\Users\kalpe\AppData\Local\Temp\cciawLrt.s:1785   .text.vTimerSetReloadMode:00000000 vTimerSetReloadMode
C:\Users\kalpe\AppData\Local\Temp\cciawLrt.s:1862   .text.uxTimerGetReloadMode:00000000 $t
C:\Users\kalpe\AppData\Local\Temp\cciawLrt.s:1868   .text.uxTimerGetReloadMode:00000000 uxTimerGetReloadMode
C:\Users\kalpe\AppData\Local\Temp\cciawLrt.s:1952   .text.xTimerGetExpiryTime:00000000 $t
C:\Users\kalpe\AppData\Local\Temp\cciawLrt.s:1958   .text.xTimerGetExpiryTime:00000000 xTimerGetExpiryTime
C:\Users\kalpe\AppData\Local\Temp\cciawLrt.s:2007   .text.pcTimerGetName:00000000 $t
C:\Users\kalpe\AppData\Local\Temp\cciawLrt.s:2013   .text.pcTimerGetName:00000000 pcTimerGetName
C:\Users\kalpe\AppData\Local\Temp\cciawLrt.s:2059   .text.xTimerIsTimerActive:00000000 $t
C:\Users\kalpe\AppData\Local\Temp\cciawLrt.s:2065   .text.xTimerIsTimerActive:00000000 xTimerIsTimerActive
C:\Users\kalpe\AppData\Local\Temp\cciawLrt.s:2149   .text.pvTimerGetTimerID:00000000 $t
C:\Users\kalpe\AppData\Local\Temp\cciawLrt.s:2155   .text.pvTimerGetTimerID:00000000 pvTimerGetTimerID
C:\Users\kalpe\AppData\Local\Temp\cciawLrt.s:2221   .text.vTimerSetTimerID:00000000 $t
C:\Users\kalpe\AppData\Local\Temp\cciawLrt.s:2227   .text.vTimerSetTimerID:00000000 vTimerSetTimerID
C:\Users\kalpe\AppData\Local\Temp\cciawLrt.s:2288   .text.xTimerPendFunctionCallFromISR:00000000 $t
C:\Users\kalpe\AppData\Local\Temp\cciawLrt.s:2294   .text.xTimerPendFunctionCallFromISR:00000000 xTimerPendFunctionCallFromISR
C:\Users\kalpe\AppData\Local\Temp\cciawLrt.s:2352   .text.xTimerPendFunctionCallFromISR:00000028 $d
C:\Users\kalpe\AppData\Local\Temp\cciawLrt.s:2357   .text.xTimerPendFunctionCall:00000000 $t
C:\Users\kalpe\AppData\Local\Temp\cciawLrt.s:2363   .text.xTimerPendFunctionCall:00000000 xTimerPendFunctionCall
C:\Users\kalpe\AppData\Local\Temp\cciawLrt.s:2456   .text.xTimerPendFunctionCall:00000044 $d
C:\Users\kalpe\AppData\Local\Temp\cciawLrt.s:2461   .text.uxTimerGetTimerNumber:00000000 $t
C:\Users\kalpe\AppData\Local\Temp\cciawLrt.s:2467   .text.uxTimerGetTimerNumber:00000000 uxTimerGetTimerNumber
C:\Users\kalpe\AppData\Local\Temp\cciawLrt.s:2485   .text.vTimerSetTimerNumber:00000000 $t
C:\Users\kalpe\AppData\Local\Temp\cciawLrt.s:2491   .text.vTimerSetTimerNumber:00000000 vTimerSetTimerNumber
C:\Users\kalpe\AppData\Local\Temp\cciawLrt.s:2508   .bss.xStaticTimerQueue.0:00000000 $d
C:\Users\kalpe\AppData\Local\Temp\cciawLrt.s:2514   .bss.ucStaticTimerQueueStorage.1:00000000 $d
C:\Users\kalpe\AppData\Local\Temp\cciawLrt.s:2520   .bss.xLastTime.2:00000000 $d
C:\Users\kalpe\AppData\Local\Temp\cciawLrt.s:2526   .bss.xTimerTaskHandle:00000000 $d
C:\Users\kalpe\AppData\Local\Temp\cciawLrt.s:2532   .bss.xTimerQueue:00000000 $d
C:\Users\kalpe\AppData\Local\Temp\cciawLrt.s:2538   .bss.pxOverflowTimerList:00000000 $d
C:\Users\kalpe\AppData\Local\Temp\cciawLrt.s:2544   .bss.pxCurrentTimerList:00000000 $d
C:\Users\kalpe\AppData\Local\Temp\cciawLrt.s:2550   .bss.xActiveTimerList2:00000000 $d
C:\Users\kalpe\AppData\Local\Temp\cciawLrt.s:2556   .bss.xActiveTimerList1:00000000 $d

UNDEFINED SYMBOLS
vListInsert
vPortEnterCritical
vPortExitCritical
vListInitialise
xQueueGenericCreateStatic
vQueueAddToRegistry
vListInitialiseItem
vApplicationGetTimerTaskMemory
xTaskCreateStatic
pvPortMalloc
xTaskGetSchedulerState
xQueueGenericSend
xQueueGenericSendFromISR
uxListRemove
xTaskGetTickCount
vTaskSuspendAll
vQueueWaitForMessageRestricted
xTaskResumeAll
xQueueReceive
vPortFree
